group,gender,spk_id,user_id,batch_id,audio_id,sentence,audio,duration_seconds
NF,F,Spk7,U_4650715fbd,800_825,Nyanja_NF_Spk7_U_4650715fbd_Utterance_1,nthawi imene anali kumwa tiii anali osakondwa ndipo analinso cete kotero kuti cakudya cinangopita cosagwirida/cosadyedwa ndi wina mwa iwo atatu,Nyanja_NF_Spk7_U_4650715fbd_Utterance_1_800_825.wav,33.708
NF,F,Spk7,U_4650715fbd,800_825,Nyanja_NF_Spk7_U_4650715fbd_Utterance_2,ndipo izi zonse zizatsatira ukapolo wanu mu njira imodzi-modzi,Nyanja_NF_Spk7_U_4650715fbd_Utterance_2_800_825.wav,10.875
NF,F,Spk7,U_4650715fbd,800_825,Nyanja_NF_Spk7_U_4650715fbd_Utterance_3,koma ngati zili tero kusankha kwa amuna kwa mai milner sikuzapangitsa ine kusanka anga,Nyanja_NF_Spk7_U_4650715fbd_Utterance_3_800_825.wav,10.322
NF,F,Spk7,U_4650715fbd,800_825,Nyanja_NF_Spk7_U_4650715fbd_Utterance_4,tsika iwe khumbi laling'ono ndipo ukhale mumlengalenga pa maso pa thelo,Nyanja_NF_Spk7_U_4650715fbd_Utterance_4_800_825.wav,7.738
NF,F,Spk7,U_4650715fbd,800_825,Nyanja_NF_Spk7_U_4650715fbd_Utterance_5,atagwiridwa ndi za kumtima kwace leocadi anapanga cizindikiro ku makolo ace kuti iye anafunisisa kuti akhale nao ekha,Nyanja_NF_Spk7_U_4650715fbd_Utterance_5_800_825.wav,15.982
NF,F,Spk7,U_4650715fbd,800_825,Nyanja_NF_Spk7_U_4650715fbd_Utterance_6,sitero mosiyana ndi zimene muganiza ndinu amene mubvomerezana kwambiri ndi ine,Nyanja_NF_Spk7_U_4650715fbd_Utterance_6_800_825.wav,8.782
NF,F,Spk7,U_4650715fbd,800_825,Nyanja_NF_Spk7_U_4650715fbd_Utterance_7,atsilikari anapeza anthu mu umphawi nawasiya ndi cuuma ca mbiri,Nyanja_NF_Spk7_U_4650715fbd_Utterance_7_800_825.wav,7.601
NF,F,Spk7,U_4650715fbd,800_825,Nyanja_NF_Spk7_U_4650715fbd_Utterance_8,kapitawo martini anati ndizakupatsa mfuti yaing'ono kuti ikuthandize kuziteteza ngati zinthu zafika pobvuta,Nyanja_NF_Spk7_U_4650715fbd_Utterance_8_800_825.wav,9.411
NF,F,Spk7,U_4650715fbd,800_825,Nyanja_NF_Spk7_U_4650715fbd_Utterance_9,ndithudi zimene sizingatheke ndi kukhala opanda mantha pa nkhondo ziyenera kucitidwa mozungulila adani,Nyanja_NF_Spk7_U_4650715fbd_Utterance_9_800_825.wav,51.376
NF,F,Spk7,U_4650715fbd,800_825,Nyanja_NF_Spk7_U_4650715fbd_Utterance_10,akaucita zinthu ngati mwina sanali kutiyembekezera,Nyanja_NF_Spk7_U_4650715fbd_Utterance_10_800_825.wav,5.321
NF,F,Spk7,U_4650715fbd,800_825,Nyanja_NF_Spk7_U_4650715fbd_Utterance_11,ali kucita ngati mwina sanali kutiyembekezera,Nyanja_NF_Spk7_U_4650715fbd_Utterance_11_800_825.wav,4.916
NF,F,Spk7,U_4650715fbd,800_825,Nyanja_NF_Spk7_U_4650715fbd_Utterance_12,ndikuopa poti pano palibe zizindikiro zace,Nyanja_NF_Spk7_U_4650715fbd_Utterance_12_800_825.wav,4.31
NF,F,Spk7,U_4650715fbd,800_825,Nyanja_NF_Spk7_U_4650715fbd_Utterance_13,bwato idakwedzedwa pa maphiri a madzi naponyedwa pansi pa mtunda wa ma fathomu makhumi awiri,Nyanja_NF_Spk7_U_4650715fbd_Utterance_13_800_825.wav,10.407
NF,F,Spk7,U_4650715fbd,800_825,Nyanja_NF_Spk7_U_4650715fbd_Utterance_14,akazi ace anaikidwa pa mbali yamanda ace ndipo ci malata coyera cimene adalembapo zodziwitsira manda ao cimaoneka mong'animira m'minda ya tiligu,Nyanja_NF_Spk7_U_4650715fbd_Utterance_14_800_825.wav,18.505
NF,F,Spk7,U_4650715fbd,800_825,Nyanja_NF_Spk7_U_4650715fbd_Utterance_15,mwina dinso ya mphatso ndi cifundo kuwonetsa zipatso ndi golide opangidwa,Nyanja_NF_Spk7_U_4650715fbd_Utterance_15_800_825.wav,8.479
NF,F,Spk7,U_4650715fbd,800_825,Nyanja_NF_Spk7_U_4650715fbd_Utterance_16,kambirimbiri ndinali kunva iye akulankhula pa inu mu njira imodzi-modziyi,Nyanja_NF_Spk7_U_4650715fbd_Utterance_16_800_825.wav,7.844
NF,F,Spk7,U_4650715fbd,800_825,Nyanja_NF_Spk7_U_4650715fbd_Utterance_17,mbuya wanga kalawidwe k/zosanka za mai milner sizoipa koma ndi zabwino/kwabwino kopoosa,Nyanja_NF_Spk7_U_4650715fbd_Utterance_17_800_825.wav,9.011
NF,F,Spk7,U_4650715fbd,800_825,Nyanja_NF_Spk7_U_4650715fbd_Utterance_18,iye anali ndi mtima wabwino ndipo wacikondi anatero beti ndipo ku khala mcikondi naye sicinaletse kuona/kuwerenga zoipa zimene angacite,Nyanja_NF_Spk7_U_4650715fbd_Utterance_18_800_825.wav,13.814
NF,F,Spk7,U_4650715fbd,800_825,Nyanja_NF_Spk7_U_4650715fbd_Utterance_19,mwadzidzidzi gulu la ichthyosaurus ndi plesiosarus inangosowa pansipo itangosiya kabvumba/msokonezo ukuoneka m'madzi,Nyanja_NF_Spk7_U_4650715fbd_Utterance_19_800_825.wav,15.079
NF,F,Spk7,U_4650715fbd,800_825,Nyanja_NF_Spk7_U_4650715fbd_Utterance_20,unali utalankhula za zoona pamene siunabvomereze ambrose anayamba usamakoka ndi yohane jago fodya wace uzakupha,Nyanja_NF_Spk7_U_4650715fbd_Utterance_20_800_825.wav,14.83
NF,F,Spk7,U_4650715fbd,800_825,Nyanja_NF_Spk7_U_4650715fbd_Utterance_21,watisoni ndakhala ndikukucitila coipa/cosayenera  nthawi zonse alipo ena,Nyanja_NF_Spk7_U_4650715fbd_Utterance_21_800_825.wav,6.273
NF,F,Spk7,U_4650715fbd,800_825,Nyanja_NF_Spk7_U_4650715fbd_Utterance_22,ndicinthu cosayeenera kunena zambiri za iwo pano,Nyanja_NF_Spk7_U_4650715fbd_Utterance_22_800_825.wav,5.13
NF,F,Spk7,U_4650715fbd,800_825,Nyanja_NF_Spk7_U_4650715fbd_Utterance_23,koma kuli nkhokwe atate ngati angafune kuigwiritsa nchito,Nyanja_NF_Spk7_U_4650715fbd_Utterance_23_800_825.wav,6.414
NF,F,Spk7,U_4650715fbd,800_825,Nyanja_NF_Spk7_U_4650715fbd_Utterance_24,holmes anaigwira poyera m'manja mwace pomwe panali kufika kuwala kwa magetsi,Nyanja_NF_Spk7_U_4650715fbd_Utterance_24_800_825.wav,8.352
NF,F,Spk7,U_4650715fbd,800_825,Nyanja_NF_Spk7_U_4650715fbd_Utterance_25,iye anapenya pamwambapo mosakondwera nawauza kuti akhale pansi,Nyanja_NF_Spk7_U_4650715fbd_Utterance_25_800_825.wav,7.469
NF,F,Spk7,U_4650715fbd,825_850,Nyanja_NF_Spk7_U_4650715fbd_Utterance_1,ndinaonapo mitunndi ndi mitundu ya zimenezo mu umoyo wanga,Nyanja_NF_Spk7_U_4650715fbd_Utterance_1_825_850.wav,6.35
NF,F,Spk7,U_4650715fbd,825_850,Nyanja_NF_Spk7_U_4650715fbd_Utterance_2,ndinenetsa sindizapita kutali kweni kweni koma pa atatuwa iye ndiye amane siangathe,Nyanja_NF_Spk7_U_4650715fbd_Utterance_2_825_850.wav,8.506
NF,F,Spk7,U_4650715fbd,825_850,Nyanja_NF_Spk7_U_4650715fbd_Utterance_3,koma pa nthawi imeneyo mu nmadzi amene ali ndi mphanvu cinali cosatheka kuthala pansi,Nyanja_NF_Spk7_U_4650715fbd_Utterance_3_825_850.wav,9.92
NF,F,Spk7,U_4650715fbd,825_850,Nyanja_NF_Spk7_U_4650715fbd_Utterance_4,ici mzanga iwe tenga ndipo anaciponya m'manja mwa mlimi,Nyanja_NF_Spk7_U_4650715fbd_Utterance_4_825_850.wav,5.016
NF,F,Spk7,U_4650715fbd,825_850,Nyanja_NF_Spk7_U_4650715fbd_Utterance_5,kodi unawaona ma pepala awa pa thebulo,Nyanja_NF_Spk7_U_4650715fbd_Utterance_5_825_850.wav,3.669
NF,F,Spk7,U_4650715fbd,825_850,Nyanja_NF_Spk7_U_4650715fbd_Utterance_6,ndizanene kwa iye kuti andipatsek koffi ngati ndi yabwino,Nyanja_NF_Spk7_U_4650715fbd_Utterance_6_825_850.wav,5.062
NF,F,Spk7,U_4650715fbd,825_850,Nyanja_NF_Spk7_U_4650715fbd_Utterance_7,osati golide kapena siliva kapena nkhosa kapena mngelo koma iye mwini ndi zaciani,Nyanja_NF_Spk7_U_4650715fbd_Utterance_7_825_850.wav,7.628
NF,F,Spk7,U_4650715fbd,825_850,Nyanja_NF_Spk7_U_4650715fbd_Utterance_8,bwezani okupelekezani robini ndipo mundisanzike e e e n,Nyanja_NF_Spk7_U_4650715fbd_Utterance_8_825_850.wav,5.991
NF,F,Spk7,U_4650715fbd,825_850,Nyanja_NF_Spk7_U_4650715fbd_Utterance_9,kuli ndondomeko yaikulu kapena ya ing'ono mogwirizana ndi ma lanki/nthepe  ndi ma giledi,Nyanja_NF_Spk7_U_4650715fbd_Utterance_9_825_850.wav,7.964
NF,F,Spk7,U_4650715fbd,825_850,Nyanja_NF_Spk7_U_4650715fbd_Utterance_10,kumangotsala pang'ono kuganiza kuti ndizakumbukira  ntangonvera kusiyana pang'ono,Nyanja_NF_Spk7_U_4650715fbd_Utterance_10_825_850.wav,8.75
NF,F,Spk7,U_4650715fbd,825_850,Nyanja_NF_Spk7_U_4650715fbd_Utterance_11,ndipo ndizazigulira famu ndipo ndizalima pa malowo tsopano ndaniazanditsatira,Nyanja_NF_Spk7_U_4650715fbd_Utterance_11_825_850.wav,6.365
NF,F,Spk7,U_4650715fbd,825_850,Nyanja_NF_Spk7_U_4650715fbd_Utterance_12,ku mpoto ndi ku m'mwela zinakambidwa kale kodi ncifukwa ninji sikungaikidwenso ku m'madzulo,Nyanja_NF_Spk7_U_4650715fbd_Utterance_12_825_850.wav,7.988
NF,F,Spk7,U_4650715fbd,825_850,Nyanja_NF_Spk7_U_4650715fbd_Utterance_13,kuzitukumula kwace atakwanilitsa kunapangitsa kuti aikidwe pa mwamba mwapang'ono pang'ono ngati mabala (malawi) amadzi,Nyanja_NF_Spk7_U_4650715fbd_Utterance_13_825_850.wav,14.795
NF,F,Spk7,U_4650715fbd,825_850,Nyanja_NF_Spk7_U_4650715fbd_Utterance_14,pearl ataona thengo ya maluwa anayamba kulira pofuna duwa lofilira ndipo sanathe kunyengereredwa,Nyanja_NF_Spk7_U_4650715fbd_Utterance_14_825_850.wav,10.495
NF,F,Spk7,U_4650715fbd,825_850,Nyanja_NF_Spk7_U_4650715fbd_Utterance_15,iimfa yace yace mu izi zonse inali cinthu conetsa cisoni,Nyanja_NF_Spk7_U_4650715fbd_Utterance_15_825_850.wav,5.457
NF,F,Spk7,U_4650715fbd,825_850,Nyanja_NF_Spk7_U_4650715fbd_Utterance_16,kudulidwa kwace kwa kunja kunaonetsa ndipo sikunaonetse kokwanira zinthu zosiyana siyana za mkati wa umoyo wace,Nyanja_NF_Spk7_U_4650715fbd_Utterance_16_825_850.wav,11.482
NF,F,Spk7,U_4650715fbd,825_850,Nyanja_NF_Spk7_U_4650715fbd_Utterance_17,madzana ndi madzana a nzika zosalakwa (azibambo) zinayankha kuitanidwa kwao kubwalo ya milandu  (ma saimoni) mwansangamsanga,Nyanja_NF_Spk7_U_4650715fbd_Utterance_17_825_850.wav,13.723
NF,F,Spk7,U_4650715fbd,825_850,Nyanja_NF_Spk7_U_4650715fbd_Utterance_18,ind amai anatero mphunzi wacicepele akuoneka ndi mtima wosadikhira,Nyanja_NF_Spk7_U_4650715fbd_Utterance_18_825_850.wav,7.57
NF,F,Spk7,U_4650715fbd,825_850,Nyanja_NF_Spk7_U_4650715fbd_Utterance_19,inde inde musabvutike ndi mayankho nvetsani ndipo muona kuti sindikunyengelerani kapena kukucitilanizooipa,Nyanja_NF_Spk7_U_4650715fbd_Utterance_19_825_850.wav,12.132
NF,F,Spk7,U_4650715fbd,825_850,Nyanja_NF_Spk7_U_4650715fbd_Utterance_20,ma buku awiri aja a semoni oculidwa mu khuphunzitsana  koyamba sizikugwirizana  ndi zoyenera kudziwa za cikumbutso nghakhale pang'ono,Nyanja_NF_Spk7_U_4650715fbd_Utterance_20_825_850.wav,17.821
NF,F,Spk7,U_4650715fbd,825_850,Nyanja_NF_Spk7_U_4650715fbd_Utterance_21,ici ndiye cifukwa cake ucedwa ojo munthu amene alibe mwai anatero mzimai  ndi mau acifundo,Nyanja_NF_Spk7_U_4650715fbd_Utterance_21_825_850.wav,12.69
NF,F,Spk7,U_4650715fbd,825_850,Nyanja_NF_Spk7_U_4650715fbd_Utterance_22,inali kalata yofiilira mu njira ina kalata yofiira inadzadzidwa ndi umoyo,Nyanja_NF_Spk7_U_4650715fbd_Utterance_22_825_850.wav,12.109
NF,F,Spk7,U_4650715fbd,825_850,Nyanja_NF_Spk7_U_4650715fbd_Utterance_23,mitengo za kale za cisoni monga zazikulu ndi zacisinsi muyenge wa kuda ndi woipa,Nyanja_NF_Spk7_U_4650715fbd_Utterance_23_825_850.wav,9.485
NF,F,Spk7,U_4650715fbd,825_850,Nyanja_NF_Spk7_U_4650715fbd_Utterance_24,kacenjeda wanga anatsidwa wa umphawi kotheratu koma ndi wanzeru andiponso walunta azacitanso bwino,Nyanja_NF_Spk7_U_4650715fbd_Utterance_24_825_850.wav,13.572
NF,F,Spk7,U_4650715fbd,825_850,Nyanja_NF_Spk7_U_4650715fbd_Utterance_25,ici cinali  chida cabwinodi nthawi imineyo,Nyanja_NF_Spk7_U_4650715fbd_Utterance_25_825_850.wav,6.545
NF,F,Spk3,U_b673037b6b,600_625,Nyanja_NF_Spk3_U_b673037b6b_Utterance_1,mathokoza ananenedwa kwa mwana wa amfumu wa mkazi kuli konse kumene anali kupita pa ulendo wace,Nyanja_NF_Spk3_U_b673037b6b_Utterance_1_600_625.wav,9.067
NF,F,Spk3,U_b673037b6b,600_625,Nyanja_NF_Spk3_U_b673037b6b_Utterance_2,nchito yopyeela mu nyumba kasinthidwe kosokoneza kamene kalenga boma kulemba nchito atsilikali onse amene ifuna mopanda bvuto lili lonse,Nyanja_NF_Spk3_U_b673037b6b_Utterance_2_600_625.wav,14.24
NF,F,Spk3,U_b673037b6b,600_625,Nyanja_NF_Spk3_U_b673037b6b_Utterance_3,apo iye anakhala pa mawilo ya bwato sindinaonepo sitima,Nyanja_NF_Spk3_U_b673037b6b_Utterance_3_600_625.wav,5.085
NF,F,Spk3,U_b673037b6b,600_625,Nyanja_NF_Spk3_U_b673037b6b_Utterance_4,ma unifomu obvalidwa ku nchito samafunidwa pafupi-fupi kwa onse amene ayenera kuwabvala,Nyanja_NF_Spk3_U_b673037b6b_Utterance_4_600_625.wav,10.685
NF,F,Spk3,U_b673037b6b,600_625,Nyanja_NF_Spk3_U_b673037b6b_Utterance_5,ici ndiye cakudya cothera kudyera mwapamodzi ninatero,Nyanja_NF_Spk3_U_b673037b6b_Utterance_5_600_625.wav,7.047
NF,F,Spk3,U_b673037b6b,600_625,Nyanja_NF_Spk3_U_b673037b6b_Utterance_6,kodi dziko lako ndiiti olaf kodi wakhala kapolo nthawi yonseyi,Nyanja_NF_Spk3_U_b673037b6b_Utterance_6_600_625.wav,7.581
NF,F,Spk3,U_b673037b6b,600_625,Nyanja_NF_Spk3_U_b673037b6b_Utterance_7,bwela nyongolotsi ndi dambo yodzidzila kwa mfumu-kazi ya maganizo kwambiri,Nyanja_NF_Spk3_U_b673037b6b_Utterance_7_600_625.wav,7.128
NF,F,Spk3,U_b673037b6b,600_625,Nyanja_NF_Spk3_U_b673037b6b_Utterance_8,ku hotela kumalo amene mlendo amataya ndalama zace zambiri mosinthanitsana ndi zipinda zogonamo zotsaoneka bwino,Nyanja_NF_Spk3_U_b673037b6b_Utterance_8_600_625.wav,12.83
NF,F,Spk3,U_b673037b6b,600_625,Nyanja_NF_Spk3_U_b673037b6b_Utterance_9,kulibe chalichi yaikulu (kafidilo) ngakhale burgos imene ingapikitsane ndi chalichi ya pa montmartre,Nyanja_NF_Spk3_U_b673037b6b_Utterance_9_600_625.wav,11.691
NF,F,Spk3,U_b673037b6b,600_625,Nyanja_NF_Spk3_U_b673037b6b_Utterance_10,anakumbukira osati cabe ataona kuipa kwa ngozi imene inacitika utsiku mocedwa koma kudziwanso cimene cinalengetsa,Nyanja_NF_Spk3_U_b673037b6b_Utterance_10_600_625.wav,13.398
NF,F,Spk3,U_b673037b6b,600_625,Nyanja_NF_Spk3_U_b673037b6b_Utterance_11,mwina sindingathe koma pepani kwabasi pakunva izo kodi mwana wao anakhala nwanji,Nyanja_NF_Spk3_U_b673037b6b_Utterance_11_600_625.wav,11.238
NF,F,Spk3,U_b673037b6b,600_625,Nyanja_NF_Spk3_U_b673037b6b_Utterance_12,mzangayo sanaoneke obvutikira m'maganizo cifukwa cakuti analephera koma anagwedeza ma pewa ace ngati mofuna kuleka zonse,Nyanja_NF_Spk3_U_b673037b6b_Utterance_12_600_625.wav,15.244
NF,F,Spk3,U_b673037b6b,600_625,Nyanja_NF_Spk3_U_b673037b6b_Utterance_13,ndizakhala ndikumenda(kukonza)  nyumba yanga udziwa ndi kusamalira nsalu,Nyanja_NF_Spk3_U_b673037b6b_Utterance_13_600_625.wav,7.105
NF,F,Spk3,U_b673037b6b,600_625,Nyanja_NF_Spk3_U_b673037b6b_Utterance_14,bambo soames anali atatangwanitsidwa ndi unyinji wa nkhani,Nyanja_NF_Spk3_U_b673037b6b_Utterance_14_600_625.wav,7.872
NF,F,Spk3,U_b673037b6b,600_625,Nyanja_NF_Spk3_U_b673037b6b_Utterance_15,ndipo  uyenera kukhala ojo opanda mwai uja,Nyanja_NF_Spk3_U_b673037b6b_Utterance_15_600_625.wav,4.609
NF,F,Spk3,U_b673037b6b,600_625,Nyanja_NF_Spk3_U_b673037b6b_Utterance_16,ndizayetsa ngati ndidziwa zinthu zimene ninali kudziwa,Nyanja_NF_Spk3_U_b673037b6b_Utterance_16_600_625.wav,4.957
NF,F,Spk3,U_b673037b6b,600_625,Nyanja_NF_Spk3_U_b673037b6b_Utterance_17,sindingathe kusewera ndi iwe ngati uli mwana wacicepele kuyambira lero anatero iye mwapang'ono-pang'ono izo ndiye zimene umayewa marie,Nyanja_NF_Spk3_U_b673037b6b_Utterance_17_600_625.wav,14.431
NF,F,Spk3,U_b673037b6b,600_625,Nyanja_NF_Spk3_U_b673037b6b_Utterance_18,ndinali okhutilitsidwa kwambiri ndi nyumba yanga imene inali ku stern ndikutsegulilidwa m'malo mmene mukhala atsilikali,Nyanja_NF_Spk3_U_b673037b6b_Utterance_18_600_625.wav,13.804
NF,F,Spk3,U_b673037b6b,600_625,Nyanja_NF_Spk3_U_b673037b6b_Utterance_19,ndipo mnyamata ogwira nchito mu dimba uja anadula mtengo muzidunswa zazing'ono-zing'ono panali nkhuni zambiri zitaunganitsidwa pamenepo,Nyanja_NF_Spk3_U_b673037b6b_Utterance_19_600_625.wav,16.312
NF,F,Spk3,U_b673037b6b,600_625,Nyanja_NF_Spk3_U_b673037b6b_Utterance_20,thupi yanga yaumilila cifukwa cokhala pansi kwa nthawi yaitali  iye anatero ndilakalaka ndeu ndinaceuka kumene kunali mlimi,Nyanja_NF_Spk3_U_b673037b6b_Utterance_20_600_625.wav,15.569
NF,F,Spk3,U_b673037b6b,600_625,Nyanja_NF_Spk3_U_b673037b6b_Utterance_21,tanva zina zace pa nkhani yanu ndipo tifuna anatero kennethndipo tikufunitsitsa kudziwa,Nyanja_NF_Spk3_U_b673037b6b_Utterance_21_600_625.wav,9.149
NF,F,Spk3,U_b673037b6b,600_625,Nyanja_NF_Spk3_U_b673037b6b_Utterance_22,akali kuyenda  panyanja koma ndi umodzi wa a gulu la count bwato ya timascheff anali atanena za zoona,Nyanja_NF_Spk3_U_b673037b6b_Utterance_22_600_625.wav,12.98
NF,F,Spk3,U_b673037b6b,600_625,Nyanja_NF_Spk3_U_b673037b6b_Utterance_23,pothera pace zonse zinalibe phokoso ndipo zinali zakuda pa nyumba ya bambo gamewell,Nyanja_NF_Spk3_U_b673037b6b_Utterance_23_600_625.wav,10.751
NF,F,Spk3,U_b673037b6b,600_625,Nyanja_NF_Spk3_U_b673037b6b_Utterance_24,a gulu lochedwa nautilus anangotsala panhg'ono kuti agodobokele m'nyanja ya antarctic ndipo nemo anambila atambila mmadzimo,Nyanja_NF_Spk3_U_b673037b6b_Utterance_24_600_625.wav,15.197
NF,F,Spk3,U_b673037b6b,625_650,Nyanja_NF_Spk3_U_b673037b6b_Utterance_1,amai adalila iye ndikukuonani pano onani onani,Nyanja_NF_Spk3_U_b673037b6b_Utterance_1_625_650.wav,5.526
NF,F,Spk3,U_b673037b6b,625_650,Nyanja_NF_Spk3_U_b673037b6b_Utterance_2,tili ndi mabvuto athu ocepa pano monga kwina kulikonse ndipo zinthu zonse sizingacitike mopweka,Nyanja_NF_Spk3_U_b673037b6b_Utterance_2_625_650.wav,12.492
NF,F,Spk3,U_b673037b6b,625_650,Nyanja_NF_Spk3_U_b673037b6b_Utterance_3,uzilankhura ngati munthu ophunzirsa anatero beti akudabwa kodi nyumba yako ili kuti,Nyanja_NF_Spk3_U_b673037b6b_Utterance_3_625_650.wav,11.134
NF,F,Spk3,U_b673037b6b,625_650,Nyanja_NF_Spk3_U_b673037b6b_Utterance_4,munkhani zonsezi zofuna kumatsulira momwe zinthu za cilengwedwe zinayambila cilengedwe cozungulira malowo ngakhale kuti cinali kubvutika ndi colemekedzedwa ndiponso cokongola,Nyanja_NF_Spk3_U_b673037b6b_Utterance_4_625_650.wav,12.597
NF,F,Spk3,U_b673037b6b,625_650,Nyanja_NF_Spk3_U_b673037b6b_Utterance_5,ndibwerekeko khutu yako kwa mpindi khumi limodzi ndipo uzadziwa m'mene ukacenjede pa sitegi umakhalila,Nyanja_NF_Spk3_U_b673037b6b_Utterance_5_625_650.wav,9.776
NF,F,Spk3,U_b673037b6b,625_650,Nyanja_NF_Spk3_U_b673037b6b_Utterance_6,ndinaona mu nyumba yoonetseramo za mbiri yakale ya hamburg mafupa ya cimodzi mwa zolengedwa iziutali wace okwanila ma mita makhumi atatu,Nyanja_NF_Spk3_U_b673037b6b_Utterance_6_625_650.wav,16.637
NF,F,Spk3,U_b673037b6b,625_650,Nyanja_NF_Spk3_U_b673037b6b_Utterance_7,nyanja yonyezimira mwapang'ono ndi matepo abwino inawelewetsa ndi kumalankhula ca munsi munsi iye asanapite ca ku mpoto,Nyanja_NF_Spk3_U_b673037b6b_Utterance_7_625_650.wav,19.447
NF,F,Spk3,U_b673037b6b,625_650,Nyanja_NF_Spk3_U_b673037b6b_Utterance_8,ai ndinaiwala zonse za mabongobongo anafuula mzimai,Nyanja_NF_Spk3_U_b673037b6b_Utterance_8_625_650.wav,6.258
NF,F,Spk3,U_b673037b6b,625_650,Nyanja_NF_Spk3_U_b673037b6b_Utterance_9,ndipo makumbi anabitsa mutu wace wagolide ndipo kuwala kwace kunaonekera,Nyanja_NF_Spk3_U_b673037b6b_Utterance_9_625_650.wav,11.378
NF,F,Spk3,U_b673037b6b,625_650,Nyanja_NF_Spk3_U_b673037b6b_Utterance_10,fairview anali ma mailo okwanila ngati khumi ndi awiri koma itangofika teni koloko anali pafupi kufika pa ndende ya mboma limenelo,Nyanja_NF_Spk3_U_b673037b6b_Utterance_10_625_650.wav,17.032
NF,F,Spk3,U_b673037b6b,625_650,Nyanja_NF_Spk3_U_b673037b6b_Utterance_11,nyumbayo inali kununkha cuutsi sitima imanunka masewera a chimwemwe,Nyanja_NF_Spk3_U_b673037b6b_Utterance_11_625_650.wav,9.021
NF,F,Spk3,U_b673037b6b,625_650,Nyanja_NF_Spk3_U_b673037b6b_Utterance_12,nkhosa singasamale kwambiri pa za iwo ambiri amene ndimaganizapo,Nyanja_NF_Spk3_U_b673037b6b_Utterance_12_625_650.wav,23.986
NF,F,Spk3,U_b673037b6b,625_650,Nyanja_NF_Spk3_U_b673037b6b_Utterance_13,koma ndi ndudu ya fodya imine yalengetsa mwaukulu ma sewero amakono kuti afike pamene alili tsopano ali otsangalatsadi (otsekekemera),Nyanja_NF_Spk3_U_b673037b6b_Utterance_13_625_650.wav,16.475
NF,F,Spk3,U_b673037b6b,625_650,Nyanja_NF_Spk3_U_b673037b6b_Utterance_14,munjira iliyonse tinayetsetsa kubwezera pansi ulamuliro wa paulo oyera,Nyanja_NF_Spk3_U_b673037b6b_Utterance_14_625_650.wav,8.998
NF,F,Spk3,U_b673037b6b,625_650,Nyanja_NF_Spk3_U_b673037b6b_Utterance_15,patapita nthawi kucoka nthawi yomwe ija palibe cimene ninali kukumbukila bwino,Nyanja_NF_Spk3_U_b673037b6b_Utterance_15_625_650.wav,11.32
NF,F,Spk3,U_b673037b6b,625_650,Nyanja_NF_Spk3_U_b673037b6b_Utterance_16,utali wa mapemphero (kagwiridwe ka ncito) zaka khumi limodzi ndi zinai miyezi itatu ndi masiku asanu,Nyanja_NF_Spk3_U_b673037b6b_Utterance_16_625_650.wav,12.992
NF,F,Spk3,U_b673037b6b,625_650,Nyanja_NF_Spk3_U_b673037b6b_Utterance_17,anali kuoneka ngati anali kuyembekeza yankho yace koma pamene analephera kupereka yamkoyo iye anapitilira,Nyanja_NF_Spk3_U_b673037b6b_Utterance_17_625_650.wav,12.613
NF,F,Spk3,U_b673037b6b,625_650,Nyanja_NF_Spk3_U_b673037b6b_Utterance_18,kumwemba ndi pansi madzi amene tinapita ukatenga ulemelero wambiri ndi cisangalaro cambiri,Nyanja_NF_Spk3_U_b673037b6b_Utterance_18_625_650.wav,13.325
NF,F,Spk3,U_b673037b6b,625_650,Nyanja_NF_Spk3_U_b673037b6b_Utterance_19,ndi gombeza (fulisi)golide ndi gobeza wa siliva umene ananyozera,Nyanja_NF_Spk3_U_b673037b6b_Utterance_19_625_650.wav,11.99
NF,F,Spk3,U_b673037b6b,625_650,Nyanja_NF_Spk3_U_b673037b6b_Utterance_20,kugawanitsa kweni-kweni kwa anthu ndi ici onyezimira ndi a mumdima,Nyanja_NF_Spk3_U_b673037b6b_Utterance_20_625_650.wav,9.24
NF,F,Spk3,U_b673037b6b,625_650,Nyanja_NF_Spk3_U_b673037b6b_Utterance_21,anakana khalidwe lakaso imene inkanafuna kumuvutitsa cifukwa ca cifuniro cace coonekeratu cofuna kuthandiza wacicepeele gates,Nyanja_NF_Spk3_U_b673037b6b_Utterance_21_625_650.wav,18.216
NF,F,Spk3,U_b673037b6b,625_650,Nyanja_NF_Spk3_U_b673037b6b_Utterance_22,uyu anatero ndi mbava amene akhala akutibvutitsa kuno kutsidwa kwa nyanja,Nyanja_NF_Spk3_U_b673037b6b_Utterance_22_625_650.wav,10.345
NF,F,Spk3,U_b673037b6b,625_650,Nyanja_NF_Spk3_U_b673037b6b_Utterance_23,kunali kutada kwambiri kotero kuti palibe comwe ninkaona koma cabe mlili wa moto wocepa pa dziko(pomwe moto uli kuyakira),Nyanja_NF_Spk3_U_b673037b6b_Utterance_23_625_650.wav,17.355
NF,F,Spk3,U_b673037b6b,625_650,Nyanja_NF_Spk3_U_b673037b6b_Utterance_24,mosasamalila zomwe ananvana zapamwamba ndi hawkeye ananvetsetsa zobvuta zonse ndi ngozi zimene anali kuti akumane nazo,Nyanja_NF_Spk3_U_b673037b6b_Utterance_24_625_650.wav,16.869
NF,F,Spk3,U_eb2bdf16bf,600_625,Nyanja_NF_Spk3_U_eb2bdf16bf_Utterance_1,mathokoza ananenedwa kwa mwana wa amfumu wa mkazi kuli konse kumene anali kupita pa ulendo wace,Nyanja_NF_Spk3_U_eb2bdf16bf_Utterance_1_600_625.wav,11.24
NF,F,Spk3,U_eb2bdf16bf,600_625,Nyanja_NF_Spk3_U_eb2bdf16bf_Utterance_2,nchito yopyeela mu nyumba kasinthidwe kosokoneza kamene kalenga boma kulemba nchito atsilikali onse amene ifuna mopanda bvuto lili lonse,Nyanja_NF_Spk3_U_eb2bdf16bf_Utterance_2_600_625.wav,14.957
NF,F,Spk3,U_eb2bdf16bf,600_625,Nyanja_NF_Spk3_U_eb2bdf16bf_Utterance_3,apo iye anakhala pa mawilo ya bwato sindinaonepo sitima,Nyanja_NF_Spk3_U_eb2bdf16bf_Utterance_3_600_625.wav,6.748
NF,F,Spk3,U_eb2bdf16bf,600_625,Nyanja_NF_Spk3_U_eb2bdf16bf_Utterance_4,ma unifomu obvalidwa ku nchito samafunidwa pafupi-fupi kwa onse amene ayenera kuwabvala,Nyanja_NF_Spk3_U_eb2bdf16bf_Utterance_4_600_625.wav,12.475
NF,F,Spk3,U_eb2bdf16bf,600_625,Nyanja_NF_Spk3_U_eb2bdf16bf_Utterance_5,ici ndiye cakudya cothera kudyera mwapamodzi ninatero,Nyanja_NF_Spk3_U_eb2bdf16bf_Utterance_5_600_625.wav,7.424
NF,F,Spk3,U_eb2bdf16bf,600_625,Nyanja_NF_Spk3_U_eb2bdf16bf_Utterance_6,kodi dziko lako ndiiti olaf kodi wakhala kapolo nthawi yonseyi,Nyanja_NF_Spk3_U_eb2bdf16bf_Utterance_6_600_625.wav,8.994
NF,F,Spk3,U_eb2bdf16bf,600_625,Nyanja_NF_Spk3_U_eb2bdf16bf_Utterance_7,bwela nyongolotsi ndi dambo yodzidzila kwa mfumu-kazi ya maganizo kwambiri,Nyanja_NF_Spk3_U_eb2bdf16bf_Utterance_7_600_625.wav,12.012
NF,F,Spk3,U_eb2bdf16bf,600_625,Nyanja_NF_Spk3_U_eb2bdf16bf_Utterance_8,ku hotela kumalo amene mlendo amataya ndalama zace zambiri mosinthanitsana ndi zipinda zogonamo zotsaoneka bwino,Nyanja_NF_Spk3_U_eb2bdf16bf_Utterance_8_600_625.wav,18.247
NF,F,Spk3,U_eb2bdf16bf,600_625,Nyanja_NF_Spk3_U_eb2bdf16bf_Utterance_9,kulibe chalichi yaikulu (kafidilo) ngakhale burgos imene ingapikitsane ndi chalichi ya pa montmartre,Nyanja_NF_Spk3_U_eb2bdf16bf_Utterance_9_600_625.wav,13.787
NF,F,Spk3,U_eb2bdf16bf,600_625,Nyanja_NF_Spk3_U_eb2bdf16bf_Utterance_10,anakumbukira osati cabe ataona kuipa kwa ngozi imene inacitika utsiku mocedwa koma kudziwanso cimene cinalengetsa,Nyanja_NF_Spk3_U_eb2bdf16bf_Utterance_10_600_625.wav,19.34
NF,F,Spk3,U_eb2bdf16bf,600_625,Nyanja_NF_Spk3_U_eb2bdf16bf_Utterance_11,mwina sindingathe koma pepani kwabasi pakunva izo kodi mwana wao anakhala nwanji,Nyanja_NF_Spk3_U_eb2bdf16bf_Utterance_11_600_625.wav,15.749
NF,F,Spk3,U_eb2bdf16bf,600_625,Nyanja_NF_Spk3_U_eb2bdf16bf_Utterance_12,mzangayo sanaoneke obvutikira m'maganizo cifukwa cakuti analephera koma anagwedeza ma pewa ace ngati mofuna kuleka zonse,Nyanja_NF_Spk3_U_eb2bdf16bf_Utterance_12_600_625.wav,22.499
NF,F,Spk3,U_eb2bdf16bf,600_625,Nyanja_NF_Spk3_U_eb2bdf16bf_Utterance_13,ndizakhala ndikumenda(kukonza)  nyumba yanga udziwa ndi kusamalira nsalu,Nyanja_NF_Spk3_U_eb2bdf16bf_Utterance_13_600_625.wav,12.102
NF,F,Spk3,U_eb2bdf16bf,600_625,Nyanja_NF_Spk3_U_eb2bdf16bf_Utterance_14,bambo soames anali atatangwanitsidwa ndi unyinji wa nkhani,Nyanja_NF_Spk3_U_eb2bdf16bf_Utterance_14_600_625.wav,11.765
NF,F,Spk3,U_eb2bdf16bf,600_625,Nyanja_NF_Spk3_U_eb2bdf16bf_Utterance_15,ndipo  uyenera kukhala ojo opanda mwai uja,Nyanja_NF_Spk3_U_eb2bdf16bf_Utterance_15_600_625.wav,5.318
NF,F,Spk3,U_eb2bdf16bf,600_625,Nyanja_NF_Spk3_U_eb2bdf16bf_Utterance_16,ndizayetsa ngati ndidziwa zinthu zimene ninali kudziwa,Nyanja_NF_Spk3_U_eb2bdf16bf_Utterance_16_600_625.wav,7.083
NF,F,Spk3,U_eb2bdf16bf,600_625,Nyanja_NF_Spk3_U_eb2bdf16bf_Utterance_17,sindingathe kusewera ndi iwe ngati uli mwana wacicepele kuyambira lero anatero iye mwapang'ono-pang'ono izo ndiye zimene umayewa marie,Nyanja_NF_Spk3_U_eb2bdf16bf_Utterance_17_600_625.wav,20.532
NF,F,Spk3,U_eb2bdf16bf,600_625,Nyanja_NF_Spk3_U_eb2bdf16bf_Utterance_18,kumabwelera ku cisinsi utsiku onsewu,Nyanja_NF_Spk3_U_eb2bdf16bf_Utterance_18_600_625.wav,6.403
NF,F,Spk3,U_eb2bdf16bf,600_625,Nyanja_NF_Spk3_U_eb2bdf16bf_Utterance_19,ndinali okhutilitsidwa kwambiri ndi nyumba yanga imene inali ku stern ndikutsegulilidwa m'malo mmene mukhala atsilikali,Nyanja_NF_Spk3_U_eb2bdf16bf_Utterance_19_600_625.wav,14.787
NF,F,Spk3,U_eb2bdf16bf,600_625,Nyanja_NF_Spk3_U_eb2bdf16bf_Utterance_20,ndipo mnyamata ogwira nchito mu dimba uja anadula mtengo muzidunswa zazing'ono-zing'ono panali nkhuni zambiri zitaunganitsidwa pamenepo,Nyanja_NF_Spk3_U_eb2bdf16bf_Utterance_20_600_625.wav,16.355
NF,F,Spk3,U_eb2bdf16bf,600_625,Nyanja_NF_Spk3_U_eb2bdf16bf_Utterance_21,thupi yanga yaumilila cifukwa cokhala pansi kwa nthawi yaitali  iye anatero ndilakalaka ndeu ndinaceuka kumene kunali mlimi,Nyanja_NF_Spk3_U_eb2bdf16bf_Utterance_21_600_625.wav,17.224
NF,F,Spk3,U_eb2bdf16bf,600_625,Nyanja_NF_Spk3_U_eb2bdf16bf_Utterance_22,tanva zina zace pa nkhani yanu ndipo tifuna anatero kennethndipo tikufunitsitsa kudziwa,Nyanja_NF_Spk3_U_eb2bdf16bf_Utterance_22_600_625.wav,11.24
NF,F,Spk3,U_eb2bdf16bf,600_625,Nyanja_NF_Spk3_U_eb2bdf16bf_Utterance_23,akali kuyenda  panyanja koma ndi umodzi wa a gulu la count bwato ya timascheff anali atanena za zoona,Nyanja_NF_Spk3_U_eb2bdf16bf_Utterance_23_600_625.wav,14.939
NF,F,Spk3,U_eb2bdf16bf,600_625,Nyanja_NF_Spk3_U_eb2bdf16bf_Utterance_24,pothera pace zonse zinalibe phokoso ndipo zinali zakuda pa nyumba ya bambo gamewell,Nyanja_NF_Spk3_U_eb2bdf16bf_Utterance_24_600_625.wav,11.87
NF,F,Spk3,U_eb2bdf16bf,600_625,Nyanja_NF_Spk3_U_eb2bdf16bf_Utterance_25,a gulu lochedwa nautilus anangotsala panhg'ono kuti agodobokele m'nyanja ya antarctic ndipo nemo anambila atambila mmadzimo,Nyanja_NF_Spk3_U_eb2bdf16bf_Utterance_25_600_625.wav,16.968
NF,F,Spk3,U_eb2bdf16bf,625_650,Nyanja_NF_Spk3_U_eb2bdf16bf_Utterance_1,amai adalila iye ndikukuonani pano onani onani,Nyanja_NF_Spk3_U_eb2bdf16bf_Utterance_1_625_650.wav,8.211
NF,F,Spk3,U_eb2bdf16bf,625_650,Nyanja_NF_Spk3_U_eb2bdf16bf_Utterance_2,tili ndi mabvuto athu ocepa pano monga kwina kulikonse ndipo zinthu zonse sizingacitike mopweka,Nyanja_NF_Spk3_U_eb2bdf16bf_Utterance_2_625_650.wav,14.373
NF,F,Spk3,U_eb2bdf16bf,625_650,Nyanja_NF_Spk3_U_eb2bdf16bf_Utterance_3,uzilankhura ngati munthu ophunzirsa anatero beti akudabwa kodi nyumba yako ili kuti,Nyanja_NF_Spk3_U_eb2bdf16bf_Utterance_3_625_650.wav,12.615
NF,F,Spk3,U_eb2bdf16bf,625_650,Nyanja_NF_Spk3_U_eb2bdf16bf_Utterance_4,munkhani zonsezi zofuna kumatsulira momwe zinthu za cilengwedwe zinayambila cilengedwe cozungulira malowo ngakhale kuti cinali kubvutika ndi colemekedzedwa ndiponso cokongola,Nyanja_NF_Spk3_U_eb2bdf16bf_Utterance_4_625_650.wav,28.628
NF,F,Spk3,U_eb2bdf16bf,625_650,Nyanja_NF_Spk3_U_eb2bdf16bf_Utterance_5,ndibwerekeko khutu yako kwa mpindi khumi limodzi ndipo uzadziwa m'mene ukacenjede pa sitegi umakhalila,Nyanja_NF_Spk3_U_eb2bdf16bf_Utterance_5_625_650.wav,15.232
NF,F,Spk3,U_eb2bdf16bf,625_650,Nyanja_NF_Spk3_U_eb2bdf16bf_Utterance_6,ndinaona mu nyumba yoonetseramo za mbiri yakale ya hamburg mafupa ya cimodzi mwa zolengedwa iziutali wace okwanila ma mita makhumi atatu,Nyanja_NF_Spk3_U_eb2bdf16bf_Utterance_6_625_650.wav,22.55
NF,F,Spk3,U_eb2bdf16bf,625_650,Nyanja_NF_Spk3_U_eb2bdf16bf_Utterance_7,nyanja yonyezimira mwapang'ono ndi matepo abwino inawelewetsa ndi kumalankhula ca munsi munsi iye asanapite ca ku mpoto,Nyanja_NF_Spk3_U_eb2bdf16bf_Utterance_7_625_650.wav,17.392
NF,F,Spk3,U_eb2bdf16bf,625_650,Nyanja_NF_Spk3_U_eb2bdf16bf_Utterance_8,ai ndinaiwala zonse za mabongobongo anafuula mzimai,Nyanja_NF_Spk3_U_eb2bdf16bf_Utterance_8_625_650.wav,7.05
NF,F,Spk3,U_eb2bdf16bf,625_650,Nyanja_NF_Spk3_U_eb2bdf16bf_Utterance_9,ndipo makumbi anabitsa mutu wace wagolide ndipo kuwala kwace kunaonekera,Nyanja_NF_Spk3_U_eb2bdf16bf_Utterance_9_625_650.wav,10.53
NF,F,Spk3,U_eb2bdf16bf,625_650,Nyanja_NF_Spk3_U_eb2bdf16bf_Utterance_10,fairview anali ma mailo okwanila ngati khumi ndi awiri koma itangofika teni koloko anali pafupi kufika pa ndende ya mboma limenelo,Nyanja_NF_Spk3_U_eb2bdf16bf_Utterance_10_625_650.wav,21.701
NF,F,Spk3,U_eb2bdf16bf,625_650,Nyanja_NF_Spk3_U_eb2bdf16bf_Utterance_11,nyumbayo inali kununkha cuutsi sitima imanunka masewera a chimwemwe,Nyanja_NF_Spk3_U_eb2bdf16bf_Utterance_11_625_650.wav,9.965
NF,F,Spk3,U_eb2bdf16bf,625_650,Nyanja_NF_Spk3_U_eb2bdf16bf_Utterance_12,nkhosa singasamale kwambiri pa za iwo ambiri amene ndimaganizapo,Nyanja_NF_Spk3_U_eb2bdf16bf_Utterance_12_625_650.wav,14.045
NF,F,Spk3,U_eb2bdf16bf,625_650,Nyanja_NF_Spk3_U_eb2bdf16bf_Utterance_13,koma ndi ndudu ya fodya imine yalengetsa mwaukulu ma sewero amakono kuti afike pamene alili tsopano ali otsangalatsadi (otsekekemera),Nyanja_NF_Spk3_U_eb2bdf16bf_Utterance_13_625_650.wav,40.055
NF,F,Spk3,U_eb2bdf16bf,625_650,Nyanja_NF_Spk3_U_eb2bdf16bf_Utterance_14,munjira iliyonse tinayetsetsa kubwezera pansi ulamuliro wa paulo oyera,Nyanja_NF_Spk3_U_eb2bdf16bf_Utterance_14_625_650.wav,14.9
NF,F,Spk3,U_eb2bdf16bf,625_650,Nyanja_NF_Spk3_U_eb2bdf16bf_Utterance_15,patapita nthawi kucoka nthawi yomwe ija palibe cimene ninali kukumbukila bwino,Nyanja_NF_Spk3_U_eb2bdf16bf_Utterance_15_625_650.wav,12.065
NF,F,Spk3,U_eb2bdf16bf,625_650,Nyanja_NF_Spk3_U_eb2bdf16bf_Utterance_16,utali wa mapemphero (kagwiridwe ka ncito) zaka khumi limodzi ndi zinai miyezi itatu ndi masiku asanu,Nyanja_NF_Spk3_U_eb2bdf16bf_Utterance_16_625_650.wav,13.734
NF,F,Spk3,U_eb2bdf16bf,625_650,Nyanja_NF_Spk3_U_eb2bdf16bf_Utterance_17,anali kuoneka ngati anali kuyembekeza yankho yace koma pamene analephera kupereka yamkoyo iye anapitilira,Nyanja_NF_Spk3_U_eb2bdf16bf_Utterance_17_625_650.wav,16.221
NF,F,Spk3,U_eb2bdf16bf,625_650,Nyanja_NF_Spk3_U_eb2bdf16bf_Utterance_18,kumwemba ndi pansi madzi amene tinapita ukatenga ulemelero wambiri ndi cisangalaro cambiri,Nyanja_NF_Spk3_U_eb2bdf16bf_Utterance_18_625_650.wav,14.165
NF,F,Spk3,U_eb2bdf16bf,625_650,Nyanja_NF_Spk3_U_eb2bdf16bf_Utterance_19,ndi gombeza (fulisi)golide ndi gobeza wa siliva umene ananyozera,Nyanja_NF_Spk3_U_eb2bdf16bf_Utterance_19_625_650.wav,11.723
NF,F,Spk3,U_eb2bdf16bf,625_650,Nyanja_NF_Spk3_U_eb2bdf16bf_Utterance_20,kugawanitsa kweni-kweni kwa anthu ndi ici onyezimira ndi a mumdima,Nyanja_NF_Spk3_U_eb2bdf16bf_Utterance_20_625_650.wav,10.374
NF,F,Spk3,U_eb2bdf16bf,625_650,Nyanja_NF_Spk3_U_eb2bdf16bf_Utterance_21,anakana khalidwe lakaso imene inkanafuna kumuvutitsa cifukwa ca cifuniro cace coonekeratu cofuna kuthandiza wacicepeele gates,Nyanja_NF_Spk3_U_eb2bdf16bf_Utterance_21_625_650.wav,24.763
NF,F,Spk3,U_eb2bdf16bf,625_650,Nyanja_NF_Spk3_U_eb2bdf16bf_Utterance_22,uyu anatero ndi mbava amene akhala akutibvutitsa kuno kutsidwa kwa nyanja,Nyanja_NF_Spk3_U_eb2bdf16bf_Utterance_22_625_650.wav,13.837
NF,F,Spk3,U_eb2bdf16bf,625_650,Nyanja_NF_Spk3_U_eb2bdf16bf_Utterance_23,kunali kutada kwambiri kotero kuti palibe comwe ninkaona koma cabe mlili wa moto wocepa pa dziko(pomwe moto uli kuyakira),Nyanja_NF_Spk3_U_eb2bdf16bf_Utterance_23_625_650.wav,21.95
NF,F,Spk3,U_eb2bdf16bf,625_650,Nyanja_NF_Spk3_U_eb2bdf16bf_Utterance_24,mosasamalila zomwe ananvana zapamwamba ndi hawkeye ananvetsetsa zobvuta zonse ndi ngozi zimene anali kuti akumane nazo,Nyanja_NF_Spk3_U_eb2bdf16bf_Utterance_24_625_650.wav,21.109
NF,F,Spk3,U_eb2bdf16bf,625_650,Nyanja_NF_Spk3_U_eb2bdf16bf_Utterance_25,ndipo wanga ndi will stutuley ndipo tizakhala pa ubwenzi,Nyanja_NF_Spk3_U_eb2bdf16bf_Utterance_25_625_650.wav,7.83
NF,F,Spk4,U_fed184e4c1,675_700,Nyanja_NF_Spk4_U_fed184e4c1_Utterance_1,mwantsopano rodolfo anakwanitsa kugwira leocadia mosamala na muika  mu citolokosi ndi mnyumba yace,Nyanja_NF_Spk4_U_fed184e4c1_Utterance_1_675_700.wav,9.898
NF,F,Spk4,U_fed184e4c1,675_700,Nyanja_NF_Spk4_U_fed184e4c1_Utterance_2,ndi apo cabe pamene pali zinthu monga mikumbi ndi moto,Nyanja_NF_Spk4_U_fed184e4c1_Utterance_2_675_700.wav,5.271
NF,F,Spk4,U_fed184e4c1,675_700,Nyanja_NF_Spk4_U_fed184e4c1_Utterance_3,pa ciweru pa tsiku ya khumi ndi zisanu mu mwezi wa phukira nyanja sinali yotseguka konseku ndipo kunalibe malo ali onse a kutsidya amene anali kuonekera,Nyanja_NF_Spk4_U_fed184e4c1_Utterance_3_675_700.wav,15.441
NF,F,Spk4,U_fed184e4c1,675_700,Nyanja_NF_Spk4_U_fed184e4c1_Utterance_4,mussulmans ndi giaours anazibisa kukamwa ndi kansalu kozipukutira kumaso  ali kuseka  ndipo alibe lute pa zolilitsa zina ziri zonse,Nyanja_NF_Spk4_U_fed184e4c1_Utterance_4_675_700.wav,15.79
NF,F,Spk4,U_fed184e4c1,675_700,Nyanja_NF_Spk4_U_fed184e4c1_Utterance_5,ndakhala wokonzekera kupita kwina kuli konse kwa miyezi isanu ndi umodzi yapitai,Nyanja_NF_Spk4_U_fed184e4c1_Utterance_5_675_700.wav,9.636
NF,F,Spk4,U_fed184e4c1,675_700,Nyanja_NF_Spk4_U_fed184e4c1_Utterance_6,wabwera andella andella inali dzina y ka doli wa mwana jani amene anali kuyendera lozalia,Nyanja_NF_Spk4_U_fed184e4c1_Utterance_6_675_700.wav,9.567
NF,F,Spk4,U_fed184e4c1,675_700,Nyanja_NF_Spk4_U_fed184e4c1_Utterance_7,nkhani yokhayo ya cimwemwe imene inakambidwa ndi imene pa gome(thebulo) pakati pa ine ndi naomi,Nyanja_NF_Spk4_U_fed184e4c1_Utterance_7_675_700.wav,10.739
NF,F,Spk4,U_fed184e4c1,675_700,Nyanja_NF_Spk4_U_fed184e4c1_Utterance_8,ameneyu anali mzimai wabwino kwambiri  bambo ndipo munjira ina ndiganiza kuti anafa,Nyanja_NF_Spk4_U_fed184e4c1_Utterance_8_675_700.wav,9.265
NF,F,Spk4,U_fed184e4c1,675_700,Nyanja_NF_Spk4_U_fed184e4c1_Utterance_9,ndili ndi mantha poti sindidziwa zambiri za malo a oz,Nyanja_NF_Spk4_U_fed184e4c1_Utterance_9_675_700.wav,4.876
NF,F,Spk4,U_fed184e4c1,675_700,Nyanja_NF_Spk4_U_fed184e4c1_Utterance_10,ndipo siunali kufuna kukhala pafupi ndi ine,Nyanja_NF_Spk4_U_fed184e4c1_Utterance_10_675_700.wav,4.953
NF,F,Spk4,U_fed184e4c1,675_700,Nyanja_NF_Spk4_U_fed184e4c1_Utterance_11,mzibambo analowa natenga mapepela imodzi -imodzi  pa gome imene inali ca pakati,Nyanja_NF_Spk4_U_fed184e4c1_Utterance_11_675_700.wav,9.694
NF,F,Spk4,U_fed184e4c1,675_700,Nyanja_NF_Spk4_U_fed184e4c1_Utterance_12,ndinanva m'mafupa anga m'mawa n'tauka kuti cinthu cabwino cidzacitika,Nyanja_NF_Spk4_U_fed184e4c1_Utterance_12_675_700.wav,9.288
NF,F,Spk4,U_fed184e4c1,675_700,Nyanja_NF_Spk4_U_fed184e4c1_Utterance_13,kunena cilungamo iye sangathe kucita izo anatero soames poti ine ndinalowera pa citseko ca mumbalimu,Nyanja_NF_Spk4_U_fed184e4c1_Utterance_13_675_700.wav,10.944
NF,F,Spk4,U_fed184e4c1,675_700,Nyanja_NF_Spk4_U_fed184e4c1_Utterance_14,ungathe kukhala kutali ndi ine ngati ufuna kutero nanga ni liti pamene ndakukonkako,Nyanja_NF_Spk4_U_fed184e4c1_Utterance_14_675_700.wav,10.29
NF,F,Spk4,U_fed184e4c1,675_700,Nyanja_NF_Spk4_U_fed184e4c1_Utterance_15,kulibe tsiku ngakhale imodzi imene pa matsiku dzana imene ndi tsiku ya cimwemwe cotheratu ndipo ya dzuwa ikuwala kotheratu,Nyanja_NF_Spk4_U_fed184e4c1_Utterance_15_675_700.wav,15.669
NF,F,Spk4,U_fed184e4c1,675_700,Nyanja_NF_Spk4_U_fed184e4c1_Utterance_16,koma kusiyana mu zonse sikuli pa zimenezo kusamaziika nzeru,Nyanja_NF_Spk4_U_fed184e4c1_Utterance_16_675_700.wav,8.182
NF,F,Spk4,U_fed184e4c1,675_700,Nyanja_NF_Spk4_U_fed184e4c1_Utterance_17,ndimakupemphelera  koma sicimodzi-modzi ngati kuti iwe wekha wazipemphelera,Nyanja_NF_Spk4_U_fed184e4c1_Utterance_17_675_700.wav,7.936
NF,F,Spk4,U_fed184e4c1,675_700,Nyanja_NF_Spk4_U_fed184e4c1_Utterance_18,ukuona mzanga iyi ndi nkhani ya cilombo coopsya ca pa madzi (narwhale),Nyanja_NF_Spk4_U_fed184e4c1_Utterance_18_675_700.wav,7.663
NF,F,Spk4,U_fed184e4c1,675_700,Nyanja_NF_Spk4_U_fed184e4c1_Utterance_19,ndinatenga zibangili za golide zitsanu mu bokosi la cuma ndi kuzipatsa kwa iye,Nyanja_NF_Spk4_U_fed184e4c1_Utterance_19_675_700.wav,9.056
NF,F,Spk4,U_fed184e4c1,675_700,Nyanja_NF_Spk4_U_fed184e4c1_Utterance_20,anali ngati bmbo wanga munjira ina koma sanali atate anga,Nyanja_NF_Spk4_U_fed184e4c1_Utterance_20_675_700.wav,7.059
NF,F,Spk4,U_fed184e4c1,675_700,Nyanja_NF_Spk4_U_fed184e4c1_Utterance_21,bambo will okalamba aja ndi munthu wabwino koma ndi osauka komanso wopanda thandizo iliyonse kucokerab pameneakazi a bambo rodges anapezekera mu ngozi,Nyanja_NF_Spk4_U_fed184e4c1_Utterance_21_675_700.wav,17.369
NF,F,Spk4,U_fed184e4c1,675_700,Nyanja_NF_Spk4_U_fed184e4c1_Utterance_22,ndikhulupilira kuti wakhala  mtsikana wa bwino kwambiri kucookera pomwe unacokera kuno andella,Nyanja_NF_Spk4_U_fed184e4c1_Utterance_22_675_700.wav,9.474
NF,F,Spk4,U_fed184e4c1,675_700,Nyanja_NF_Spk4_U_fed184e4c1_Utterance_23,ndikunenetsa bambo harry msikana wa cicepeleyu azachuka usiku walero kodi sazachuka,Nyanja_NF_Spk4_U_fed184e4c1_Utterance_23_675_700.wav,9.393
NF,F,Spk4,U_fed184e4c1,675_700,Nyanja_NF_Spk4_U_fed184e4c1_Utterance_24,ndinaganiza kuti mwina mwace nchito yanga pamene nitasiya sukulu lina nkukhala mphunzitsi wosamalira ana,Nyanja_NF_Spk4_U_fed184e4c1_Utterance_24_675_700.wav,13.212
NF,F,Spk4,U_fed184e4c1,675_700,Nyanja_NF_Spk4_U_fed184e4c1_Utterance_25,iye analephera kudziwa momwe zinayenera kukhalira,Nyanja_NF_Spk4_U_fed184e4c1_Utterance_25_675_700.wav,5.341
NF,F,Spk4,U_fed184e4c1,650_675,Nyanja_NF_Spk4_U_fed184e4c1_Utterance_1,pamenepo japu wacigwira  anaseka percy pamene ena anali ku kukuwa ataona pa maso pa jasper,Nyanja_NF_Spk4_U_fed184e4c1_Utterance_1_650_675.wav,10.623
NF,F,Spk4,U_fed184e4c1,650_675,Nyanja_NF_Spk4_U_fed184e4c1_Utterance_2,ndimakonda kulankhula ndi karl pa nkhani ya mzinda wa new york ndi zimene munthu angathe kucita kumeneko,Nyanja_NF_Spk4_U_fed184e4c1_Utterance_2_650_675.wav,11.32
NF,F,Spk4,U_fed184e4c1,650_675,Nyanja_NF_Spk4_U_fed184e4c1_Utterance_3,ukuona kuti kukonda wina wace mmene nkukondera ine cipangitsa calo conse kusintha,Nyanja_NF_Spk4_U_fed184e4c1_Utterance_3_650_675.wav,8.364
NF,F,Spk4,U_fed184e4c1,650_675,Nyanja_NF_Spk4_U_fed184e4c1_Utterance_4,akaidi atacotsedwa pa ola/nthawi yoikidwa ija mpholopolo za futi zowerengeka zinalasidwa mzipupa ca miyala,Nyanja_NF_Spk4_U_fed184e4c1_Utterance_4_650_675.wav,12.202
NF,F,Spk4,U_fed184e4c1,650_675,Nyanja_NF_Spk4_U_fed184e4c1_Utterance_5,kodi munalandilako mlendo wa waukada ine nisanapite,Nyanja_NF_Spk4_U_fed184e4c1_Utterance_5_650_675.wav,7.036
NF,F,Spk4,U_fed184e4c1,650_675,Nyanja_NF_Spk4_U_fed184e4c1_Utterance_6,mwani zakumtima zosabvutisa kwa zaka zambiri,Nyanja_NF_Spk4_U_fed184e4c1_Utterance_6_650_675.wav,6.246
NF,F,Spk4,U_fed184e4c1,650_675,Nyanja_NF_Spk4_U_fed184e4c1_Utterance_7,anthu awa oukila ungwilyo wa khristu amatsutsa/amakana atate ndi mwana ndi nchito zao zonse,Nyanja_NF_Spk4_U_fed184e4c1_Utterance_7_650_675.wav,10.739
NF,F,Spk4,U_fed184e4c1,650_675,Nyanja_NF_Spk4_U_fed184e4c1_Utterance_8,pa ici yankho yace inali itaperekedwa mwamsanga-msanga ai tithokoze mulungu ai ndipo kodi zolembedwa izi ndi zanu,Nyanja_NF_Spk4_U_fed184e4c1_Utterance_8_650_675.wav,13.595
NF,F,Spk4,U_fed184e4c1,650_675,Nyanja_NF_Spk4_U_fed184e4c1_Utterance_9,mwatsopano ndiri kuzigwiritsa nchito ngati zimadekho zopangidwa mwaluso mu dimba yanga,Nyanja_NF_Spk4_U_fed184e4c1_Utterance_9_650_675.wav,9.555
NF,F,Spk4,U_fed184e4c1,650_675,Nyanja_NF_Spk4_U_fed184e4c1_Utterance_10,koma sizipyolera zimene ziri mu baibulo azakhali anaterodina,Nyanja_NF_Spk4_U_fed184e4c1_Utterance_10_650_675.wav,8.034
NF,F,Spk4,U_fed184e4c1,650_675,Nyanja_NF_Spk4_U_fed184e4c1_Utterance_11,pa tsiku ya makhumi awiri zisanu ndi ziwiri (27) m'mwezi wa phukira mu caka ca 1837 iye analemba,Nyanja_NF_Spk4_U_fed184e4c1_Utterance_11_650_675.wav,15.639
NF,F,Spk4,U_fed184e4c1,650_675,Nyanja_NF_Spk4_U_fed184e4c1_Utterance_12,pamene anaponya dzala zace zimene zinkafika pansi sizinali patali kwambiri ndi mutu wa uja amene anali kuthawa,Nyanja_NF_Spk4_U_fed184e4c1_Utterance_12_650_675.wav,13.177
NF,F,Spk4,U_fed184e4c1,650_675,Nyanja_NF_Spk4_U_fed184e4c1_Utterance_13,kukumbukira kuyenera kukhala cinthu cimene cinacitika ndipo cilipo mu njira ina cofanana mwina cndi cimene cili kukumbukidwa,Nyanja_NF_Spk4_U_fed184e4c1_Utterance_13_650_675.wav,15.012
NF,F,Spk4,U_fed184e4c1,650_675,Nyanja_NF_Spk4_U_fed184e4c1_Utterance_14,eeeh zolembedwa za mtundu wotani zimene nawerenga cithunzithunzi cotani cimene ndaonapo cilungamo coipa bwanji,Nyanja_NF_Spk4_U_fed184e4c1_Utterance_14_650_675.wav,11.46
NF,F,Spk4,U_fed184e4c1,650_675,Nyanja_NF_Spk4_U_fed184e4c1_Utterance_15,iye analira ali kuimikira dzanja lanthor amene anali patsogoro pace pofuna kusimikidza kuti kunalibe ziwanda (zipuku) patsogoro pace,Nyanja_NF_Spk4_U_fed184e4c1_Utterance_15_650_675.wav,15.569
NF,F,Spk4,U_fed184e4c1,650_675,Nyanja_NF_Spk4_U_fed184e4c1_Utterance_16,ndipo ukhala ndi ka gulu ako kakang'ono kodi ndiwe okondwera,Nyanja_NF_Spk4_U_fed184e4c1_Utterance_16_650_675.wav,7.709
NF,F,Spk4,U_fed184e4c1,650_675,Nyanja_NF_Spk4_U_fed184e4c1_Utterance_17,ndimawaona akugona pansi  mopanda thandizo iliyonse akulira kulibe wina aliyense owayanka kulibe wina okusangalatsani ndi cimwemwe ca mai,Nyanja_NF_Spk4_U_fed184e4c1_Utterance_17_650_675.wav,15.163
NF,F,Spk4,U_fed184e4c1,650_675,Nyanja_NF_Spk4_U_fed184e4c1_Utterance_18,nambala ya khumi nelli akukudikhilani mugone bwino amuna anga,Nyanja_NF_Spk4_U_fed184e4c1_Utterance_18_650_675.wav,7.245
NF,F,Spk4,U_fed184e4c1,650_675,Nyanja_NF_Spk4_U_fed184e4c1_Utterance_19,tonsefe tinamenya ku mbali ina yace ya bwato,Nyanja_NF_Spk4_U_fed184e4c1_Utterance_19_650_675.wav,5.143
NF,F,Spk4,U_fed184e4c1,650_675,Nyanja_NF_Spk4_U_fed184e4c1_Utterance_20,cokonkhapo kunabwera mpata wa oliva kuti athandizire  mu myambo,Nyanja_NF_Spk4_U_fed184e4c1_Utterance_20_650_675.wav,7.303
NF,F,Spk4,U_fed184e4c1,650_675,Nyanja_NF_Spk4_U_fed184e4c1_Utterance_21,musamalileni ndipo muiwaleko za cilengedwa ca mulungu,Nyanja_NF_Spk4_U_fed184e4c1_Utterance_21_650_675.wav,6.002
NF,F,Spk4,U_fed184e4c1,650_675,Nyanja_NF_Spk4_U_fed184e4c1_Utterance_22,inde ndikhulupilira kuti tili conco ndinayankha mopewetsa koma pamene tinangogwiritsa nchito kanjira koonjezedwa,Nyanja_NF_Spk4_U_fed184e4c1_Utterance_22_650_675.wav,15.662
NF,F,Spk4,U_fed184e4c1,650_675,Nyanja_NF_Spk4_U_fed184e4c1_Utterance_23,mwanzeru zobadwa nazo zimene zili mwa wina aliyense nzeru zimene ziletsa wina kumaika ndalama zace pa mpikitsano wa mathamangidwe,Nyanja_NF_Spk4_U_fed184e4c1_Utterance_23_650_675.wav,13.723
NF,F,Spk4,U_fed184e4c1,650_675,Nyanja_NF_Spk4_U_fed184e4c1_Utterance_24,ndinali kugwira nchito yosunga bwino mabuku a nchito pa nchito ndipo cinali capafupi kwaine kutenga cheke ndikulemba siginacala yopeeka (yabooza),Nyanja_NF_Spk4_U_fed184e4c1_Utterance_24_650_675.wav,17.009
NF,F,Spk4,U_fed184e4c1,650_675,Nyanja_NF_Spk4_U_fed184e4c1_Utterance_25,kwa ka nthawi gilchrist ndi dzanja yace yoimitsidwa anayesesa kuika bwino zimene zinapezeka mu zolemba zace,Nyanja_NF_Spk4_U_fed184e4c1_Utterance_25_650_675.wav,13.05
NF,F,Spk4,U_2633263dcc,650_675,Nyanja_NF_Spk4_U_2633263dcc_Utterance_1,pamenepo japu wacigwira  anaseka percy pamene ena anali ku kukuwa ataona pa maso pa jasper,Nyanja_NF_Spk4_U_2633263dcc_Utterance_1_650_675.wav,10.275
NF,F,Spk4,U_2633263dcc,650_675,Nyanja_NF_Spk4_U_2633263dcc_Utterance_2,ndimakonda kulankhula ndi karl pa nkhani ya mzinda wa new york ndi zimene munthu angathe kucita kumeneko,Nyanja_NF_Spk4_U_2633263dcc_Utterance_2_650_675.wav,11.236
NF,F,Spk4,U_2633263dcc,650_675,Nyanja_NF_Spk4_U_2633263dcc_Utterance_3,ukuona kuti kukonda wina wace mmene nkukondera ine cipangitsa calo conse kusintha,Nyanja_NF_Spk4_U_2633263dcc_Utterance_3_650_675.wav,10.861
NF,F,Spk4,U_2633263dcc,650_675,Nyanja_NF_Spk4_U_2633263dcc_Utterance_4,akaidi atacotsedwa pa ola/nthawi yoikidwa ija mpholopolo za futi zowerengeka zinalasidwa mzipupa ca miyala,Nyanja_NF_Spk4_U_2633263dcc_Utterance_4_650_675.wav,17.071
NF,F,Spk4,U_2633263dcc,650_675,Nyanja_NF_Spk4_U_2633263dcc_Utterance_5,kodi munalandilako mlendo wa waukada ine nisanapite,Nyanja_NF_Spk4_U_2633263dcc_Utterance_5_650_675.wav,6.616
NF,F,Spk4,U_2633263dcc,650_675,Nyanja_NF_Spk4_U_2633263dcc_Utterance_6,mwani zakumtima zosabvutisa kwa zaka zambiri,Nyanja_NF_Spk4_U_2633263dcc_Utterance_6_650_675.wav,6.871
NF,F,Spk4,U_2633263dcc,650_675,Nyanja_NF_Spk4_U_2633263dcc_Utterance_7,anthu awa oukila ungwilyo wa khristu amatsutsa/amakana atate ndi mwana ndi nchito zao zonse,Nyanja_NF_Spk4_U_2633263dcc_Utterance_7_650_675.wav,13.291
NF,F,Spk4,U_2633263dcc,650_675,Nyanja_NF_Spk4_U_2633263dcc_Utterance_8,pa ici yankho yace inali itaperekedwa mwamsanga-msanga ai tithokoze mulungu ai ndipo kodi zolembedwa izi ndi zanu,Nyanja_NF_Spk4_U_2633263dcc_Utterance_8_650_675.wav,14.851
NF,F,Spk4,U_2633263dcc,650_675,Nyanja_NF_Spk4_U_2633263dcc_Utterance_9,mwatsopano ndiri kuzigwiritsa nchito ngati zimadekho zopangidwa mwaluso mu dimba yanga,Nyanja_NF_Spk4_U_2633263dcc_Utterance_9_650_675.wav,11.986
NF,F,Spk4,U_2633263dcc,650_675,Nyanja_NF_Spk4_U_2633263dcc_Utterance_10,koma sizipyolera zimene ziri mu baibulo azakhali anaterodina,Nyanja_NF_Spk4_U_2633263dcc_Utterance_10_650_675.wav,8.986
NF,F,Spk4,U_2633263dcc,650_675,Nyanja_NF_Spk4_U_2633263dcc_Utterance_11,pa tsiku ya makhumi awiri zisanu ndi ziwiri (27) m'mwezi wa phukira mu caka ca 1837 iye analemba,Nyanja_NF_Spk4_U_2633263dcc_Utterance_11_650_675.wav,14.401
NF,F,Spk4,U_2633263dcc,650_675,Nyanja_NF_Spk4_U_2633263dcc_Utterance_12,pamene anaponya dzala zace zimene zinkafika pansi sizinali patali kwambiri ndi mutu wa uja amene anali kuthawa,Nyanja_NF_Spk4_U_2633263dcc_Utterance_12_650_675.wav,12.616
NF,F,Spk4,U_2633263dcc,650_675,Nyanja_NF_Spk4_U_2633263dcc_Utterance_13,kukumbukira kuyenera kukhala cinthu cimene cinacitika ndipo cilipo mu njira ina cofanana mwina cndi cimene cili kukumbukidwa,Nyanja_NF_Spk4_U_2633263dcc_Utterance_13_650_675.wav,15.631
NF,F,Spk4,U_2633263dcc,650_675,Nyanja_NF_Spk4_U_2633263dcc_Utterance_14,eeeh zolembedwa za mtundu wotani zimene nawerenga cithunzithunzi cotani cimene ndaonapo cilungamo coipa bwanji,Nyanja_NF_Spk4_U_2633263dcc_Utterance_14_650_675.wav,13.831
NF,F,Spk4,U_2633263dcc,650_675,Nyanja_NF_Spk4_U_2633263dcc_Utterance_15,iye analira ali kuimikira dzanja lanthor amene anali patsogoro pace pofuna kusimikidza kuti kunalibe ziwanda (zipuku) patsogoro pace,Nyanja_NF_Spk4_U_2633263dcc_Utterance_15_650_675.wav,12.826
NF,F,Spk4,U_2633263dcc,650_675,Nyanja_NF_Spk4_U_2633263dcc_Utterance_16,ndipo ukhala ndi ka gulu ako kakang'ono kodi ndiwe okondwera,Nyanja_NF_Spk4_U_2633263dcc_Utterance_16_650_675.wav,8.836
NF,F,Spk4,U_2633263dcc,650_675,Nyanja_NF_Spk4_U_2633263dcc_Utterance_17,ndimawaona akugona pansi  mopanda thandizo iliyonse akulira kulibe wina aliyense owayanka kulibe wina okusangalatsani ndi cimwemwe ca mai,Nyanja_NF_Spk4_U_2633263dcc_Utterance_17_650_675.wav,19.066
NF,F,Spk4,U_2633263dcc,650_675,Nyanja_NF_Spk4_U_2633263dcc_Utterance_18,nambala ya khumi nelli akukudikhilani mugone bwino amuna anga,Nyanja_NF_Spk4_U_2633263dcc_Utterance_18_650_675.wav,9.541
NF,F,Spk4,U_2633263dcc,650_675,Nyanja_NF_Spk4_U_2633263dcc_Utterance_19,tonsefe tinamenya ku mbali ina yace ya bwato,Nyanja_NF_Spk4_U_2633263dcc_Utterance_19_650_675.wav,7.561
NF,F,Spk4,U_2633263dcc,650_675,Nyanja_NF_Spk4_U_2633263dcc_Utterance_20,cokonkhapo kunabwera mpata wa oliva kuti athandizire  mu myambo,Nyanja_NF_Spk4_U_2633263dcc_Utterance_20_650_675.wav,9.781
NF,F,Spk4,U_2633263dcc,650_675,Nyanja_NF_Spk4_U_2633263dcc_Utterance_21,musamalileni ndipo muiwaleko za cilengedwa ca mulungu,Nyanja_NF_Spk4_U_2633263dcc_Utterance_21_650_675.wav,8.536
NF,F,Spk4,U_2633263dcc,650_675,Nyanja_NF_Spk4_U_2633263dcc_Utterance_22,inde ndikhulupilira kuti tili conco ndinayankha mopewetsa koma pamene tinangogwiritsa nchito kanjira koonjezedwa,Nyanja_NF_Spk4_U_2633263dcc_Utterance_22_650_675.wav,15.166
NF,F,Spk4,U_2633263dcc,650_675,Nyanja_NF_Spk4_U_2633263dcc_Utterance_23,mwanzeru zobadwa nazo zimene zili mwa wina aliyense nzeru zimene ziletsa wina kumaika ndalama zace pa mpikitsano wa mathamangidwe,Nyanja_NF_Spk4_U_2633263dcc_Utterance_23_650_675.wav,19.531
NF,F,Spk4,U_2633263dcc,650_675,Nyanja_NF_Spk4_U_2633263dcc_Utterance_24,ndinali kugwira nchito yosunga bwino mabuku a nchito pa nchito ndipo cinali capafupi kwaine kutenga cheke ndikulemba siginacala yopeeka (yabooza),Nyanja_NF_Spk4_U_2633263dcc_Utterance_24_650_675.wav,16.471
NF,F,Spk4,U_2633263dcc,650_675,Nyanja_NF_Spk4_U_2633263dcc_Utterance_25,kwa ka nthawi gilchrist ndi dzanja yace yoimitsidwa anayesesa kuika bwino zimene zinapezeka mu zolemba zace,Nyanja_NF_Spk4_U_2633263dcc_Utterance_25_650_675.wav,14.041
NF,F,Spk4,U_2633263dcc,675_700,Nyanja_NF_Spk4_U_2633263dcc_Utterance_1,mwantsopano rodolfo anakwanitsa kugwira leocadia mosamala na muika  mu citolokosi ndi mnyumba yace,Nyanja_NF_Spk4_U_2633263dcc_Utterance_1_675_700.wav,3.456
NF,F,Spk4,U_2633263dcc,675_700,Nyanja_NF_Spk4_U_2633263dcc_Utterance_2,ndi apo cabe pamene pali zinthu monga mikumbi ndi moto,Nyanja_NF_Spk4_U_2633263dcc_Utterance_2_675_700.wav,6.936
NF,F,Spk4,U_2633263dcc,675_700,Nyanja_NF_Spk4_U_2633263dcc_Utterance_3,pa ciweru pa tsiku ya khumi ndi zisanu mu mwezi wa phukira nyanja sinali yotseguka konseku ndipo kunalibe malo ali onse a kutsidya amene anali kuonekera,Nyanja_NF_Spk4_U_2633263dcc_Utterance_3_675_700.wav,18.336
NF,F,Spk4,U_2633263dcc,675_700,Nyanja_NF_Spk4_U_2633263dcc_Utterance_4,mussulmans ndi giaours anazibisa kukamwa ndi kansalu kozipukutira kumaso  ali kuseka  ndipo alibe lute pa zolilitsa zina ziri zonse,Nyanja_NF_Spk4_U_2633263dcc_Utterance_4_675_700.wav,17.961
NF,F,Spk4,U_2633263dcc,675_700,Nyanja_NF_Spk4_U_2633263dcc_Utterance_5,ndakhala wokonzekera kupita kwina kuli konse kwa miyezi isanu ndi umodzi yapitai,Nyanja_NF_Spk4_U_2633263dcc_Utterance_5_675_700.wav,11.871
NF,F,Spk4,U_2633263dcc,675_700,Nyanja_NF_Spk4_U_2633263dcc_Utterance_6,wabwera andella andella inali dzina y ka doli wa mwana jani amene anali kuyendera lozalia,Nyanja_NF_Spk4_U_2633263dcc_Utterance_6_675_700.wav,11.586
NF,F,Spk4,U_2633263dcc,675_700,Nyanja_NF_Spk4_U_2633263dcc_Utterance_7,nkhani yokhayo ya cimwemwe imene inakambidwa ndi imene pa gome(thebulo) pakati pa ine ndi naomi,Nyanja_NF_Spk4_U_2633263dcc_Utterance_7_675_700.wav,10.866
NF,F,Spk4,U_2633263dcc,675_700,Nyanja_NF_Spk4_U_2633263dcc_Utterance_8,ameneyu anali mzimai wabwino kwambiri  bambo ndipo munjira ina ndiganiza kuti anafa,Nyanja_NF_Spk4_U_2633263dcc_Utterance_8_675_700.wav,11.586
NF,F,Spk4,U_2633263dcc,675_700,Nyanja_NF_Spk4_U_2633263dcc_Utterance_9,ndili ndi mantha poti sindidziwa zambiri za malo a oz,Nyanja_NF_Spk4_U_2633263dcc_Utterance_9_675_700.wav,8.166
NF,F,Spk4,U_2633263dcc,675_700,Nyanja_NF_Spk4_U_2633263dcc_Utterance_10,ndipo siunali kufuna kukhala pafupi ndi ine,Nyanja_NF_Spk4_U_2633263dcc_Utterance_10_675_700.wav,7.086
NF,F,Spk4,U_2633263dcc,675_700,Nyanja_NF_Spk4_U_2633263dcc_Utterance_11,mzibambo analowa natenga mapepela imodzi -imodzi  pa gome imene inali ca pakati,Nyanja_NF_Spk4_U_2633263dcc_Utterance_11_675_700.wav,10.101
NF,F,Spk4,U_2633263dcc,675_700,Nyanja_NF_Spk4_U_2633263dcc_Utterance_12,ndinanva m'mafupa anga m'mawa n'tauka kuti cinthu cabwino cidzacitika,Nyanja_NF_Spk4_U_2633263dcc_Utterance_12_675_700.wav,9.666
NF,F,Spk4,U_2633263dcc,675_700,Nyanja_NF_Spk4_U_2633263dcc_Utterance_13,kunena cilungamo iye sangathe kucita izo anatero soames poti ine ndinalowera pa citseko ca mumbalimu,Nyanja_NF_Spk4_U_2633263dcc_Utterance_13_675_700.wav,3.771
NF,F,Spk4,U_2633263dcc,675_700,Nyanja_NF_Spk4_U_2633263dcc_Utterance_14,ungathe kukhala kutali ndi ine ngati ufuna kutero nanga ni liti pamene ndakukonkako,Nyanja_NF_Spk4_U_2633263dcc_Utterance_14_675_700.wav,11.871
NF,F,Spk4,U_2633263dcc,675_700,Nyanja_NF_Spk4_U_2633263dcc_Utterance_15,kulibe tsiku ngakhale imodzi imene pa matsiku dzana imene ndi tsiku ya cimwemwe cotheratu ndipo ya dzuwa ikuwala kotheratu,Nyanja_NF_Spk4_U_2633263dcc_Utterance_15_675_700.wav,13.836
NF,F,Spk4,U_2633263dcc,675_700,Nyanja_NF_Spk4_U_2633263dcc_Utterance_16,koma kusiyana mu zonse sikuli pa zimenezo kusamaziika nzeru,Nyanja_NF_Spk4_U_2633263dcc_Utterance_16_675_700.wav,9.066
NF,F,Spk4,U_2633263dcc,675_700,Nyanja_NF_Spk4_U_2633263dcc_Utterance_17,ndimakupemphelera  koma sicimodzi-modzi ngati kuti iwe wekha wazipemphelera,Nyanja_NF_Spk4_U_2633263dcc_Utterance_17_675_700.wav,9.636
NF,F,Spk4,U_2633263dcc,675_700,Nyanja_NF_Spk4_U_2633263dcc_Utterance_18,ukuona mzanga iyi ndi nkhani ya cilombo coopsya ca pa madzi (narwhale),Nyanja_NF_Spk4_U_2633263dcc_Utterance_18_675_700.wav,9.666
NF,F,Spk4,U_2633263dcc,675_700,Nyanja_NF_Spk4_U_2633263dcc_Utterance_19,ndinatenga zibangili za golide zitsanu mu bokosi la cuma ndi kuzipatsa kwa iye,Nyanja_NF_Spk4_U_2633263dcc_Utterance_19_675_700.wav,8.601
NF,F,Spk4,U_2633263dcc,675_700,Nyanja_NF_Spk4_U_2633263dcc_Utterance_20,anali ngati bmbo wanga munjira ina koma sanali atate anga,Nyanja_NF_Spk4_U_2633263dcc_Utterance_20_675_700.wav,7.596
NF,F,Spk4,U_2633263dcc,675_700,Nyanja_NF_Spk4_U_2633263dcc_Utterance_21,bambo will okalamba aja ndi munthu wabwino koma ndi osauka komanso wopanda thandizo iliyonse kucokerab pameneakazi a bambo rodges anapezekera mu ngozi,Nyanja_NF_Spk4_U_2633263dcc_Utterance_21_675_700.wav,17.901
NF,F,Spk4,U_2633263dcc,675_700,Nyanja_NF_Spk4_U_2633263dcc_Utterance_22,ndikhulupilira kuti wakhala  mtsikana wa bwino kwambiri kucookera pomwe unacokera kuno andella,Nyanja_NF_Spk4_U_2633263dcc_Utterance_22_675_700.wav,9.966
NF,F,Spk4,U_2633263dcc,675_700,Nyanja_NF_Spk4_U_2633263dcc_Utterance_23,ndikunenetsa bambo harry msikana wa cicepeleyu azachuka usiku walero kodi sazachuka,Nyanja_NF_Spk4_U_2633263dcc_Utterance_23_675_700.wav,11.931
NF,F,Spk4,U_2633263dcc,675_700,Nyanja_NF_Spk4_U_2633263dcc_Utterance_24,ndinaganiza kuti mwina mwace nchito yanga pamene nitasiya sukulu lina nkukhala mphunzitsi wosamalira ana,Nyanja_NF_Spk4_U_2633263dcc_Utterance_24_675_700.wav,13.866
NF,F,Spk4,U_2633263dcc,675_700,Nyanja_NF_Spk4_U_2633263dcc_Utterance_25,iye analephera kudziwa momwe zinayenera kukhalira,Nyanja_NF_Spk4_U_2633263dcc_Utterance_25_675_700.wav,6.906
NF,F,Spk4,U_7e432ea16a,675_700,Nyanja_NF_Spk4_U_7e432ea16a_Utterance_1,mwantsopano rodolfo anakwanitsa kugwira leocadia mosamala na muika  mu citolokosi ndi mnyumba yace,Nyanja_NF_Spk4_U_7e432ea16a_Utterance_1_675_700.wav,9.114
NF,F,Spk4,U_7e432ea16a,675_700,Nyanja_NF_Spk4_U_7e432ea16a_Utterance_2,ndi apo cabe pamene pali zinthu monga mikumbi ndi moto,Nyanja_NF_Spk4_U_7e432ea16a_Utterance_2_675_700.wav,4.726
NF,F,Spk4,U_7e432ea16a,675_700,Nyanja_NF_Spk4_U_7e432ea16a_Utterance_3,pa ciweru pa tsiku ya khumi ndi zisanu mu mwezi wa phukira nyanja sinali yotseguka konseku ndipo kunalibe malo ali onse a kutsidya amene anali kuonekera,Nyanja_NF_Spk4_U_7e432ea16a_Utterance_3_675_700.wav,14.62
NF,F,Spk4,U_7e432ea16a,675_700,Nyanja_NF_Spk4_U_7e432ea16a_Utterance_4,mussulmans ndi giaours anazibisa kukamwa ndi kansalu kozipukutira kumaso  ali kuseka  ndipo alibe lute pa zolilitsa zina ziri zonse,Nyanja_NF_Spk4_U_7e432ea16a_Utterance_4_675_700.wav,12.434
NF,F,Spk4,U_7e432ea16a,675_700,Nyanja_NF_Spk4_U_7e432ea16a_Utterance_5,ndakhala wokonzekera kupita kwina kuli konse kwa miyezi isanu ndi umodzi yapitai,Nyanja_NF_Spk4_U_7e432ea16a_Utterance_5_675_700.wav,6.219
NF,F,Spk4,U_7e432ea16a,675_700,Nyanja_NF_Spk4_U_7e432ea16a_Utterance_6,wabwera andella andella inali dzina y ka doli wa mwana jani amene anali kuyendera lozalia,Nyanja_NF_Spk4_U_7e432ea16a_Utterance_6_675_700.wav,8.379
NF,F,Spk4,U_7e432ea16a,675_700,Nyanja_NF_Spk4_U_7e432ea16a_Utterance_7,nkhani yokhayo ya cimwemwe imene inakambidwa ndi imene pa gome(thebulo) pakati pa ine ndi naomi,Nyanja_NF_Spk4_U_7e432ea16a_Utterance_7_675_700.wav,8.154
NF,F,Spk4,U_7e432ea16a,675_700,Nyanja_NF_Spk4_U_7e432ea16a_Utterance_8,ameneyu anali mzimai wabwino kwambiri  bambo ndipo munjira ina ndiganiza kuti anafa,Nyanja_NF_Spk4_U_7e432ea16a_Utterance_8_675_700.wav,7.266
NF,F,Spk4,U_7e432ea16a,675_700,Nyanja_NF_Spk4_U_7e432ea16a_Utterance_9,ndili ndi mantha poti sindidziwa zambiri za malo a oz,Nyanja_NF_Spk4_U_7e432ea16a_Utterance_9_675_700.wav,5.687
NF,F,Spk4,U_7e432ea16a,675_700,Nyanja_NF_Spk4_U_7e432ea16a_Utterance_10,ndipo siunali kufuna kukhala pafupi ndi ine,Nyanja_NF_Spk4_U_7e432ea16a_Utterance_10_675_700.wav,3.694
NF,F,Spk4,U_7e432ea16a,675_700,Nyanja_NF_Spk4_U_7e432ea16a_Utterance_11,mzibambo analowa natenga mapepela imodzi -imodzi  pa gome imene inali ca pakati,Nyanja_NF_Spk4_U_7e432ea16a_Utterance_11_675_700.wav,7.187
NF,F,Spk4,U_7e432ea16a,675_700,Nyanja_NF_Spk4_U_7e432ea16a_Utterance_12,ndinanva m'mafupa anga m'mawa n'tauka kuti cinthu cabwino cidzacitika,Nyanja_NF_Spk4_U_7e432ea16a_Utterance_12_675_700.wav,6.26
NF,F,Spk4,U_7e432ea16a,675_700,Nyanja_NF_Spk4_U_7e432ea16a_Utterance_13,kunena cilungamo iye sangathe kucita izo anatero soames poti ine ndinalowera pa citseko ca mumbalimu,Nyanja_NF_Spk4_U_7e432ea16a_Utterance_13_675_700.wav,8.517
NF,F,Spk4,U_7e432ea16a,675_700,Nyanja_NF_Spk4_U_7e432ea16a_Utterance_14,ungathe kukhala kutali ndi ine ngati ufuna kutero nanga ni liti pamene ndakukonkako,Nyanja_NF_Spk4_U_7e432ea16a_Utterance_14_675_700.wav,8.154
NF,F,Spk4,U_7e432ea16a,675_700,Nyanja_NF_Spk4_U_7e432ea16a_Utterance_15,kulibe tsiku ngakhale imodzi imene pa matsiku dzana imene ndi tsiku ya cimwemwe cotheratu ndipo ya dzuwa ikuwala kotheratu,Nyanja_NF_Spk4_U_7e432ea16a_Utterance_15_675_700.wav,11.738
NF,F,Spk4,U_7e432ea16a,675_700,Nyanja_NF_Spk4_U_7e432ea16a_Utterance_16,koma kusiyana mu zonse sikuli pa zimenezo kusamaziika nzeru,Nyanja_NF_Spk4_U_7e432ea16a_Utterance_16_675_700.wav,7.134
NF,F,Spk4,U_7e432ea16a,675_700,Nyanja_NF_Spk4_U_7e432ea16a_Utterance_17,ndimakupemphelera  koma sicimodzi-modzi ngati kuti iwe wekha wazipemphelera,Nyanja_NF_Spk4_U_7e432ea16a_Utterance_17_675_700.wav,7.775
NF,F,Spk4,U_7e432ea16a,675_700,Nyanja_NF_Spk4_U_7e432ea16a_Utterance_18,ukuona mzanga iyi ndi nkhani ya cilombo coopsya ca pa madzi (narwhale),Nyanja_NF_Spk4_U_7e432ea16a_Utterance_18_675_700.wav,5.352
NF,F,Spk4,U_7e432ea16a,675_700,Nyanja_NF_Spk4_U_7e432ea16a_Utterance_19,ndinatenga zibangili za golide zitsanu mu bokosi la cuma ndi kuzipatsa kwa iye,Nyanja_NF_Spk4_U_7e432ea16a_Utterance_19_675_700.wav,7.639
NF,F,Spk4,U_7e432ea16a,675_700,Nyanja_NF_Spk4_U_7e432ea16a_Utterance_20,anali ngati bmbo wanga munjira ina koma sanali atate anga,Nyanja_NF_Spk4_U_7e432ea16a_Utterance_20_675_700.wav,5.515
NF,F,Spk4,U_7e432ea16a,675_700,Nyanja_NF_Spk4_U_7e432ea16a_Utterance_21,bambo will okalamba aja ndi munthu wabwino koma ndi osauka komanso wopanda thandizo iliyonse kucokerab pameneakazi a bambo rodges anapezekera mu ngozi,Nyanja_NF_Spk4_U_7e432ea16a_Utterance_21_675_700.wav,14.879
NF,F,Spk4,U_7e432ea16a,675_700,Nyanja_NF_Spk4_U_7e432ea16a_Utterance_22,ndikhulupilira kuti wakhala  mtsikana wa bwino kwambiri kucookera pomwe unacokera kuno andella,Nyanja_NF_Spk4_U_7e432ea16a_Utterance_22_675_700.wav,7.558
NF,F,Spk4,U_7e432ea16a,675_700,Nyanja_NF_Spk4_U_7e432ea16a_Utterance_23,ndikunenetsa bambo harry msikana wa cicepeleyu azachuka usiku walero kodi sazachuka,Nyanja_NF_Spk4_U_7e432ea16a_Utterance_23_675_700.wav,7.266
NF,F,Spk4,U_7e432ea16a,675_700,Nyanja_NF_Spk4_U_7e432ea16a_Utterance_24,ndinaganiza kuti mwina mwace nchito yanga pamene nitasiya sukulu lina nkukhala mphunzitsi wosamalira ana,Nyanja_NF_Spk4_U_7e432ea16a_Utterance_24_675_700.wav,8.8
NF,F,Spk4,U_7e432ea16a,675_700,Nyanja_NF_Spk4_U_7e432ea16a_Utterance_25,iye analephera kudziwa momwe zinayenera kukhalira,Nyanja_NF_Spk4_U_7e432ea16a_Utterance_25_675_700.wav,6.32
NF,F,Spk4,U_7e432ea16a,650_675,Nyanja_NF_Spk4_U_7e432ea16a_Utterance_1,pamenepo japu wacigwira  anaseka percy pamene ena anali ku kukuwa ataona pa maso pa jasper,Nyanja_NF_Spk4_U_7e432ea16a_Utterance_1_650_675.wav,5.867
NF,F,Spk4,U_7e432ea16a,650_675,Nyanja_NF_Spk4_U_7e432ea16a_Utterance_2,ndimakonda kulankhula ndi karl pa nkhani ya mzinda wa new york ndi zimene munthu angathe kucita kumeneko,Nyanja_NF_Spk4_U_7e432ea16a_Utterance_2_650_675.wav,6.32
NF,F,Spk4,U_7e432ea16a,650_675,Nyanja_NF_Spk4_U_7e432ea16a_Utterance_3,ukuona kuti kukonda wina wace mmene nkukondera ine cipangitsa calo conse kusintha,Nyanja_NF_Spk4_U_7e432ea16a_Utterance_3_650_675.wav,5.434
NF,F,Spk4,U_7e432ea16a,650_675,Nyanja_NF_Spk4_U_7e432ea16a_Utterance_4,akaidi atacotsedwa pa ola/nthawi yoikidwa ija mpholopolo za futi zowerengeka zinalasidwa mzipupa ca miyala,Nyanja_NF_Spk4_U_7e432ea16a_Utterance_4_650_675.wav,10.449
NF,F,Spk4,U_7e432ea16a,650_675,Nyanja_NF_Spk4_U_7e432ea16a_Utterance_5,kodi munalandilako mlendo wa waukada ine nisanapite,Nyanja_NF_Spk4_U_7e432ea16a_Utterance_5_650_675.wav,5.91
NF,F,Spk4,U_7e432ea16a,650_675,Nyanja_NF_Spk4_U_7e432ea16a_Utterance_6,mwani zakumtima zosabvutisa kwa zaka zambiri,Nyanja_NF_Spk4_U_7e432ea16a_Utterance_6_650_675.wav,3.762
NF,F,Spk4,U_7e432ea16a,650_675,Nyanja_NF_Spk4_U_7e432ea16a_Utterance_7,anthu awa oukila ungwilyo wa khristu amatsutsa/amakana atate ndi mwana ndi nchito zao zonse,Nyanja_NF_Spk4_U_7e432ea16a_Utterance_7_650_675.wav,6.92
NF,F,Spk4,U_7e432ea16a,650_675,Nyanja_NF_Spk4_U_7e432ea16a_Utterance_8,pa ici yankho yace inali itaperekedwa mwamsanga-msanga ai tithokoze mulungu ai ndipo kodi zolembedwa izi ndi zanu,Nyanja_NF_Spk4_U_7e432ea16a_Utterance_8_650_675.wav,11.102
NF,F,Spk4,U_7e432ea16a,650_675,Nyanja_NF_Spk4_U_7e432ea16a_Utterance_9,mwatsopano ndiri kuzigwiritsa nchito ngati zimadekho zopangidwa mwaluso mu dimba yanga,Nyanja_NF_Spk4_U_7e432ea16a_Utterance_9_650_675.wav,7.082
NF,F,Spk4,U_7e432ea16a,650_675,Nyanja_NF_Spk4_U_7e432ea16a_Utterance_10,koma sizipyolera zimene ziri mu baibulo azakhali anaterodina,Nyanja_NF_Spk4_U_7e432ea16a_Utterance_10_650_675.wav,5.956
NF,F,Spk4,U_7e432ea16a,650_675,Nyanja_NF_Spk4_U_7e432ea16a_Utterance_11,pa tsiku ya makhumi awiri zisanu ndi ziwiri (27) m'mwezi wa phukira mu caka ca 1837 iye analemba,Nyanja_NF_Spk4_U_7e432ea16a_Utterance_11_650_675.wav,9.474
NF,F,Spk4,U_7e432ea16a,650_675,Nyanja_NF_Spk4_U_7e432ea16a_Utterance_12,pamene anaponya dzala zace zimene zinkafika pansi sizinali patali kwambiri ndi mutu wa uja amene anali kuthawa,Nyanja_NF_Spk4_U_7e432ea16a_Utterance_12_650_675.wav,10.267
NF,F,Spk4,U_7e432ea16a,650_675,Nyanja_NF_Spk4_U_7e432ea16a_Utterance_13,kukumbukira kuyenera kukhala cinthu cimene cinacitika ndipo cilipo mu njira ina cofanana mwina cndi cimene cili kukumbukidwa,Nyanja_NF_Spk4_U_7e432ea16a_Utterance_13_650_675.wav,11.03
NF,F,Spk4,U_7e432ea16a,650_675,Nyanja_NF_Spk4_U_7e432ea16a_Utterance_14,eeeh zolembedwa za mtundu wotani zimene nawerenga cithunzithunzi cotani cimene ndaonapo cilungamo coipa bwanji,Nyanja_NF_Spk4_U_7e432ea16a_Utterance_14_650_675.wav,9.793
NF,F,Spk4,U_7e432ea16a,650_675,Nyanja_NF_Spk4_U_7e432ea16a_Utterance_15,iye analira ali kuimikira dzanja lanthor amene anali patsogoro pace pofuna kusimikidza kuti kunalibe ziwanda (zipuku) patsogoro pace,Nyanja_NF_Spk4_U_7e432ea16a_Utterance_15_650_675.wav,12.755
NF,F,Spk4,U_7e432ea16a,650_675,Nyanja_NF_Spk4_U_7e432ea16a_Utterance_16,ndipo ukhala ndi ka gulu ako kakang'ono kodi ndiwe okondwera,Nyanja_NF_Spk4_U_7e432ea16a_Utterance_16_650_675.wav,4.702
NF,F,Spk4,U_7e432ea16a,650_675,Nyanja_NF_Spk4_U_7e432ea16a_Utterance_17,ndimawaona akugona pansi  mopanda thandizo iliyonse akulira kulibe wina aliyense owayanka kulibe wina okusangalatsani ndi cimwemwe ca mai,Nyanja_NF_Spk4_U_7e432ea16a_Utterance_17_650_675.wav,12.167
NF,F,Spk4,U_7e432ea16a,650_675,Nyanja_NF_Spk4_U_7e432ea16a_Utterance_18,nambala ya khumi nelli akukudikhilani mugone bwino amuna anga,Nyanja_NF_Spk4_U_7e432ea16a_Utterance_18_650_675.wav,4.55
NF,F,Spk4,U_7e432ea16a,650_675,Nyanja_NF_Spk4_U_7e432ea16a_Utterance_19,tonsefe tinamenya ku mbali ina yace ya bwato,Nyanja_NF_Spk4_U_7e432ea16a_Utterance_19_650_675.wav,3.561
NF,F,Spk4,U_7e432ea16a,650_675,Nyanja_NF_Spk4_U_7e432ea16a_Utterance_20,cokonkhapo kunabwera mpata wa oliva kuti athandizire  mu myambo,Nyanja_NF_Spk4_U_7e432ea16a_Utterance_20_650_675.wav,4.748
NF,F,Spk4,U_7e432ea16a,650_675,Nyanja_NF_Spk4_U_7e432ea16a_Utterance_21,musamalileni ndipo muiwaleko za cilengedwa ca mulungu,Nyanja_NF_Spk4_U_7e432ea16a_Utterance_21_650_675.wav,4.605
NF,F,Spk4,U_7e432ea16a,650_675,Nyanja_NF_Spk4_U_7e432ea16a_Utterance_22,inde ndikhulupilira kuti tili conco ndinayankha mopewetsa koma pamene tinangogwiritsa nchito kanjira koonjezedwa,Nyanja_NF_Spk4_U_7e432ea16a_Utterance_22_650_675.wav,10.891
NF,F,Spk4,U_7e432ea16a,650_675,Nyanja_NF_Spk4_U_7e432ea16a_Utterance_23,mwanzeru zobadwa nazo zimene zili mwa wina aliyense nzeru zimene ziletsa wina kumaika ndalama zace pa mpikitsano wa mathamangidwe,Nyanja_NF_Spk4_U_7e432ea16a_Utterance_23_650_675.wav,13.21
NF,F,Spk4,U_7e432ea16a,650_675,Nyanja_NF_Spk4_U_7e432ea16a_Utterance_24,ndinali kugwira nchito yosunga bwino mabuku a nchito pa nchito ndipo cinali capafupi kwaine kutenga cheke ndikulemba siginacala yopeeka (yabooza),Nyanja_NF_Spk4_U_7e432ea16a_Utterance_24_650_675.wav,11.192
NF,F,Spk4,U_7e432ea16a,650_675,Nyanja_NF_Spk4_U_7e432ea16a_Utterance_25,kwa ka nthawi gilchrist ndi dzanja yace yoimitsidwa anayesesa kuika bwino zimene zinapezeka mu zolemba zace,Nyanja_NF_Spk4_U_7e432ea16a_Utterance_25_650_675.wav,9.404
NF,F,Spk4,U_32fbfc48c4,675_700,Nyanja_NF_Spk4_U_32fbfc48c4_Utterance_1,mwantsopano rodolfo anakwanitsa kugwira leocadia mosamala na muika  mu citolokosi ndi mnyumba yace,Nyanja_NF_Spk4_U_32fbfc48c4_Utterance_1_675_700.wav,11.75
NF,F,Spk4,U_32fbfc48c4,675_700,Nyanja_NF_Spk4_U_32fbfc48c4_Utterance_2,ndi apo cabe pamene pali zinthu monga mikumbi ndi moto,Nyanja_NF_Spk4_U_32fbfc48c4_Utterance_2_675_700.wav,6.813
NF,F,Spk4,U_32fbfc48c4,675_700,Nyanja_NF_Spk4_U_32fbfc48c4_Utterance_3,pa ciweru pa tsiku ya khumi ndi zisanu mu mwezi wa phukira nyanja sinali yotseguka konseku ndipo kunalibe malo ali onse a kutsidya amene anali kuonekera,Nyanja_NF_Spk4_U_32fbfc48c4_Utterance_3_675_700.wav,16.095
NF,F,Spk4,U_32fbfc48c4,675_700,Nyanja_NF_Spk4_U_32fbfc48c4_Utterance_4,mussulmans ndi giaours anazibisa kukamwa ndi kansalu kozipukutira kumaso  ali kuseka  ndipo alibe lute pa zolilitsa zina ziri zonse,Nyanja_NF_Spk4_U_32fbfc48c4_Utterance_4_675_700.wav,15.137
NF,F,Spk4,U_32fbfc48c4,675_700,Nyanja_NF_Spk4_U_32fbfc48c4_Utterance_5,ndakhala wokonzekera kupita kwina kuli konse kwa miyezi isanu ndi umodzi yapitai,Nyanja_NF_Spk4_U_32fbfc48c4_Utterance_5_675_700.wav,10.264
NF,F,Spk4,U_32fbfc48c4,675_700,Nyanja_NF_Spk4_U_32fbfc48c4_Utterance_6,wabwera andella andella inali dzina y ka doli wa mwana jani amene anali kuyendera lozalia,Nyanja_NF_Spk4_U_32fbfc48c4_Utterance_6_675_700.wav,11.524
NF,F,Spk4,U_32fbfc48c4,675_700,Nyanja_NF_Spk4_U_32fbfc48c4_Utterance_7,nkhani yokhayo ya cimwemwe imene inakambidwa ndi imene pa gome(thebulo) pakati pa ine ndi naomi,Nyanja_NF_Spk4_U_32fbfc48c4_Utterance_7_675_700.wav,13.326
NF,F,Spk4,U_32fbfc48c4,675_700,Nyanja_NF_Spk4_U_32fbfc48c4_Utterance_8,ameneyu anali mzimai wabwino kwambiri  bambo ndipo munjira ina ndiganiza kuti anafa,Nyanja_NF_Spk4_U_32fbfc48c4_Utterance_8_675_700.wav,12.702
NF,F,Spk4,U_32fbfc48c4,675_700,Nyanja_NF_Spk4_U_32fbfc48c4_Utterance_9,ndili ndi mantha poti sindidziwa zambiri za malo a oz,Nyanja_NF_Spk4_U_32fbfc48c4_Utterance_9_675_700.wav,7.884
NF,F,Spk4,U_32fbfc48c4,675_700,Nyanja_NF_Spk4_U_32fbfc48c4_Utterance_10,ndipo siunali kufuna kukhala pafupi ndi ine,Nyanja_NF_Spk4_U_32fbfc48c4_Utterance_10_675_700.wav,5.312
NF,F,Spk4,U_32fbfc48c4,675_700,Nyanja_NF_Spk4_U_32fbfc48c4_Utterance_11,mzibambo analowa natenga mapepela imodzi -imodzi  pa gome imene inali ca pakati,Nyanja_NF_Spk4_U_32fbfc48c4_Utterance_11_675_700.wav,5.25
NF,F,Spk4,U_32fbfc48c4,675_700,Nyanja_NF_Spk4_U_32fbfc48c4_Utterance_12,ndinanva m'mafupa anga m'mawa n'tauka kuti cinthu cabwino cidzacitika,Nyanja_NF_Spk4_U_32fbfc48c4_Utterance_12_675_700.wav,13.0
NF,F,Spk4,U_32fbfc48c4,675_700,Nyanja_NF_Spk4_U_32fbfc48c4_Utterance_13,kunena cilungamo iye sangathe kucita izo anatero soames poti ine ndinalowera pa citseko ca mumbalimu,Nyanja_NF_Spk4_U_32fbfc48c4_Utterance_13_675_700.wav,16.421
NF,F,Spk4,U_32fbfc48c4,675_700,Nyanja_NF_Spk4_U_32fbfc48c4_Utterance_14,ungathe kukhala kutali ndi ine ngati ufuna kutero nanga ni liti pamene ndakukonkako,Nyanja_NF_Spk4_U_32fbfc48c4_Utterance_14_675_700.wav,14.051
NF,F,Spk4,U_32fbfc48c4,675_700,Nyanja_NF_Spk4_U_32fbfc48c4_Utterance_15,kulibe tsiku ngakhale imodzi imene pa matsiku dzana imene ndi tsiku ya cimwemwe cotheratu ndipo ya dzuwa ikuwala kotheratu,Nyanja_NF_Spk4_U_32fbfc48c4_Utterance_15_675_700.wav,14.868
NF,F,Spk4,U_32fbfc48c4,675_700,Nyanja_NF_Spk4_U_32fbfc48c4_Utterance_16,koma kusiyana mu zonse sikuli pa zimenezo kusamaziika nzeru,Nyanja_NF_Spk4_U_32fbfc48c4_Utterance_16_675_700.wav,9.789
NF,F,Spk4,U_32fbfc48c4,675_700,Nyanja_NF_Spk4_U_32fbfc48c4_Utterance_17,ndimakupemphelera  koma sicimodzi-modzi ngati kuti iwe wekha wazipemphelera,Nyanja_NF_Spk4_U_32fbfc48c4_Utterance_17_675_700.wav,9.368
NF,F,Spk4,U_32fbfc48c4,675_700,Nyanja_NF_Spk4_U_32fbfc48c4_Utterance_18,ukuona mzanga iyi ndi nkhani ya cilombo coopsya ca pa madzi (narwhale),Nyanja_NF_Spk4_U_32fbfc48c4_Utterance_18_675_700.wav,10.166
NF,F,Spk4,U_32fbfc48c4,675_700,Nyanja_NF_Spk4_U_32fbfc48c4_Utterance_19,ndinatenga zibangili za golide zitsanu mu bokosi la cuma ndi kuzipatsa kwa iye,Nyanja_NF_Spk4_U_32fbfc48c4_Utterance_19_675_700.wav,21.663
NF,F,Spk4,U_32fbfc48c4,675_700,Nyanja_NF_Spk4_U_32fbfc48c4_Utterance_20,anali ngati bmbo wanga munjira ina koma sanali atate anga,Nyanja_NF_Spk4_U_32fbfc48c4_Utterance_20_675_700.wav,6.476
NF,F,Spk4,U_32fbfc48c4,675_700,Nyanja_NF_Spk4_U_32fbfc48c4_Utterance_21,bambo will okalamba aja ndi munthu wabwino koma ndi osauka komanso wopanda thandizo iliyonse kucokerab pameneakazi a bambo rodges anapezekera mu ngozi,Nyanja_NF_Spk4_U_32fbfc48c4_Utterance_21_675_700.wav,9.074
NF,F,Spk4,U_32fbfc48c4,675_700,Nyanja_NF_Spk4_U_32fbfc48c4_Utterance_22,ndikhulupilira kuti wakhala  mtsikana wa bwino kwambiri kucookera pomwe unacokera kuno andella,Nyanja_NF_Spk4_U_32fbfc48c4_Utterance_22_675_700.wav,7.87
NF,F,Spk4,U_32fbfc48c4,675_700,Nyanja_NF_Spk4_U_32fbfc48c4_Utterance_23,ndikunenetsa bambo harry msikana wa cicepeleyu azachuka usiku walero kodi sazachuka,Nyanja_NF_Spk4_U_32fbfc48c4_Utterance_23_675_700.wav,11.965
NF,F,Spk4,U_32fbfc48c4,675_700,Nyanja_NF_Spk4_U_32fbfc48c4_Utterance_24,ndinaganiza kuti mwina mwace nchito yanga pamene nitasiya sukulu lina nkukhala mphunzitsi wosamalira ana,Nyanja_NF_Spk4_U_32fbfc48c4_Utterance_24_675_700.wav,15.086
NF,F,Spk4,U_32fbfc48c4,675_700,Nyanja_NF_Spk4_U_32fbfc48c4_Utterance_25,iye analephera kudziwa momwe zinayenera kukhalira,Nyanja_NF_Spk4_U_32fbfc48c4_Utterance_25_675_700.wav,7.87
NF,F,Spk4,U_32fbfc48c4,650_675,Nyanja_NF_Spk4_U_32fbfc48c4_Utterance_1,pamenepo japu wacigwira  anaseka percy pamene ena anali ku kukuwa ataona pa maso pa jasper,Nyanja_NF_Spk4_U_32fbfc48c4_Utterance_1_650_675.wav,9.556
NF,F,Spk4,U_32fbfc48c4,650_675,Nyanja_NF_Spk4_U_32fbfc48c4_Utterance_2,ndimakonda kulankhula ndi karl pa nkhani ya mzinda wa new york ndi zimene munthu angathe kucita kumeneko,Nyanja_NF_Spk4_U_32fbfc48c4_Utterance_2_650_675.wav,10.54
NF,F,Spk4,U_32fbfc48c4,650_675,Nyanja_NF_Spk4_U_32fbfc48c4_Utterance_3,ukuona kuti kukonda wina wace mmene nkukondera ine cipangitsa calo conse kusintha,Nyanja_NF_Spk4_U_32fbfc48c4_Utterance_3_650_675.wav,9.866
NF,F,Spk4,U_32fbfc48c4,650_675,Nyanja_NF_Spk4_U_32fbfc48c4_Utterance_4,akaidi atacotsedwa pa ola/nthawi yoikidwa ija mpholopolo za futi zowerengeka zinalasidwa mzipupa ca miyala,Nyanja_NF_Spk4_U_32fbfc48c4_Utterance_4_650_675.wav,10.343
NF,F,Spk4,U_32fbfc48c4,650_675,Nyanja_NF_Spk4_U_32fbfc48c4_Utterance_5,kodi munalandilako mlendo wa waukada ine nisanapite,Nyanja_NF_Spk4_U_32fbfc48c4_Utterance_5_650_675.wav,13.014
NF,F,Spk4,U_32fbfc48c4,650_675,Nyanja_NF_Spk4_U_32fbfc48c4_Utterance_6,mwani zakumtima zosabvutisa kwa zaka zambiri,Nyanja_NF_Spk4_U_32fbfc48c4_Utterance_6_650_675.wav,10.343
NF,F,Spk4,U_32fbfc48c4,650_675,Nyanja_NF_Spk4_U_32fbfc48c4_Utterance_7,anthu awa oukila ungwilyo wa khristu amatsutsa/amakana atate ndi mwana ndi nchito zao zonse,Nyanja_NF_Spk4_U_32fbfc48c4_Utterance_7_650_675.wav,13.21
NF,F,Spk4,U_32fbfc48c4,650_675,Nyanja_NF_Spk4_U_32fbfc48c4_Utterance_8,pa ici yankho yace inali itaperekedwa mwamsanga-msanga ai tithokoze mulungu ai ndipo kodi zolembedwa izi ndi zanu,Nyanja_NF_Spk4_U_32fbfc48c4_Utterance_8_650_675.wav,9.416
NF,F,Spk4,U_32fbfc48c4,650_675,Nyanja_NF_Spk4_U_32fbfc48c4_Utterance_9,mwatsopano ndiri kuzigwiritsa nchito ngati zimadekho zopangidwa mwaluso mu dimba yanga,Nyanja_NF_Spk4_U_32fbfc48c4_Utterance_9_650_675.wav,6.746
NF,F,Spk4,U_32fbfc48c4,650_675,Nyanja_NF_Spk4_U_32fbfc48c4_Utterance_10,koma sizipyolera zimene ziri mu baibulo azakhali anaterodina,Nyanja_NF_Spk4_U_32fbfc48c4_Utterance_10_650_675.wav,19.141
NF,F,Spk4,U_32fbfc48c4,650_675,Nyanja_NF_Spk4_U_32fbfc48c4_Utterance_11,pa tsiku ya makhumi awiri zisanu ndi ziwiri (27) m'mwezi wa phukira mu caka ca 1837 iye analemba,Nyanja_NF_Spk4_U_32fbfc48c4_Utterance_11_650_675.wav,20.265
NF,F,Spk4,U_32fbfc48c4,650_675,Nyanja_NF_Spk4_U_32fbfc48c4_Utterance_12,pamene anaponya dzala zace zimene zinkafika pansi sizinali patali kwambiri ndi mutu wa uja amene anali kuthawa,Nyanja_NF_Spk4_U_32fbfc48c4_Utterance_12_650_675.wav,12.479
NF,F,Spk4,U_32fbfc48c4,650_675,Nyanja_NF_Spk4_U_32fbfc48c4_Utterance_13,kukumbukira kuyenera kukhala cinthu cimene cinacitika ndipo cilipo mu njira ina cofanana mwina cndi cimene cili kukumbukidwa,Nyanja_NF_Spk4_U_32fbfc48c4_Utterance_13_650_675.wav,21.136
NF,F,Spk4,U_32fbfc48c4,650_675,Nyanja_NF_Spk4_U_32fbfc48c4_Utterance_14,eeeh zolembedwa za mtundu wotani zimene nawerenga cithunzithunzi cotani cimene ndaonapo cilungamo coipa bwanji,Nyanja_NF_Spk4_U_32fbfc48c4_Utterance_14_650_675.wav,12.479
NF,F,Spk4,U_32fbfc48c4,650_675,Nyanja_NF_Spk4_U_32fbfc48c4_Utterance_15,iye analira ali kuimikira dzanja lanthor amene anali patsogoro pace pofuna kusimikidza kuti kunalibe ziwanda (zipuku) patsogoro pace,Nyanja_NF_Spk4_U_32fbfc48c4_Utterance_15_650_675.wav,9.135
NF,F,Spk4,U_32fbfc48c4,650_675,Nyanja_NF_Spk4_U_32fbfc48c4_Utterance_16,ndipo ukhala ndi ka gulu ako kakang'ono kodi ndiwe okondwera,Nyanja_NF_Spk4_U_32fbfc48c4_Utterance_16_650_675.wav,7.561
NF,F,Spk4,U_32fbfc48c4,650_675,Nyanja_NF_Spk4_U_32fbfc48c4_Utterance_17,ndimawaona akugona pansi  mopanda thandizo iliyonse akulira kulibe wina aliyense owayanka kulibe wina okusangalatsani ndi cimwemwe ca mai,Nyanja_NF_Spk4_U_32fbfc48c4_Utterance_17_650_675.wav,13.154
NF,F,Spk4,U_32fbfc48c4,650_675,Nyanja_NF_Spk4_U_32fbfc48c4_Utterance_18,nambala ya khumi nelli akukudikhilani mugone bwino amuna anga,Nyanja_NF_Spk4_U_32fbfc48c4_Utterance_18_650_675.wav,6.549
NF,F,Spk4,U_32fbfc48c4,650_675,Nyanja_NF_Spk4_U_32fbfc48c4_Utterance_19,tonsefe tinamenya ku mbali ina yace ya bwato,Nyanja_NF_Spk4_U_32fbfc48c4_Utterance_19_650_675.wav,11.58
NF,F,Spk4,U_32fbfc48c4,650_675,Nyanja_NF_Spk4_U_32fbfc48c4_Utterance_20,cokonkhapo kunabwera mpata wa oliva kuti athandizire  mu myambo,Nyanja_NF_Spk4_U_32fbfc48c4_Utterance_20_650_675.wav,13.772
NF,F,Spk4,U_32fbfc48c4,650_675,Nyanja_NF_Spk4_U_32fbfc48c4_Utterance_21,musamalileni ndipo muiwaleko za cilengedwa ca mulungu,Nyanja_NF_Spk4_U_32fbfc48c4_Utterance_21_650_675.wav,5.509
NF,F,Spk4,U_32fbfc48c4,650_675,Nyanja_NF_Spk4_U_32fbfc48c4_Utterance_22,inde ndikhulupilira kuti tili conco ndinayankha mopewetsa koma pamene tinangogwiritsa nchito kanjira koonjezedwa,Nyanja_NF_Spk4_U_32fbfc48c4_Utterance_22_650_675.wav,8.826
NF,F,Spk4,U_32fbfc48c4,650_675,Nyanja_NF_Spk4_U_32fbfc48c4_Utterance_23,mwanzeru zobadwa nazo zimene zili mwa wina aliyense nzeru zimene ziletsa wina kumaika ndalama zace pa mpikitsano wa mathamangidwe,Nyanja_NF_Spk4_U_32fbfc48c4_Utterance_23_650_675.wav,5.031
NF,F,Spk4,U_32fbfc48c4,650_675,Nyanja_NF_Spk4_U_32fbfc48c4_Utterance_24,ndinali kugwira nchito yosunga bwino mabuku a nchito pa nchito ndipo cinali capafupi kwaine kutenga cheke ndikulemba siginacala yopeeka (yabooza),Nyanja_NF_Spk4_U_32fbfc48c4_Utterance_24_650_675.wav,5.509
NF,F,Spk4,U_32fbfc48c4,650_675,Nyanja_NF_Spk4_U_32fbfc48c4_Utterance_25,kwa ka nthawi gilchrist ndi dzanja yace yoimitsidwa anayesesa kuika bwino zimene zinapezeka mu zolemba zace,Nyanja_NF_Spk4_U_32fbfc48c4_Utterance_25_650_675.wav,5.959
NF,F,Spk5,U_74ed4cf34c,700_725,Nyanja_NF_Spk5_U_74ed4cf34c_Utterance_1,koma pkacenjede plato alibe zosadziwika pa zida zace zimene aonetsa mu buku lace locedwa  phaedrus kapena symposium,Nyanja_NF_Spk5_U_74ed4cf34c_Utterance_1_700_725.wav,12.05
NF,F,Spk5,U_74ed4cf34c,700_725,Nyanja_NF_Spk5_U_74ed4cf34c_Utterance_2,iye anali mzimai wamkulu thupi amene anankapezeka pa nyumba nthawi zonse anali anthu aciyera/azungu wamba amene sanali kudziwika ku malo amene anali kukhala,Nyanja_NF_Spk5_U_74ed4cf34c_Utterance_2_700_725.wav,13.175
NF,F,Spk5,U_74ed4cf34c,700_725,Nyanja_NF_Spk5_U_74ed4cf34c_Utterance_3,munda wa zipatso unali kunyezimila ndi kugwedezeka gwedezeka mkadzuwa,Nyanja_NF_Spk5_U_74ed4cf34c_Utterance_3_700_725.wav,6.695
NF,F,Spk5,U_74ed4cf34c,700_725,Nyanja_NF_Spk5_U_74ed4cf34c_Utterance_4,mimba ya nomondwe wanga simakhuta ndipo munakwelanso/munalinso  golide,Nyanja_NF_Spk5_U_74ed4cf34c_Utterance_4_700_725.wav,5.24
NF,F,Spk5,U_74ed4cf34c,700_725,Nyanja_NF_Spk5_U_74ed4cf34c_Utterance_5,cabwino kodi amfumu ali ndi mphamvu iliyonse yoti angathe kulankhulako pa nkhani za mtundu umenewo,Nyanja_NF_Spk5_U_74ed4cf34c_Utterance_5_700_725.wav,8.03
NF,F,Spk5,U_74ed4cf34c,700_725,Nyanja_NF_Spk5_U_74ed4cf34c_Utterance_6,mu izi zonse episkopo paulo akumucita kuukanso kwa ambuye yesu,Nyanja_NF_Spk5_U_74ed4cf34c_Utterance_6_700_725.wav,5.78
NF,F,Spk5,U_74ed4cf34c,700_725,Nyanja_NF_Spk5_U_74ed4cf34c_Utterance_7,kwa nthawi yaitali anafuna kudziwitsitsa malo okongola ocedwa oz komwe iwo nali kukhalila,Nyanja_NF_Spk5_U_74ed4cf34c_Utterance_7_700_725.wav,8.81
NF,F,Spk5,U_74ed4cf34c,700_725,Nyanja_NF_Spk5_U_74ed4cf34c_Utterance_8,ici cinali nthawi ya masankho mu mwezi wa kafukulira caka ca 1855,Nyanja_NF_Spk5_U_74ed4cf34c_Utterance_8_700_725.wav,5.99
NF,F,Spk5,U_74ed4cf34c,700_725,Nyanja_NF_Spk5_U_74ed4cf34c_Utterance_9,izi zingakukhalileni bwino nonse ngati apita ndi carl,Nyanja_NF_Spk5_U_74ed4cf34c_Utterance_9_700_725.wav,4.22
NF,F,Spk5,U_74ed4cf34c,700_725,Nyanja_NF_Spk5_U_74ed4cf34c_Utterance_10,momwe zilili pa nkhani imeneyi monga momwe zimakhalila mu mankhani ena ambiri cimene cingatengedwa ngati coonekeratu/codziwikiratu kutsogoroko sicingakhale tero,Nyanja_NF_Spk5_U_74ed4cf34c_Utterance_10_700_725.wav,11.105
NF,F,Spk5,U_74ed4cf34c,700_725,Nyanja_NF_Spk5_U_74ed4cf34c_Utterance_11,tiyenera kunvera kristu amane anaikidwa kuti akhale mphunzitsi wathu ndi atate mulungu,Nyanja_NF_Spk5_U_74ed4cf34c_Utterance_11_700_725.wav,6.725
NF,F,Spk5,U_74ed4cf34c,700_725,Nyanja_NF_Spk5_U_74ed4cf34c_Utterance_12,ndipo nchito ija sinali yopweeka ngati mmene inu muganizira,Nyanja_NF_Spk5_U_74ed4cf34c_Utterance_12_700_725.wav,5.225
NF,F,Spk5,U_74ed4cf34c,700_725,Nyanja_NF_Spk5_U_74ed4cf34c_Utterance_13,mwina pa za mkhalidwe wa anthu athu cili cinthu cosatheka,Nyanja_NF_Spk5_U_74ed4cf34c_Utterance_13_700_725.wav,4.37
NF,F,Spk5,U_74ed4cf34c,700_725,Nyanja_NF_Spk5_U_74ed4cf34c_Utterance_14,pa nthawi imodzi-modzi paulo asimikiza cikhulupiliro cathu kuti yesu ndi wabwino/ndi mulungu emwe,Nyanja_NF_Spk5_U_74ed4cf34c_Utterance_14_700_725.wav,7.19
NF,F,Spk5,U_74ed4cf34c,700_725,Nyanja_NF_Spk5_U_74ed4cf34c_Utterance_15,anafunsa mosadzindikira sindinadziwe kuti ungathe kupanga atate ace kubvomerezana ndi zomwe unali kunena/kufuna,Nyanja_NF_Spk5_U_74ed4cf34c_Utterance_15_700_725.wav,8.84
NF,F,Spk5,U_74ed4cf34c,700_725,Nyanja_NF_Spk5_U_74ed4cf34c_Utterance_16,ndipo ndinali kukhala bwino ndipo tsopano ndine kapolo wako cabwino ndi mwai wa nkhondo,Nyanja_NF_Spk5_U_74ed4cf34c_Utterance_16_700_725.wav,7.1
NF,F,Spk5,U_74ed4cf34c,700_725,Nyanja_NF_Spk5_U_74ed4cf34c_Utterance_17,pakati pa atumwi aboza ozitukumula/ozikweza paulo anateteza mphanvu zace za utumwi ndi za chalichi poyera,Nyanja_NF_Spk5_U_74ed4cf34c_Utterance_17_700_725.wav,10.484
NF,F,Spk5,U_74ed4cf34c,700_725,Nyanja_NF_Spk5_U_74ed4cf34c_Utterance_18,pa zonsezi anaganiza lobini pa atate acekodi nciani cimene angafune kulankhulapo,Nyanja_NF_Spk5_U_74ed4cf34c_Utterance_18_700_725.wav,7.955
NF,F,Spk5,U_74ed4cf34c,700_725,Nyanja_NF_Spk5_U_74ed4cf34c_Utterance_19,moonana maso ndi maso tiyeni tilandile kacenjede wa maphunziro akuuya kacipinda kogonamo kanu muno kali kukudikhilani,Nyanja_NF_Spk5_U_74ed4cf34c_Utterance_19_700_725.wav,11.735
NF,F,Spk5,U_74ed4cf34c,700_725,Nyanja_NF_Spk5_U_74ed4cf34c_Utterance_20,akuyenda mofika pafupi ndi thebulo/gome yodyerapo cakudya ca m'madzulo iye mosamala ndithu anaik pepala imene munalembedwa nkhani pakati nacotsapo ka nsalu,Nyanja_NF_Spk5_U_74ed4cf34c_Utterance_20_700_725.wav,13.175
NF,F,Spk5,U_74ed4cf34c,700_725,Nyanja_NF_Spk5_U_74ed4cf34c_Utterance_21,indetu ngati sindidziwa amene anali naye mu cikondi ndiye kuti ndidziwa omwe anali naye mcikondi,Nyanja_NF_Spk5_U_74ed4cf34c_Utterance_21_700_725.wav,7.7
NF,F,Spk5,U_74ed4cf34c,700_725,Nyanja_NF_Spk5_U_74ed4cf34c_Utterance_22,ndipo kodi ncionetsero cotani cimene mumapeleka anafunsa servadaki mofunitsitsa kudziwa ngati sidzizacitika,Nyanja_NF_Spk5_U_74ed4cf34c_Utterance_22_700_725.wav,11.445
NF,F,Spk5,U_74ed4cf34c,700_725,Nyanja_NF_Spk5_U_74ed4cf34c_Utterance_23,cifundo ca ambuye kuchokera kwa atate ndi mtendere kuchokera kwa ambuye yesu khristu,Nyanja_NF_Spk5_U_74ed4cf34c_Utterance_23_700_725.wav,6.362
NF,F,Spk5,U_74ed4cf34c,700_725,Nyanja_NF_Spk5_U_74ed4cf34c_Utterance_24,sadzakusiyani  m'masana kapena utsiku ngakhale mukugwira nchito kapena kusewera mwina mtagona,Nyanja_NF_Spk5_U_74ed4cf34c_Utterance_24_700_725.wav,7.505
NF,F,Spk5,U_74ed4cf34c,700_725,Nyanja_NF_Spk5_U_74ed4cf34c_Utterance_25,ndipo abale ndi alongo ace onse anaimilira mozungulira nanva atatsegula kukamwa kwao,Nyanja_NF_Spk5_U_74ed4cf34c_Utterance_25_700_725.wav,8.301
NF,F,Spk5,U_74ed4cf34c,725_750,Nyanja_NF_Spk5_U_74ed4cf34c_Utterance_1,alexander anawelama capatsogoro na thumitsa manja ake ku moto,Nyanja_NF_Spk5_U_74ed4cf34c_Utterance_1_725_750.wav,5.306
NF,F,Spk5,U_74ed4cf34c,725_750,Nyanja_NF_Spk5_U_74ed4cf34c_Utterance_2,kodi siabwino kopotsa analira jasper ali kuzikweza motheratu atateanadziwa mocitira,Nyanja_NF_Spk5_U_74ed4cf34c_Utterance_2_725_750.wav,8.266
NF,F,Spk5,U_74ed4cf34c,725_750,Nyanja_NF_Spk5_U_74ed4cf34c_Utterance_3,indetu anali atapenya kumbali ndi colinga cosafuna kuoona,Nyanja_NF_Spk5_U_74ed4cf34c_Utterance_3_725_750.wav,7.91
NF,F,Spk5,U_74ed4cf34c,725_750,Nyanja_NF_Spk5_U_74ed4cf34c_Utterance_4,ndizacita ciliconse cimene iwe ufuna kuti nkucitile bartley anatero monjenjemera,Nyanja_NF_Spk5_U_74ed4cf34c_Utterance_4_725_750.wav,7.205
NF,F,Spk5,U_74ed4cf34c,725_750,Nyanja_NF_Spk5_U_74ed4cf34c_Utterance_5,sanaleke kuyenda mofulumira kufikira atapyeela mpaka ca kunyanja ndi pa malo amene apedzeka pa nyanja ocefdwa lo thonje inali patsogolo pache,Nyanja_NF_Spk5_U_74ed4cf34c_Utterance_5_725_750.wav,12.95
NF,F,Spk5,U_74ed4cf34c,725_750,Nyanja_NF_Spk5_U_74ed4cf34c_Utterance_6,ku malo a mkhalidwe wa ku ulaya malo ano pa nthawi ino akupezeka pakati pa aja osauka,Nyanja_NF_Spk5_U_74ed4cf34c_Utterance_6_725_750.wav,8.21
NF,F,Spk5,U_74ed4cf34c,725_750,Nyanja_NF_Spk5_U_74ed4cf34c_Utterance_7,iye anathamangira kumbali kumene kunali amuna ace nthawi imeneyo nawathandiza kucotsa ma ketulo anai pamoto,Nyanja_NF_Spk5_U_74ed4cf34c_Utterance_7_725_750.wav,9.56
NF,F,Spk5,U_74ed4cf34c,725_750,Nyanja_NF_Spk5_U_74ed4cf34c_Utterance_8,kodi muzandisiya mcipinda cangaci ndekha kapena ndikusiyeni pofuna ku kuthawani,Nyanja_NF_Spk5_U_74ed4cf34c_Utterance_8_725_750.wav,7.4
NF,F,Spk5,U_74ed4cf34c,725_750,Nyanja_NF_Spk5_U_74ed4cf34c_Utterance_9,ananditumila ma tsamba olembedwao asanafe,Nyanja_NF_Spk5_U_74ed4cf34c_Utterance_9_725_750.wav,4.595
NF,F,Spk5,U_74ed4cf34c,725_750,Nyanja_NF_Spk5_U_74ed4cf34c_Utterance_10,ndikhulupilira mu kuphunzitsa anthu mofikapo mzungu kuno anatero mobvomeredzana naye ndi mtima onse,Nyanja_NF_Spk5_U_74ed4cf34c_Utterance_10_725_750.wav,9.155
NF,F,Spk5,U_74ed4cf34c,725_750,Nyanja_NF_Spk5_U_74ed4cf34c_Utterance_11,nyuma ya malamulo ndi a scot (ena) anapeleka zoganiza zao kwa a mfumu,Nyanja_NF_Spk5_U_74ed4cf34c_Utterance_11_725_750.wav,7.175
NF,F,Spk5,U_74ed4cf34c,725_750,Nyanja_NF_Spk5_U_74ed4cf34c_Utterance_12,motheratu uku ndiye kunali kumasulira kwa  maonekedwe a abwana ace yakobo ndi akazi ao  kulingana ndi momwe  yakobo analankhulira,Nyanja_NF_Spk5_U_74ed4cf34c_Utterance_12_725_750.wav,13.475
NF,F,Spk5,U_74ed4cf34c,725_750,Nyanja_NF_Spk5_U_74ed4cf34c_Utterance_13,tsopano anali kusewera ndi akadoli ao pa malo amalonda aja,Nyanja_NF_Spk5_U_74ed4cf34c_Utterance_13_725_750.wav,6.5
NF,F,Spk5,U_74ed4cf34c,725_750,Nyanja_NF_Spk5_U_74ed4cf34c_Utterance_14,cinkhuni cinayaka kopootsa pamene panali kuoceledwa mwala wa kopa ndipo cidalila mokweza,Nyanja_NF_Spk5_U_74ed4cf34c_Utterance_14_725_750.wav,10.345
NF,F,Spk5,U_74ed4cf34c,725_750,Nyanja_NF_Spk5_U_74ed4cf34c_Utterance_15,inde khalidwe imene mfumu yanu inaganiszila ndizogwirizana bwino ndi lanu,Nyanja_NF_Spk5_U_74ed4cf34c_Utterance_15_725_750.wav,7.01
NF,F,Spk5,U_74ed4cf34c,725_750,Nyanja_NF_Spk5_U_74ed4cf34c_Utterance_16,uncas anataya khungu lace nabwera patsogoro m'maonekedwe ace okongola,Nyanja_NF_Spk5_U_74ed4cf34c_Utterance_16_725_750.wav,7.67
NF,F,Spk5,U_74ed4cf34c,725_750,Nyanja_NF_Spk5_U_74ed4cf34c_Utterance_17,bwerani ndithu tiwathire mathope,Nyanja_NF_Spk5_U_74ed4cf34c_Utterance_17_725_750.wav,4.1
NF,F,Spk5,U_74ed4cf34c,725_750,Nyanja_NF_Spk5_U_74ed4cf34c_Utterance_18,tizabwere kuno lere masana titabvala  zobvala zathu zakale kuti tikonze konze mnyumba,Nyanja_NF_Spk5_U_74ed4cf34c_Utterance_18_725_750.wav,7.187
NF,F,Spk5,U_74ed4cf34c,725_750,Nyanja_NF_Spk5_U_74ed4cf34c_Utterance_19,uku ndiye kumatsulira kwa kusakumbika kwambiri kumene kupezeka m'malo ena a pa nyanja ya atlantic,Nyanja_NF_Spk5_U_74ed4cf34c_Utterance_19_725_750.wav,8.87
NF,F,Spk5,U_74ed4cf34c,725_750,Nyanja_NF_Spk5_U_74ed4cf34c_Utterance_20,ici ndico cimene tikufunisisa pa zolembedwa za ukacende pa nzeru,Nyanja_NF_Spk5_U_74ed4cf34c_Utterance_20_725_750.wav,7.58
NF,F,Spk5,U_74ed4cf34c,725_750,Nyanja_NF_Spk5_U_74ed4cf34c_Utterance_21,kodi ncifukwa ciani adona a kunyumba ya hur angakhumudwe/angadabwe nazo,Nyanja_NF_Spk5_U_74ed4cf34c_Utterance_21_725_750.wav,7.256
NF,F,Spk5,U_74ed4cf34c,725_750,Nyanja_NF_Spk5_U_74ed4cf34c_Utterance_22,kuli chabe zolembedwa zofanizila za nyumbayo d'este kodi ukuona,Nyanja_NF_Spk5_U_74ed4cf34c_Utterance_22_725_750.wav,6.275
NF,F,Spk5,U_74ed4cf34c,725_750,Nyanja_NF_Spk5_U_74ed4cf34c_Utterance_23,ndikuganiza kuti zimenezi zizakhala zokwanira anapitiliza kulankhula poti zina zace zofunikira siziyenera mu wanchito,Nyanja_NF_Spk5_U_74ed4cf34c_Utterance_23_725_750.wav,10.53
NF,F,Spk5,U_74ed4cf34c,725_750,Nyanja_NF_Spk5_U_74ed4cf34c_Utterance_24,kodi mungatandauze ciani mukatero amai woodley mumalankhula mosadziwika bwino,Nyanja_NF_Spk5_U_74ed4cf34c_Utterance_24_725_750.wav,7.37
NF,F,Spk5,U_74ed4cf34c,725_750,Nyanja_NF_Spk5_U_74ed4cf34c_Utterance_25,ukulu wa muombolo wa khristu mwana wa mulungu utionetsa ici,Nyanja_NF_Spk5_U_74ed4cf34c_Utterance_25_725_750.wav,6.125
NF,F,Spk5,U_a29cdb3522,700_725,Nyanja_NF_Spk5_U_a29cdb3522_Utterance_1,koma pkacenjede plato alibe zosadziwika pa zida zace zimene aonetsa mu buku lace locedwa  phaedrus kapena symposium,Nyanja_NF_Spk5_U_a29cdb3522_Utterance_1_700_725.wav,11.975
NF,F,Spk5,U_a29cdb3522,700_725,Nyanja_NF_Spk5_U_a29cdb3522_Utterance_2,iye anali mzimai wamkulu thupi amene anankapezeka pa nyumba nthawi zonse anali anthu aciyera/azungu wamba amene sanali kudziwika ku malo amene anali kukhala,Nyanja_NF_Spk5_U_a29cdb3522_Utterance_2_700_725.wav,19.385
NF,F,Spk5,U_a29cdb3522,700_725,Nyanja_NF_Spk5_U_a29cdb3522_Utterance_3,munda wa zipatso unali kunyezimila ndi kugwedezeka gwedezeka mkadzuwa,Nyanja_NF_Spk5_U_a29cdb3522_Utterance_3_700_725.wav,7.16
NF,F,Spk5,U_a29cdb3522,700_725,Nyanja_NF_Spk5_U_a29cdb3522_Utterance_4,mimba ya nomondwe wanga simakhuta ndipo munakwelanso/munalinso  golide,Nyanja_NF_Spk5_U_a29cdb3522_Utterance_4_700_725.wav,8.375
NF,F,Spk5,U_a29cdb3522,700_725,Nyanja_NF_Spk5_U_a29cdb3522_Utterance_5,cabwino kodi amfumu ali ndi mphamvu iliyonse yoti angathe kulankhulako pa nkhani za mtundu umenewo,Nyanja_NF_Spk5_U_a29cdb3522_Utterance_5_700_725.wav,11.945
NF,F,Spk5,U_a29cdb3522,700_725,Nyanja_NF_Spk5_U_a29cdb3522_Utterance_6,mu izi zonse episkopo paulo akumucita kuukanso kwa ambuye yesu,Nyanja_NF_Spk5_U_a29cdb3522_Utterance_6_700_725.wav,7.415
NF,F,Spk5,U_a29cdb3522,700_725,Nyanja_NF_Spk5_U_a29cdb3522_Utterance_7,kwa nthawi yaitali anafuna kudziwitsitsa malo okongola ocedwa oz komwe iwo nali kukhalila,Nyanja_NF_Spk5_U_a29cdb3522_Utterance_7_700_725.wav,11.615
NF,F,Spk5,U_a29cdb3522,700_725,Nyanja_NF_Spk5_U_a29cdb3522_Utterance_8,ici cinali nthawi ya masankho mu mwezi wa kafukulira caka ca 1855,Nyanja_NF_Spk5_U_a29cdb3522_Utterance_8_700_725.wav,7.205
NF,F,Spk5,U_a29cdb3522,700_725,Nyanja_NF_Spk5_U_a29cdb3522_Utterance_9,izi zingakukhalileni bwino nonse ngati apita ndi carl,Nyanja_NF_Spk5_U_a29cdb3522_Utterance_9_700_725.wav,5.09
NF,F,Spk5,U_a29cdb3522,700_725,Nyanja_NF_Spk5_U_a29cdb3522_Utterance_10,momwe zilili pa nkhani imeneyi monga momwe zimakhalila mu mankhani ena ambiri cimene cingatengedwa ngati coonekeratu/codziwikiratu kutsogoroko sicingakhale tero,Nyanja_NF_Spk5_U_a29cdb3522_Utterance_10_700_725.wav,17.735
NF,F,Spk5,U_a29cdb3522,700_725,Nyanja_NF_Spk5_U_a29cdb3522_Utterance_11,tiyenera kunvera kristu amane anaikidwa kuti akhale mphunzitsi wathu ndi atate mulungu,Nyanja_NF_Spk5_U_a29cdb3522_Utterance_11_700_725.wav,9.23
NF,F,Spk5,U_a29cdb3522,700_725,Nyanja_NF_Spk5_U_a29cdb3522_Utterance_12,ndipo nchito ija sinali yopweeka ngati mmene inu muganizira,Nyanja_NF_Spk5_U_a29cdb3522_Utterance_12_700_725.wav,7.055
NF,F,Spk5,U_a29cdb3522,700_725,Nyanja_NF_Spk5_U_a29cdb3522_Utterance_13,mwina pa za mkhalidwe wa anthu athu cili cinthu cosatheka,Nyanja_NF_Spk5_U_a29cdb3522_Utterance_13_700_725.wav,5.99
NF,F,Spk5,U_a29cdb3522,700_725,Nyanja_NF_Spk5_U_a29cdb3522_Utterance_14,pa nthawi imodzi-modzi paulo asimikiza cikhulupiliro cathu kuti yesu ndi wabwino/ndi mulungu emwe,Nyanja_NF_Spk5_U_a29cdb3522_Utterance_14_700_725.wav,10.625
NF,F,Spk5,U_a29cdb3522,700_725,Nyanja_NF_Spk5_U_a29cdb3522_Utterance_15,anafunsa mosadzindikira sindinadziwe kuti ungathe kupanga atate ace kubvomerezana ndi zomwe unali kunena/kufuna,Nyanja_NF_Spk5_U_a29cdb3522_Utterance_15_700_725.wav,12.365
NF,F,Spk5,U_a29cdb3522,700_725,Nyanja_NF_Spk5_U_a29cdb3522_Utterance_16,ndipo ndinali kukhala bwino ndipo tsopano ndine kapolo wako cabwino ndi mwai wa nkhondo,Nyanja_NF_Spk5_U_a29cdb3522_Utterance_16_700_725.wav,9.395
NF,F,Spk5,U_a29cdb3522,700_725,Nyanja_NF_Spk5_U_a29cdb3522_Utterance_17,pakati pa atumwi aboza ozitukumula/ozikweza paulo anateteza mphanvu zace za utumwi ndi za chalichi poyera,Nyanja_NF_Spk5_U_a29cdb3522_Utterance_17_700_725.wav,13.055
NF,F,Spk5,U_a29cdb3522,700_725,Nyanja_NF_Spk5_U_a29cdb3522_Utterance_18,pa zonsezi anaganiza lobini pa atate acekodi nciani cimene angafune kulankhulapo,Nyanja_NF_Spk5_U_a29cdb3522_Utterance_18_700_725.wav,8.645
NF,F,Spk5,U_a29cdb3522,700_725,Nyanja_NF_Spk5_U_a29cdb3522_Utterance_19,moonana maso ndi maso tiyeni tilandile kacenjede wa maphunziro akuuya kacipinda kogonamo kanu muno kali kukudikhilani,Nyanja_NF_Spk5_U_a29cdb3522_Utterance_19_700_725.wav,13.34
NF,F,Spk5,U_a29cdb3522,700_725,Nyanja_NF_Spk5_U_a29cdb3522_Utterance_20,akuyenda mofika pafupi ndi thebulo/gome yodyerapo cakudya ca m'madzulo iye mosamala ndithu anaik pepala imene munalembedwa nkhani pakati nacotsapo ka nsalu,Nyanja_NF_Spk5_U_a29cdb3522_Utterance_20_700_725.wav,19.04
NF,F,Spk5,U_a29cdb3522,700_725,Nyanja_NF_Spk5_U_a29cdb3522_Utterance_21,indetu ngati sindidziwa amene anali naye mu cikondi ndiye kuti ndidziwa omwe anali naye mcikondi,Nyanja_NF_Spk5_U_a29cdb3522_Utterance_21_700_725.wav,11.075
NF,F,Spk5,U_a29cdb3522,700_725,Nyanja_NF_Spk5_U_a29cdb3522_Utterance_22,ndipo kodi ncionetsero cotani cimene mumapeleka anafunsa servadaki mofunitsitsa kudziwa ngati sidzizacitika,Nyanja_NF_Spk5_U_a29cdb3522_Utterance_22_700_725.wav,11.48
NF,F,Spk5,U_a29cdb3522,700_725,Nyanja_NF_Spk5_U_a29cdb3522_Utterance_23,cifundo ca ambuye kuchokera kwa atate ndi mtendere kuchokera kwa ambuye yesu khristu,Nyanja_NF_Spk5_U_a29cdb3522_Utterance_23_700_725.wav,8.69
NF,F,Spk5,U_a29cdb3522,700_725,Nyanja_NF_Spk5_U_a29cdb3522_Utterance_24,sadzakusiyani  m'masana kapena utsiku ngakhale mukugwira nchito kapena kusewera mwina mtagona,Nyanja_NF_Spk5_U_a29cdb3522_Utterance_24_700_725.wav,11.255
NF,F,Spk5,U_a29cdb3522,700_725,Nyanja_NF_Spk5_U_a29cdb3522_Utterance_25,ndipo abale ndi alongo ace onse anaimilira mozungulira nanva atatsegula kukamwa kwao,Nyanja_NF_Spk5_U_a29cdb3522_Utterance_25_700_725.wav,10.34
NF,F,Spk5,U_a29cdb3522,725_750,Nyanja_NF_Spk5_U_a29cdb3522_Utterance_1,alexander anawelama capatsogoro na thumitsa manja ake ku moto,Nyanja_NF_Spk5_U_a29cdb3522_Utterance_1_725_750.wav,6.35
NF,F,Spk5,U_a29cdb3522,725_750,Nyanja_NF_Spk5_U_a29cdb3522_Utterance_2,kodi siabwino kopotsa analira jasper ali kuzikweza motheratu atateanadziwa mocitira,Nyanja_NF_Spk5_U_a29cdb3522_Utterance_2_725_750.wav,10.115
NF,F,Spk5,U_a29cdb3522,725_750,Nyanja_NF_Spk5_U_a29cdb3522_Utterance_3,indetu anali atapenya kumbali ndi colinga cosafuna kuoona,Nyanja_NF_Spk5_U_a29cdb3522_Utterance_3_725_750.wav,5.735
NF,F,Spk5,U_a29cdb3522,725_750,Nyanja_NF_Spk5_U_a29cdb3522_Utterance_4,ndizacita ciliconse cimene iwe ufuna kuti nkucitile bartley anatero monjenjemera,Nyanja_NF_Spk5_U_a29cdb3522_Utterance_4_725_750.wav,8.105
NF,F,Spk5,U_a29cdb3522,725_750,Nyanja_NF_Spk5_U_a29cdb3522_Utterance_5,sanaleke kuyenda mofulumira kufikira atapyeela mpaka ca kunyanja ndi pa malo amene apedzeka pa nyanja ocefdwa lo thonje inali patsogolo pache,Nyanja_NF_Spk5_U_a29cdb3522_Utterance_5_725_750.wav,15.575
NF,F,Spk5,U_a29cdb3522,725_750,Nyanja_NF_Spk5_U_a29cdb3522_Utterance_6,kodi muzandisiya mcipinda cangaci ndekha kapena ndikusiyeni pofuna ku kuthawani,Nyanja_NF_Spk5_U_a29cdb3522_Utterance_6_725_750.wav,7.655
NF,F,Spk5,U_a29cdb3522,725_750,Nyanja_NF_Spk5_U_a29cdb3522_Utterance_7,ananditumila ma tsamba olembedwao asanafe,Nyanja_NF_Spk5_U_a29cdb3522_Utterance_7_725_750.wav,5.345
NF,F,Spk5,U_a29cdb3522,725_750,Nyanja_NF_Spk5_U_a29cdb3522_Utterance_8,ndikhulupilira mu kuphunzitsa anthu mofikapo mzungu kuno anatero mobvomeredzana naye ndi mtima onse,Nyanja_NF_Spk5_U_a29cdb3522_Utterance_8_725_750.wav,10.31
NF,F,Spk5,U_a29cdb3522,725_750,Nyanja_NF_Spk5_U_a29cdb3522_Utterance_9,nyuma ya malamulo ndi a scot (ena) anapeleka zoganiza zao kwa a mfumu,Nyanja_NF_Spk5_U_a29cdb3522_Utterance_9_725_750.wav,6.965
NF,F,Spk5,U_a29cdb3522,725_750,Nyanja_NF_Spk5_U_a29cdb3522_Utterance_10,motheratu uku ndiye kunali kumasulira kwa  maonekedwe a abwana ace yakobo ndi akazi ao  kulingana ndi momwe  yakobo analankhulira,Nyanja_NF_Spk5_U_a29cdb3522_Utterance_10_725_750.wav,13.205
NF,F,Spk5,U_a29cdb3522,725_750,Nyanja_NF_Spk5_U_a29cdb3522_Utterance_11,tsopano anali kusewera ndi akadoli ao pa malo amalonda aja,Nyanja_NF_Spk5_U_a29cdb3522_Utterance_11_725_750.wav,6.38
NF,F,Spk5,U_a29cdb3522,725_750,Nyanja_NF_Spk5_U_a29cdb3522_Utterance_12,cinkhuni cinayaka kopootsa pamene panali kuoceledwa mwala wa kopa ndipo cidalila mokweza,Nyanja_NF_Spk5_U_a29cdb3522_Utterance_12_725_750.wav,8.9
NF,F,Spk5,U_a29cdb3522,725_750,Nyanja_NF_Spk5_U_a29cdb3522_Utterance_13,inde khalidwe imene mfumu yanu inaganiszila ndizogwirizana bwino ndi lanu,Nyanja_NF_Spk5_U_a29cdb3522_Utterance_13_725_750.wav,7.235
NF,F,Spk5,U_a29cdb3522,725_750,Nyanja_NF_Spk5_U_a29cdb3522_Utterance_14,uncas anataya khungu lace nabwera patsogoro m'maonekedwe ace okongola,Nyanja_NF_Spk5_U_a29cdb3522_Utterance_14_725_750.wav,7.64
NF,F,Spk5,U_a29cdb3522,725_750,Nyanja_NF_Spk5_U_a29cdb3522_Utterance_15,bwerani ndithu tiwathire mathope,Nyanja_NF_Spk5_U_a29cdb3522_Utterance_15_725_750.wav,3.11
NF,F,Spk5,U_a29cdb3522,725_750,Nyanja_NF_Spk5_U_a29cdb3522_Utterance_16,tizabwere kuno lere masana titabvala  zobvala zathu zakale kuti tikonze konze mnyumba,Nyanja_NF_Spk5_U_a29cdb3522_Utterance_16_725_750.wav,8.24
NF,F,Spk5,U_a29cdb3522,725_750,Nyanja_NF_Spk5_U_a29cdb3522_Utterance_17,uku ndiye kumatsulira kwa kusakumbika kwambiri kumene kupezeka m'malo ena a pa nyanja ya atlantic,Nyanja_NF_Spk5_U_a29cdb3522_Utterance_17_725_750.wav,9.635
NF,F,Spk5,U_a29cdb3522,725_750,Nyanja_NF_Spk5_U_a29cdb3522_Utterance_18,ici ndico cimene tikufunisisa pa zolembedwa za ukacende pa nzeru,Nyanja_NF_Spk5_U_a29cdb3522_Utterance_18_725_750.wav,6.065
NF,F,Spk5,U_a29cdb3522,725_750,Nyanja_NF_Spk5_U_a29cdb3522_Utterance_19,kodi ncifukwa ciani adona a kunyumba ya hur angakhumudwe/angadabwe nazo,Nyanja_NF_Spk5_U_a29cdb3522_Utterance_19_725_750.wav,8.225
NF,F,Spk5,U_a29cdb3522,725_750,Nyanja_NF_Spk5_U_a29cdb3522_Utterance_20,kuli chabe zolembedwa zofanizila za nyumbayo d'este kodi ukuona,Nyanja_NF_Spk5_U_a29cdb3522_Utterance_20_725_750.wav,7.445
NF,F,Spk5,U_a29cdb3522,725_750,Nyanja_NF_Spk5_U_a29cdb3522_Utterance_21,ndikuganiza kuti zimenezi zizakhala zokwanira anapitiliza kulankhula poti zina zace zofunikira siziyenera mu wanchito,Nyanja_NF_Spk5_U_a29cdb3522_Utterance_21_725_750.wav,1.415
NF,F,Spk5,U_a29cdb3522,725_750,Nyanja_NF_Spk5_U_a29cdb3522_Utterance_22,kodi mungatandauze ciani mukatero amai woodley mumalankhula mosadziwika bwino,Nyanja_NF_Spk5_U_a29cdb3522_Utterance_22_725_750.wav,8.285
NF,F,Spk5,U_a29cdb3522,725_750,Nyanja_NF_Spk5_U_a29cdb3522_Utterance_23,ukulu wa muombolo wa khristu mwana wa mulungu utionetsa ici,Nyanja_NF_Spk5_U_a29cdb3522_Utterance_23_725_750.wav,5.93
NF,F,Spk8,U_e718b1e65c,875_900,Nyanja_NF_Spk8_U_e718b1e65c_Utterance_1,ananene kwa agalantiya nati mulibe mphanvu yoganizira paulo mwapamwamba,Nyanja_NF_Spk8_U_e718b1e65c_Utterance_1_875_900.wav,6.575
NF,F,Spk8,U_e718b1e65c,875_900,Nyanja_NF_Spk8_U_e718b1e65c_Utterance_2,kulibe kwina kwace kotseguka pokhapokhapo khola imodzi anatero wotiyanganira wathu ophunzira,Nyanja_NF_Spk8_U_e718b1e65c_Utterance_2_875_900.wav,7.505
NF,F,Spk8,U_e718b1e65c,875_900,Nyanja_NF_Spk8_U_e718b1e65c_Utterance_3,kwangwala wa mkulu analondola mwansanga kufuna kuti acotse nyama yace /cimene anagwira pansi,Nyanja_NF_Spk8_U_e718b1e65c_Utterance_3_875_900.wav,7.64
NF,F,Spk8,U_e718b1e65c,875_900,Nyanja_NF_Spk8_U_e718b1e65c_Utterance_4,wina waceananena nkhani ngakhala sanainene bwino yomwe ninaona kuti sanali kunvetsetsa,Nyanja_NF_Spk8_U_e718b1e65c_Utterance_4_875_900.wav,8.84
NF,F,Spk8,U_e718b1e65c,875_900,Nyanja_NF_Spk8_U_e718b1e65c_Utterance_5,cinali cinthu ca bwino kwa iye kuganiza kuti mkaziyo zanali kumkonda kopotsa kudziwa cilungamo,Nyanja_NF_Spk8_U_e718b1e65c_Utterance_5_875_900.wav,9.29
NF,F,Spk8,U_e718b1e65c,875_900,Nyanja_NF_Spk8_U_e718b1e65c_Utterance_6,oho bambo anatero bambo missus poyser ataopyedwa simungazikonde konse,Nyanja_NF_Spk8_U_e718b1e65c_Utterance_6_875_900.wav,9.71
NF,F,Spk8,U_e718b1e65c,875_900,Nyanja_NF_Spk8_U_e718b1e65c_Utterance_7,pamenepo anaika dzanja lace pa mkono wace  naseka nati,Nyanja_NF_Spk8_U_e718b1e65c_Utterance_7_875_900.wav,6.86
NF,F,Spk8,U_e718b1e65c,875_900,Nyanja_NF_Spk8_U_e718b1e65c_Utterance_8,chingachgook anali ataona izi ndi mayendedwe ndipo ndi manja ake anawalola kulankhula,Nyanja_NF_Spk8_U_e718b1e65c_Utterance_8_875_900.wav,8.147
NF,F,Spk8,U_e718b1e65c,875_900,Nyanja_NF_Spk8_U_e718b1e65c_Utterance_9,apa apo anatero motonthoza ali kupapatsa mutu wace wofilira,Nyanja_NF_Spk8_U_e718b1e65c_Utterance_9_875_900.wav,7.041
NF,F,Spk8,U_e718b1e65c,875_900,Nyanja_NF_Spk8_U_e718b1e65c_Utterance_10,anayenda mwamsanga ngati mwivi napita mun ma holo onsewo ma sitepi okwelera mnyumba ndi pa bwalo ponse,Nyanja_NF_Spk8_U_e718b1e65c_Utterance_10_875_900.wav,10.499
NF,F,Spk8,U_e718b1e65c,875_900,Nyanja_NF_Spk8_U_e718b1e65c_Utterance_11,iye anafuna kuyambira pamwamba pa matanda,Nyanja_NF_Spk8_U_e718b1e65c_Utterance_11_875_900.wav,3.287
NF,F,Spk8,U_e718b1e65c,875_900,Nyanja_NF_Spk8_U_e718b1e65c_Utterance_12,humpy dumpy anali atagwa pansipa koma anakwatira ndithu mwana wa amfumu wa mkazi,Nyanja_NF_Spk8_U_e718b1e65c_Utterance_12_875_900.wav,8.52
NF,F,Spk8,U_e718b1e65c,875_900,Nyanja_NF_Spk8_U_e718b1e65c_Utterance_13,m'mene analonjezera kuteteza hotela nzika zimene zitauzidwa kuti zisade nkhawa mogogomedza zinayamba kuseka mantha ao,Nyanja_NF_Spk8_U_e718b1e65c_Utterance_13_875_900.wav,10.478
NF,F,Spk8,U_e718b1e65c,875_900,Nyanja_NF_Spk8_U_e718b1e65c_Utterance_14,mabwalo ya tolasa twa thonje tolema anali pafupi kuphulika,Nyanja_NF_Spk8_U_e718b1e65c_Utterance_14_875_900.wav,6.521
NF,F,Spk8,U_e718b1e65c,875_900,Nyanja_NF_Spk8_U_e718b1e65c_Utterance_15,lute anakhala zii kwanthawi yaitali ali kuoneka ndi pa maso pofunisisa  kunali kutatulukila,Nyanja_NF_Spk8_U_e718b1e65c_Utterance_15_875_900.wav,9.153
NF,F,Spk8,U_e718b1e65c,875_900,Nyanja_NF_Spk8_U_e718b1e65c_Utterance_16,kodi unabwera liti bartley ndipo kodi zakhala bwanji zotheka kuti sunalankhule kanthu kali konse,Nyanja_NF_Spk8_U_e718b1e65c_Utterance_16_875_900.wav,7.233
NF,F,Spk8,U_e718b1e65c,875_900,Nyanja_NF_Spk8_U_e718b1e65c_Utterance_17,sindinathe kuonana mwana wanga wacimuna opwetekedwa mwaubwino koma akucita zinchito zace ngati m'modzi wa ana a bamba cumberland,Nyanja_NF_Spk8_U_e718b1e65c_Utterance_17_875_900.wav,12.106
NF,F,Spk8,U_e718b1e65c,875_900,Nyanja_NF_Spk8_U_e718b1e65c_Utterance_18,ngati ndili kunva conjo ndiye kuti ndili kunva conjo,Nyanja_NF_Spk8_U_e718b1e65c_Utterance_18_875_900.wav,3.995
NF,F,Spk8,U_e718b1e65c,875_900,Nyanja_NF_Spk8_U_e718b1e65c_Utterance_19,anzanga anatero montifichet mosakweza mau ace kwa ena anali kucita masewera ya kumenyana tipelekezeni mkatifikiseko ca kunyumba kwa ogwira nchito ku ndende,Nyanja_NF_Spk8_U_e718b1e65c_Utterance_19_875_900.wav,14.47
NF,F,Spk8,U_e718b1e65c,875_900,Nyanja_NF_Spk8_U_e718b1e65c_Utterance_20,koma sindinadziwe apa ndipo pomwe mundiuza,Nyanja_NF_Spk8_U_e718b1e65c_Utterance_20_875_900.wav,4.207
NF,F,Spk8,U_e718b1e65c,875_900,Nyanja_NF_Spk8_U_e718b1e65c_Utterance_21,bulakitoni ndi mzanga wabwino kwambiri ndinenetsa nzo kwa iwe,Nyanja_NF_Spk8_U_e718b1e65c_Utterance_21_875_900.wav,4.871
NF,F,Spk8,U_e718b1e65c,875_900,Nyanja_NF_Spk8_U_e718b1e65c_Utterance_22,ndanyowa kufika munkongono mwanga ntawerama kuti ndidoba cherries,Nyanja_NF_Spk8_U_e718b1e65c_Utterance_22_875_900.wav,5.965
NF,F,Spk8,U_e718b1e65c,875_900,Nyanja_NF_Spk8_U_e718b1e65c_Utterance_23,ena ace sanafune kuti zimenezi zikacitike tsiku lina mtsogolo koma zina cabe zopanga zace zimene zinandisangalasa,Nyanja_NF_Spk8_U_e718b1e65c_Utterance_23_875_900.wav,10.064
NF,F,Spk8,U_e718b1e65c,875_900,Nyanja_NF_Spk8_U_e718b1e65c_Utterance_24,kodi kuti sangakhale mphatso yabwino kwa mwana wanthu wakhandayu,Nyanja_NF_Spk8_U_e718b1e65c_Utterance_24_875_900.wav,3.841
NF,F,Spk8,U_e718b1e65c,875_900,Nyanja_NF_Spk8_U_e718b1e65c_Utterance_25,izo zitapita cinali ca pafupi kuziiwalako indetu kuziiwala,Nyanja_NF_Spk8_U_e718b1e65c_Utterance_25_875_900.wav,5.125
NF,F,Spk8,U_e718b1e65c,850_875,Nyanja_NF_Spk8_U_e718b1e65c_Utterance_1,lobini anaselutsa matanda ace mosamala ndipo mwamsanga  anazipeza pansi pa miyala yolimba kwabatsi,Nyanja_NF_Spk8_U_e718b1e65c_Utterance_1_850_875.wav,6.455
NF,F,Spk8,U_e718b1e65c,850_875,Nyanja_NF_Spk8_U_e718b1e65c_Utterance_2,koma kulingana ndi zomwe zili kucitiika sindidziwa ngati zinthu ngati izo kuti zingathe kucitika,Nyanja_NF_Spk8_U_e718b1e65c_Utterance_2_850_875.wav,6.455
NF,F,Spk8,U_e718b1e65c,850_875,Nyanja_NF_Spk8_U_e718b1e65c_Utterance_3,oho iye amakhala pafupi ndi piano anatero van ayenera kukhalapo pa nthawi ino kwinakwace  ndipo wina anaseka.,Nyanja_NF_Spk8_U_e718b1e65c_Utterance_3_850_875.wav,9.021
NF,F,Spk8,U_e718b1e65c,850_875,Nyanja_NF_Spk8_U_e718b1e65c_Utterance_4,amai taylor sanadziwe zambiri za kotoni koma conena cimodzi cabe coonjedzedwa cinaoneka coyenera,Nyanja_NF_Spk8_U_e718b1e65c_Utterance_4_850_875.wav,6.815
NF,F,Spk8,U_e718b1e65c,850_875,Nyanja_NF_Spk8_U_e718b1e65c_Utterance_5,mkupita ndi kupita sindinaonepo bulu lanu limene mu malembedwa za umoyo wanu ndiyenera kuiona bukuli missus poyser,Nyanja_NF_Spk8_U_e718b1e65c_Utterance_5_850_875.wav,8.951
NF,F,Spk8,U_e718b1e65c,850_875,Nyanja_NF_Spk8_U_e718b1e65c_Utterance_6,mnyamata wacicepele ndi omangidwa ndipo ndiopa imfa yace ngati yanenedwa,Nyanja_NF_Spk8_U_e718b1e65c_Utterance_6_850_875.wav,4.899
NF,F,Spk8,U_e718b1e65c,850_875,Nyanja_NF_Spk8_U_e718b1e65c_Utterance_7,nthawi imeneyo ntaona pa thebulo yanga ndinadziwa kuti wina wace anatayataya ma pepeela anga,Nyanja_NF_Spk8_U_e718b1e65c_Utterance_7_850_875.wav,6.072
NF,F,Spk8,U_e718b1e65c,850_875,Nyanja_NF_Spk8_U_e718b1e65c_Utterance_8,maonekedwa a lakelo ofooka ndi ocenjeletsa maso amene anali ku mupenya ndi codabwitsa cowawitsa,Nyanja_NF_Spk8_U_e718b1e65c_Utterance_8_850_875.wav,8.115
NF,F,Spk8,U_e718b1e65c,850_875,Nyanja_NF_Spk8_U_e718b1e65c_Utterance_9,ndikhulupilira ndithu kuti ndimadziwa kusankha zokoma mnjira imeneyo zonsezo ndi za zoona mukuzidziwa zobvara zimenezo,Nyanja_NF_Spk8_U_e718b1e65c_Utterance_9_850_875.wav,7.663
NF,F,Spk8,U_e718b1e65c,850_875,Nyanja_NF_Spk8_U_e718b1e65c_Utterance_10,cilungamo ici ciyamba kumatsulira mphanvu ya kuda zokhumba zina za dziko za magulu okwanira madzana makhumi awiri pansi pa nyanja,Nyanja_NF_Spk8_U_e718b1e65c_Utterance_10_850_875.wav,10.495
NF,F,Spk8,U_e718b1e65c,850_875,Nyanja_NF_Spk8_U_e718b1e65c_Utterance_11,ndipo anaseka mwapang'ono ndikuyankha ai amai beti ndine elizabeth parsons,Nyanja_NF_Spk8_U_e718b1e65c_Utterance_11_850_875.wav,6.188
NF,F,Spk8,U_e718b1e65c,850_875,Nyanja_NF_Spk8_U_e718b1e65c_Utterance_12,kuguzidwa kwace ku mlomo ndi kuunika kwace ku mapaphiko ace zinali zosanveka kwa iye ndipo zodabwitsa,Nyanja_NF_Spk8_U_e718b1e65c_Utterance_12_850_875.wav,9.462
NF,F,Spk8,U_e718b1e65c,850_875,Nyanja_NF_Spk8_U_e718b1e65c_Utterance_13,munny nsimbi zanga zili zozizila anauzidwa pease iiika pansi kuti zithumeko,Nyanja_NF_Spk8_U_e718b1e65c_Utterance_13_850_875.wav,7.454
NF,F,Spk8,U_e718b1e65c,850_875,Nyanja_NF_Spk8_U_e718b1e65c_Utterance_14,sindikucicepetsa nitalankhula kuti ma siku ano sicili cosaoneka=oneka,Nyanja_NF_Spk8_U_e718b1e65c_Utterance_14_850_875.wav,7.454
NF,F,Spk8,U_e718b1e65c,850_875,Nyanja_NF_Spk8_U_e718b1e65c_Utterance_15,nthawi zina cimachedwa copangidwa codabwitsa/cosokonedzetsa cifukwa zodindidwa zace ndi mitundu ndi zinaikidwa mosokoneza/mosasamala,Nyanja_NF_Spk8_U_e718b1e65c_Utterance_15_850_875.wav,7.454
NF,F,Spk8,U_e718b1e65c,850_875,Nyanja_NF_Spk8_U_e718b1e65c_Utterance_16,bwera pita ukanditengere ndalama yosala ya bambo louis ndilinayo bambo,Nyanja_NF_Spk8_U_e718b1e65c_Utterance_16_850_875.wav,6.339
NF,F,Spk8,U_e718b1e65c,850_875,Nyanja_NF_Spk8_U_e718b1e65c_Utterance_17,anandigwiritsa ncito kotheratu anali kufuna kumandimenya tsiku ndi tsiku,Nyanja_NF_Spk8_U_e718b1e65c_Utterance_17_850_875.wav,5.93
NF,F,Spk8,U_e718b1e65c,850_875,Nyanja_NF_Spk8_U_e718b1e65c_Utterance_18,mwamene njira ya cifundo ingapezekele kuli chalichi yoyera/yangwilyo ngakhale kuti anthu osakhulupilira mwa ambuye yesu apezeka komweko,Nyanja_NF_Spk8_U_e718b1e65c_Utterance_18_850_875.wav,10.495
NF,F,Spk8,U_e718b1e65c,850_875,Nyanja_NF_Spk8_U_e718b1e65c_Utterance_19,indetu iye anasautsa mpingo wa ambuye yesu kristu kwa nthawi ya itali,Nyanja_NF_Spk8_U_e718b1e65c_Utterance_19_850_875.wav,4.516
NF,F,Spk8,U_e718b1e65c,850_875,Nyanja_NF_Spk8_U_e718b1e65c_Utterance_20,pamene anayamba kucita zinthu anali kutsogolera yopatulika ya atsilikali oyenda pansi kupitila mu njira yolowera pansi,Nyanja_NF_Spk8_U_e718b1e65c_Utterance_20_850_875.wav,8.324
NF,F,Spk8,U_e718b1e65c,850_875,Nyanja_NF_Spk8_U_e718b1e65c_Utterance_21,ndifuna kusiys zonsezi kotheratu,Nyanja_NF_Spk8_U_e718b1e65c_Utterance_21_850_875.wav,2.438
NF,F,Spk8,U_e718b1e65c,850_875,Nyanja_NF_Spk8_U_e718b1e65c_Utterance_22,kodi sizingatheke kuti zoonekela za mumzinda za bwino zizionekera poyera,Nyanja_NF_Spk8_U_e718b1e65c_Utterance_22_850_875.wav,5.57
NF,F,Spk8,U_e718b1e65c,850_875,Nyanja_NF_Spk8_U_e718b1e65c_Utterance_23,anatero kapitawo donnithrone atakhala pamene anali kukwanitsa kuona  mkanjira kakafupi kamene kanalin kupita kumene anali kusungira mkaka,Nyanja_NF_Spk8_U_e718b1e65c_Utterance_23_850_875.wav,10.646
NF,F,Spk8,U_e718b1e65c,850_875,Nyanja_NF_Spk8_U_e718b1e65c_Utterance_24,tikuganiza kuti kupyolera mu nchito yocepa kapena ubwino tingathe kuthesa cimo,Nyanja_NF_Spk8_U_e718b1e65c_Utterance_24_850_875.wav,6.339
NF,F,Spk8,U_e718b1e65c,850_875,Nyanja_NF_Spk8_U_e718b1e65c_Utterance_25,indetu ndikupita ngati enginiya nanunso mungathe kupita ngati amodzi,Nyanja_NF_Spk8_U_e718b1e65c_Utterance_25_850_875.wav,6.769
NF,F,Spk8,U_14239f6387,875_900,Nyanja_NF_Spk8_U_14239f6387_Utterance_1,ananene kwa agalantiya nati mulibe mphanvu yoganizira paulo mwapamwamba,Nyanja_NF_Spk8_U_14239f6387_Utterance_1_875_900.wav,10.16
NF,F,Spk8,U_14239f6387,875_900,Nyanja_NF_Spk8_U_14239f6387_Utterance_2,kulibe kwina kwace kotseguka pokhapokhapo khola imodzi anatero wotiyanganira wathu ophunzira,Nyanja_NF_Spk8_U_14239f6387_Utterance_2_875_900.wav,10.16
NF,F,Spk8,U_14239f6387,875_900,Nyanja_NF_Spk8_U_14239f6387_Utterance_3,kwangwala wa mkulu analondola mwansanga kufuna kuti acotse nyama yace /cimene anagwira pansi,Nyanja_NF_Spk8_U_14239f6387_Utterance_3_875_900.wav,10.16
NF,F,Spk8,U_14239f6387,875_900,Nyanja_NF_Spk8_U_14239f6387_Utterance_4,wina waceananena nkhani ngakhala sanainene bwino yomwe ninaona kuti sanali kunvetsetsa,Nyanja_NF_Spk8_U_14239f6387_Utterance_4_875_900.wav,10.16
NF,F,Spk8,U_14239f6387,875_900,Nyanja_NF_Spk8_U_14239f6387_Utterance_5,cinali cinthu ca bwino kwa iye kuganiza kuti mkaziyo zanali kumkonda kopotsa kudziwa cilungamo,Nyanja_NF_Spk8_U_14239f6387_Utterance_5_875_900.wav,10.16
NF,F,Spk8,U_14239f6387,875_900,Nyanja_NF_Spk8_U_14239f6387_Utterance_6,oho bambo anatero bambo missus poyser ataopyedwa simungazikonde konse,Nyanja_NF_Spk8_U_14239f6387_Utterance_6_875_900.wav,10.16
NF,F,Spk8,U_14239f6387,875_900,Nyanja_NF_Spk8_U_14239f6387_Utterance_7,pamenepo anaika dzanja lace pa mkono wace  naseka nati,Nyanja_NF_Spk8_U_14239f6387_Utterance_7_875_900.wav,10.16
NF,F,Spk8,U_14239f6387,875_900,Nyanja_NF_Spk8_U_14239f6387_Utterance_8,chingachgook anali ataona izi ndi mayendedwe ndipo ndi manja ake anawalola kulankhula,Nyanja_NF_Spk8_U_14239f6387_Utterance_8_875_900.wav,10.16
NF,F,Spk8,U_14239f6387,875_900,Nyanja_NF_Spk8_U_14239f6387_Utterance_9,apa apo anatero motonthoza ali kupapatsa mutu wace wofilira,Nyanja_NF_Spk8_U_14239f6387_Utterance_9_875_900.wav,10.16
NF,F,Spk8,U_14239f6387,875_900,Nyanja_NF_Spk8_U_14239f6387_Utterance_10,anayenda mwamsanga ngati mwivi napita mun ma holo onsewo ma sitepi okwelera mnyumba ndi pa bwalo ponse,Nyanja_NF_Spk8_U_14239f6387_Utterance_10_875_900.wav,10.16
NF,F,Spk8,U_14239f6387,875_900,Nyanja_NF_Spk8_U_14239f6387_Utterance_11,iye anafuna kuyambira pamwamba pa matanda,Nyanja_NF_Spk8_U_14239f6387_Utterance_11_875_900.wav,10.16
NF,F,Spk8,U_14239f6387,875_900,Nyanja_NF_Spk8_U_14239f6387_Utterance_12,humpy dumpy anali atagwa pansipa koma anakwatira ndithu mwana wa amfumu wa mkazi,Nyanja_NF_Spk8_U_14239f6387_Utterance_12_875_900.wav,10.16
NF,F,Spk8,U_14239f6387,875_900,Nyanja_NF_Spk8_U_14239f6387_Utterance_13,m'mene analonjezera kuteteza hotela nzika zimene zitauzidwa kuti zisade nkhawa mogogomedza zinayamba kuseka mantha ao,Nyanja_NF_Spk8_U_14239f6387_Utterance_13_875_900.wav,10.16
NF,F,Spk8,U_14239f6387,875_900,Nyanja_NF_Spk8_U_14239f6387_Utterance_14,mabwalo ya tolasa twa thonje tolema anali pafupi kuphulika,Nyanja_NF_Spk8_U_14239f6387_Utterance_14_875_900.wav,10.16
NF,F,Spk8,U_14239f6387,875_900,Nyanja_NF_Spk8_U_14239f6387_Utterance_15,lute anakhala zii kwanthawi yaitali ali kuoneka ndi pa maso pofunisisa  kunali kutatulukila,Nyanja_NF_Spk8_U_14239f6387_Utterance_15_875_900.wav,10.16
NF,F,Spk8,U_14239f6387,875_900,Nyanja_NF_Spk8_U_14239f6387_Utterance_16,kodi unabwera liti bartley ndipo kodi zakhala bwanji zotheka kuti sunalankhule kanthu kali konse,Nyanja_NF_Spk8_U_14239f6387_Utterance_16_875_900.wav,10.16
NF,F,Spk8,U_14239f6387,875_900,Nyanja_NF_Spk8_U_14239f6387_Utterance_17,sindinathe kuonana mwana wanga wacimuna opwetekedwa mwaubwino koma akucita zinchito zace ngati m'modzi wa ana a bamba cumberland,Nyanja_NF_Spk8_U_14239f6387_Utterance_17_875_900.wav,10.16
NF,F,Spk8,U_14239f6387,875_900,Nyanja_NF_Spk8_U_14239f6387_Utterance_18,ngati ndili kunva conjo ndiye kuti ndili kunva conjo,Nyanja_NF_Spk8_U_14239f6387_Utterance_18_875_900.wav,10.16
NF,F,Spk8,U_14239f6387,875_900,Nyanja_NF_Spk8_U_14239f6387_Utterance_19,anzanga anatero montifichet mosakweza mau ace kwa ena anali kucita masewera ya kumenyana tipelekezeni mkatifikiseko ca kunyumba kwa ogwira nchito ku ndende,Nyanja_NF_Spk8_U_14239f6387_Utterance_19_875_900.wav,10.16
NF,F,Spk8,U_14239f6387,875_900,Nyanja_NF_Spk8_U_14239f6387_Utterance_20,koma sindinadziwe apa ndipo pomwe mundiuza,Nyanja_NF_Spk8_U_14239f6387_Utterance_20_875_900.wav,10.16
NF,F,Spk8,U_14239f6387,875_900,Nyanja_NF_Spk8_U_14239f6387_Utterance_21,bulakitoni ndi mzanga wabwino kwambiri ndinenetsa nzo kwa iwe,Nyanja_NF_Spk8_U_14239f6387_Utterance_21_875_900.wav,10.16
NF,F,Spk8,U_14239f6387,875_900,Nyanja_NF_Spk8_U_14239f6387_Utterance_22,ndanyowa kufika munkongono mwanga ntawerama kuti ndidoba cherries,Nyanja_NF_Spk8_U_14239f6387_Utterance_22_875_900.wav,10.16
NF,F,Spk8,U_14239f6387,875_900,Nyanja_NF_Spk8_U_14239f6387_Utterance_23,ena ace sanafune kuti zimenezi zikacitike tsiku lina mtsogolo koma zina cabe zopanga zace zimene zinandisangalasa,Nyanja_NF_Spk8_U_14239f6387_Utterance_23_875_900.wav,10.16
NF,F,Spk8,U_14239f6387,875_900,Nyanja_NF_Spk8_U_14239f6387_Utterance_24,kodi kuti sangakhale mphatso yabwino kwa mwana wanthu wakhandayu,Nyanja_NF_Spk8_U_14239f6387_Utterance_24_875_900.wav,10.16
NF,F,Spk8,U_14239f6387,875_900,Nyanja_NF_Spk8_U_14239f6387_Utterance_25,izo zitapita cinali ca pafupi kuziiwalako indetu kuziiwala,Nyanja_NF_Spk8_U_14239f6387_Utterance_25_875_900.wav,10.16
NF,F,Spk8,U_14239f6387,850_875,Nyanja_NF_Spk8_U_14239f6387_Utterance_1,lobini anaselutsa matanda ace mosamala ndipo mwamsanga  anazipeza pansi pa miyala yolimba kwabatsi,Nyanja_NF_Spk8_U_14239f6387_Utterance_1_850_875.wav,12.635
NF,F,Spk8,U_14239f6387,850_875,Nyanja_NF_Spk8_U_14239f6387_Utterance_2,koma kulingana ndi zomwe zili kucitiika sindidziwa ngati zinthu ngati izo kuti zingathe kucitika,Nyanja_NF_Spk8_U_14239f6387_Utterance_2_850_875.wav,12.635
NF,F,Spk8,U_14239f6387,850_875,Nyanja_NF_Spk8_U_14239f6387_Utterance_3,oho iye amakhala pafupi ndi piano anatero van ayenera kukhalapo pa nthawi ino kwinakwace  ndipo wina anaseka.,Nyanja_NF_Spk8_U_14239f6387_Utterance_3_850_875.wav,12.635
NF,F,Spk8,U_14239f6387,850_875,Nyanja_NF_Spk8_U_14239f6387_Utterance_4,amai taylor sanadziwe zambiri za kotoni koma conena cimodzi cabe coonjedzedwa cinaoneka coyenera,Nyanja_NF_Spk8_U_14239f6387_Utterance_4_850_875.wav,12.635
NF,F,Spk8,U_14239f6387,850_875,Nyanja_NF_Spk8_U_14239f6387_Utterance_5,mkupita ndi kupita sindinaonepo bulu lanu limene mu malembedwa za umoyo wanu ndiyenera kuiona bukuli missus poyser,Nyanja_NF_Spk8_U_14239f6387_Utterance_5_850_875.wav,12.635
NF,F,Spk8,U_14239f6387,850_875,Nyanja_NF_Spk8_U_14239f6387_Utterance_6,mnyamata wacicepele ndi omangidwa ndipo ndiopa imfa yace ngati yanenedwa,Nyanja_NF_Spk8_U_14239f6387_Utterance_6_850_875.wav,12.635
NF,F,Spk8,U_14239f6387,850_875,Nyanja_NF_Spk8_U_14239f6387_Utterance_7,nthawi imeneyo ntaona pa thebulo yanga ndinadziwa kuti wina wace anatayataya ma pepeela anga,Nyanja_NF_Spk8_U_14239f6387_Utterance_7_850_875.wav,12.635
NF,F,Spk8,U_14239f6387,850_875,Nyanja_NF_Spk8_U_14239f6387_Utterance_8,maonekedwa a lakelo ofooka ndi ocenjeletsa maso amene anali ku mupenya ndi codabwitsa cowawitsa,Nyanja_NF_Spk8_U_14239f6387_Utterance_8_850_875.wav,12.635
NF,F,Spk8,U_14239f6387,850_875,Nyanja_NF_Spk8_U_14239f6387_Utterance_9,ndikhulupilira ndithu kuti ndimadziwa kusankha zokoma mnjira imeneyo zonsezo ndi za zoona mukuzidziwa zobvara zimenezo,Nyanja_NF_Spk8_U_14239f6387_Utterance_9_850_875.wav,12.635
NF,F,Spk8,U_14239f6387,850_875,Nyanja_NF_Spk8_U_14239f6387_Utterance_10,cilungamo ici ciyamba kumatsulira mphanvu ya kuda zokhumba zina za dziko za magulu okwanira madzana makhumi awiri pansi pa nyanja,Nyanja_NF_Spk8_U_14239f6387_Utterance_10_850_875.wav,12.635
NF,F,Spk8,U_14239f6387,850_875,Nyanja_NF_Spk8_U_14239f6387_Utterance_11,ndipo anaseka mwapang'ono ndikuyankha ai amai beti ndine elizabeth parsons,Nyanja_NF_Spk8_U_14239f6387_Utterance_11_850_875.wav,12.635
NF,F,Spk8,U_14239f6387,850_875,Nyanja_NF_Spk8_U_14239f6387_Utterance_12,kuguzidwa kwace ku mlomo ndi kuunika kwace ku mapaphiko ace zinali zosanveka kwa iye ndipo zodabwitsa,Nyanja_NF_Spk8_U_14239f6387_Utterance_12_850_875.wav,12.635
NF,F,Spk8,U_14239f6387,850_875,Nyanja_NF_Spk8_U_14239f6387_Utterance_13,munny nsimbi zanga zili zozizila anauzidwa pease iiika pansi kuti zithumeko,Nyanja_NF_Spk8_U_14239f6387_Utterance_13_850_875.wav,12.635
NF,F,Spk8,U_14239f6387,850_875,Nyanja_NF_Spk8_U_14239f6387_Utterance_14,sindikucicepetsa nitalankhula kuti ma siku ano sicili cosaoneka=oneka,Nyanja_NF_Spk8_U_14239f6387_Utterance_14_850_875.wav,12.635
NF,F,Spk8,U_14239f6387,850_875,Nyanja_NF_Spk8_U_14239f6387_Utterance_15,nthawi zina cimachedwa copangidwa codabwitsa/cosokonedzetsa cifukwa zodindidwa zace ndi mitundu ndi zinaikidwa mosokoneza/mosasamala,Nyanja_NF_Spk8_U_14239f6387_Utterance_15_850_875.wav,12.635
NF,F,Spk8,U_14239f6387,850_875,Nyanja_NF_Spk8_U_14239f6387_Utterance_16,bwera pita ukanditengere ndalama yosala ya bambo louis ndilinayo bambo,Nyanja_NF_Spk8_U_14239f6387_Utterance_16_850_875.wav,12.635
NF,F,Spk8,U_14239f6387,850_875,Nyanja_NF_Spk8_U_14239f6387_Utterance_17,anandigwiritsa ncito kotheratu anali kufuna kumandimenya tsiku ndi tsiku,Nyanja_NF_Spk8_U_14239f6387_Utterance_17_850_875.wav,12.635
NF,F,Spk8,U_14239f6387,850_875,Nyanja_NF_Spk8_U_14239f6387_Utterance_18,mwamene njira ya cifundo ingapezekele kuli chalichi yoyera/yangwilyo ngakhale kuti anthu osakhulupilira mwa ambuye yesu apezeka komweko,Nyanja_NF_Spk8_U_14239f6387_Utterance_18_850_875.wav,12.635
NF,F,Spk8,U_14239f6387,850_875,Nyanja_NF_Spk8_U_14239f6387_Utterance_19,indetu iye anasautsa mpingo wa ambuye yesu kristu kwa nthawi ya itali,Nyanja_NF_Spk8_U_14239f6387_Utterance_19_850_875.wav,12.635
NF,F,Spk8,U_14239f6387,850_875,Nyanja_NF_Spk8_U_14239f6387_Utterance_20,pamene anayamba kucita zinthu anali kutsogolera yopatulika ya atsilikali oyenda pansi kupitila mu njira yolowera pansi,Nyanja_NF_Spk8_U_14239f6387_Utterance_20_850_875.wav,12.635
NF,F,Spk8,U_14239f6387,850_875,Nyanja_NF_Spk8_U_14239f6387_Utterance_21,ndifuna kusiys zonsezi kotheratu,Nyanja_NF_Spk8_U_14239f6387_Utterance_21_850_875.wav,12.635
NF,F,Spk8,U_14239f6387,850_875,Nyanja_NF_Spk8_U_14239f6387_Utterance_22,kodi sizingatheke kuti zoonekela za mumzinda za bwino zizionekera poyera,Nyanja_NF_Spk8_U_14239f6387_Utterance_22_850_875.wav,12.635
NF,F,Spk8,U_14239f6387,850_875,Nyanja_NF_Spk8_U_14239f6387_Utterance_23,anatero kapitawo donnithrone atakhala pamene anali kukwanitsa kuona  mkanjira kakafupi kamene kanalin kupita kumene anali kusungira mkaka,Nyanja_NF_Spk8_U_14239f6387_Utterance_23_850_875.wav,12.635
NF,F,Spk8,U_14239f6387,850_875,Nyanja_NF_Spk8_U_14239f6387_Utterance_24,tikuganiza kuti kupyolera mu nchito yocepa kapena ubwino tingathe kuthesa cimo,Nyanja_NF_Spk8_U_14239f6387_Utterance_24_850_875.wav,25.49
NF,F,Spk8,U_14239f6387,850_875,Nyanja_NF_Spk8_U_14239f6387_Utterance_25,indetu ndikupita ngati enginiya nanunso mungathe kupita ngati amodzi,Nyanja_NF_Spk8_U_14239f6387_Utterance_25_850_875.wav,25.49
NF,F,Spk6,U_216dcb565a,750_775,Nyanja_NF_Spk6_U_216dcb565a_Utterance_1,obvina nyimbo anayamba ndipo kunveka kwace kunali kokooma kwambiri,Nyanja_NF_Spk6_U_216dcb565a_Utterance_1_750_775.wav,7.46
NF,F,Spk6,U_216dcb565a,750_775,Nyanja_NF_Spk6_U_216dcb565a_Utterance_2,sindine omasuka pa cimeneco kaya nciani sindingathe ndi kubisa komwe,Nyanja_NF_Spk6_U_216dcb565a_Utterance_2_750_775.wav,7.79
NF,F,Spk6,U_216dcb565a,750_775,Nyanja_NF_Spk6_U_216dcb565a_Utterance_3,mbava ya panyanja inati mfumu nandiyangana mwaukali,Nyanja_NF_Spk6_U_216dcb565a_Utterance_3_750_775.wav,7.16
NF,F,Spk6,U_216dcb565a,750_775,Nyanja_NF_Spk6_U_216dcb565a_Utterance_4,mwwaico osalankhula nane pa za momwe muonera zinthu kapena za phindu lace kutsogoro,Nyanja_NF_Spk6_U_216dcb565a_Utterance_4_750_775.wav,9.935
NF,F,Spk6,U_216dcb565a,750_775,Nyanja_NF_Spk6_U_216dcb565a_Utterance_5,mbili yazoona kukhala zinthu zonse zimene onena mbiliyo akumana nazo mu zonse,Nyanja_NF_Spk6_U_216dcb565a_Utterance_5_750_775.wav,9.92
NF,F,Spk6,U_216dcb565a,750_775,Nyanja_NF_Spk6_U_216dcb565a_Utterance_6,kuli mtsikana wina amene akhala akubwera pano kawiri kuti alankhuzane ndi anyamata anga koma ndakana kumlola kucita tero,Nyanja_NF_Spk6_U_216dcb565a_Utterance_6_750_775.wav,13.7
NF,F,Spk6,U_216dcb565a,750_775,Nyanja_NF_Spk6_U_216dcb565a_Utterance_7,kwambiri ndithu iye yekha akuoneka ngati olemekezeka ndiponso ngati mphunzitsi,Nyanja_NF_Spk6_U_216dcb565a_Utterance_7_750_775.wav,7.295
NF,F,Spk6,U_216dcb565a,750_775,Nyanja_NF_Spk6_U_216dcb565a_Utterance_8,tinakhala pamodzi ndi kwa knthawi kakang'ono titadya cakudya ca m'madzulo napita kumbali kwa nyanja,Nyanja_NF_Spk6_U_216dcb565a_Utterance_8_750_775.wav,11.795
NF,F,Spk6,U_216dcb565a,750_775,Nyanja_NF_Spk6_U_216dcb565a_Utterance_9,ndipo anapanga molowetsa nzimbe yace mwapang'ono ca ku holo yabrandon pamaphewa ace,Nyanja_NF_Spk6_U_216dcb565a_Utterance_9_750_775.wav,9.035
NF,F,Spk6,U_216dcb565a,750_775,Nyanja_NF_Spk6_U_216dcb565a_Utterance_10,ndi m'mene mu mphweya mumakhalira itafika ulemelero uyu kuti cikhale cothera,Nyanja_NF_Spk6_U_216dcb565a_Utterance_10_750_775.wav,9.575
NF,F,Spk6,U_216dcb565a,750_775,Nyanja_NF_Spk6_U_216dcb565a_Utterance_11,comela ciliconse mmaudzu cimaikidwa mwaubwino cimakula bwino ndipo cingathe kukhala comwe mukufuna kopanda bvuto lililonse,Nyanja_NF_Spk6_U_216dcb565a_Utterance_11_750_775.wav,17.72
NF,F,Spk6,U_216dcb565a,750_775,Nyanja_NF_Spk6_U_216dcb565a_Utterance_12,nyimbo za lamya yace zinalila mosangalatsa m'matu mwa warrenton ndipo posacedwa cibwenzi cabwino cinayamba pakati pao,Nyanja_NF_Spk6_U_216dcb565a_Utterance_12_750_775.wav,15.185
NF,F,Spk6,U_216dcb565a,750_775,Nyanja_NF_Spk6_U_216dcb565a_Utterance_13,ntaona kuti ndili bwino kwambiri  nanenso ningathe kupita kukaona a mfumu,Nyanja_NF_Spk6_U_216dcb565a_Utterance_13_750_775.wav,7.04
NF,F,Spk6,U_216dcb565a,750_775,Nyanja_NF_Spk6_U_216dcb565a_Utterance_14,pomwepo kwangwala anauluka kuchoka pa msambo anali namthamangila mwansanga-msanga,Nyanja_NF_Spk6_U_216dcb565a_Utterance_14_750_775.wav,12.095
NF,F,Spk6,U_216dcb565a,750_775,Nyanja_NF_Spk6_U_216dcb565a_Utterance_15,kodi cikutanthauza kuti kuthetsa cikondi ikani  pendulous pakati pa zolilitsa ndi zolilitsa,Nyanja_NF_Spk6_U_216dcb565a_Utterance_15_750_775.wav,9.53
NF,F,Spk6,U_216dcb565a,750_775,Nyanja_NF_Spk6_U_216dcb565a_Utterance_16,ndipo ndizapatsa ii lamulo yakuti anthu anga sazausiyani konse,Nyanja_NF_Spk6_U_216dcb565a_Utterance_16_750_775.wav,7.295
NF,F,Spk6,U_216dcb565a,750_775,Nyanja_NF_Spk6_U_216dcb565a_Utterance_17,mocedwa ku mapatsidwe a moni pa calo  mofulumira ndi ngati angelo alankhula,Nyanja_NF_Spk6_U_216dcb565a_Utterance_17_750_775.wav,8.195
NF,F,Spk6,U_216dcb565a,750_775,Nyanja_NF_Spk6_U_216dcb565a_Utterance_18,ndipo muzicitidwe zace zakumathero anagwera mu cimo cakale co zikweza,Nyanja_NF_Spk6_U_216dcb565a_Utterance_18_750_775.wav,9.695
NF,F,Spk6,U_216dcb565a,750_775,Nyanja_NF_Spk6_U_216dcb565a_Utterance_19,kulibe wina osapambana apo amene angakhale nao mpata,Nyanja_NF_Spk6_U_216dcb565a_Utterance_19_750_775.wav,6.35
NF,F,Spk6,U_216dcb565a,750_775,Nyanja_NF_Spk6_U_216dcb565a_Utterance_20,amagwiridzanitsa zinthu zonse ndipo nthawi zina muzandipedza ndikuwaitana kuti odziwa kwambiri za mitundu nthawi zina akatwiri a chiaroscurist,Nyanja_NF_Spk6_U_216dcb565a_Utterance_20_750_775.wav,16.34
NF,F,Spk6,U_216dcb565a,750_775,Nyanja_NF_Spk6_U_216dcb565a_Utterance_21,ma dalaware ndi ana afulu ndipo akupambana mbawala kathamangidwe,Nyanja_NF_Spk6_U_216dcb565a_Utterance_21_750_775.wav,7.94
NF,F,Spk6,U_216dcb565a,750_775,Nyanja_NF_Spk6_U_216dcb565a_Utterance_22,mu mbale momwemo iye anathiramo zinthu kucokera mu zikopo sosiyana-siyana,Nyanja_NF_Spk6_U_216dcb565a_Utterance_22_750_775.wav,8.045
NF,F,Spk6,U_216dcb565a,750_775,Nyanja_NF_Spk6_U_216dcb565a_Utterance_23,tikufunitsitsa kulankhula  naye anatero kenneth lankhulani,Nyanja_NF_Spk6_U_216dcb565a_Utterance_23_750_775.wav,5.915
NF,F,Spk6,U_216dcb565a,750_775,Nyanja_NF_Spk6_U_216dcb565a_Utterance_24,ai bambo akalibe kupita kuli rosseter ku kaona bambo west(madzulo) omwe ndi aphindu kwambiri pa nkhani ya ubweya,Nyanja_NF_Spk6_U_216dcb565a_Utterance_24_750_775.wav,13.325
NF,F,Spk6,U_216dcb565a,750_775,Nyanja_NF_Spk6_U_216dcb565a_Utterance_25,m'mene wa fililira kucookera pamene unabwera kunyumba kunodilakalaka kutikuti ndinali ndi ogwira nchito yothamanga kuti mwina andimweteleko udzu mu ochadi(malo amene mmuli zipatso zosiyana siyana),Nyanja_NF_Spk6_U_216dcb565a_Utterance_25_750_775.wav,24.935
NF,F,Spk6,U_216dcb565a,775_800,Nyanja_NF_Spk6_U_216dcb565a_Utterance_1,mayendedwe amenewa sanali a bambo gamewell acikulile mwana iwe tsiku ino yafika/yaonekera pooyera,Nyanja_NF_Spk6_U_216dcb565a_Utterance_1_775_800.wav,11.0
NF,F,Spk6,U_216dcb565a,775_800,Nyanja_NF_Spk6_U_216dcb565a_Utterance_2,iwo analondola kaidi mnjira zosiyana-siyana zimene zinkanakumana,Nyanja_NF_Spk6_U_216dcb565a_Utterance_2_775_800.wav,9.005
NF,F,Spk6,U_216dcb565a,775_800,Nyanja_NF_Spk6_U_216dcb565a_Utterance_3,atangorowa mu cipinda ca mpeni wa ukulu a boolooroo anakuuwa mosakhutilitsidwa,Nyanja_NF_Spk6_U_216dcb565a_Utterance_3_775_800.wav,10.76
NF,F,Spk6,U_216dcb565a,775_800,Nyanja_NF_Spk6_U_216dcb565a_Utterance_4,atadwala ndi kubvutika okondedwa anabvutika mu maganizo ndipo anaopa kwambiri,Nyanja_NF_Spk6_U_216dcb565a_Utterance_4_775_800.wav,10.265
NF,F,Spk6,U_216dcb565a,775_800,Nyanja_NF_Spk6_U_216dcb565a_Utterance_5,mutu wa kamsikana kamene kanali kusoka ndi cimene cinalengetsa kuti kakhale kofuna kudziwitsitsa.,Nyanja_NF_Spk6_U_216dcb565a_Utterance_5_775_800.wav,10.19
NF,F,Spk6,U_216dcb565a,775_800,Nyanja_NF_Spk6_U_216dcb565a_Utterance_6,izo zinali koma kulila kwa mitengo imene inali kuthonya madzi mumdima,Nyanja_NF_Spk6_U_216dcb565a_Utterance_6_775_800.wav,7.46
NF,F,Spk6,U_216dcb565a,775_800,Nyanja_NF_Spk6_U_216dcb565a_Utterance_7,philipo motero anawerenga mokwanira mu nyumba yosungilamo mabuku yocedwa astor  naganizira pa za kulemba mabuku yowerengedwa yamene yazapangitsa anthu kuonetsa cifunilo cofuna kudziwa ndipo anaonetsadi nzeru zace zakuya,Nyanja_NF_Spk6_U_216dcb565a_Utterance_7_775_800.wav,27.2
NF,F,Spk6,U_216dcb565a,775_800,Nyanja_NF_Spk6_U_216dcb565a_Utterance_8,kukhala tero(ndi moyo) kapena ai iyo ndiyo funso ngati mwina cili coyenera,Nyanja_NF_Spk6_U_216dcb565a_Utterance_8_775_800.wav,8.12
NF,F,Spk6,U_216dcb565a,775_800,Nyanja_NF_Spk6_U_216dcb565a_Utterance_9,robin analowa mnyumba akuguuza ompelekedza amene sanali kufuna,Nyanja_NF_Spk6_U_216dcb565a_Utterance_9_775_800.wav,8.78
NF,F,Spk6,U_216dcb565a,775_800,Nyanja_NF_Spk6_U_216dcb565a_Utterance_10,kodi mwawafunsa amake pa za nchito imene mufuna kumacita kutsogoroku ndikhulupilira nchitoyo ndiyo imene afuna,Nyanja_NF_Spk6_U_216dcb565a_Utterance_10_775_800.wav,12.71
NF,F,Spk6,U_216dcb565a,775_800,Nyanja_NF_Spk6_U_216dcb565a_Utterance_11,mu maganizo anga mwakhala muli cinthu coipa cimene sindinvetsetsa pa ma ndeu a mumabanja,Nyanja_NF_Spk6_U_216dcb565a_Utterance_11_775_800.wav,10.58
NF,F,Spk6,U_216dcb565a,775_800,Nyanja_NF_Spk6_U_216dcb565a_Utterance_12,muzandinyamulako ndi kupita nane pamodzin ndi inu kodi muzatero a gulu locedwa count,Nyanja_NF_Spk6_U_216dcb565a_Utterance_12_775_800.wav,10.805
NF,F,Spk6,U_216dcb565a,775_800,Nyanja_NF_Spk6_U_216dcb565a_Utterance_13,kodi mwina mungakhale odabwa kodi mungathe kuyamba zopanga zanu,Nyanja_NF_Spk6_U_216dcb565a_Utterance_13_775_800.wav,7.175
NF,F,Spk6,U_216dcb565a,775_800,Nyanja_NF_Spk6_U_216dcb565a_Utterance_14,umodzi mwa ife amakhalabe mbwato pamene ena atafika kale ku mtunda,Nyanja_NF_Spk6_U_216dcb565a_Utterance_14_775_800.wav,8.345
NF,F,Spk6,U_216dcb565a,775_800,Nyanja_NF_Spk6_U_216dcb565a_Utterance_15,koma mdima umene utayamba kukula mu cipinda ca sukulu unamubitsa maganizo ace belu inalira,Nyanja_NF_Spk6_U_216dcb565a_Utterance_15_775_800.wav,12.32
NF,F,Spk6,U_216dcb565a,775_800,Nyanja_NF_Spk6_U_216dcb565a_Utterance_16,anapita apo ndi kuli konse atakhutilitsidwa kotheratu,Nyanja_NF_Spk6_U_216dcb565a_Utterance_16_775_800.wav,6.71
NF,F,Spk6,U_216dcb565a,775_800,Nyanja_NF_Spk6_U_216dcb565a_Utterance_17,nafa koma ndikudandaula ndipo palibe amene akunva mau angaaaa,Nyanja_NF_Spk6_U_216dcb565a_Utterance_17_775_800.wav,6.935
NF,F,Spk6,U_216dcb565a,775_800,Nyanja_NF_Spk6_U_216dcb565a_Utterance_18,pa nthawi imeneyo wacinyamata analowa atanyamula cinthu ca cikulu cobitsidwa ndi ka dunswa ka cinthu kobiliwira,Nyanja_NF_Spk6_U_216dcb565a_Utterance_18_775_800.wav,14.285
NF,F,Spk6,U_216dcb565a,775_800,Nyanja_NF_Spk6_U_216dcb565a_Utterance_19,angathe kuunguza/kuonetsetsa ma pepalawa mu ofesi yao,Nyanja_NF_Spk6_U_216dcb565a_Utterance_19_775_800.wav,6.8
NF,F,Spk6,U_216dcb565a,775_800,Nyanja_NF_Spk6_U_216dcb565a_Utterance_20,mphepete mwa ka njira kopita mu mzinda anyamata acicepele ali kusekelera anali kupita,Nyanja_NF_Spk6_U_216dcb565a_Utterance_20_775_800.wav,10.52
NF,F,Spk6,U_216dcb565a,775_800,Nyanja_NF_Spk6_U_216dcb565a_Utterance_21,anaima mwamsanga-msanga ndi kusonyeza cizindikilo ndi ziwalo za thupi lao mozikweza cimene cinalengesa alendo ao kukooka mpweeya modabwa,Nyanja_NF_Spk6_U_216dcb565a_Utterance_21_775_800.wav,17.63
NF,F,Spk6,U_216dcb565a,775_800,Nyanja_NF_Spk6_U_216dcb565a_Utterance_22,koma phindu yace yeni=yeni ndi citonthozo ca mau athu pa macimo ao ndiyotaika pakati pao,Nyanja_NF_Spk6_U_216dcb565a_Utterance_22_775_800.wav,11.54
NF,F,Spk6,U_216dcb565a,775_800,Nyanja_NF_Spk6_U_216dcb565a_Utterance_23,kucokera ku zikwi madzana asanu zapakhosi atatu achimwemwe analowa molondolana,Nyanja_NF_Spk6_U_216dcb565a_Utterance_23_775_800.wav,10.355
NF,F,Spk6,U_216dcb565a,775_800,Nyanja_NF_Spk6_U_216dcb565a_Utterance_24,pamene ninali pafupi kufika ku cipinda cako ndinaonetsetsa/ ndinaunguza-unguza dzenera yako,Nyanja_NF_Spk6_U_216dcb565a_Utterance_24_775_800.wav,10.295
NF,F,Spk6,U_216dcb565a,775_800,Nyanja_NF_Spk6_U_216dcb565a_Utterance_25,kodi ncifukwa ninji tingamaletserana mu m'malo momwe ena mwaife akhala-,Nyanja_NF_Spk6_U_216dcb565a_Utterance_25_775_800.wav,8.975
NF,F,Spk6,U_0d0952ad16,750_775,Nyanja_NF_Spk6_U_0d0952ad16_Utterance_1,obvina nyimbo anayamba ndipo kunveka kwace kunali kokooma kwambiri,Nyanja_NF_Spk6_U_0d0952ad16_Utterance_1_750_775.wav,5.285
NF,F,Spk6,U_0d0952ad16,750_775,Nyanja_NF_Spk6_U_0d0952ad16_Utterance_2,sindine omasuka pa cimeneco kaya nciani sindingathe ndi kubisa komwe,Nyanja_NF_Spk6_U_0d0952ad16_Utterance_2_750_775.wav,5.51
NF,F,Spk6,U_0d0952ad16,750_775,Nyanja_NF_Spk6_U_0d0952ad16_Utterance_3,mbava ya panyanja inati mfumu nandiyangana mwaukali,Nyanja_NF_Spk6_U_0d0952ad16_Utterance_3_750_775.wav,4.58
NF,F,Spk6,U_0d0952ad16,750_775,Nyanja_NF_Spk6_U_0d0952ad16_Utterance_4,mwwaico osalankhula nane pa za momwe muonera zinthu kapena za phindu lace kutsogoro,Nyanja_NF_Spk6_U_0d0952ad16_Utterance_4_750_775.wav,5.886
NF,F,Spk6,U_0d0952ad16,750_775,Nyanja_NF_Spk6_U_0d0952ad16_Utterance_5,mbili yazoona kukhala zinthu zonse zimene onena mbiliyo akumana nazo mu zonse,Nyanja_NF_Spk6_U_0d0952ad16_Utterance_5_750_775.wav,5.399
NF,F,Spk6,U_0d0952ad16,750_775,Nyanja_NF_Spk6_U_0d0952ad16_Utterance_6,kuli mtsikana wina amene akhala akubwera pano kawiri kuti alankhuzane ndi anyamata anga koma ndakana kumlola kucita tero,Nyanja_NF_Spk6_U_0d0952ad16_Utterance_6_750_775.wav,8.195
NF,F,Spk6,U_0d0952ad16,750_775,Nyanja_NF_Spk6_U_0d0952ad16_Utterance_7,kwambiri ndithu iye yekha akuoneka ngati olemekezeka ndiponso ngati mphunzitsi,Nyanja_NF_Spk6_U_0d0952ad16_Utterance_7_750_775.wav,5.93
NF,F,Spk6,U_0d0952ad16,750_775,Nyanja_NF_Spk6_U_0d0952ad16_Utterance_8,tinakhala pamodzi ndi kwa knthawi kakang'ono titadya cakudya ca m'madzulo napita kumbali kwa nyanja,Nyanja_NF_Spk6_U_0d0952ad16_Utterance_8_750_775.wav,7.55
NF,F,Spk6,U_0d0952ad16,750_775,Nyanja_NF_Spk6_U_0d0952ad16_Utterance_9,ndipo anapanga molowetsa nzimbe yace mwapang'ono ca ku holo yabrandon pamaphewa ace,Nyanja_NF_Spk6_U_0d0952ad16_Utterance_9_750_775.wav,7.16
NF,F,Spk6,U_0d0952ad16,750_775,Nyanja_NF_Spk6_U_0d0952ad16_Utterance_10,ndi m'mene mu mphweya mumakhalira itafika ulemelero uyu kuti cikhale cothera,Nyanja_NF_Spk6_U_0d0952ad16_Utterance_10_750_775.wav,6.44
NF,F,Spk6,U_0d0952ad16,750_775,Nyanja_NF_Spk6_U_0d0952ad16_Utterance_11,comela ciliconse mmaudzu cimaikidwa mwaubwino cimakula bwino ndipo cingathe kukhala comwe mukufuna kopanda bvuto lililonse,Nyanja_NF_Spk6_U_0d0952ad16_Utterance_11_750_775.wav,8.568
NF,F,Spk6,U_0d0952ad16,750_775,Nyanja_NF_Spk6_U_0d0952ad16_Utterance_12,nyimbo za lamya yace zinalila mosangalatsa m'matu mwa warrenton ndipo posacedwa cibwenzi cabwino cinayamba pakati pao,Nyanja_NF_Spk6_U_0d0952ad16_Utterance_12_750_775.wav,8.705
NF,F,Spk6,U_0d0952ad16,750_775,Nyanja_NF_Spk6_U_0d0952ad16_Utterance_13,ntaona kuti ndili bwino kwambiri  nanenso ningathe kupita kukaona a mfumu,Nyanja_NF_Spk6_U_0d0952ad16_Utterance_13_750_775.wav,5.72
NF,F,Spk6,U_0d0952ad16,750_775,Nyanja_NF_Spk6_U_0d0952ad16_Utterance_14,pomwepo kwangwala anauluka kuchoka pa msambo anali namthamangila mwansanga-msanga,Nyanja_NF_Spk6_U_0d0952ad16_Utterance_14_750_775.wav,6.215
NF,F,Spk6,U_0d0952ad16,750_775,Nyanja_NF_Spk6_U_0d0952ad16_Utterance_15,kodi cikutanthauza kuti kuthetsa cikondi ikani  pendulous pakati pa zolilitsa ndi zolilitsa,Nyanja_NF_Spk6_U_0d0952ad16_Utterance_15_750_775.wav,6.83
NF,F,Spk6,U_0d0952ad16,750_775,Nyanja_NF_Spk6_U_0d0952ad16_Utterance_16,ndipo ndizapatsa ii lamulo yakuti anthu anga sazausiyani konse,Nyanja_NF_Spk6_U_0d0952ad16_Utterance_16_750_775.wav,5.33
NF,F,Spk6,U_0d0952ad16,750_775,Nyanja_NF_Spk6_U_0d0952ad16_Utterance_17,mocedwa ku mapatsidwe a moni pa calo  mofulumira ndi ngati angelo alankhula,Nyanja_NF_Spk6_U_0d0952ad16_Utterance_17_750_775.wav,6.335
NF,F,Spk6,U_0d0952ad16,750_775,Nyanja_NF_Spk6_U_0d0952ad16_Utterance_18,ndipo muzicitidwe zace zakumathero anagwera mu cimo cakale co zikweza,Nyanja_NF_Spk6_U_0d0952ad16_Utterance_18_750_775.wav,5.015
NF,F,Spk6,U_0d0952ad16,750_775,Nyanja_NF_Spk6_U_0d0952ad16_Utterance_19,kulibe wina osapambana apo amene angakhale nao mpata,Nyanja_NF_Spk6_U_0d0952ad16_Utterance_19_750_775.wav,4.325
NF,F,Spk6,U_0d0952ad16,750_775,Nyanja_NF_Spk6_U_0d0952ad16_Utterance_20,amagwiridzanitsa zinthu zonse ndipo nthawi zina muzandipedza ndikuwaitana kuti odziwa kwambiri za mitundu nthawi zina akatwiri a chiaroscurist,Nyanja_NF_Spk6_U_0d0952ad16_Utterance_20_750_775.wav,12.905
NF,F,Spk6,U_0d0952ad16,750_775,Nyanja_NF_Spk6_U_0d0952ad16_Utterance_21,ma dalaware ndi ana afulu ndipo akupambana mbawala kathamangidwe,Nyanja_NF_Spk6_U_0d0952ad16_Utterance_21_750_775.wav,6.035
NF,F,Spk6,U_0d0952ad16,750_775,Nyanja_NF_Spk6_U_0d0952ad16_Utterance_22,mu mbale momwemo iye anathiramo zinthu kucokera mu zikopo sosiyana-siyana,Nyanja_NF_Spk6_U_0d0952ad16_Utterance_22_750_775.wav,5.149
NF,F,Spk6,U_0d0952ad16,750_775,Nyanja_NF_Spk6_U_0d0952ad16_Utterance_23,tikufunitsitsa kulankhula  naye anatero kenneth lankhulani,Nyanja_NF_Spk6_U_0d0952ad16_Utterance_23_750_775.wav,4.745
NF,F,Spk6,U_0d0952ad16,750_775,Nyanja_NF_Spk6_U_0d0952ad16_Utterance_24,ai bambo akalibe kupita kuli rosseter ku kaona bambo west(madzulo) omwe ndi aphindu kwambiri pa nkhani ya ubweya,Nyanja_NF_Spk6_U_0d0952ad16_Utterance_24_750_775.wav,9.44
NF,F,Spk6,U_0d0952ad16,750_775,Nyanja_NF_Spk6_U_0d0952ad16_Utterance_25,m'mene wa fililira kucookera pamene unabwera kunyumba kunodilakalaka kutikuti ndinali ndi ogwira nchito yothamanga kuti mwina andimweteleko udzu mu ochadi(malo amene mmuli zipatso zosiyana siyana),Nyanja_NF_Spk6_U_0d0952ad16_Utterance_25_750_775.wav,15.245
NF,F,Spk6,U_0d0952ad16,775_800,Nyanja_NF_Spk6_U_0d0952ad16_Utterance_1,mayendedwe amenewa sanali a bambo gamewell acikulile mwana iwe tsiku ino yafika/yaonekera pooyera,Nyanja_NF_Spk6_U_0d0952ad16_Utterance_1_775_800.wav,7.895
NF,F,Spk6,U_0d0952ad16,775_800,Nyanja_NF_Spk6_U_0d0952ad16_Utterance_2,iwo analondola kaidi mnjira zosiyana-siyana zimene zinkanakumana,Nyanja_NF_Spk6_U_0d0952ad16_Utterance_2_775_800.wav,6.005
NF,F,Spk6,U_0d0952ad16,775_800,Nyanja_NF_Spk6_U_0d0952ad16_Utterance_3,atangorowa mu cipinda ca mpeni wa ukulu a boolooroo anakuuwa mosakhutilitsidwa,Nyanja_NF_Spk6_U_0d0952ad16_Utterance_3_775_800.wav,7.955
NF,F,Spk6,U_0d0952ad16,775_800,Nyanja_NF_Spk6_U_0d0952ad16_Utterance_4,atadwala ndi kubvutika okondedwa anabvutika mu maganizo ndipo anaopa kwambiri,Nyanja_NF_Spk6_U_0d0952ad16_Utterance_4_775_800.wav,6.305
NF,F,Spk6,U_0d0952ad16,775_800,Nyanja_NF_Spk6_U_0d0952ad16_Utterance_5,mutu wa kamsikana kamene kanali kusoka ndi cimene cinalengetsa kuti kakhale kofuna kudziwitsitsa.,Nyanja_NF_Spk6_U_0d0952ad16_Utterance_5_775_800.wav,7.22
NF,F,Spk6,U_0d0952ad16,775_800,Nyanja_NF_Spk6_U_0d0952ad16_Utterance_6,izo zinali koma kulila kwa mitengo imene inali kuthonya madzi mumdima,Nyanja_NF_Spk6_U_0d0952ad16_Utterance_6_775_800.wav,5.255
NF,F,Spk6,U_0d0952ad16,775_800,Nyanja_NF_Spk6_U_0d0952ad16_Utterance_7,philipo motero anawerenga mokwanira mu nyumba yosungilamo mabuku yocedwa astor  naganizira pa za kulemba mabuku yowerengedwa yamene yazapangitsa anthu kuonetsa cifunilo cofuna kudziwa ndipo anaonetsadi nzeru zace zakuya,Nyanja_NF_Spk6_U_0d0952ad16_Utterance_7_775_800.wav,16.895
NF,F,Spk6,U_0d0952ad16,775_800,Nyanja_NF_Spk6_U_0d0952ad16_Utterance_8,kukhala tero(ndi moyo) kapena ai iyo ndiyo funso ngati mwina cili coyenera,Nyanja_NF_Spk6_U_0d0952ad16_Utterance_8_775_800.wav,6.395
NF,F,Spk6,U_0d0952ad16,775_800,Nyanja_NF_Spk6_U_0d0952ad16_Utterance_9,robin analowa mnyumba akuguuza ompelekedza amene sanali kufuna,Nyanja_NF_Spk6_U_0d0952ad16_Utterance_9_775_800.wav,5.375
NF,F,Spk6,U_0d0952ad16,775_800,Nyanja_NF_Spk6_U_0d0952ad16_Utterance_10,kodi mwawafunsa amake pa za nchito imene mufuna kumacita kutsogoroku ndikhulupilira nchitoyo ndiyo imene afuna,Nyanja_NF_Spk6_U_0d0952ad16_Utterance_10_775_800.wav,7.775
NF,F,Spk6,U_0d0952ad16,775_800,Nyanja_NF_Spk6_U_0d0952ad16_Utterance_11,mu maganizo anga mwakhala muli cinthu coipa cimene sindinvetsetsa pa ma ndeu a mumabanja,Nyanja_NF_Spk6_U_0d0952ad16_Utterance_11_775_800.wav,6.41
NF,F,Spk6,U_0d0952ad16,775_800,Nyanja_NF_Spk6_U_0d0952ad16_Utterance_12,muzandinyamulako ndi kupita nane pamodzin ndi inu kodi muzatero a gulu locedwa count,Nyanja_NF_Spk6_U_0d0952ad16_Utterance_12_775_800.wav,6.875
NF,F,Spk6,U_0d0952ad16,775_800,Nyanja_NF_Spk6_U_0d0952ad16_Utterance_13,kodi mwina mungakhale odabwa kodi mungathe kuyamba zopanga zanu,Nyanja_NF_Spk6_U_0d0952ad16_Utterance_13_775_800.wav,4.49
NF,F,Spk6,U_0d0952ad16,775_800,Nyanja_NF_Spk6_U_0d0952ad16_Utterance_14,umodzi mwa ife amakhalabe mbwato pamene ena atafika kale ku mtunda,Nyanja_NF_Spk6_U_0d0952ad16_Utterance_14_775_800.wav,6.065
NF,F,Spk6,U_0d0952ad16,775_800,Nyanja_NF_Spk6_U_0d0952ad16_Utterance_15,koma mdima umene utayamba kukula mu cipinda ca sukulu unamubitsa maganizo ace belu inalira,Nyanja_NF_Spk6_U_0d0952ad16_Utterance_15_775_800.wav,7.985
NF,F,Spk6,U_0d0952ad16,775_800,Nyanja_NF_Spk6_U_0d0952ad16_Utterance_16,anapita apo ndi kuli konse atakhutilitsidwa kotheratu,Nyanja_NF_Spk6_U_0d0952ad16_Utterance_16_775_800.wav,4.7
NF,F,Spk6,U_0d0952ad16,775_800,Nyanja_NF_Spk6_U_0d0952ad16_Utterance_17,nafa koma ndikudandaula ndipo palibe amene akunva mau angaaaa,Nyanja_NF_Spk6_U_0d0952ad16_Utterance_17_775_800.wav,5.375
NF,F,Spk6,U_0d0952ad16,775_800,Nyanja_NF_Spk6_U_0d0952ad16_Utterance_18,pa nthawi imeneyo wacinyamata analowa atanyamula cinthu ca cikulu cobitsidwa ndi ka dunswa ka cinthu kobiliwira,Nyanja_NF_Spk6_U_0d0952ad16_Utterance_18_775_800.wav,9.215
NF,F,Spk6,U_0d0952ad16,775_800,Nyanja_NF_Spk6_U_0d0952ad16_Utterance_19,angathe kuunguza/kuonetsetsa ma pepalawa mu ofesi yao,Nyanja_NF_Spk6_U_0d0952ad16_Utterance_19_775_800.wav,4.655
NF,F,Spk6,U_0d0952ad16,775_800,Nyanja_NF_Spk6_U_0d0952ad16_Utterance_20,mphepete mwa ka njira kopita mu mzinda anyamata acicepele ali kusekelera anali kupita,Nyanja_NF_Spk6_U_0d0952ad16_Utterance_20_775_800.wav,7.134
NF,F,Spk6,U_0d0952ad16,775_800,Nyanja_NF_Spk6_U_0d0952ad16_Utterance_21,anaima mwamsanga-msanga ndi kusonyeza cizindikilo ndi ziwalo za thupi lao mozikweza cimene cinalengesa alendo ao kukooka mpweeya modabwa,Nyanja_NF_Spk6_U_0d0952ad16_Utterance_21_775_800.wav,12.08
NF,F,Spk6,U_0d0952ad16,775_800,Nyanja_NF_Spk6_U_0d0952ad16_Utterance_22,koma phindu yace yeni=yeni ndi citonthozo ca mau athu pa macimo ao ndiyotaika pakati pao,Nyanja_NF_Spk6_U_0d0952ad16_Utterance_22_775_800.wav,7.415
NF,F,Spk6,U_0d0952ad16,775_800,Nyanja_NF_Spk6_U_0d0952ad16_Utterance_23,kucokera ku zikwi madzana asanu zapakhosi atatu achimwemwe analowa molondolana,Nyanja_NF_Spk6_U_0d0952ad16_Utterance_23_775_800.wav,6.5
NF,F,Spk6,U_0d0952ad16,775_800,Nyanja_NF_Spk6_U_0d0952ad16_Utterance_24,pamene ninali pafupi kufika ku cipinda cako ndinaonetsetsa/ ndinaunguza-unguza dzenera yako,Nyanja_NF_Spk6_U_0d0952ad16_Utterance_24_775_800.wav,6.935
NF,F,Spk6,U_0d0952ad16,775_800,Nyanja_NF_Spk6_U_0d0952ad16_Utterance_25,kodi ncifukwa ninji tingamaletserana mu m'malo momwe ena mwaife akhala-,Nyanja_NF_Spk6_U_0d0952ad16_Utterance_25_775_800.wav,6.125
NF,F,Spk9,U_85c90b0797,900_925,Nyanja_NF_Spk9_U_85c90b0797_Utterance_1,iye anawelamuka napenya kumene kunali naomi mokaika kucokela pa mbale yace napenyanso [pansi mocedwa moonetsa ukwiyo pa maso,Nyanja_NF_Spk9_U_85c90b0797_Utterance_1_900_925.wav,8.949
NF,F,Spk9,U_85c90b0797,900_925,Nyanja_NF_Spk9_U_85c90b0797_Utterance_2,patsogoro pa sitima ndinasema mutu wace ndi kamwa kotseguka ndi lilime lamphanda litatuluka pabwalo,Nyanja_NF_Spk9_U_85c90b0797_Utterance_2_900_925.wav,12.655
NF,F,Spk9,U_85c90b0797,900_925,Nyanja_NF_Spk9_U_85c90b0797_Utterance_3,unatelo mtengo wa mkuyu kuganizira zomwe anali nazo iye anadzindikila,Nyanja_NF_Spk9_U_85c90b0797_Utterance_3_900_925.wav,16.384
NF,F,Spk9,U_85c90b0797,900_925,Nyanja_NF_Spk9_U_85c90b0797_Utterance_4,ndine okhutilitsidwa ndi zime ndinanena  anatero owerenga,Nyanja_NF_Spk9_U_85c90b0797_Utterance_4_900_925.wav,6.989
NF,F,Spk9,U_85c90b0797,900_925,Nyanja_NF_Spk9_U_85c90b0797_Utterance_5,anaitanitsa nsika z okwanira zisanu ndi imodzi kuti amsatire mu zimene anali kucita ndipo nzikazi zinamsatira zinakonka zofuna zace ndi kumthandiza,Nyanja_NF_Spk9_U_85c90b0797_Utterance_5_900_925.wav,6.92
NF,F,Spk9,U_85c90b0797,900_925,Nyanja_NF_Spk9_U_85c90b0797_Utterance_6,tiyenela kukhala ndi otengako mbali ambiri anatero beti louise akayandikana ndi msuweni wace,Nyanja_NF_Spk9_U_85c90b0797_Utterance_6_900_925.wav,16.44
NF,F,Spk9,U_85c90b0797,900_925,Nyanja_NF_Spk9_U_85c90b0797_Utterance_7,sindili kucionera m'mene muli kucionera inu anatero loya wacikulire,Nyanja_NF_Spk9_U_85c90b0797_Utterance_7_900_925.wav,9.009
NF,F,Spk9,U_85c90b0797,900_925,Nyanja_NF_Spk9_U_85c90b0797_Utterance_8,pa mbale zazikulu za siliva panali ma pilamidi ya zakudya zophikidwandi ma keke ndi vinyo wofilira utanyenzimira itaikidwa mu zonyezimira,Nyanja_NF_Spk9_U_85c90b0797_Utterance_8_900_925.wav,5.84
NF,F,Spk9,U_85c90b0797,900_925,Nyanja_NF_Spk9_U_85c90b0797_Utterance_9,ndithudi maganizo awa anabvutitsa hester prynne mwapang'ono ciyembekezo kopotsa kuzindikira kulakwa kwace,Nyanja_NF_Spk9_U_85c90b0797_Utterance_9_900_925.wav,20.956
NF,F,Spk9,U_85c90b0797,900_925,Nyanja_NF_Spk9_U_85c90b0797_Utterance_10,ndipo bambo ferdinando anatikulibe cake ciliconse koma ayenera kuti apite nanu,Nyanja_NF_Spk9_U_85c90b0797_Utterance_10_900_925.wav,14.234
NF,F,Spk9,U_85c90b0797,900_925,Nyanja_NF_Spk9_U_85c90b0797_Utterance_11,ici calengetsa kuti nditaye ndalama zanga kawili zokwanira ma dola makhumu asaninndi imodzi cifukwa ca mkwiyo,Nyanja_NF_Spk9_U_85c90b0797_Utterance_11_900_925.wav,7.605
NF,F,Spk9,U_85c90b0797,900_925,Nyanja_NF_Spk9_U_85c90b0797_Utterance_12,titayendako mtunda wautali pang'ono mayendedwa a hawkeye amene anatsogolera gulu anakhala adala ndipo osamala ndithu,Nyanja_NF_Spk9_U_85c90b0797_Utterance_12_900_925.wav,0.195
NF,F,Spk9,U_85c90b0797,900_925,Nyanja_NF_Spk9_U_85c90b0797_Utterance_13,mibadwo zimene wanena mobweleza kwa ife kuchokera mu mbiri zako soloni ndi nthano cabe za ana,Nyanja_NF_Spk9_U_85c90b0797_Utterance_13_900_925.wav,9.985
NF,F,Spk9,U_85c90b0797,900_925,Nyanja_NF_Spk9_U_85c90b0797_Utterance_14,cawatengera  nthawi yaitali amai anga kumasitolo kupeza magalasi olingana ndendende ndi  cisote cao,Nyanja_NF_Spk9_U_85c90b0797_Utterance_14_900_925.wav,12.608
NF,F,Spk9,U_85c90b0797,900_925,Nyanja_NF_Spk9_U_85c90b0797_Utterance_15,monsieur anali iye yekha amene sananvetse ciriconse pa nkhani imeneyi,Nyanja_NF_Spk9_U_85c90b0797_Utterance_15_900_925.wav,11.331
NF,F,Spk9,U_85c90b0797,900_925,Nyanja_NF_Spk9_U_85c90b0797_Utterance_16,anandidziwitsa ku alendo ace onse ndipo anandiuza zambiri pali iwo ngati njira yoonetseramo wina mwa onsewo,Nyanja_NF_Spk9_U_85c90b0797_Utterance_16_900_925.wav,10.612
NF,F,Spk9,U_85c90b0797,900_925,Nyanja_NF_Spk9_U_85c90b0797_Utterance_17,ndi cifunilo cabwino kopotsa kotero kuti ndiconvetsa cisoni kuti mayambidwe ace amakhala osakondweretsa poyamba,Nyanja_NF_Spk9_U_85c90b0797_Utterance_17_900_925.wav,14.071
NF,F,Spk9,U_85c90b0797,900_925,Nyanja_NF_Spk9_U_85c90b0797_Utterance_18,ndizaimilila ngati membala woimililako cipani pa tikiti ya republican anatero kenneth,Nyanja_NF_Spk9_U_85c90b0797_Utterance_18_900_925.wav,13.677
NF,F,Spk9,U_85c90b0797,900_925,Nyanja_NF_Spk9_U_85c90b0797_Utterance_19,kodi ziliko kwa ine analankhura sandfodi monyodola,Nyanja_NF_Spk9_U_85c90b0797_Utterance_19_900_925.wav,8.127
NF,F,Spk9,U_85c90b0797,900_925,Nyanja_NF_Spk9_U_85c90b0797_Utterance_20,ndinakusiyani pa kontinent ndipo ndiyenera kukupezani pa chithukuthuku,Nyanja_NF_Spk9_U_85c90b0797_Utterance_20_900_925.wav,12.655
NF,F,Spk9,U_85c90b0797,900_925,Nyanja_NF_Spk9_U_85c90b0797_Utterance_21,atate ako anaganiza mwakanthawi  napenya amako nasekelera,Nyanja_NF_Spk9_U_85c90b0797_Utterance_21_900_925.wav,5.306
NF,F,Spk9,U_85c90b0797,900_925,Nyanja_NF_Spk9_U_85c90b0797_Utterance_22,tinali ndi ma mita m'mene munapezeka mabotolo awiri a zinthub za madzi,Nyanja_NF_Spk9_U_85c90b0797_Utterance_22_900_925.wav,6.211
NF,F,Spk9,U_85c90b0797,900_925,Nyanja_NF_Spk9_U_85c90b0797_Utterance_23,kuli cilankhulo ca mzimai amene ali ndi bvuto ndi a precieuses,Nyanja_NF_Spk9_U_85c90b0797_Utterance_23_900_925.wav,7.442
NF,F,Spk9,U_85c90b0797,900_925,Nyanja_NF_Spk9_U_85c90b0797_Utterance_24,kuli zonse zofunsidwa izi amene anali kuwerenga anafunsa,Nyanja_NF_Spk9_U_85c90b0797_Utterance_24_900_925.wav,7.268
NF,F,Spk9,U_85c90b0797,900_925,Nyanja_NF_Spk9_U_85c90b0797_Utterance_25,ai zikomo ndizangoona phonda (ana) za agalu zimenezo nasiya uthenga pali ana agalu omweo kwa,Nyanja_NF_Spk9_U_85c90b0797_Utterance_25_900_925.wav,6.96
NF,F,Spk9,U_85c90b0797,925_950,Nyanja_NF_Spk9_U_85c90b0797_Utterance_1,ninacita kuwerengamo mosamala kwambiri cifukwa zolembazo zili za zoona,Nyanja_NF_Spk9_U_85c90b0797_Utterance_1_925_950.wav,6.666
NF,F,Spk9,U_85c90b0797,925_950,Nyanja_NF_Spk9_U_85c90b0797_Utterance_2,iye anabwelera atanyamula nsapato zace zo jumpila zimene zipelekedwa monga m'mene mudziwira ndi zinthu zina zace zosongoka kunsiku,Nyanja_NF_Spk9_U_85c90b0797_Utterance_2_925_950.wav,12.515
NF,F,Spk9,U_85c90b0797,925_950,Nyanja_NF_Spk9_U_85c90b0797_Utterance_3,cinthu cokhaco cimene cinali cofunikila cinali kukonza a seth reymolds ndikuyetsetsa kuika moyenera bambo hopings,Nyanja_NF_Spk9_U_85c90b0797_Utterance_3_925_950.wav,13.038
NF,F,Spk9,U_85c90b0797,925_950,Nyanja_NF_Spk9_U_85c90b0797_Utterance_4,kodi ndani mzakoyo amene ali kubudula kono wa manja (zobvara zako) ako,Nyanja_NF_Spk9_U_85c90b0797_Utterance_4_925_950.wav,7.86
NF,F,Spk9,U_85c90b0797,925_950,Nyanja_NF_Spk9_U_85c90b0797_Utterance_5,ambrose anakumana ndi ine munsi mwa matanda okwerera mnyumba nandionetsa njira kumene ca kudya ca m'madzulo cinali kudyedwera,Nyanja_NF_Spk9_U_85c90b0797_Utterance_5_925_950.wav,13.003
NF,F,Spk9,U_85c90b0797,925_950,Nyanja_NF_Spk9_U_85c90b0797_Utterance_6,wina aliyense sangafune kumangoganizira ngati palibe umboni,Nyanja_NF_Spk9_U_85c90b0797_Utterance_6_925_950.wav,4.702
NF,F,Spk9,U_85c90b0797,925_950,Nyanja_NF_Spk9_U_85c90b0797_Utterance_7,anafunsa phronsie mofunitsitsa kudziwa ali kucoka m'manja mwa polli ali kufuna kutseka mbali ya jasper,Nyanja_NF_Spk9_U_85c90b0797_Utterance_7_925_950.wav,8.498
NF,F,Spk9,U_85c90b0797,925_950,Nyanja_NF_Spk9_U_85c90b0797_Utterance_8,ncifukwa ninji tsiku lina m'mawa kunabwere anthu ambviri ndipo anayamba kugwirita nchito mwa ulova,Nyanja_NF_Spk9_U_85c90b0797_Utterance_8_925_950.wav,9.799
NF,F,Spk9,U_85c90b0797,925_950,Nyanja_NF_Spk9_U_85c90b0797_Utterance_9,anali kulankhuzana ndi kalaliki pamene analowa mu holo atamgwira pa dzanja,Nyanja_NF_Spk9_U_85c90b0797_Utterance_9_925_950.wav,6.513
NF,F,Spk9,U_85c90b0797,925_950,Nyanja_NF_Spk9_U_85c90b0797_Utterance_10,olowa mcibwenzi ca banja lathu wa tsopano amene anatenga maganizo anga pomwepo analowa mcipinda,Nyanja_NF_Spk9_U_85c90b0797_Utterance_10_925_950.wav,8.44
NF,F,Spk9,U_85c90b0797,925_950,Nyanja_NF_Spk9_U_85c90b0797_Utterance_11,m'mene sizinayenere kukhalira anayenera kuikidwa ngati mwana wa mfumu wa cimuna pamene anaona cisote cace ca bwino,Nyanja_NF_Spk9_U_85c90b0797_Utterance_11_925_950.wav,8.127
NF,F,Spk9,U_85c90b0797,925_950,Nyanja_NF_Spk9_U_85c90b0797_Utterance_12,sindizagwiritsa ncito zimene ndidziwa mosayenera iye anayankha mosimikidzira ndithu ndikhulupilira inu mfumu yanga,Nyanja_NF_Spk9_U_85c90b0797_Utterance_12_925_950.wav,9.24
NF,F,Spk9,U_85c90b0797,925_950,Nyanja_NF_Spk9_U_85c90b0797_Utterance_13,utsi uli kutuluka ndi mokonzekera zobvuta zakutsogolo sitima inaima nayamba kupita ca kummawa,Nyanja_NF_Spk9_U_85c90b0797_Utterance_13_925_950.wav,8.243
NF,F,Spk9,U_85c90b0797,925_950,Nyanja_NF_Spk9_U_85c90b0797_Utterance_14,izo sizizakhalitsa zizatha ndipo zinthu zizakhala momwe zinalili kale,Nyanja_NF_Spk9_U_85c90b0797_Utterance_14_925_950.wav,6.248
NF,F,Spk9,U_85c90b0797,925_950,Nyanja_NF_Spk9_U_85c90b0797_Utterance_15,kodi simunadabwe nazo onani myenda kangaude m'mene mwaikidwa m'maudzu monsemu,Nyanja_NF_Spk9_U_85c90b0797_Utterance_15_925_950.wav,7.279
NF,F,Spk9,U_85c90b0797,925_950,Nyanja_NF_Spk9_U_85c90b0797_Utterance_16,nthawi imineyo inatilodzera ku dera kumene kunali sitima ya atate ako,Nyanja_NF_Spk9_U_85c90b0797_Utterance_16_925_950.wav,5.619
NF,F,Spk9,U_85c90b0797,925_950,Nyanja_NF_Spk9_U_85c90b0797_Utterance_17,pamene ninaitanidwa  nisananene m'mene nidataila maluwa mwamsangamsanga kapena kuleka kutengako mbali ku ma sewera,Nyanja_NF_Spk9_U_85c90b0797_Utterance_17_925_950.wav,10.611
NF,F,Spk9,U_85c90b0797,925_950,Nyanja_NF_Spk9_U_85c90b0797_Utterance_18,sindikudandaula kuti zikuyenda mocedwa koma kuti nyanjai ndi yaikulu kwabasi,Nyanja_NF_Spk9_U_85c90b0797_Utterance_18_925_950.wav,5.891
NF,F,Spk9,U_85c90b0797,925_950,Nyanja_NF_Spk9_U_85c90b0797_Utterance_19,ndicoyenera kuti acite m'mene ayenera kucita mfumu inatero mokwiiya,Nyanja_NF_Spk9_U_85c90b0797_Utterance_19_925_950.wav,5.958
NF,F,Spk9,U_85c90b0797,925_950,Nyanja_NF_Spk9_U_85c90b0797_Utterance_20,sicinathe kugwedezeka kapena kuyendako mwapang'ono cinali citango imilira njii ngati dzanja la imfa,Nyanja_NF_Spk9_U_85c90b0797_Utterance_20_925_950.wav,7.947
NF,F,Spk9,U_85c90b0797,925_950,Nyanja_NF_Spk9_U_85c90b0797_Utterance_21,oho koma ndine okondwera kuona kuti malo awa atsetsedwa,Nyanja_NF_Spk9_U_85c90b0797_Utterance_21_925_950.wav,4.772
NF,F,Spk9,U_85c90b0797,925_950,Nyanja_NF_Spk9_U_85c90b0797_Utterance_22,atate aja amane ndi osakhulupililika kwa a philipo ali kupita ku za malonda,Nyanja_NF_Spk9_U_85c90b0797_Utterance_22_925_950.wav,5.851
NF,F,Spk9,U_85c90b0797,925_950,Nyanja_NF_Spk9_U_85c90b0797_Utterance_23,macokedwa a anthu kupita kumalo ena kuka khala chirimwe cija  ngakhale  kuti  makamak anthu  anali kucokera ku ngondya za calo zimene zinali zomatsuka kunasintha kwakukulu mphanvu za zipani ziwirizi,Nyanja_NF_Spk9_U_85c90b0797_Utterance_23_925_950.wav,17.891
NF,F,Spk9,U_85c90b0797,925_950,Nyanja_NF_Spk9_U_85c90b0797_Utterance_24,pamenepo mfumukazi sanaikileko wina aliyense nzeru ndipo panalibenso wina aliyense amene anawaikilako nzeru,Nyanja_NF_Spk9_U_85c90b0797_Utterance_24_925_950.wav,9.391
NF,F,Spk9,U_85c90b0797,925_950,Nyanja_NF_Spk9_U_85c90b0797_Utterance_25,inali tsiku yothera mu mwezi wa kapalepale pamene zokonza konza za sitima zidatha,Nyanja_NF_Spk9_U_85c90b0797_Utterance_25_925_950.wav,7.918
NF,F,Spk9,U_ca1545bd97,900_925,Nyanja_NF_Spk9_U_ca1545bd97_Utterance_1,iye anawelamuka napenya kumene kunali naomi mokaika kucokela pa mbale yace napenyanso [pansi mocedwa moonetsa ukwiyo pa maso,Nyanja_NF_Spk9_U_ca1545bd97_Utterance_1_900_925.wav,14.242
NF,F,Spk9,U_ca1545bd97,900_925,Nyanja_NF_Spk9_U_ca1545bd97_Utterance_2,patsogoro pa sitima ndinasema mutu wace ndi kamwa kotseguka ndi lilime lamphanda litatuluka pabwalo,Nyanja_NF_Spk9_U_ca1545bd97_Utterance_2_900_925.wav,14.242
NF,F,Spk9,U_ca1545bd97,900_925,Nyanja_NF_Spk9_U_ca1545bd97_Utterance_3,unatelo mtengo wa mkuyu kuganizira zomwe anali nazo iye anadzindikila,Nyanja_NF_Spk9_U_ca1545bd97_Utterance_3_900_925.wav,9.312
NF,F,Spk9,U_ca1545bd97,900_925,Nyanja_NF_Spk9_U_ca1545bd97_Utterance_4,ndine okhutilitsidwa ndi zime ndinanena  anatero owerenga,Nyanja_NF_Spk9_U_ca1545bd97_Utterance_4_900_925.wav,8.398
NF,F,Spk9,U_ca1545bd97,900_925,Nyanja_NF_Spk9_U_ca1545bd97_Utterance_5,anaitanitsa nsika z okwanira zisanu ndi imodzi kuti amsatire mu zimene anali kucita ndipo nzikazi zinamsatira zinakonka zofuna zace ndi kumthandiza,Nyanja_NF_Spk9_U_ca1545bd97_Utterance_5_900_925.wav,18.906
NF,F,Spk9,U_ca1545bd97,900_925,Nyanja_NF_Spk9_U_ca1545bd97_Utterance_6,tiyenela kukhala ndi otengako mbali ambiri anatero beti louise akayandikana ndi msuweni wace,Nyanja_NF_Spk9_U_ca1545bd97_Utterance_6_900_925.wav,18.906
NF,F,Spk9,U_ca1545bd97,900_925,Nyanja_NF_Spk9_U_ca1545bd97_Utterance_7,sindili kucionera m'mene muli kucionera inu anatero loya wacikulire,Nyanja_NF_Spk9_U_ca1545bd97_Utterance_7_900_925.wav,12.586
NF,F,Spk9,U_ca1545bd97,900_925,Nyanja_NF_Spk9_U_ca1545bd97_Utterance_8,pa mbale zazikulu za siliva panali ma pilamidi ya zakudya zophikidwandi ma keke ndi vinyo wofilira utanyenzimira itaikidwa mu zonyezimira,Nyanja_NF_Spk9_U_ca1545bd97_Utterance_8_900_925.wav,31.47
NF,F,Spk9,U_ca1545bd97,900_925,Nyanja_NF_Spk9_U_ca1545bd97_Utterance_9,ndithudi maganizo awa anabvutitsa hester prynne mwapang'ono ciyembekezo kopotsa kuzindikira kulakwa kwace,Nyanja_NF_Spk9_U_ca1545bd97_Utterance_9_900_925.wav,20.505
NF,F,Spk9,U_ca1545bd97,900_925,Nyanja_NF_Spk9_U_ca1545bd97_Utterance_10,ndipo bambo ferdinando anatikulibe cake ciliconse koma ayenera kuti apite nanu,Nyanja_NF_Spk9_U_ca1545bd97_Utterance_10_900_925.wav,0.0
NF,F,Spk9,U_ca1545bd97,900_925,Nyanja_NF_Spk9_U_ca1545bd97_Utterance_11,ici calengetsa kuti nditaye ndalama zanga kawili zokwanira ma dola makhumu asaninndi imodzi cifukwa ca mkwiyo,Nyanja_NF_Spk9_U_ca1545bd97_Utterance_11_900_925.wav,16.961
NF,F,Spk9,U_ca1545bd97,900_925,Nyanja_NF_Spk9_U_ca1545bd97_Utterance_12,titayendako mtunda wautali pang'ono mayendedwa a hawkeye amene anatsogolera gulu anakhala adala ndipo osamala ndithu,Nyanja_NF_Spk9_U_ca1545bd97_Utterance_12_900_925.wav,17.475
NF,F,Spk9,U_ca1545bd97,900_925,Nyanja_NF_Spk9_U_ca1545bd97_Utterance_13,mibadwo zimene wanena mobweleza kwa ife kuchokera mu mbiri zako soloni ndi nthano cabe za ana,Nyanja_NF_Spk9_U_ca1545bd97_Utterance_13_900_925.wav,15.933
NF,F,Spk9,U_ca1545bd97,900_925,Nyanja_NF_Spk9_U_ca1545bd97_Utterance_14,cawatengera  nthawi yaitali amai anga kumasitolo kupeza magalasi olingana ndendende ndi  cisote cao,Nyanja_NF_Spk9_U_ca1545bd97_Utterance_14_900_925.wav,18.81
NF,F,Spk9,U_ca1545bd97,900_925,Nyanja_NF_Spk9_U_ca1545bd97_Utterance_15,monsieur anali iye yekha amene sananvetse ciriconse pa nkhani imeneyi,Nyanja_NF_Spk9_U_ca1545bd97_Utterance_15_900_925.wav,10.933
NF,F,Spk9,U_ca1545bd97,900_925,Nyanja_NF_Spk9_U_ca1545bd97_Utterance_16,anandidziwitsa ku alendo ace onse ndipo anandiuza zambiri pali iwo ngati njira yoonetseramo wina mwa onsewo,Nyanja_NF_Spk9_U_ca1545bd97_Utterance_16_900_925.wav,19.427
NF,F,Spk9,U_ca1545bd97,900_925,Nyanja_NF_Spk9_U_ca1545bd97_Utterance_17,ndi cifunilo cabwino kopotsa kotero kuti ndiconvetsa cisoni kuti mayambidwe ace amakhala osakondweretsa poyamba,Nyanja_NF_Spk9_U_ca1545bd97_Utterance_17_900_925.wav,16.755
NF,F,Spk9,U_ca1545bd97,900_925,Nyanja_NF_Spk9_U_ca1545bd97_Utterance_18,ndizaimilila ngati membala woimililako cipani pa tikiti ya republican anatero kenneth,Nyanja_NF_Spk9_U_ca1545bd97_Utterance_18_900_925.wav,11.686
NF,F,Spk9,U_ca1545bd97,900_925,Nyanja_NF_Spk9_U_ca1545bd97_Utterance_19,kodi ziliko kwa ine analankhura sandfodi monyodola,Nyanja_NF_Spk9_U_ca1545bd97_Utterance_19_900_925.wav,17.475
NF,F,Spk9,U_ca1545bd97,900_925,Nyanja_NF_Spk9_U_ca1545bd97_Utterance_20,ndinakusiyani pa kontinent ndipo ndiyenera kukupezani pa chithukuthuku,Nyanja_NF_Spk9_U_ca1545bd97_Utterance_20_900_925.wav,11.138
NF,F,Spk9,U_ca1545bd97,900_925,Nyanja_NF_Spk9_U_ca1545bd97_Utterance_21,atate ako anaganiza mwakanthawi  napenya amako nasekelera,Nyanja_NF_Spk9_U_ca1545bd97_Utterance_21_900_925.wav,13.364
NF,F,Spk9,U_ca1545bd97,900_925,Nyanja_NF_Spk9_U_ca1545bd97_Utterance_22,tinali ndi ma mita m'mene munapezeka mabotolo awiri a zinthub za madzi,Nyanja_NF_Spk9_U_ca1545bd97_Utterance_22_900_925.wav,17.475
NF,F,Spk9,U_ca1545bd97,900_925,Nyanja_NF_Spk9_U_ca1545bd97_Utterance_23,kuli cilankhulo ca mzimai amene ali ndi bvuto ndi a precieuses,Nyanja_NF_Spk9_U_ca1545bd97_Utterance_23_900_925.wav,13.81
NF,F,Spk9,U_ca1545bd97,900_925,Nyanja_NF_Spk9_U_ca1545bd97_Utterance_24,kuli zonse zofunsidwa izi amene anali kuwerenga anafunsa,Nyanja_NF_Spk9_U_ca1545bd97_Utterance_24_900_925.wav,10.556
NF,F,Spk9,U_ca1545bd97,900_925,Nyanja_NF_Spk9_U_ca1545bd97_Utterance_25,ai zikomo ndizangoona phonda (ana) za agalu zimenezo nasiya uthenga pali ana agalu omweo kwa,Nyanja_NF_Spk9_U_ca1545bd97_Utterance_25_900_925.wav,17.475
NF,F,Spk9,U_ca1545bd97,925_950,Nyanja_NF_Spk9_U_ca1545bd97_Utterance_1,ninacita kuwerengamo mosamala kwambiri cifukwa zolembazo zili za zoona,Nyanja_NF_Spk9_U_ca1545bd97_Utterance_1_925_950.wav,9.988
NF,F,Spk9,U_ca1545bd97,925_950,Nyanja_NF_Spk9_U_ca1545bd97_Utterance_2,iye anabwelera atanyamula nsapato zace zo jumpila zimene zipelekedwa monga m'mene mudziwira ndi zinthu zina zace zosongoka kunsiku,Nyanja_NF_Spk9_U_ca1545bd97_Utterance_2_925_950.wav,22.818
NF,F,Spk9,U_ca1545bd97,925_950,Nyanja_NF_Spk9_U_ca1545bd97_Utterance_3,cinthu cokhaco cimene cinali cofunikila cinali kukonza a seth reymolds ndikuyetsetsa kuika moyenera bambo hopings,Nyanja_NF_Spk9_U_ca1545bd97_Utterance_3_925_950.wav,22.612
NF,F,Spk9,U_ca1545bd97,925_950,Nyanja_NF_Spk9_U_ca1545bd97_Utterance_4,kodi ndani mzakoyo amene ali kubudula kono wa manja (zobvara zako) ako,Nyanja_NF_Spk9_U_ca1545bd97_Utterance_4_925_950.wav,12.577
NF,F,Spk9,U_ca1545bd97,925_950,Nyanja_NF_Spk9_U_ca1545bd97_Utterance_5,ambrose anakumana ndi ine munsi mwa matanda okwerera mnyumba nandionetsa njira kumene ca kudya ca m'madzulo cinali kudyedwera,Nyanja_NF_Spk9_U_ca1545bd97_Utterance_5_925_950.wav,24.29
NF,F,Spk9,U_ca1545bd97,925_950,Nyanja_NF_Spk9_U_ca1545bd97_Utterance_6,wina aliyense sangafune kumangoganizira ngati palibe umboni,Nyanja_NF_Spk9_U_ca1545bd97_Utterance_6_925_950.wav,11.525
NF,F,Spk9,U_ca1545bd97,925_950,Nyanja_NF_Spk9_U_ca1545bd97_Utterance_7,anafunsa phronsie mofunitsitsa kudziwa ali kucoka m'manja mwa polli ali kufuna kutseka mbali ya jasper,Nyanja_NF_Spk9_U_ca1545bd97_Utterance_7_925_950.wav,13.981
NF,F,Spk9,U_ca1545bd97,925_950,Nyanja_NF_Spk9_U_ca1545bd97_Utterance_8,ncifukwa ninji tsiku lina m'mawa kunabwere anthu ambviri ndipo anayamba kugwirita nchito mwa ulova,Nyanja_NF_Spk9_U_ca1545bd97_Utterance_8_925_950.wav,15.831
NF,F,Spk9,U_ca1545bd97,925_950,Nyanja_NF_Spk9_U_ca1545bd97_Utterance_9,anali kulankhuzana ndi kalaliki pamene analowa mu holo atamgwira pa dzanja,Nyanja_NF_Spk9_U_ca1545bd97_Utterance_9_925_950.wav,12.611
NF,F,Spk9,U_ca1545bd97,925_950,Nyanja_NF_Spk9_U_ca1545bd97_Utterance_10,olowa mcibwenzi ca banja lathu wa tsopano amene anatenga maganizo anga pomwepo analowa mcipinda,Nyanja_NF_Spk9_U_ca1545bd97_Utterance_10_925_950.wav,16.584
NF,F,Spk9,U_ca1545bd97,925_950,Nyanja_NF_Spk9_U_ca1545bd97_Utterance_11,m'mene sizinayenere kukhalira anayenera kuikidwa ngati mwana wa mfumu wa cimuna pamene anaona cisote cace ca bwino,Nyanja_NF_Spk9_U_ca1545bd97_Utterance_11_925_950.wav,19.187
NF,F,Spk9,U_ca1545bd97,925_950,Nyanja_NF_Spk9_U_ca1545bd97_Utterance_12,sindizagwiritsa ncito zimene ndidziwa mosayenera iye anayankha mosimikidzira ndithu ndikhulupilira inu mfumu yanga,Nyanja_NF_Spk9_U_ca1545bd97_Utterance_12_925_950.wav,21.071
NF,F,Spk9,U_ca1545bd97,925_950,Nyanja_NF_Spk9_U_ca1545bd97_Utterance_13,utsi uli kutuluka ndi mokonzekera zobvuta zakutsogolo sitima inaima nayamba kupita ca kummawa,Nyanja_NF_Spk9_U_ca1545bd97_Utterance_13_925_950.wav,17.611
NF,F,Spk9,U_ca1545bd97,925_950,Nyanja_NF_Spk9_U_ca1545bd97_Utterance_14,izo sizizakhalitsa zizatha ndipo zinthu zizakhala momwe zinalili kale,Nyanja_NF_Spk9_U_ca1545bd97_Utterance_14_925_950.wav,10.933
NF,F,Spk9,U_ca1545bd97,925_950,Nyanja_NF_Spk9_U_ca1545bd97_Utterance_15,kodi simunadabwe nazo onani myenda kangaude m'mene mwaikidwa m'maudzu monsemu,Nyanja_NF_Spk9_U_ca1545bd97_Utterance_15_925_950.wav,16.892
NF,F,Spk9,U_ca1545bd97,925_950,Nyanja_NF_Spk9_U_ca1545bd97_Utterance_16,nthawi imineyo inatilodzera ku dera kumene kunali sitima ya atate ako,Nyanja_NF_Spk9_U_ca1545bd97_Utterance_16_925_950.wav,11.481
NF,F,Spk9,U_ca1545bd97,925_950,Nyanja_NF_Spk9_U_ca1545bd97_Utterance_17,pamene ninaitanidwa  nisananene m'mene nidataila maluwa mwamsangamsanga kapena kuleka kutengako mbali ku ma sewera,Nyanja_NF_Spk9_U_ca1545bd97_Utterance_17_925_950.wav,25.455
NF,F,Spk9,U_ca1545bd97,925_950,Nyanja_NF_Spk9_U_ca1545bd97_Utterance_18,sindikudandaula kuti zikuyenda mocedwa koma kuti nyanjai ndi yaikulu kwabasi,Nyanja_NF_Spk9_U_ca1545bd97_Utterance_18_925_950.wav,15.008
NF,F,Spk9,U_ca1545bd97,925_950,Nyanja_NF_Spk9_U_ca1545bd97_Utterance_19,ndicoyenera kuti acite m'mene ayenera kucita mfumu inatero mokwiiya,Nyanja_NF_Spk9_U_ca1545bd97_Utterance_19_925_950.wav,12.611
NF,F,Spk9,U_ca1545bd97,925_950,Nyanja_NF_Spk9_U_ca1545bd97_Utterance_20,sicinathe kugwedezeka kapena kuyendako mwapang'ono cinali citango imilira njii ngati dzanja la imfa,Nyanja_NF_Spk9_U_ca1545bd97_Utterance_20_925_950.wav,17.68
NF,F,Spk9,U_ca1545bd97,925_950,Nyanja_NF_Spk9_U_ca1545bd97_Utterance_21,oho koma ndine okondwera kuona kuti malo awa atsetsedwa,Nyanja_NF_Spk9_U_ca1545bd97_Utterance_21_925_950.wav,9.7
NF,F,Spk9,U_ca1545bd97,925_950,Nyanja_NF_Spk9_U_ca1545bd97_Utterance_22,atate aja amane ndi osakhulupililika kwa a philipo ali kupita ku za malonda,Nyanja_NF_Spk9_U_ca1545bd97_Utterance_22_925_950.wav,13.673
NF,F,Spk9,U_ca1545bd97,925_950,Nyanja_NF_Spk9_U_ca1545bd97_Utterance_23,macokedwa a anthu kupita kumalo ena kuka khala chirimwe cija  ngakhale  kuti  makamak anthu  anali kucokera ku ngondya za calo zimene zinali zomatsuka kunasintha kwakukulu mphanvu za zipani ziwirizi,Nyanja_NF_Spk9_U_ca1545bd97_Utterance_23_925_950.wav,13.673
NF,F,Spk9,U_ca1545bd97,925_950,Nyanja_NF_Spk9_U_ca1545bd97_Utterance_24,pamenepo mfumukazi sanaikileko wina aliyense nzeru ndipo panalibenso wina aliyense amene anawaikilako nzeru,Nyanja_NF_Spk9_U_ca1545bd97_Utterance_24_925_950.wav,20.352
NF,F,Spk9,U_ca1545bd97,925_950,Nyanja_NF_Spk9_U_ca1545bd97_Utterance_25,inali tsiku yothera mu mwezi wa kapalepale pamene zokonza konza za sitima zidatha,Nyanja_NF_Spk9_U_ca1545bd97_Utterance_25_925_950.wav,15.728
NF,F,Spk1,U_f43f790962,500_525,Nyanja_NF_Spk1_U_f43f790962_Utterance_1,otsogolera ndi mfumu ya cipolowe ophunzitsidwa nchito wa nottingham ataunga makofi ace anaophyeza montfichet,Nyanja_NF_Spk1_U_f43f790962_Utterance_1_500_525.wav,13.64
NF,F,Spk1,U_f43f790962,500_525,Nyanja_NF_Spk1_U_f43f790962_Utterance_2,pamene bwato lathu linali kuyenda zinthu zimene zimazunguluka kunsi kwace zinapanga nyimboyi ndi kuiimba m'madzi,Nyanja_NF_Spk1_U_f43f790962_Utterance_2_500_525.wav,10.94
NF,F,Spk1,U_f43f790962,500_525,Nyanja_NF_Spk1_U_f43f790962_Utterance_3,ndilibe cobvala ciliconse anayankha mzimai wozicepetsa uja,Nyanja_NF_Spk1_U_f43f790962_Utterance_3_500_525.wav,6.005
NF,F,Spk1,U_f43f790962,500_525,Nyanja_NF_Spk1_U_f43f790962_Utterance_4,servadaki anazitenga mwa masewela kuti a dobryna anali kufuna kuikamo,Nyanja_NF_Spk1_U_f43f790962_Utterance_4_500_525.wav,7.07
NF,F,Spk1,U_f43f790962,500_525,Nyanja_NF_Spk1_U_f43f790962_Utterance_5,zoipa zace za kugwiritsidwa nchito kopita patsogoro ndi kusagwiritsidwa nchito kwa zisulo,Nyanja_NF_Spk1_U_f43f790962_Utterance_5_500_525.wav,7.58
NF,F,Spk1,U_f43f790962,500_525,Nyanja_NF_Spk1_U_f43f790962_Utterance_6,ndipo mulungu atate maene anamuutsa kwa akufa,Nyanja_NF_Spk1_U_f43f790962_Utterance_6_500_525.wav,4.55
NF,F,Spk1,U_f43f790962,500_525,Nyanja_NF_Spk1_U_f43f790962_Utterance_7,ndipo ndinabwelera nitakalipilidwa kotheratu nizatenga za munjira yoipa zambiri katatu kupotsa zomwe ndagwiritsa nchito,Nyanja_NF_Spk1_U_f43f790962_Utterance_7_500_525.wav,1.655
NF,F,Spk1,U_f43f790962,500_525,Nyanja_NF_Spk1_U_f43f790962_Utterance_8,mwina cinali coyenera kusakufunsani ngati molly anali pano popeza kuti ine ndikumbukira kuti inu simukonda zophikaphika za cizungu,Nyanja_NF_Spk1_U_f43f790962_Utterance_8_500_525.wav,11.27
NF,F,Spk1,U_f43f790962,500_525,Nyanja_NF_Spk1_U_f43f790962_Utterance_9,azoimba imba ogwilira nchito pamodzi kucokera ku maiko onsewa anaimba nyimbo ndipo cakudya cotsekemera ca m' madzulo (mgonero) cinaperekedwa,Nyanja_NF_Spk1_U_f43f790962_Utterance_9_500_525.wav,16.7
NF,F,Spk1,U_f43f790962,500_525,Nyanja_NF_Spk1_U_f43f790962_Utterance_10,iyo ndiyo njira kuli inu iyo ndiye njira imene mufuna nonsenu kutipa healongs kuonongeka,Nyanja_NF_Spk1_U_f43f790962_Utterance_10_500_525.wav,9.065
NF,F,Spk1,U_f43f790962,500_525,Nyanja_NF_Spk1_U_f43f790962_Utterance_11,anali kubvutikilabe ku msokonezo wace wa m'mene anali kucitira zinthu nthawi zonse mwan kacetecete,Nyanja_NF_Spk1_U_f43f790962_Utterance_11_500_525.wav,9.74
NF,F,Spk1,U_f43f790962,500_525,Nyanja_NF_Spk1_U_f43f790962_Utterance_12,maka-maka zipangidwa kucokera ku kuika pamodzi kwa zithunzithunzi zopangidwa kuubwana,Nyanja_NF_Spk1_U_f43f790962_Utterance_12_500_525.wav,8.21
NF,F,Spk1,U_f43f790962,500_525,Nyanja_NF_Spk1_U_f43f790962_Utterance_13,ndizoonekeratu kuti munthu ndiye colankhulidwa ku zinthu zosiyana-siyana,Nyanja_NF_Spk1_U_f43f790962_Utterance_13_500_525.wav,6.965
NF,F,Spk1,U_f43f790962,500_525,Nyanja_NF_Spk1_U_f43f790962_Utterance_14,milligram amene thupi lao ndi lolemela ma kilogilamu okewanira 128 ooo,Nyanja_NF_Spk1_U_f43f790962_Utterance_14_500_525.wav,8.615
NF,F,Spk1,U_f43f790962,500_525,Nyanja_NF_Spk1_U_f43f790962_Utterance_15,koma nkhani imeneyi izakambidwa bwino ndithu titaona pa makhalidwa ya anthu a mitundu yonse(ubadwe) ya anthu,Nyanja_NF_Spk1_U_f43f790962_Utterance_15_500_525.wav,11.555
NF,F,Spk1,U_f43f790962,500_525,Nyanja_NF_Spk1_U_f43f790962_Utterance_16,eliza anatseka citseko kumbuyo kwace ndi cifuniro coti aigunditse mwadala ndipo kiyi inagwirana ndi citseko,Nyanja_NF_Spk1_U_f43f790962_Utterance_16_500_525.wav,12.545
NF,F,Spk1,U_f43f790962,500_525,Nyanja_NF_Spk1_U_f43f790962_Utterance_17,ndife okhutilitsidwa ndithu tsopano anatelo kapitawo battleax anatero akazi anga,Nyanja_NF_Spk1_U_f43f790962_Utterance_17_500_525.wav,9.485
NF,F,Spk1,U_f43f790962,500_525,Nyanja_NF_Spk1_U_f43f790962_Utterance_18,ndizapangitsa kuti iwe usandulize mu ci fulunchi ndipo  siuyenera kuopa ngati mwina ndakupeza ndi bvuto,Nyanja_NF_Spk1_U_f43f790962_Utterance_18_500_525.wav,11.03
NF,F,Spk1,U_f43f790962,500_525,Nyanja_NF_Spk1_U_f43f790962_Utterance_19,ndipo unabweleranso mosasamala kwambiri koma izo sizinasinthe ciliconse,Nyanja_NF_Spk1_U_f43f790962_Utterance_19_500_525.wav,7.67
NF,F,Spk1,U_f43f790962,500_525,Nyanja_NF_Spk1_U_f43f790962_Utterance_20,mu dziko lino ndicodziwikilatu kuti kacipinda ka panja ca kunyumba ya malamulo kudulikila mwinanso kulibeali ndi mwai,Nyanja_NF_Spk1_U_f43f790962_Utterance_20_500_525.wav,11.675
NF,F,Spk1,U_f43f790962,500_525,Nyanja_NF_Spk1_U_f43f790962_Utterance_21,ai ndakuyamikilani ndine wokondwera pokupatsani cimwemwe cotere mosabvutikila,Nyanja_NF_Spk1_U_f43f790962_Utterance_21_500_525.wav,8.84
NF,F,Spk1,U_f43f790962,500_525,Nyanja_NF_Spk1_U_f43f790962_Utterance_22,izo ndizo ufuna kumacita eti,Nyanja_NF_Spk1_U_f43f790962_Utterance_22_500_525.wav,3.515
NF,F,Spk1,U_f43f790962,500_525,Nyanja_NF_Spk1_U_f43f790962_Utterance_23,mzimai osadziwika uja ndi zonena zace za kumtima zimene zinanenedwa mwacangu anaopyeza onsewo,Nyanja_NF_Spk1_U_f43f790962_Utterance_23_500_525.wav,9.86
NF,F,Spk1,U_f43f790962,500_525,Nyanja_NF_Spk1_U_f43f790962_Utterance_24,ndine wotopa kwambiri kumanghokhala nekha pano,Nyanja_NF_Spk1_U_f43f790962_Utterance_24_500_525.wav,4.64
NF,F,Spk1,U_f43f790962,500_525,Nyanja_NF_Spk1_U_f43f790962_Utterance_25,zambiri monga za mutu wa buku la m'mbaibulo yocedwa episikopo tsopano pakubwera moni wa atumwi mzera wa citatu,Nyanja_NF_Spk1_U_f43f790962_Utterance_25_500_525.wav,13.37
NF,F,Spk1,U_f43f790962,525_550,Nyanja_NF_Spk1_U_f43f790962_Utterance_1,sitizalankhulanso pa iye ngati inu simukufuna indetu,Nyanja_NF_Spk1_U_f43f790962_Utterance_1_525_550.wav,6.32
NF,F,Spk1,U_f43f790962,525_550,Nyanja_NF_Spk1_U_f43f790962_Utterance_2,njira zako lute zimandiyetsa konenetsa ndi azibale ako onse,Nyanja_NF_Spk1_U_f43f790962_Utterance_2_525_550.wav,7.31
NF,F,Spk1,U_f43f790962,525_550,Nyanja_NF_Spk1_U_f43f790962_Utterance_3,tacokelra kumalo oziimilila okha opambana malo ano oziimilila okha,Nyanja_NF_Spk1_U_f43f790962_Utterance_3_525_550.wav,7.76
NF,F,Spk1,U_f43f790962,525_550,Nyanja_NF_Spk1_U_f43f790962_Utterance_4,popanda ma buku ace olembamo zinthu zithunzi-thunzi makemiko ace ndi maonekedwe/mabvalidwe ace osaoneka bwino akunyumba anali munthu osamasuka bwino,Nyanja_NF_Spk1_U_f43f790962_Utterance_4_525_550.wav,15.17
NF,F,Spk1,U_f43f790962,525_550,Nyanja_NF_Spk1_U_f43f790962_Utterance_5,munny ine tould ike ndifuna kucita mu nkhokwe kwa tonny kukaona a whittawd,Nyanja_NF_Spk1_U_f43f790962_Utterance_5_525_550.wav,8.48
NF,F,Spk1,U_f43f790962,525_550,Nyanja_NF_Spk1_U_f43f790962_Utterance_6,anandikondweretsa ine cifukwa cokhala munthu wa cikhulupiliro kwambiri,Nyanja_NF_Spk1_U_f43f790962_Utterance_6_525_550.wav,6.68
NF,F,Spk1,U_f43f790962,525_550,Nyanja_NF_Spk1_U_f43f790962_Utterance_7,ndipo kulibe nzeru za kale zimene ziyenera kutengedwa kupyolera mu kumanva cizolowezi cokha,Nyanja_NF_Spk1_U_f43f790962_Utterance_7_525_550.wav,10.04
NF,F,Spk1,U_f43f790962,525_550,Nyanja_NF_Spk1_U_f43f790962_Utterance_8,pearl anabadwa okanidwa mu calo ca ana ang'ono-ang'ono,Nyanja_NF_Spk1_U_f43f790962_Utterance_8_525_550.wav,5.69
NF,F,Spk1,U_f43f790962,525_550,Nyanja_NF_Spk1_U_f43f790962_Utterance_9,jaki azakhala mwamuna wa eva osangalala ndipo angakhale pakati pa zinchito zimene calo cifunitsitsa,Nyanja_NF_Spk1_U_f43f790962_Utterance_9_525_550.wav,10.28
NF,F,Spk1,U_f43f790962,525_550,Nyanja_NF_Spk1_U_f43f790962_Utterance_10,nciani cimene ndinamuuza bambo kodi ndili ndi mwai wapadera kuti ndingathe kukuonani,Nyanja_NF_Spk1_U_f43f790962_Utterance_10_525_550.wav,10.37
NF,F,Spk1,U_f43f790962,525_550,Nyanja_NF_Spk1_U_f43f790962_Utterance_11,anakhala pansi ali wodabwa/wosokonezeka m'maganizo ndipo cinthu cimozi anali kuganizapo kopotsa cinali zola,Nyanja_NF_Spk1_U_f43f790962_Utterance_11_525_550.wav,11.81
NF,F,Spk1,U_f43f790962,525_550,Nyanja_NF_Spk1_U_f43f790962_Utterance_12,magome anaikidwa pa maudzu  ndipo cakudya cokoma cinali pafupi kuikidwapo,Nyanja_NF_Spk1_U_f43f790962_Utterance_12_525_550.wav,8.885
NF,F,Spk1,U_f43f790962,525_550,Nyanja_NF_Spk1_U_f43f790962_Utterance_13,cobitsira pa gome ndicolinga coti pathumecopangidwa ndi zidunswa za nsalu zosiyana mitundu zitasokedwa bwino zonse,Nyanja_NF_Spk1_U_f43f790962_Utterance_13_525_550.wav,16.28
NF,F,Spk1,U_f43f790962,525_550,Nyanja_NF_Spk1_U_f43f790962_Utterance_14,koma cimpalangondo m'malo moti amverele anakhalilila pa mpando umene anakhala nayamba kulila,Nyanja_NF_Spk1_U_f43f790962_Utterance_14_525_550.wav,9.47
NF,F,Spk1,U_f43f790962,525_550,Nyanja_NF_Spk1_U_f43f790962_Utterance_15,ndine wamtali tsopano ndipo misambo zanga ndizogawanitsika monga m'mene zinalili zija zimene zinatengedwa caka chatha oo,Nyanja_NF_Spk1_U_f43f790962_Utterance_15_525_550.wav,11.69
NF,F,Spk1,U_f43f790962,525_550,Nyanja_NF_Spk1_U_f43f790962_Utterance_16,koma philippo ndi wacilungamo ndipo ali ndi luso yokwanira ngati anghathe kuleka kulemba--lemba pofuna kupeza njira yace,Nyanja_NF_Spk1_U_f43f790962_Utterance_16_525_550.wav,12.485
NF,F,Spk1,U_f43f790962,525_550,Nyanja_NF_Spk1_U_f43f790962_Utterance_17,anaimililabe motsutsana ndi ziimene anali kunena(kumunamidzira) nayankha zonena zao mozemba mogwiritsa nchito mau ofewa,Nyanja_NF_Spk1_U_f43f790962_Utterance_17_525_550.wav,15.2
NF,F,Spk1,U_f43f790962,525_550,Nyanja_NF_Spk1_U_f43f790962_Utterance_18,cingakhale coneka ngati mwina nsomba ya ukulu wotere inali cakudya cokwanira ndithu,Nyanja_NF_Spk1_U_f43f790962_Utterance_18_525_550.wav,9.545
NF,F,Spk1,U_f43f790962,525_550,Nyanja_NF_Spk1_U_f43f790962_Utterance_19,pulumutsa mtima wakowo ku zobvuto zimene zimabwera utakhala mu cikondi ndi mzimai amene amuna ace anamwalira,Nyanja_NF_Spk1_U_f43f790962_Utterance_19_525_550.wav,13.265
NF,F,Spk1,U_f43f790962,525_550,Nyanja_NF_Spk1_U_f43f790962_Utterance_20,ndipo zisakhileni nokha kunyamuka mwamsanga kapena kucedwako pang'ono,Nyanja_NF_Spk1_U_f43f790962_Utterance_20_525_550.wav,6.155
NF,F,Spk1,U_f43f790962,525_550,Nyanja_NF_Spk1_U_f43f790962_Utterance_21,ndipo anasamila ku cipupa atatsowa mu mapempero,Nyanja_NF_Spk1_U_f43f790962_Utterance_21_525_550.wav,5.27
NF,F,Spk1,U_f43f790962,525_550,Nyanja_NF_Spk1_U_f43f790962_Utterance_22,koma ndakhala ndikucita zimenezi mwakanthawi pa nthawi zina,Nyanja_NF_Spk1_U_f43f790962_Utterance_22_525_550.wav,5.84
NF,F,Spk1,U_f43f790962,525_550,Nyanja_NF_Spk1_U_f43f790962_Utterance_23,inde koma ico ndico ubwinoo wace wa zofuna zace,Nyanja_NF_Spk1_U_f43f790962_Utterance_23_525_550.wav,5.165
NF,F,Spk1,U_f43f790962,525_550,Nyanja_NF_Spk1_U_f43f790962_Utterance_24,coyamba ca zopeza zathu zimene zili zosamveka bwino koma zosatsutsika ndi cakuti kuli kudziwa za kale,Nyanja_NF_Spk1_U_f43f790962_Utterance_24_525_550.wav,11.12
NF,F,Spk1,U_f43f790962,525_550,Nyanja_NF_Spk1_U_f43f790962_Utterance_25,nga ndi zaichthyosaurus kodi abwelera ku mphako yace ya kumadzi,Nyanja_NF_Spk1_U_f43f790962_Utterance_25_525_550.wav,7.82
NF,F,Spk1,U_374afe899a,500_525,Nyanja_NF_Spk1_U_374afe899a_Utterance_1,otsogolera ndi mfumu ya cipolowe ophunzitsidwa nchito wa nottingham ataunga makofi ace anaophyeza montfichet,Nyanja_NF_Spk1_U_374afe899a_Utterance_1_500_525.wav,11.15
NF,F,Spk1,U_374afe899a,500_525,Nyanja_NF_Spk1_U_374afe899a_Utterance_2,pamene bwato lathu linali kuyenda zinthu zimene zimazunguluka kunsi kwace zinapanga nyimboyi ndi kuiimba m'madzi,Nyanja_NF_Spk1_U_374afe899a_Utterance_2_500_525.wav,11.69
NF,F,Spk1,U_374afe899a,500_525,Nyanja_NF_Spk1_U_374afe899a_Utterance_3,ndilibe cobvala ciliconse anayankha mzimai wozicepetsa uja,Nyanja_NF_Spk1_U_374afe899a_Utterance_3_500_525.wav,7.355
NF,F,Spk1,U_374afe899a,500_525,Nyanja_NF_Spk1_U_374afe899a_Utterance_4,servadaki anazitenga mwa masewela kuti a dobryna anali kufuna kuikamo,Nyanja_NF_Spk1_U_374afe899a_Utterance_4_500_525.wav,8.585
NF,F,Spk1,U_374afe899a,500_525,Nyanja_NF_Spk1_U_374afe899a_Utterance_5,zoipa zace za kugwiritsidwa nchito kopita patsogoro ndi kusagwiritsidwa nchito kwa zisulo,Nyanja_NF_Spk1_U_374afe899a_Utterance_5_500_525.wav,9.545
NF,F,Spk1,U_374afe899a,500_525,Nyanja_NF_Spk1_U_374afe899a_Utterance_6,ndipo mulungu atate maene anamuutsa kwa akufa,Nyanja_NF_Spk1_U_374afe899a_Utterance_6_500_525.wav,6.62
NF,F,Spk1,U_374afe899a,500_525,Nyanja_NF_Spk1_U_374afe899a_Utterance_7,ndipo ndinabwelera nitakalipilidwa kotheratu nizatenga za munjira yoipa zambiri katatu kupotsa zomwe ndagwiritsa nchito,Nyanja_NF_Spk1_U_374afe899a_Utterance_7_500_525.wav,15.605
NF,F,Spk1,U_374afe899a,500_525,Nyanja_NF_Spk1_U_374afe899a_Utterance_8,mwina cinali coyenera kusakufunsani ngati molly anali pano popeza kuti ine ndikumbukira kuti inu simukonda zophikaphika za cizungu,Nyanja_NF_Spk1_U_374afe899a_Utterance_8_500_525.wav,12.965
NF,F,Spk1,U_374afe899a,500_525,Nyanja_NF_Spk1_U_374afe899a_Utterance_9,azoimba imba ogwilira nchito pamodzi kucokera ku maiko onsewa anaimba nyimbo ndipo cakudya cotsekemera ca m' madzulo (mgonero) cinaperekedwa,Nyanja_NF_Spk1_U_374afe899a_Utterance_9_500_525.wav,17.705
NF,F,Spk1,U_374afe899a,500_525,Nyanja_NF_Spk1_U_374afe899a_Utterance_10,iyo ndiyo njira kuli inu iyo ndiye njira imene mufuna nonsenu kutipa healongs kuonongeka,Nyanja_NF_Spk1_U_374afe899a_Utterance_10_500_525.wav,10.715
NF,F,Spk1,U_374afe899a,500_525,Nyanja_NF_Spk1_U_374afe899a_Utterance_11,anali kubvutikilabe ku msokonezo wace wa m'mene anali kucitira zinthu nthawi zonse mwan kacetecete,Nyanja_NF_Spk1_U_374afe899a_Utterance_11_500_525.wav,12.005
NF,F,Spk1,U_374afe899a,500_525,Nyanja_NF_Spk1_U_374afe899a_Utterance_12,maka-maka zipangidwa kucokera ku kuika pamodzi kwa zithunzithunzi zopangidwa kuubwana,Nyanja_NF_Spk1_U_374afe899a_Utterance_12_500_525.wav,12.065
NF,F,Spk1,U_374afe899a,500_525,Nyanja_NF_Spk1_U_374afe899a_Utterance_13,ndizoonekeratu kuti munthu ndiye colankhulidwa ku zinthu zosiyana-siyana,Nyanja_NF_Spk1_U_374afe899a_Utterance_13_500_525.wav,7.97
NF,F,Spk1,U_374afe899a,500_525,Nyanja_NF_Spk1_U_374afe899a_Utterance_14,milligram amene thupi lao ndi lolemela ma kilogilamu okewanira 128 ooo,Nyanja_NF_Spk1_U_374afe899a_Utterance_14_500_525.wav,9.605
NF,F,Spk1,U_374afe899a,500_525,Nyanja_NF_Spk1_U_374afe899a_Utterance_15,koma nkhani imeneyi izakambidwa bwino ndithu titaona pa makhalidwa ya anthu a mitundu yonse(ubadwe) ya anthu,Nyanja_NF_Spk1_U_374afe899a_Utterance_15_500_525.wav,13.34
NF,F,Spk1,U_374afe899a,500_525,Nyanja_NF_Spk1_U_374afe899a_Utterance_16,eliza anatseka citseko kumbuyo kwace ndi cifuniro coti aigunditse mwadala ndipo kiyi inagwirana ndi citseko,Nyanja_NF_Spk1_U_374afe899a_Utterance_16_500_525.wav,12.215
NF,F,Spk1,U_374afe899a,500_525,Nyanja_NF_Spk1_U_374afe899a_Utterance_17,ndife okhutilitsidwa ndithu tsopano anatelo kapitawo battleax anatero akazi anga,Nyanja_NF_Spk1_U_374afe899a_Utterance_17_500_525.wav,10.595
NF,F,Spk1,U_374afe899a,500_525,Nyanja_NF_Spk1_U_374afe899a_Utterance_18,ndizapangitsa kuti iwe usandulize mu ci fulunchi ndipo  siuyenera kuopa ngati mwina ndakupeza ndi bvuto,Nyanja_NF_Spk1_U_374afe899a_Utterance_18_500_525.wav,11.285
NF,F,Spk1,U_374afe899a,500_525,Nyanja_NF_Spk1_U_374afe899a_Utterance_19,ndipo unabweleranso mosasamala kwambiri koma izo sizinasinthe ciliconse,Nyanja_NF_Spk1_U_374afe899a_Utterance_19_500_525.wav,8.315
NF,F,Spk1,U_374afe899a,500_525,Nyanja_NF_Spk1_U_374afe899a_Utterance_20,mu dziko lino ndicodziwikilatu kuti kacipinda ka panja ca kunyumba ya malamulo kudulikila mwinanso kulibeali ndi mwai,Nyanja_NF_Spk1_U_374afe899a_Utterance_20_500_525.wav,14.645
NF,F,Spk1,U_374afe899a,500_525,Nyanja_NF_Spk1_U_374afe899a_Utterance_21,ai ndakuyamikilani ndine wokondwera pokupatsani cimwemwe cotere mosabvutikila,Nyanja_NF_Spk1_U_374afe899a_Utterance_21_500_525.wav,9.53
NF,F,Spk1,U_374afe899a,500_525,Nyanja_NF_Spk1_U_374afe899a_Utterance_22,izo ndizo ufuna kumacita eti,Nyanja_NF_Spk1_U_374afe899a_Utterance_22_500_525.wav,3.71
NF,F,Spk1,U_374afe899a,500_525,Nyanja_NF_Spk1_U_374afe899a_Utterance_23,mzimai osadziwika uja ndi zonena zace za kumtima zimene zinanenedwa mwacangu anaopyeza onsewo,Nyanja_NF_Spk1_U_374afe899a_Utterance_23_500_525.wav,11.18
NF,F,Spk1,U_374afe899a,500_525,Nyanja_NF_Spk1_U_374afe899a_Utterance_24,ndine wotopa kwambiri kumanghokhala nekha pano,Nyanja_NF_Spk1_U_374afe899a_Utterance_24_500_525.wav,6.05
NF,F,Spk1,U_374afe899a,500_525,Nyanja_NF_Spk1_U_374afe899a_Utterance_25,zambiri monga za mutu wa buku la m'mbaibulo yocedwa episikopo tsopano pakubwera moni wa atumwi mzera wa citatu,Nyanja_NF_Spk1_U_374afe899a_Utterance_25_500_525.wav,14.255
NF,F,Spk1,U_374afe899a,525_550,Nyanja_NF_Spk1_U_374afe899a_Utterance_1,sitizalankhulanso pa iye ngati inu simukufuna indetu,Nyanja_NF_Spk1_U_374afe899a_Utterance_1_525_550.wav,5.93
NF,F,Spk1,U_374afe899a,525_550,Nyanja_NF_Spk1_U_374afe899a_Utterance_2,njira zako lute zimandiyetsa konenetsa ndi azibale ako onse,Nyanja_NF_Spk1_U_374afe899a_Utterance_2_525_550.wav,8.09
NF,F,Spk1,U_374afe899a,525_550,Nyanja_NF_Spk1_U_374afe899a_Utterance_3,tacokelra kumalo oziimilila okha opambana malo ano oziimilila okha,Nyanja_NF_Spk1_U_374afe899a_Utterance_3_525_550.wav,7.73
NF,F,Spk1,U_374afe899a,525_550,Nyanja_NF_Spk1_U_374afe899a_Utterance_4,popanda ma buku ace olembamo zinthu zithunzi-thunzi makemiko ace ndi maonekedwe/mabvalidwe ace osaoneka bwino akunyumba anali munthu osamasuka bwino,Nyanja_NF_Spk1_U_374afe899a_Utterance_4_525_550.wav,15.425
NF,F,Spk1,U_374afe899a,525_550,Nyanja_NF_Spk1_U_374afe899a_Utterance_5,munny ine tould ike ndifuna kucita mu nkhokwe kwa tonny kukaona a whittawd,Nyanja_NF_Spk1_U_374afe899a_Utterance_5_525_550.wav,7.805
NF,F,Spk1,U_374afe899a,525_550,Nyanja_NF_Spk1_U_374afe899a_Utterance_6,anandikondweretsa ine cifukwa cokhala munthu wa cikhulupiliro kwambiri,Nyanja_NF_Spk1_U_374afe899a_Utterance_6_525_550.wav,7.13
NF,F,Spk1,U_374afe899a,525_550,Nyanja_NF_Spk1_U_374afe899a_Utterance_7,ndipo kulibe nzeru za kale zimene ziyenera kutengedwa kupyolera mu kumanva cizolowezi cokha,Nyanja_NF_Spk1_U_374afe899a_Utterance_7_525_550.wav,10.025
NF,F,Spk1,U_374afe899a,525_550,Nyanja_NF_Spk1_U_374afe899a_Utterance_8,pearl anabadwa okanidwa mu calo ca ana ang'ono-ang'ono,Nyanja_NF_Spk1_U_374afe899a_Utterance_8_525_550.wav,5.945
NF,F,Spk1,U_374afe899a,525_550,Nyanja_NF_Spk1_U_374afe899a_Utterance_9,jaki azakhala mwamuna wa eva osangalala ndipo angakhale pakati pa zinchito zimene calo cifunitsitsa,Nyanja_NF_Spk1_U_374afe899a_Utterance_9_525_550.wav,10.925
NF,F,Spk1,U_374afe899a,525_550,Nyanja_NF_Spk1_U_374afe899a_Utterance_10,nciani cimene ndinamuuza bambo kodi ndili ndi mwai wapadera kuti ndingathe kukuonani,Nyanja_NF_Spk1_U_374afe899a_Utterance_10_525_550.wav,9.95
NF,F,Spk1,U_374afe899a,525_550,Nyanja_NF_Spk1_U_374afe899a_Utterance_11,anakhala pansi ali wodabwa/wosokonezeka m'maganizo ndipo cinthu cimozi anali kuganizapo kopotsa cinali zola,Nyanja_NF_Spk1_U_374afe899a_Utterance_11_525_550.wav,10.61
NF,F,Spk1,U_374afe899a,525_550,Nyanja_NF_Spk1_U_374afe899a_Utterance_12,magome anaikidwa pa maudzu  ndipo cakudya cokoma cinali pafupi kuikidwapo,Nyanja_NF_Spk1_U_374afe899a_Utterance_12_525_550.wav,8.795
NF,F,Spk1,U_374afe899a,525_550,Nyanja_NF_Spk1_U_374afe899a_Utterance_13,cobitsira pa gome ndicolinga coti pathumecopangidwa ndi zidunswa za nsalu zosiyana mitundu zitasokedwa bwino zonse,Nyanja_NF_Spk1_U_374afe899a_Utterance_13_525_550.wav,11.39
NF,F,Spk1,U_374afe899a,525_550,Nyanja_NF_Spk1_U_374afe899a_Utterance_14,koma cimpalangondo m'malo moti amverele anakhalilila pa mpando umene anakhala nayamba kulila,Nyanja_NF_Spk1_U_374afe899a_Utterance_14_525_550.wav,9.215
NF,F,Spk1,U_374afe899a,525_550,Nyanja_NF_Spk1_U_374afe899a_Utterance_15,ndine wamtali tsopano ndipo misambo zanga ndizogawanitsika monga m'mene zinalili zija zimene zinatengedwa caka chatha oo,Nyanja_NF_Spk1_U_374afe899a_Utterance_15_525_550.wav,12.005
NF,F,Spk1,U_374afe899a,525_550,Nyanja_NF_Spk1_U_374afe899a_Utterance_16,koma philippo ndi wacilungamo ndipo ali ndi luso yokwanira ngati anghathe kuleka kulemba--lemba pofuna kupeza njira yace,Nyanja_NF_Spk1_U_374afe899a_Utterance_16_525_550.wav,11.105
NF,F,Spk1,U_374afe899a,525_550,Nyanja_NF_Spk1_U_374afe899a_Utterance_17,anaimililabe motsutsana ndi ziimene anali kunena(kumunamidzira) nayankha zonena zao mozemba mogwiritsa nchito mau ofewa,Nyanja_NF_Spk1_U_374afe899a_Utterance_17_525_550.wav,12.59
NF,F,Spk1,U_374afe899a,525_550,Nyanja_NF_Spk1_U_374afe899a_Utterance_18,cingakhale coneka ngati mwina nsomba ya ukulu wotere inali cakudya cokwanira ndithu,Nyanja_NF_Spk1_U_374afe899a_Utterance_18_525_550.wav,8.855
NF,F,Spk1,U_374afe899a,525_550,Nyanja_NF_Spk1_U_374afe899a_Utterance_19,pulumutsa mtima wakowo ku zobvuto zimene zimabwera utakhala mu cikondi ndi mzimai amene amuna ace anamwalira,Nyanja_NF_Spk1_U_374afe899a_Utterance_19_525_550.wav,10.805
NF,F,Spk1,U_374afe899a,525_550,Nyanja_NF_Spk1_U_374afe899a_Utterance_20,ndipo zisakhileni nokha kunyamuka mwamsanga kapena kucedwako pang'ono,Nyanja_NF_Spk1_U_374afe899a_Utterance_20_525_550.wav,7.235
NF,F,Spk1,U_374afe899a,525_550,Nyanja_NF_Spk1_U_374afe899a_Utterance_21,ndipo anasamila ku cipupa atatsowa mu mapempero,Nyanja_NF_Spk1_U_374afe899a_Utterance_21_525_550.wav,5.525
NF,F,Spk1,U_374afe899a,525_550,Nyanja_NF_Spk1_U_374afe899a_Utterance_22,koma ndakhala ndikucita zimenezi mwakanthawi pa nthawi zina,Nyanja_NF_Spk1_U_374afe899a_Utterance_22_525_550.wav,5.6
NF,F,Spk1,U_374afe899a,525_550,Nyanja_NF_Spk1_U_374afe899a_Utterance_23,inde koma ico ndico ubwinoo wace wa zofuna zace,Nyanja_NF_Spk1_U_374afe899a_Utterance_23_525_550.wav,5.285
NF,F,Spk1,U_374afe899a,525_550,Nyanja_NF_Spk1_U_374afe899a_Utterance_24,coyamba ca zopeza zathu zimene zili zosamveka bwino koma zosatsutsika ndi cakuti kuli kudziwa za kale,Nyanja_NF_Spk1_U_374afe899a_Utterance_24_525_550.wav,10.805
NF,F,Spk1,U_374afe899a,525_550,Nyanja_NF_Spk1_U_374afe899a_Utterance_25,nga ndi zaichthyosaurus kodi abwelera ku mphako yace ya kumadzi,Nyanja_NF_Spk1_U_374afe899a_Utterance_25_525_550.wav,6.425
NF,F,Spk1,U_ed08d811af,500_525,Nyanja_NF_Spk1_U_ed08d811af_Utterance_1,otsogolera ndi mfumu ya cipolowe ophunzitsidwa nchito wa nottingham ataunga makofi ace anaophyeza montfichet,Nyanja_NF_Spk1_U_ed08d811af_Utterance_1_500_525.wav,10.61
NF,F,Spk1,U_ed08d811af,500_525,Nyanja_NF_Spk1_U_ed08d811af_Utterance_2,pamene bwato lathu linali kuyenda zinthu zimene zimazunguluka kunsi kwace zinapanga nyimboyi ndi kuiimba m'madzi,Nyanja_NF_Spk1_U_ed08d811af_Utterance_2_500_525.wav,10.61
NF,F,Spk1,U_ed08d811af,500_525,Nyanja_NF_Spk1_U_ed08d811af_Utterance_3,ndilibe cobvala ciliconse anayankha mzimai wozicepetsa uja,Nyanja_NF_Spk1_U_ed08d811af_Utterance_3_500_525.wav,10.61
NF,F,Spk1,U_ed08d811af,500_525,Nyanja_NF_Spk1_U_ed08d811af_Utterance_4,servadaki anazitenga mwa masewela kuti a dobryna anali kufuna kuikamo,Nyanja_NF_Spk1_U_ed08d811af_Utterance_4_500_525.wav,5.6
NF,F,Spk1,U_ed08d811af,500_525,Nyanja_NF_Spk1_U_ed08d811af_Utterance_5,zoipa zace za kugwiritsidwa nchito kopita patsogoro ndi kusagwiritsidwa nchito kwa zisulo,Nyanja_NF_Spk1_U_ed08d811af_Utterance_5_500_525.wav,7.505
NF,F,Spk1,U_ed08d811af,500_525,Nyanja_NF_Spk1_U_ed08d811af_Utterance_6,ndipo mulungu atate maene anamuutsa kwa akufa,Nyanja_NF_Spk1_U_ed08d811af_Utterance_6_500_525.wav,4.098
NF,F,Spk1,U_ed08d811af,500_525,Nyanja_NF_Spk1_U_ed08d811af_Utterance_7,ndipo ndinabwelera nitakalipilidwa kotheratu nizatenga za munjira yoipa zambiri katatu kupotsa zomwe ndagwiritsa nchito,Nyanja_NF_Spk1_U_ed08d811af_Utterance_7_500_525.wav,14.547
NF,F,Spk1,U_ed08d811af,500_525,Nyanja_NF_Spk1_U_ed08d811af_Utterance_8,mwina cinali coyenera kusakufunsani ngati molly anali pano popeza kuti ine ndikumbukira kuti inu simukonda zophikaphika za cizungu,Nyanja_NF_Spk1_U_ed08d811af_Utterance_8_500_525.wav,11.852
NF,F,Spk1,U_ed08d811af,500_525,Nyanja_NF_Spk1_U_ed08d811af_Utterance_9,azoimba imba ogwilira nchito pamodzi kucokera ku maiko onsewa anaimba nyimbo ndipo cakudya cotsekemera ca m' madzulo (mgonero) cinaperekedwa,Nyanja_NF_Spk1_U_ed08d811af_Utterance_9_500_525.wav,11.662
NF,F,Spk1,U_ed08d811af,500_525,Nyanja_NF_Spk1_U_ed08d811af_Utterance_10,iyo ndiyo njira kuli inu iyo ndiye njira imene mufuna nonsenu kutipa healongs kuonongeka,Nyanja_NF_Spk1_U_ed08d811af_Utterance_10_500_525.wav,9.89
NF,F,Spk1,U_ed08d811af,500_525,Nyanja_NF_Spk1_U_ed08d811af_Utterance_11,anali kubvutikilabe ku msokonezo wace wa m'mene anali kucitira zinthu nthawi zonse mwan kacetecete,Nyanja_NF_Spk1_U_ed08d811af_Utterance_11_500_525.wav,10.739
NF,F,Spk1,U_ed08d811af,500_525,Nyanja_NF_Spk1_U_ed08d811af_Utterance_12,maka-maka zipangidwa kucokera ku kuika pamodzi kwa zithunzithunzi zopangidwa kuubwana,Nyanja_NF_Spk1_U_ed08d811af_Utterance_12_500_525.wav,11.516
NF,F,Spk1,U_ed08d811af,500_525,Nyanja_NF_Spk1_U_ed08d811af_Utterance_13,ndizoonekeratu kuti munthu ndiye colankhulidwa ku zinthu zosiyana-siyana,Nyanja_NF_Spk1_U_ed08d811af_Utterance_13_500_525.wav,11.516
NF,F,Spk1,U_ed08d811af,500_525,Nyanja_NF_Spk1_U_ed08d811af_Utterance_14,milligram amene thupi lao ndi lolemela ma kilogilamu okewanira 128 ooo,Nyanja_NF_Spk1_U_ed08d811af_Utterance_14_500_525.wav,6.575
NF,F,Spk1,U_ed08d811af,500_525,Nyanja_NF_Spk1_U_ed08d811af_Utterance_15,koma nkhani imeneyi izakambidwa bwino ndithu titaona pa makhalidwa ya anthu a mitundu yonse(ubadwe) ya anthu,Nyanja_NF_Spk1_U_ed08d811af_Utterance_15_500_525.wav,9.427
NF,F,Spk1,U_ed08d811af,500_525,Nyanja_NF_Spk1_U_ed08d811af_Utterance_16,eliza anatseka citseko kumbuyo kwace ndi cifuniro coti aigunditse mwadala ndipo kiyi inagwirana ndi citseko,Nyanja_NF_Spk1_U_ed08d811af_Utterance_16_500_525.wav,9.636
NF,F,Spk1,U_ed08d811af,500_525,Nyanja_NF_Spk1_U_ed08d811af_Utterance_17,ndife okhutilitsidwa ndithu tsopano anatelo kapitawo battleax anatero akazi anga,Nyanja_NF_Spk1_U_ed08d811af_Utterance_17_500_525.wav,7.767
NF,F,Spk1,U_ed08d811af,500_525,Nyanja_NF_Spk1_U_ed08d811af_Utterance_18,ndizapangitsa kuti iwe usandulize mu ci fulunchi ndipo  siuyenera kuopa ngati mwina ndakupeza ndi bvuto,Nyanja_NF_Spk1_U_ed08d811af_Utterance_18_500_525.wav,8.963
NF,F,Spk1,U_ed08d811af,500_525,Nyanja_NF_Spk1_U_ed08d811af_Utterance_19,ndipo unabweleranso mosasamala kwambiri koma izo sizinasinthe ciliconse,Nyanja_NF_Spk1_U_ed08d811af_Utterance_19_500_525.wav,6.246
NF,F,Spk1,U_ed08d811af,500_525,Nyanja_NF_Spk1_U_ed08d811af_Utterance_20,mu dziko lino ndicodziwikilatu kuti kacipinda ka panja ca kunyumba ya malamulo kudulikila mwinanso kulibeali ndi mwai,Nyanja_NF_Spk1_U_ed08d811af_Utterance_20_500_525.wav,11.378
NF,F,Spk1,U_ed08d811af,500_525,Nyanja_NF_Spk1_U_ed08d811af_Utterance_21,ai ndakuyamikilani ndine wokondwera pokupatsani cimwemwe cotere mosabvutikila,Nyanja_NF_Spk1_U_ed08d811af_Utterance_21_500_525.wav,6.316
NF,F,Spk1,U_ed08d811af,500_525,Nyanja_NF_Spk1_U_ed08d811af_Utterance_22,izo ndizo ufuna kumacita eti,Nyanja_NF_Spk1_U_ed08d811af_Utterance_22_500_525.wav,2.868
NF,F,Spk1,U_ed08d811af,500_525,Nyanja_NF_Spk1_U_ed08d811af_Utterance_23,mzimai osadziwika uja ndi zonena zace za kumtima zimene zinanenedwa mwacangu anaopyeza onsewo,Nyanja_NF_Spk1_U_ed08d811af_Utterance_23_500_525.wav,12.864
NF,F,Spk1,U_ed08d811af,500_525,Nyanja_NF_Spk1_U_ed08d811af_Utterance_24,ndine wotopa kwambiri kumanghokhala nekha pano,Nyanja_NF_Spk1_U_ed08d811af_Utterance_24_500_525.wav,4.168
NF,F,Spk1,U_ed08d811af,500_525,Nyanja_NF_Spk1_U_ed08d811af_Utterance_25,zambiri monga za mutu wa buku la m'mbaibulo yocedwa episikopo tsopano pakubwera moni wa atumwi mzera wa citatu,Nyanja_NF_Spk1_U_ed08d811af_Utterance_25_500_525.wav,11.656
NF,F,Spk1,U_ed08d811af,525_550,Nyanja_NF_Spk1_U_ed08d811af_Utterance_1,sitizalankhulanso pa iye ngati inu simukufuna indetu,Nyanja_NF_Spk1_U_ed08d811af_Utterance_1_525_550.wav,4.841
NF,F,Spk1,U_ed08d811af,525_550,Nyanja_NF_Spk1_U_ed08d811af_Utterance_2,njira zako lute zimandiyetsa konenetsa ndi azibale ako onse,Nyanja_NF_Spk1_U_ed08d811af_Utterance_2_525_550.wav,5.979
NF,F,Spk1,U_ed08d811af,525_550,Nyanja_NF_Spk1_U_ed08d811af_Utterance_3,tacokelra kumalo oziimilila okha opambana malo ano oziimilila okha,Nyanja_NF_Spk1_U_ed08d811af_Utterance_3_525_550.wav,8.282
NF,F,Spk1,U_ed08d811af,525_550,Nyanja_NF_Spk1_U_ed08d811af_Utterance_4,popanda ma buku ace olembamo zinthu zithunzi-thunzi makemiko ace ndi maonekedwe/mabvalidwe ace osaoneka bwino akunyumba anali munthu osamasuka bwino,Nyanja_NF_Spk1_U_ed08d811af_Utterance_4_525_550.wav,20.492
NF,F,Spk1,U_ed08d811af,525_550,Nyanja_NF_Spk1_U_ed08d811af_Utterance_5,munny ine tould ike ndifuna kucita mu nkhokwe kwa tonny kukaona a whittawd,Nyanja_NF_Spk1_U_ed08d811af_Utterance_5_525_550.wav,9.253
NF,F,Spk1,U_ed08d811af,525_550,Nyanja_NF_Spk1_U_ed08d811af_Utterance_6,anandikondweretsa ine cifukwa cokhala munthu wa cikhulupiliro kwambiri,Nyanja_NF_Spk1_U_ed08d811af_Utterance_6_525_550.wav,5.457
NF,F,Spk1,U_ed08d811af,525_550,Nyanja_NF_Spk1_U_ed08d811af_Utterance_7,ndipo kulibe nzeru za kale zimene ziyenera kutengedwa kupyolera mu kumanva cizolowezi cokha,Nyanja_NF_Spk1_U_ed08d811af_Utterance_7_525_550.wav,12.411
NF,F,Spk1,U_ed08d811af,525_550,Nyanja_NF_Spk1_U_ed08d811af_Utterance_8,pearl anabadwa okanidwa mu calo ca ana ang'ono-ang'ono,Nyanja_NF_Spk1_U_ed08d811af_Utterance_8_525_550.wav,7.907
NF,F,Spk1,U_ed08d811af,525_550,Nyanja_NF_Spk1_U_ed08d811af_Utterance_9,jaki azakhala mwamuna wa eva osangalala ndipo angakhale pakati pa zinchito zimene calo cifunitsitsa,Nyanja_NF_Spk1_U_ed08d811af_Utterance_9_525_550.wav,12.713
NF,F,Spk1,U_ed08d811af,525_550,Nyanja_NF_Spk1_U_ed08d811af_Utterance_10,nciani cimene ndinamuuza bambo kodi ndili ndi mwai wapadera kuti ndingathe kukuonani,Nyanja_NF_Spk1_U_ed08d811af_Utterance_10_525_550.wav,9.149
NF,F,Spk1,U_ed08d811af,525_550,Nyanja_NF_Spk1_U_ed08d811af_Utterance_11,anakhala pansi ali wodabwa/wosokonezeka m'maganizo ndipo cinthu cimozi anali kuganizapo kopotsa cinali zola,Nyanja_NF_Spk1_U_ed08d811af_Utterance_11_525_550.wav,11.535
NF,F,Spk1,U_ed08d811af,525_550,Nyanja_NF_Spk1_U_ed08d811af_Utterance_12,magome anaikidwa pa maudzu  ndipo cakudya cokoma cinali pafupi kuikidwapo,Nyanja_NF_Spk1_U_ed08d811af_Utterance_12_525_550.wav,9.323
NF,F,Spk1,U_ed08d811af,525_550,Nyanja_NF_Spk1_U_ed08d811af_Utterance_13,cobitsira pa gome ndicolinga coti pathumecopangidwa ndi zidunswa za nsalu zosiyana mitundu zitasokedwa bwino zonse,Nyanja_NF_Spk1_U_ed08d811af_Utterance_13_525_550.wav,16.207
NF,F,Spk1,U_ed08d811af,525_550,Nyanja_NF_Spk1_U_ed08d811af_Utterance_14,koma cimpalangondo m'malo moti amverele anakhalilila pa mpando umene anakhala nayamba kulila,Nyanja_NF_Spk1_U_ed08d811af_Utterance_14_525_550.wav,12.492
NF,F,Spk1,U_ed08d811af,525_550,Nyanja_NF_Spk1_U_ed08d811af_Utterance_15,ndine wamtali tsopano ndipo misambo zanga ndizogawanitsika monga m'mene zinalili zija zimene zinatengedwa caka chatha oo,Nyanja_NF_Spk1_U_ed08d811af_Utterance_15_525_550.wav,14.153
NF,F,Spk1,U_ed08d811af,525_550,Nyanja_NF_Spk1_U_ed08d811af_Utterance_16,koma philippo ndi wacilungamo ndipo ali ndi luso yokwanira ngati anghathe kuleka kulemba--lemba pofuna kupeza njira yace,Nyanja_NF_Spk1_U_ed08d811af_Utterance_16_525_550.wav,14.612
NF,F,Spk1,U_ed08d811af,525_550,Nyanja_NF_Spk1_U_ed08d811af_Utterance_17,anaimililabe motsutsana ndi ziimene anali kunena(kumunamidzira) nayankha zonena zao mozemba mogwiritsa nchito mau ofewa,Nyanja_NF_Spk1_U_ed08d811af_Utterance_17_525_550.wav,22.407
NF,F,Spk1,U_ed08d811af,525_550,Nyanja_NF_Spk1_U_ed08d811af_Utterance_18,cingakhale coneka ngati mwina nsomba ya ukulu wotere inali cakudya cokwanira ndithu,Nyanja_NF_Spk1_U_ed08d811af_Utterance_18_525_550.wav,11.273
NF,F,Spk1,U_ed08d811af,525_550,Nyanja_NF_Spk1_U_ed08d811af_Utterance_19,pulumutsa mtima wakowo ku zobvuto zimene zimabwera utakhala mu cikondi ndi mzimai amene amuna ace anamwalira,Nyanja_NF_Spk1_U_ed08d811af_Utterance_19_525_550.wav,16.358
NF,F,Spk1,U_ed08d811af,525_550,Nyanja_NF_Spk1_U_ed08d811af_Utterance_20,ndipo zisakhileni nokha kunyamuka mwamsanga kapena kucedwako pang'ono,Nyanja_NF_Spk1_U_ed08d811af_Utterance_20_525_550.wav,6.838
NF,F,Spk1,U_ed08d811af,525_550,Nyanja_NF_Spk1_U_ed08d811af_Utterance_21,ndipo anasamila ku cipupa atatsowa mu mapempero,Nyanja_NF_Spk1_U_ed08d811af_Utterance_21_525_550.wav,5.294
NF,F,Spk1,U_ed08d811af,525_550,Nyanja_NF_Spk1_U_ed08d811af_Utterance_22,koma ndakhala ndikucita zimenezi mwakanthawi pa nthawi zina,Nyanja_NF_Spk1_U_ed08d811af_Utterance_22_525_550.wav,6.873
NF,F,Spk1,U_ed08d811af,525_550,Nyanja_NF_Spk1_U_ed08d811af_Utterance_23,inde koma ico ndico ubwinoo wace wa zofuna zace,Nyanja_NF_Spk1_U_ed08d811af_Utterance_23_525_550.wav,6.026
NF,F,Spk1,U_ed08d811af,525_550,Nyanja_NF_Spk1_U_ed08d811af_Utterance_24,coyamba ca zopeza zathu zimene zili zosamveka bwino koma zosatsutsika ndi cakuti kuli kudziwa za kale,Nyanja_NF_Spk1_U_ed08d811af_Utterance_24_525_550.wav,13.897
NF,F,Spk1,U_ed08d811af,525_550,Nyanja_NF_Spk1_U_ed08d811af_Utterance_25,nga ndi zaichthyosaurus kodi abwelera ku mphako yace ya kumadzi,Nyanja_NF_Spk1_U_ed08d811af_Utterance_25_525_550.wav,8.139
NF,F,Spk2,U_ecf10b110e,550_575,Nyanja_NF_Spk2_U_ecf10b110e_Utterance_1,ndi zakuda m'nthawi ya tsoka kapena zobvuta ndizodelatu cimodzi-modzi ngati uli mu milandu uku kuda kuwiri kulumikizana napanga cilankhulo cina,Nyanja_NF_Spk2_U_ecf10b110e_Utterance_1_550_575.wav,8.591
NF,F,Spk2,U_ecf10b110e,550_575,Nyanja_NF_Spk2_U_ecf10b110e_Utterance_2,koma kuculuka kwa kuiwalilila kunkacitika kunalenga kuti iye azikhala okumbukira kwambiri atauka,Nyanja_NF_Spk2_U_ecf10b110e_Utterance_2_550_575.wav,6.2
NF,F,Spk2,U_ecf10b110e,550_575,Nyanja_NF_Spk2_U_ecf10b110e_Utterance_3,ganizo ili silinalowe mu mitu ya aja awiri achimwemwe,Nyanja_NF_Spk2_U_ecf10b110e_Utterance_3_550_575.wav,3.286
NF,F,Spk2,U_ecf10b110e,550_575,Nyanja_NF_Spk2_U_ecf10b110e_Utterance_4,ndifuna kucita zinthu pa ndekha,Nyanja_NF_Spk2_U_ecf10b110e_Utterance_4_550_575.wav,1.463
NF,F,Spk2,U_ecf10b110e,550_575,Nyanja_NF_Spk2_U_ecf10b110e_Utterance_5,koma ncifukwa ninji sunandiuze pamene unali kuno nthawi ya chirimwe,Nyanja_NF_Spk2_U_ecf10b110e_Utterance_5_550_575.wav,3.506
NF,F,Spk2,U_ecf10b110e,550_575,Nyanja_NF_Spk2_U_ecf10b110e_Utterance_6,atango siliza kuika atsilikali m'malo mwao msilikali anaceukila kumene kunali davide namuuza zimene anayenera kucita asanapite,Nyanja_NF_Spk2_U_ecf10b110e_Utterance_6_550_575.wav,8.371
NF,F,Spk2,U_ecf10b110e,550_575,Nyanja_NF_Spk2_U_ecf10b110e_Utterance_7,koma cresswell anaonjedza mwakukulu kukwanilitsa kumasiyana kwambiri pakati pa mitundu/mbadwa,Nyanja_NF_Spk2_U_ecf10b110e_Utterance_7_550_575.wav,6.026
NF,F,Spk2,U_ecf10b110e,550_575,Nyanja_NF_Spk2_U_ecf10b110e_Utterance_8,kopanda kudera nkhawa iye anakulandirani bwino poti inu munabwelera kopanda cilolezo,Nyanja_NF_Spk2_U_ecf10b110e_Utterance_8_550_575.wav,4.841
NF,F,Spk2,U_ecf10b110e,550_575,Nyanja_NF_Spk2_U_ecf10b110e_Utterance_9,ndipo henule angabwelere ku mangalande nthawi iliyonse,Nyanja_NF_Spk2_U_ecf10b110e_Utterance_9_550_575.wav,3.135
NF,F,Spk2,U_ecf10b110e,550_575,Nyanja_NF_Spk2_U_ecf10b110e_Utterance_10,kodi nciani cimene ndingacitire dzimbiri (nguwe) ndi kukhala opusa pokhala osacita kanthu kalikonse cifukwa ndine mkazi,Nyanja_NF_Spk2_U_ecf10b110e_Utterance_10_550_575.wav,6.885
NF,F,Spk2,U_ecf10b110e,550_575,Nyanja_NF_Spk2_U_ecf10b110e_Utterance_11,chifundo citengera ku khululukila macimo mtendere ndi maganizo osangalala,Nyanja_NF_Spk2_U_ecf10b110e_Utterance_11_550_575.wav,4.122
NF,F,Spk2,U_ecf10b110e,550_575,Nyanja_NF_Spk2_U_ecf10b110e_Utterance_12,poikapo ganizo pa zokambirana izi ndizanena cimodzimwa izi motheratu,Nyanja_NF_Spk2_U_ecf10b110e_Utterance_12_550_575.wav,4.389
NF,F,Spk2,U_ecf10b110e,550_575,Nyanja_NF_Spk2_U_ecf10b110e_Utterance_13,pamenepo mtolo unatseguka(unamasuka) mwazizizi ndipo momwemo munatuluka phronsie,Nyanja_NF_Spk2_U_ecf10b110e_Utterance_13_550_575.wav,6.049
NF,F,Spk2,U_ecf10b110e,550_575,Nyanja_NF_Spk2_U_ecf10b110e_Utterance_14,cifungo coipa ca nayitrogeni cidzadza m'mphepo nalowa kukhosi(ku nkwiko) nazaza mapwapwa,Nyanja_NF_Spk2_U_ecf10b110e_Utterance_14_550_575.wav,5.445
NF,F,Spk2,U_ecf10b110e,550_575,Nyanja_NF_Spk2_U_ecf10b110e_Utterance_15,m'mubutsa analeka kulankhula mwapang'ono ndipo ali kugwedeza manja ace ogwirana patsogolo pace anapitiliza,Nyanja_NF_Spk2_U_ecf10b110e_Utterance_15_550_575.wav,6.722
NF,F,Spk2,U_ecf10b110e,550_575,Nyanja_NF_Spk2_U_ecf10b110e_Utterance_16,ici kopanda kukumbukira mu zowawa za mtima ni momwemo zikuyenda,Nyanja_NF_Spk2_U_ecf10b110e_Utterance_16_550_575.wav,4.064
NF,F,Spk2,U_ecf10b110e,550_575,Nyanja_NF_Spk2_U_ecf10b110e_Utterance_17,iye anadziwa kuti gomeza wace wa siliva  ndi wa zola unali utaonongeka,Nyanja_NF_Spk2_U_ecf10b110e_Utterance_17_550_575.wav,4.18
NF,F,Spk2,U_ecf10b110e,550_575,Nyanja_NF_Spk2_U_ecf10b110e_Utterance_18,ndiye tsopano ennis ndinenetsa kuti uli ndi mutu ndi conco ndi ka mtengo kanga,Nyanja_NF_Spk2_U_ecf10b110e_Utterance_18_550_575.wav,4.423
NF,F,Spk2,U_ecf10b110e,550_575,Nyanja_NF_Spk2_U_ecf10b110e_Utterance_19,mwamwai anatero bambo vanderpool ocokera ca kumpoto ndi a kumwera alipafupi kufika kugwirizana mzolankhula zao pa zambiri mwa nkhani zimenezi,Nyanja_NF_Spk2_U_ecf10b110e_Utterance_19_550_575.wav,9.856
NF,F,Spk2,U_ecf10b110e,550_575,Nyanja_NF_Spk2_U_ecf10b110e_Utterance_20,ngati mwa nthawi zonse palibe cimene cinacitika mu njira ya cilango,Nyanja_NF_Spk2_U_ecf10b110e_Utterance_20_550_575.wav,3.711
NF,F,Spk2,U_ecf10b110e,550_575,Nyanja_NF_Spk2_U_ecf10b110e_Utterance_21,rodolfo anafika panyumba yace kopanda,Nyanja_NF_Spk2_U_ecf10b110e_Utterance_21_550_575.wav,2.578
NF,F,Spk2,U_ecf10b110e,550_575,Nyanja_NF_Spk2_U_ecf10b110e_Utterance_22,koma sicimtengo ca moto cimene anali kulankhulapo,Nyanja_NF_Spk2_U_ecf10b110e_Utterance_22_550_575.wav,2.43
NF,F,Spk2,U_ecf10b110e,550_575,Nyanja_NF_Spk2_U_ecf10b110e_Utterance_23,patsogoro pao woyendayo anathawa ali ana ace amuna atatu opanda zitsote ndiponso ali ndi mantha,Nyanja_NF_Spk2_U_ecf10b110e_Utterance_23_550_575.wav,5.451
NF,F,Spk2,U_ecf10b110e,550_575,Nyanja_NF_Spk2_U_ecf10b110e_Utterance_24,komabe iye amene anena kuti kuunika sikuyelekezera cimwemwe,Nyanja_NF_Spk2_U_ecf10b110e_Utterance_24_550_575.wav,3.448
NF,F,Spk2,U_ecf10b110e,550_575,Nyanja_NF_Spk2_U_ecf10b110e_Utterance_25,chiliconse cimende mfumu chelford ananena mai brandon anacilandira bwino ndi cimwemwe nthawi imeneyo,Nyanja_NF_Spk2_U_ecf10b110e_Utterance_25_550_575.wav,5.139
NF,F,Spk2,U_ecf10b110e,575_600,Nyanja_NF_Spk2_U_ecf10b110e_Utterance_1,kabungwe koimilira anthu kanapeza njira yocitiramo zimenezi,Nyanja_NF_Spk2_U_ecf10b110e_Utterance_1_575_600.wav,3.913
NF,F,Spk2,U_ecf10b110e,575_600,Nyanja_NF_Spk2_U_ecf10b110e_Utterance_2,iye anadzima moto nagweranso mu mpando wace,Nyanja_NF_Spk2_U_ecf10b110e_Utterance_2_575_600.wav,3.204
NF,F,Spk2,U_ecf10b110e,575_600,Nyanja_NF_Spk2_U_ecf10b110e_Utterance_3,kodi cinabwera bwanji inu kusiya maki kucitseko,Nyanja_NF_Spk2_U_ecf10b110e_Utterance_3_575_600.wav,3.193
NF,F,Spk2,U_ecf10b110e,575_600,Nyanja_NF_Spk2_U_ecf10b110e_Utterance_4,mnjira iliyonse ndi cokondweletsa kwambiri ndipo ndinghathe kucita kukambisana kopanda bvuto ili yonse,Nyanja_NF_Spk2_U_ecf10b110e_Utterance_4_575_600.wav,6.362
NF,F,Spk2,U_ecf10b110e,575_600,Nyanja_NF_Spk2_U_ecf10b110e_Utterance_5,kufewa ko kongola kwa maudzu ya mu mitengo cimwemwe cimene cibwenzi cako cibweletsa pa ine,Nyanja_NF_Spk2_U_ecf10b110e_Utterance_5_575_600.wav,4.899
NF,F,Spk2,U_ecf10b110e,575_600,Nyanja_NF_Spk2_U_ecf10b110e_Utterance_6,cifundu ca mulungu cikhale nanu ndi mtendere wa mulungu atate ndi wa ambuye yesu kristu,Nyanja_NF_Spk2_U_ecf10b110e_Utterance_6_575_600.wav,5.317
NF,F,Spk2,U_ecf10b110e,575_600,Nyanja_NF_Spk2_U_ecf10b110e_Utterance_7,kupyolera mu kupalasa kwa asilikali kupitila m'maphiri amene anali kubvuta kupitamo mtsilikali wamkulu ocedwa genilo anazimasula nathawa  atsilikali amphamvu a dzipangano za mpanvu za ku scotland,Nyanja_NF_Spk2_U_ecf10b110e_Utterance_7_575_600.wav,12.725
NF,F,Spk2,U_ecf10b110e,575_600,Nyanja_NF_Spk2_U_ecf10b110e_Utterance_8,mwadzidzidzi ndi colinga cokhazikitsa batha ndi mtendere bambo spring anadulikira ndi  bwaro ya milandu yace  yonse,Nyanja_NF_Spk2_U_ecf10b110e_Utterance_8_575_600.wav,0.592
NF,F,Spk2,U_ecf10b110e,575_600,Nyanja_NF_Spk2_U_ecf10b110e_Utterance_9,nyanja inali italingana ndenende ndi zomangidwa zimene ziletsa kutaikira kwa madzi a mnyanja mulungu wathau mpaka lero,Nyanja_NF_Spk2_U_ecf10b110e_Utterance_9_575_600.wav,0.766
NF,F,Spk2,U_ecf10b110e,575_600,Nyanja_NF_Spk2_U_ecf10b110e_Utterance_10,sindili mu njira ili yonse wokalamba unatero mtengo wa nkhuyu,Nyanja_NF_Spk2_U_ecf10b110e_Utterance_10_575_600.wav,3.971
NF,F,Spk2,U_ecf10b110e,575_600,Nyanja_NF_Spk2_U_ecf10b110e_Utterance_11,zonse pa iye zinali msokonedzo wa kuwala ndi mitundu yomwadzikana mu kukankidwa momwazidwa,Nyanja_NF_Spk2_U_ecf10b110e_Utterance_11_575_600.wav,6.269
NF,F,Spk2,U_ecf10b110e,575_600,Nyanja_NF_Spk2_U_ecf10b110e_Utterance_12,kwa nthawi yaitali panalibe amene analankhula pakati pa hilda ndi bartley,Nyanja_NF_Spk2_U_ecf10b110e_Utterance_12_575_600.wav,4.319
NF,F,Spk2,U_ecf10b110e,575_600,Nyanja_NF_Spk2_U_ecf10b110e_Utterance_13,ndimakukondabe lakele ndikhulupilira nzakukondabe,Nyanja_NF_Spk2_U_ecf10b110e_Utterance_13_575_600.wav,3.704
NF,F,Spk2,U_ecf10b110e,575_600,Nyanja_NF_Spk2_U_ecf10b110e_Utterance_14,m'madzulo ndimaulula ndimaganizira koma sindimabvutitsa wina aliyense ndi maganizo anga,Nyanja_NF_Spk2_U_ecf10b110e_Utterance_14_575_600.wav,5.48
NF,F,Spk2,U_ecf10b110e,575_600,Nyanja_NF_Spk2_U_ecf10b110e_Utterance_15,sidzidzakhala zambiri koma ndine wothokodza kupedza mzanga,Nyanja_NF_Spk2_U_ecf10b110e_Utterance_15_575_600.wav,3.088
NF,F,Spk2,U_ecf10b110e,575_600,Nyanja_NF_Spk2_U_ecf10b110e_Utterance_16,atsikana acicepele anali atazicepetsadi indedi osagonjetsedwa,Nyanja_NF_Spk2_U_ecf10b110e_Utterance_16_575_600.wav,4.54
NF,F,Spk2,U_ecf10b110e,575_600,Nyanja_NF_Spk2_U_ecf10b110e_Utterance_17,anthu ambiri amalankhula kwambiri kotero kuti ndi cinthu cabwino kupedza muntu amene salankhulitsa,Nyanja_NF_Spk2_U_ecf10b110e_Utterance_17_575_600.wav,5.538
NF,F,Spk2,U_ecf10b110e,575_600,Nyanja_NF_Spk2_U_ecf10b110e_Utterance_18,kodi ndinali mcipinda cothuma ndithu mmene mulii zabwino ndi zotsekemera zonse,Nyanja_NF_Spk2_U_ecf10b110e_Utterance_18_575_600.wav,4.017
NF,F,Spk2,U_ecf10b110e,575_600,Nyanja_NF_Spk2_U_ecf10b110e_Utterance_19,nga muntu wina aliyense ku ma ngalandeninganene tero anatero gamewell modzinva cimene cinali mu tsiku lace,Nyanja_NF_Spk2_U_ecf10b110e_Utterance_19_575_600.wav,6.687
NF,F,Spk2,U_ecf10b110e,575_600,Nyanja_NF_Spk2_U_ecf10b110e_Utterance_20,sianali ndi pafupi komwe ndi kupeza yankho ya mabvuto ao,Nyanja_NF_Spk2_U_ecf10b110e_Utterance_20_575_600.wav,3.402
NF,F,Spk2,U_ecf10b110e,575_600,Nyanja_NF_Spk2_U_ecf10b110e_Utterance_21,sindinafune kuti ndicite tero ananena kapitawo ocedwa dzina loti battleax polankhulapo pa nkhani zodziwika pa nthawi ngati iyi,Nyanja_NF_Spk2_U_ecf10b110e_Utterance_21_575_600.wav,7.604
NF,F,Spk2,U_ecf10b110e,575_600,Nyanja_NF_Spk2_U_ecf10b110e_Utterance_22,kuli ndithu cifukwa cabwino colekera kucita mwapang'ono ndi kuganiza ngakhale ndi munthu osatengeka mtima padziko,Nyanja_NF_Spk2_U_ecf10b110e_Utterance_22_575_600.wav,0.615
NF,F,Spk2,U_ecf10b110e,575_600,Nyanja_NF_Spk2_U_ecf10b110e_Utterance_23,zizakhala zilibe nchito kugwetsa mitu yao pansi nanena bweraninso pano pamwamba okondedwa anga,Nyanja_NF_Spk2_U_ecf10b110e_Utterance_23_575_600.wav,5.573
NF,F,Spk2,U_ecf10b110e,575_600,Nyanja_NF_Spk2_U_ecf10b110e_Utterance_24,mkhalidwe wao wosiyana nawonso uonetsa ukulu ndi kutsiyana kosalepheleka,Nyanja_NF_Spk2_U_ecf10b110e_Utterance_24_575_600.wav,3.541
NF,F,Spk2,U_ecf10b110e,575_600,Nyanja_NF_Spk2_U_ecf10b110e_Utterance_25,koma a kapitao bill sanayese mpang'ono ponse cifukwa iye anazindikira kuti kutero kunali kungotaya nthawi,Nyanja_NF_Spk2_U_ecf10b110e_Utterance_25_575_600.wav,5.259
NF,F,Spk2,U_0622979829,550_575,Nyanja_NF_Spk2_U_0622979829_Utterance_1,ndi zakuda m'nthawi ya tsoka kapena zobvuta ndizodelatu cimodzi-modzi ngati uli mu milandu uku kuda kuwiri kulumikizana napanga cilankhulo cina,Nyanja_NF_Spk2_U_0622979829_Utterance_1_550_575.wav,8.93
NF,F,Spk2,U_0622979829,550_575,Nyanja_NF_Spk2_U_0622979829_Utterance_2,koma kuculuka kwa kuiwalilila kunkacitika kunalenga kuti iye azikhala okumbukira kwambiri atauka,Nyanja_NF_Spk2_U_0622979829_Utterance_2_550_575.wav,7.487
NF,F,Spk2,U_0622979829,550_575,Nyanja_NF_Spk2_U_0622979829_Utterance_3,ganizo ili silinalowe mu mitu ya aja awiri achimwemwe,Nyanja_NF_Spk2_U_0622979829_Utterance_3_550_575.wav,4.588
NF,F,Spk2,U_0622979829,550_575,Nyanja_NF_Spk2_U_0622979829_Utterance_4,ndifuna kucita zinthu pa ndekha,Nyanja_NF_Spk2_U_0622979829_Utterance_4_550_575.wav,2.326
NF,F,Spk2,U_0622979829,550_575,Nyanja_NF_Spk2_U_0622979829_Utterance_5,atango siliza kuika atsilikali m'malo mwao msilikali anaceukila kumene kunali davide namuuza zimene anayenera kucita asanapite,Nyanja_NF_Spk2_U_0622979829_Utterance_5_550_575.wav,10.082
NF,F,Spk2,U_0622979829,550_575,Nyanja_NF_Spk2_U_0622979829_Utterance_6,koma cresswell anaonjedza mwakukulu kukwanilitsa kumasiyana kwambiri pakati pa mitundu/mbadwa,Nyanja_NF_Spk2_U_0622979829_Utterance_6_550_575.wav,5.711
NF,F,Spk2,U_0622979829,550_575,Nyanja_NF_Spk2_U_0622979829_Utterance_7,kopanda kudera nkhawa iye anakulandirani bwino poti inu munabwelera kopanda cilolezo,Nyanja_NF_Spk2_U_0622979829_Utterance_7_550_575.wav,6.141
NF,F,Spk2,U_0622979829,550_575,Nyanja_NF_Spk2_U_0622979829_Utterance_8,ndipo henule angabwelere ku mangalande nthawi iliyonse,Nyanja_NF_Spk2_U_0622979829_Utterance_8_550_575.wav,3.505
NF,F,Spk2,U_0622979829,550_575,Nyanja_NF_Spk2_U_0622979829_Utterance_9,kodi nciani cimene ndingacitire dzimbiri (nguwe) ndi kukhala opusa pokhala osacita kanthu kalikonse cifukwa ndine mkazi,Nyanja_NF_Spk2_U_0622979829_Utterance_9_550_575.wav,8.389
NF,F,Spk2,U_0622979829,550_575,Nyanja_NF_Spk2_U_0622979829_Utterance_10,chifundo citengera ku khululukila macimo mtendere ndi maganizo osangalala,Nyanja_NF_Spk2_U_0622979829_Utterance_10_550_575.wav,5.545
NF,F,Spk2,U_0622979829,550_575,Nyanja_NF_Spk2_U_0622979829_Utterance_11,poikapo ganizo pa zokambirana izi ndizanena cimodzimwa izi motheratu,Nyanja_NF_Spk2_U_0622979829_Utterance_11_550_575.wav,6.322
NF,F,Spk2,U_0622979829,550_575,Nyanja_NF_Spk2_U_0622979829_Utterance_12,pamenepo mtolo unatseguka(unamasuka) mwazizizi ndipo momwemo munatuluka phronsie,Nyanja_NF_Spk2_U_0622979829_Utterance_12_550_575.wav,6.96
NF,F,Spk2,U_0622979829,550_575,Nyanja_NF_Spk2_U_0622979829_Utterance_13,cifungo coipa ca nayitrogeni cidzadza m'mphepo nalowa kukhosi(ku nkwiko) nazaza mapwapwa,Nyanja_NF_Spk2_U_0622979829_Utterance_13_550_575.wav,7.307
NF,F,Spk2,U_0622979829,550_575,Nyanja_NF_Spk2_U_0622979829_Utterance_14,m'mubutsa analeka kulankhula mwapang'ono ndipo ali kugwedeza manja ace ogwirana patsogolo pace anapitiliza,Nyanja_NF_Spk2_U_0622979829_Utterance_14_550_575.wav,8.278
NF,F,Spk2,U_0622979829,550_575,Nyanja_NF_Spk2_U_0622979829_Utterance_15,ici kopanda kukumbukira mu zowawa za mtima ni momwemo zikuyenda,Nyanja_NF_Spk2_U_0622979829_Utterance_15_550_575.wav,5.156
NF,F,Spk2,U_0622979829,550_575,Nyanja_NF_Spk2_U_0622979829_Utterance_16,iye anadziwa kuti gomeza wace wa siliva  ndi wa zola unali utaonongeka,Nyanja_NF_Spk2_U_0622979829_Utterance_16_550_575.wav,5.892
NF,F,Spk2,U_0622979829,550_575,Nyanja_NF_Spk2_U_0622979829_Utterance_17,ndiye tsopano ennis ndinenetsa kuti uli ndi mutu ndi conco ndi ka mtengo kanga,Nyanja_NF_Spk2_U_0622979829_Utterance_17_550_575.wav,6.308
NF,F,Spk2,U_0622979829,550_575,Nyanja_NF_Spk2_U_0622979829_Utterance_18,mwamwai anatero bambo vanderpool ocokera ca kumpoto ndi a kumwera alipafupi kufika kugwirizana mzolankhula zao pa zambiri mwa nkhani zimenezi,Nyanja_NF_Spk2_U_0622979829_Utterance_18_550_575.wav,9.374
NF,F,Spk2,U_0622979829,550_575,Nyanja_NF_Spk2_U_0622979829_Utterance_19,ngati mwa nthawi zonse palibe cimene cinacitika mu njira ya cilango,Nyanja_NF_Spk2_U_0622979829_Utterance_19_550_575.wav,4.99
NF,F,Spk2,U_0622979829,550_575,Nyanja_NF_Spk2_U_0622979829_Utterance_20,rodolfo anafika panyumba yace kopanda,Nyanja_NF_Spk2_U_0622979829_Utterance_20_550_575.wav,3.852
NF,F,Spk2,U_0622979829,550_575,Nyanja_NF_Spk2_U_0622979829_Utterance_21,koma sicimtengo ca moto cimene anali kulankhulapo,Nyanja_NF_Spk2_U_0622979829_Utterance_21_550_575.wav,4.199
NF,F,Spk2,U_0622979829,550_575,Nyanja_NF_Spk2_U_0622979829_Utterance_22,patsogoro pao woyendayo anathawa ali ana ace amuna atatu opanda zitsote ndiponso ali ndi mantha,Nyanja_NF_Spk2_U_0622979829_Utterance_22_550_575.wav,7.196
NF,F,Spk2,U_0622979829,550_575,Nyanja_NF_Spk2_U_0622979829_Utterance_23,komabe iye amene anena kuti kuunika sikuyelekezera cimwemwe,Nyanja_NF_Spk2_U_0622979829_Utterance_23_550_575.wav,5.267
NF,F,Spk2,U_0622979829,550_575,Nyanja_NF_Spk2_U_0622979829_Utterance_24,chiliconse cimende mfumu chelford ananena mai brandon anacilandira bwino ndi cimwemwe nthawi imeneyo,Nyanja_NF_Spk2_U_0622979829_Utterance_24_550_575.wav,7.89
NF,F,Spk2,U_0622979829,575_600,Nyanja_NF_Spk2_U_0622979829_Utterance_1,kabungwe koimilira anthu kanapeza njira yocitiramo zimenezi,Nyanja_NF_Spk2_U_0622979829_Utterance_1_575_600.wav,4.615
NF,F,Spk2,U_0622979829,575_600,Nyanja_NF_Spk2_U_0622979829_Utterance_2,iye anadzima moto nagweranso mu mpando wace,Nyanja_NF_Spk2_U_0622979829_Utterance_2_575_600.wav,3.575
NF,F,Spk2,U_0622979829,575_600,Nyanja_NF_Spk2_U_0622979829_Utterance_3,kodi cinabwera bwanji inu kusiya maki kucitseko,Nyanja_NF_Spk2_U_0622979829_Utterance_3_575_600.wav,4.005
NF,F,Spk2,U_0622979829,575_600,Nyanja_NF_Spk2_U_0622979829_Utterance_4,mnjira iliyonse ndi cokondweletsa kwambiri ndipo ndinghathe kucita kukambisana kopanda bvuto ili yonse,Nyanja_NF_Spk2_U_0622979829_Utterance_4_575_600.wav,7.279
NF,F,Spk2,U_0622979829,575_600,Nyanja_NF_Spk2_U_0622979829_Utterance_5,kufewa ko kongola kwa maudzu ya mu mitengo cimwemwe cimene cibwenzi cako cibweletsa pa ine,Nyanja_NF_Spk2_U_0622979829_Utterance_5_575_600.wav,6.641
NF,F,Spk2,U_0622979829,575_600,Nyanja_NF_Spk2_U_0622979829_Utterance_6,cifundu ca mulungu cikhale nanu ndi mtendere wa mulungu atate ndi wa ambuye yesu kristu,Nyanja_NF_Spk2_U_0622979829_Utterance_6_575_600.wav,6.017
NF,F,Spk2,U_0622979829,575_600,Nyanja_NF_Spk2_U_0622979829_Utterance_7,kupyolera mu kupalasa kwa asilikali kupitila m'maphiri amene anali kubvuta kupitamo mtsilikali wamkulu ocedwa genilo anazimasula nathawa  atsilikali amphamvu a dzipangano za mpanvu za ku scotland,Nyanja_NF_Spk2_U_0622979829_Utterance_7_575_600.wav,12.469
NF,F,Spk2,U_0622979829,575_600,Nyanja_NF_Spk2_U_0622979829_Utterance_8,mwadzidzidzi ndi colinga cokhazikitsa batha ndi mtendere bambo spring anadulikira ndi  bwaro ya milandu yace  yonse,Nyanja_NF_Spk2_U_0622979829_Utterance_8_575_600.wav,7.265
NF,F,Spk2,U_0622979829,575_600,Nyanja_NF_Spk2_U_0622979829_Utterance_9,nyanja inali italingana ndenende ndi zomangidwa zimene ziletsa kutaikira kwa madzi a mnyanja mulungu wathau mpaka lero,Nyanja_NF_Spk2_U_0622979829_Utterance_9_575_600.wav,8.264
NF,F,Spk2,U_0622979829,575_600,Nyanja_NF_Spk2_U_0622979829_Utterance_10,sindili mu njira ili yonse wokalamba unatero mtengo wa nkhuyu,Nyanja_NF_Spk2_U_0622979829_Utterance_10_575_600.wav,4.629
NF,F,Spk2,U_0622979829,575_600,Nyanja_NF_Spk2_U_0622979829_Utterance_11,zonse pa iye zinali msokonedzo wa kuwala ndi mitundu yomwadzikana mu kukankidwa momwazidwa,Nyanja_NF_Spk2_U_0622979829_Utterance_11_575_600.wav,6.655
NF,F,Spk2,U_0622979829,575_600,Nyanja_NF_Spk2_U_0622979829_Utterance_12,kwa nthawi yaitali panalibe amene analankhula pakati pa hilda ndi bartley,Nyanja_NF_Spk2_U_0622979829_Utterance_12_575_600.wav,5.253
NF,F,Spk2,U_0622979829,575_600,Nyanja_NF_Spk2_U_0622979829_Utterance_13,ndimakukondabe lakele ndikhulupilira nzakukondabe,Nyanja_NF_Spk2_U_0622979829_Utterance_13_575_600.wav,5.587
NF,F,Spk2,U_0622979829,575_600,Nyanja_NF_Spk2_U_0622979829_Utterance_14,m'madzulo ndimaulula ndimaganizira koma sindimabvutitsa wina aliyense ndi maganizo anga,Nyanja_NF_Spk2_U_0622979829_Utterance_14_575_600.wav,7.696
NF,F,Spk2,U_0622979829,575_600,Nyanja_NF_Spk2_U_0622979829_Utterance_15,sidzidzakhala zambiri koma ndine wothokodza kupedza mzanga,Nyanja_NF_Spk2_U_0622979829_Utterance_15_575_600.wav,4.407
NF,F,Spk2,U_0622979829,575_600,Nyanja_NF_Spk2_U_0622979829_Utterance_16,atsikana acicepele anali atazicepetsadi indedi osagonjetsedwa,Nyanja_NF_Spk2_U_0622979829_Utterance_16_575_600.wav,6.114
NF,F,Spk2,U_0622979829,575_600,Nyanja_NF_Spk2_U_0622979829_Utterance_17,anthu ambiri amalankhula kwambiri kotero kuti ndi cinthu cabwino kupedza muntu amene salankhulitsa,Nyanja_NF_Spk2_U_0622979829_Utterance_17_575_600.wav,6.613
NF,F,Spk2,U_0622979829,575_600,Nyanja_NF_Spk2_U_0622979829_Utterance_18,kodi ndinali mcipinda cothuma ndithu mmene mulii zabwino ndi zotsekemera zonse,Nyanja_NF_Spk2_U_0622979829_Utterance_18_575_600.wav,6.086
NF,F,Spk2,U_0622979829,575_600,Nyanja_NF_Spk2_U_0622979829_Utterance_19,nga muntu wina aliyense ku ma ngalandeninganene tero anatero gamewell modzinva cimene cinali mu tsiku lace,Nyanja_NF_Spk2_U_0622979829_Utterance_19_575_600.wav,7.64
NF,F,Spk2,U_0622979829,575_600,Nyanja_NF_Spk2_U_0622979829_Utterance_20,sianali ndi pafupi komwe ndi kupeza yankho ya mabvuto ao,Nyanja_NF_Spk2_U_0622979829_Utterance_20_575_600.wav,4.296
NF,F,Spk2,U_0622979829,575_600,Nyanja_NF_Spk2_U_0622979829_Utterance_21,sindinafune kuti ndicite tero ananena kapitawo ocedwa dzina loti battleax polankhulapo pa nkhani zodziwika pa nthawi ngati iyi,Nyanja_NF_Spk2_U_0622979829_Utterance_21_575_600.wav,9.694
NF,F,Spk2,U_0622979829,575_600,Nyanja_NF_Spk2_U_0622979829_Utterance_22,kuli ndithu cifukwa cabwino colekera kucita mwapang'ono ndi kuganiza ngakhale ndi munthu osatengeka mtima padziko,Nyanja_NF_Spk2_U_0622979829_Utterance_22_575_600.wav,7.46
NF,F,Spk2,U_0622979829,575_600,Nyanja_NF_Spk2_U_0622979829_Utterance_23,zizakhala zilibe nchito kugwetsa mitu yao pansi nanena bweraninso pano pamwamba okondedwa anga,Nyanja_NF_Spk2_U_0622979829_Utterance_23_575_600.wav,8.042
NF,F,Spk2,U_0622979829,575_600,Nyanja_NF_Spk2_U_0622979829_Utterance_24,mkhalidwe wao wosiyana nawonso uonetsa ukulu ndi kutsiyana kosalepheleka,Nyanja_NF_Spk2_U_0622979829_Utterance_24_575_600.wav,5.989
NF,F,Spk2,U_0622979829,575_600,Nyanja_NF_Spk2_U_0622979829_Utterance_25,koma a kapitao bill sanayese mpang'ono ponse cifukwa iye anazindikira kuti kutero kunali kungotaya nthawi,Nyanja_NF_Spk2_U_0622979829_Utterance_25_575_600.wav,8.195
NF,F,Spk2,U_ab6b5f9002,550_575,Nyanja_NF_Spk2_U_ab6b5f9002_Utterance_1,ndi zakuda m'nthawi ya tsoka kapena zobvuta ndizodelatu cimodzi-modzi ngati uli mu milandu uku kuda kuwiri kulumikizana napanga cilankhulo cina,Nyanja_NF_Spk2_U_ab6b5f9002_Utterance_1_550_575.wav,14.905
NF,F,Spk2,U_ab6b5f9002,550_575,Nyanja_NF_Spk2_U_ab6b5f9002_Utterance_2,koma kuculuka kwa kuiwalilila kunkacitika kunalenga kuti iye azikhala okumbukira kwambiri atauka,Nyanja_NF_Spk2_U_ab6b5f9002_Utterance_2_550_575.wav,11.915
NF,F,Spk2,U_ab6b5f9002,550_575,Nyanja_NF_Spk2_U_ab6b5f9002_Utterance_3,ganizo ili silinalowe mu mitu ya aja awiri achimwemwe,Nyanja_NF_Spk2_U_ab6b5f9002_Utterance_3_550_575.wav,5.791
NF,F,Spk2,U_ab6b5f9002,550_575,Nyanja_NF_Spk2_U_ab6b5f9002_Utterance_4,ndifuna kucita zinthu pa ndekha,Nyanja_NF_Spk2_U_ab6b5f9002_Utterance_4_550_575.wav,3.295
NF,F,Spk2,U_ab6b5f9002,550_575,Nyanja_NF_Spk2_U_ab6b5f9002_Utterance_5,koma ncifukwa ninji sunandiuze pamene unali kuno nthawi ya chirimwe,Nyanja_NF_Spk2_U_ab6b5f9002_Utterance_5_550_575.wav,7.068
NF,F,Spk2,U_ab6b5f9002,550_575,Nyanja_NF_Spk2_U_ab6b5f9002_Utterance_6,atango siliza kuika atsilikali m'malo mwao msilikali anaceukila kumene kunali davide namuuza zimene anayenera kucita asanapite,Nyanja_NF_Spk2_U_ab6b5f9002_Utterance_6_550_575.wav,14.092
NF,F,Spk2,U_ab6b5f9002,550_575,Nyanja_NF_Spk2_U_ab6b5f9002_Utterance_7,koma cresswell anaonjedza mwakukulu kukwanilitsa kumasiyana kwambiri pakati pa mitundu/mbadwa,Nyanja_NF_Spk2_U_ab6b5f9002_Utterance_7_550_575.wav,10.899
NF,F,Spk2,U_ab6b5f9002,550_575,Nyanja_NF_Spk2_U_ab6b5f9002_Utterance_8,kopanda kudera nkhawa iye anakulandirani bwino poti inu munabwelera kopanda cilolezo,Nyanja_NF_Spk2_U_ab6b5f9002_Utterance_8_550_575.wav,8.665
NF,F,Spk2,U_ab6b5f9002,550_575,Nyanja_NF_Spk2_U_ab6b5f9002_Utterance_9,ndipo henule angabwelere ku mangalande nthawi iliyonse,Nyanja_NF_Spk2_U_ab6b5f9002_Utterance_9_550_575.wav,5.646
NF,F,Spk2,U_ab6b5f9002,550_575,Nyanja_NF_Spk2_U_ab6b5f9002_Utterance_10,kodi nciani cimene ndingacitire dzimbiri (nguwe) ndi kukhala opusa pokhala osacita kanthu kalikonse cifukwa ndine mkazi,Nyanja_NF_Spk2_U_ab6b5f9002_Utterance_10_550_575.wav,12.278
NF,F,Spk2,U_ab6b5f9002,550_575,Nyanja_NF_Spk2_U_ab6b5f9002_Utterance_11,chifundo citengera ku khululukila macimo mtendere ndi maganizo osangalala,Nyanja_NF_Spk2_U_ab6b5f9002_Utterance_11_550_575.wav,7.547
NF,F,Spk2,U_ab6b5f9002,550_575,Nyanja_NF_Spk2_U_ab6b5f9002_Utterance_12,poikapo ganizo pa zokambirana izi ndizanena cimodzimwa izi motheratu,Nyanja_NF_Spk2_U_ab6b5f9002_Utterance_12_550_575.wav,8.011
NF,F,Spk2,U_ab6b5f9002,550_575,Nyanja_NF_Spk2_U_ab6b5f9002_Utterance_13,pamenepo mtolo unatseguka(unamasuka) mwazizizi ndipo momwemo munatuluka phronsie,Nyanja_NF_Spk2_U_ab6b5f9002_Utterance_13_550_575.wav,9.202
NF,F,Spk2,U_ab6b5f9002,550_575,Nyanja_NF_Spk2_U_ab6b5f9002_Utterance_14,cifungo coipa ca nayitrogeni cidzadza m'mphepo nalowa kukhosi(ku nkwiko) nazaza mapwapwa,Nyanja_NF_Spk2_U_ab6b5f9002_Utterance_14_550_575.wav,10.754
NF,F,Spk2,U_ab6b5f9002,550_575,Nyanja_NF_Spk2_U_ab6b5f9002_Utterance_15,m'mubutsa analeka kulankhula mwapang'ono ndipo ali kugwedeza manja ace ogwirana patsogolo pace anapitiliza,Nyanja_NF_Spk2_U_ab6b5f9002_Utterance_15_550_575.wav,11.77
NF,F,Spk2,U_ab6b5f9002,550_575,Nyanja_NF_Spk2_U_ab6b5f9002_Utterance_16,ici kopanda kukumbukira mu zowawa za mtima ni momwemo zikuyenda,Nyanja_NF_Spk2_U_ab6b5f9002_Utterance_16_550_575.wav,8.011
NF,F,Spk2,U_ab6b5f9002,550_575,Nyanja_NF_Spk2_U_ab6b5f9002_Utterance_17,iye anadziwa kuti gomeza wace wa siliva  ndi wa zola unali utaonongeka,Nyanja_NF_Spk2_U_ab6b5f9002_Utterance_17_550_575.wav,8.389
NF,F,Spk2,U_ab6b5f9002,550_575,Nyanja_NF_Spk2_U_ab6b5f9002_Utterance_18,ndiye tsopano ennis ndinenetsa kuti uli ndi mutu ndi conco ndi ka mtengo kanga,Nyanja_NF_Spk2_U_ab6b5f9002_Utterance_18_550_575.wav,8.026
NF,F,Spk2,U_ab6b5f9002,550_575,Nyanja_NF_Spk2_U_ab6b5f9002_Utterance_19,mwamwai anatero bambo vanderpool ocokera ca kumpoto ndi a kumwera alipafupi kufika kugwirizana mzolankhula zao pa zambiri mwa nkhani zimenezi,Nyanja_NF_Spk2_U_ab6b5f9002_Utterance_19_550_575.wav,16.197
NF,F,Spk2,U_ab6b5f9002,550_575,Nyanja_NF_Spk2_U_ab6b5f9002_Utterance_20,ngati mwa nthawi zonse palibe cimene cinacitika mu njira ya cilango,Nyanja_NF_Spk2_U_ab6b5f9002_Utterance_20_550_575.wav,5.748
NF,F,Spk2,U_ab6b5f9002,550_575,Nyanja_NF_Spk2_U_ab6b5f9002_Utterance_21,rodolfo anafika panyumba yace kopanda,Nyanja_NF_Spk2_U_ab6b5f9002_Utterance_21_550_575.wav,4.296
NF,F,Spk2,U_ab6b5f9002,550_575,Nyanja_NF_Spk2_U_ab6b5f9002_Utterance_22,koma sicimtengo ca moto cimene anali kulankhulapo,Nyanja_NF_Spk2_U_ab6b5f9002_Utterance_22_550_575.wav,4.949
NF,F,Spk2,U_ab6b5f9002,550_575,Nyanja_NF_Spk2_U_ab6b5f9002_Utterance_23,patsogoro pao woyendayo anathawa ali ana ace amuna atatu opanda zitsote ndiponso ali ndi mantha,Nyanja_NF_Spk2_U_ab6b5f9002_Utterance_23_550_575.wav,11.988
NF,F,Spk2,U_ab6b5f9002,550_575,Nyanja_NF_Spk2_U_ab6b5f9002_Utterance_24,komabe iye amene anena kuti kuunika sikuyelekezera cimwemwe,Nyanja_NF_Spk2_U_ab6b5f9002_Utterance_24_550_575.wav,7.025
NF,F,Spk2,U_ab6b5f9002,550_575,Nyanja_NF_Spk2_U_ab6b5f9002_Utterance_25,chiliconse cimende mfumu chelford ananena mai brandon anacilandira bwino ndi cimwemwe nthawi imeneyo,Nyanja_NF_Spk2_U_ab6b5f9002_Utterance_25_550_575.wav,10.319
NF,F,Spk2,U_ab6b5f9002,575_600,Nyanja_NF_Spk2_U_ab6b5f9002_Utterance_1,kabungwe koimilira anthu kanapeza njira yocitiramo zimenezi,Nyanja_NF_Spk2_U_ab6b5f9002_Utterance_1_575_600.wav,4.565
NF,F,Spk2,U_ab6b5f9002,575_600,Nyanja_NF_Spk2_U_ab6b5f9002_Utterance_2,iye anadzima moto nagweranso mu mpando wace,Nyanja_NF_Spk2_U_ab6b5f9002_Utterance_2_575_600.wav,4.1
NF,F,Spk2,U_ab6b5f9002,575_600,Nyanja_NF_Spk2_U_ab6b5f9002_Utterance_3,kodi cinabwera bwanji inu kusiya maki kucitseko,Nyanja_NF_Spk2_U_ab6b5f9002_Utterance_3_575_600.wav,4.715
NF,F,Spk2,U_ab6b5f9002,575_600,Nyanja_NF_Spk2_U_ab6b5f9002_Utterance_4,mnjira iliyonse ndi cokondweletsa kwambiri ndipo ndinghathe kucita kukambisana kopanda bvuto ili yonse,Nyanja_NF_Spk2_U_ab6b5f9002_Utterance_4_575_600.wav,8.885
NF,F,Spk2,U_ab6b5f9002,575_600,Nyanja_NF_Spk2_U_ab6b5f9002_Utterance_5,kufewa ko kongola kwa maudzu ya mu mitengo cimwemwe cimene cibwenzi cako cibweletsa pa ine,Nyanja_NF_Spk2_U_ab6b5f9002_Utterance_5_575_600.wav,8.345
NF,F,Spk2,U_ab6b5f9002,575_600,Nyanja_NF_Spk2_U_ab6b5f9002_Utterance_6,cifundu ca mulungu cikhale nanu ndi mtendere wa mulungu atate ndi wa ambuye yesu kristu,Nyanja_NF_Spk2_U_ab6b5f9002_Utterance_6_575_600.wav,7.925
NF,F,Spk2,U_ab6b5f9002,575_600,Nyanja_NF_Spk2_U_ab6b5f9002_Utterance_7,kupyolera mu kupalasa kwa asilikali kupitila m'maphiri amene anali kubvuta kupitamo mtsilikali wamkulu ocedwa genilo anazimasula nathawa  atsilikali amphamvu a dzipangano za mpanvu za ku scotland,Nyanja_NF_Spk2_U_ab6b5f9002_Utterance_7_575_600.wav,21.92
NF,F,Spk2,U_ab6b5f9002,575_600,Nyanja_NF_Spk2_U_ab6b5f9002_Utterance_8,mwadzidzidzi ndi colinga cokhazikitsa batha ndi mtendere bambo spring anadulikira ndi  bwaro ya milandu yace  yonse,Nyanja_NF_Spk2_U_ab6b5f9002_Utterance_8_575_600.wav,1.655
NF,F,Spk2,U_ab6b5f9002,575_600,Nyanja_NF_Spk2_U_ab6b5f9002_Utterance_9,nyanja inali italingana ndenende ndi zomangidwa zimene ziletsa kutaikira kwa madzi a mnyanja mulungu wathau mpaka lero,Nyanja_NF_Spk2_U_ab6b5f9002_Utterance_9_575_600.wav,1.685
NF,F,Spk2,U_ab6b5f9002,575_600,Nyanja_NF_Spk2_U_ab6b5f9002_Utterance_10,sindili mu njira ili yonse wokalamba unatero mtengo wa nkhuyu,Nyanja_NF_Spk2_U_ab6b5f9002_Utterance_10_575_600.wav,5.975
NF,F,Spk2,U_ab6b5f9002,575_600,Nyanja_NF_Spk2_U_ab6b5f9002_Utterance_11,zonse pa iye zinali msokonedzo wa kuwala ndi mitundu yomwadzikana mu kukankidwa momwazidwa,Nyanja_NF_Spk2_U_ab6b5f9002_Utterance_11_575_600.wav,9.845
NF,F,Spk2,U_ab6b5f9002,575_600,Nyanja_NF_Spk2_U_ab6b5f9002_Utterance_12,kwa nthawi yaitali panalibe amene analankhula pakati pa hilda ndi bartley,Nyanja_NF_Spk2_U_ab6b5f9002_Utterance_12_575_600.wav,7.01
NF,F,Spk2,U_ab6b5f9002,575_600,Nyanja_NF_Spk2_U_ab6b5f9002_Utterance_13,ndimakukondabe lakele ndikhulupilira nzakukondabe,Nyanja_NF_Spk2_U_ab6b5f9002_Utterance_13_575_600.wav,5.795
NF,F,Spk2,U_ab6b5f9002,575_600,Nyanja_NF_Spk2_U_ab6b5f9002_Utterance_14,m'madzulo ndimaulula ndimaganizira koma sindimabvutitsa wina aliyense ndi maganizo anga,Nyanja_NF_Spk2_U_ab6b5f9002_Utterance_14_575_600.wav,8.0
NF,F,Spk2,U_ab6b5f9002,575_600,Nyanja_NF_Spk2_U_ab6b5f9002_Utterance_15,sidzidzakhala zambiri koma ndine wothokodza kupedza mzanga,Nyanja_NF_Spk2_U_ab6b5f9002_Utterance_15_575_600.wav,4.625
NF,F,Spk2,U_ab6b5f9002,575_600,Nyanja_NF_Spk2_U_ab6b5f9002_Utterance_16,atsikana acicepele anali atazicepetsadi indedi osagonjetsedwa,Nyanja_NF_Spk2_U_ab6b5f9002_Utterance_16_575_600.wav,7.04
NF,F,Spk2,U_ab6b5f9002,575_600,Nyanja_NF_Spk2_U_ab6b5f9002_Utterance_17,anthu ambiri amalankhula kwambiri kotero kuti ndi cinthu cabwino kupedza muntu amene salankhulitsa,Nyanja_NF_Spk2_U_ab6b5f9002_Utterance_17_575_600.wav,9.005
NF,F,Spk2,U_ab6b5f9002,575_600,Nyanja_NF_Spk2_U_ab6b5f9002_Utterance_18,kodi ndinali mcipinda cothuma ndithu mmene mulii zabwino ndi zotsekemera zonse,Nyanja_NF_Spk2_U_ab6b5f9002_Utterance_18_575_600.wav,7.415
NF,F,Spk2,U_ab6b5f9002,575_600,Nyanja_NF_Spk2_U_ab6b5f9002_Utterance_19,nga muntu wina aliyense ku ma ngalandeninganene tero anatero gamewell modzinva cimene cinali mu tsiku lace,Nyanja_NF_Spk2_U_ab6b5f9002_Utterance_19_575_600.wav,9.62
NF,F,Spk2,U_ab6b5f9002,575_600,Nyanja_NF_Spk2_U_ab6b5f9002_Utterance_20,sianali ndi pafupi komwe ndi kupeza yankho ya mabvuto ao,Nyanja_NF_Spk2_U_ab6b5f9002_Utterance_20_575_600.wav,5.51
NF,F,Spk2,U_ab6b5f9002,575_600,Nyanja_NF_Spk2_U_ab6b5f9002_Utterance_21,sindinafune kuti ndicite tero ananena kapitawo ocedwa dzina loti battleax polankhulapo pa nkhani zodziwika pa nthawi ngati iyi,Nyanja_NF_Spk2_U_ab6b5f9002_Utterance_21_575_600.wav,13.19
NF,F,Spk2,U_ab6b5f9002,575_600,Nyanja_NF_Spk2_U_ab6b5f9002_Utterance_22,kuli ndithu cifukwa cabwino colekera kucita mwapang'ono ndi kuganiza ngakhale ndi munthu osatengeka mtima padziko,Nyanja_NF_Spk2_U_ab6b5f9002_Utterance_22_575_600.wav,1.475
NF,F,Spk2,U_ab6b5f9002,575_600,Nyanja_NF_Spk2_U_ab6b5f9002_Utterance_23,zizakhala zilibe nchito kugwetsa mitu yao pansi nanena bweraninso pano pamwamba okondedwa anga,Nyanja_NF_Spk2_U_ab6b5f9002_Utterance_23_575_600.wav,10.235
NF,F,Spk2,U_ab6b5f9002,575_600,Nyanja_NF_Spk2_U_ab6b5f9002_Utterance_24,mkhalidwe wao wosiyana nawonso uonetsa ukulu ndi kutsiyana kosalepheleka,Nyanja_NF_Spk2_U_ab6b5f9002_Utterance_24_575_600.wav,7.445
NF,F,Spk2,U_ab6b5f9002,575_600,Nyanja_NF_Spk2_U_ab6b5f9002_Utterance_25,koma a kapitao bill sanayese mpang'ono ponse cifukwa iye anazindikira kuti kutero kunali kungotaya nthawi,Nyanja_NF_Spk2_U_ab6b5f9002_Utterance_25_575_600.wav,10.82
NF,F,Spk10,U_d30c3e8910,975_100,Nyanja_NF_Spk10_U_d30c3e8910_Utterance_1,tinali ofunitsitsa zicitidwe zace zamakonon kopotsa zincito zace za zikulu,Nyanja_NF_Spk10_U_d30c3e8910_Utterance_1_975_100.wav,8.63
NF,F,Spk10,U_d30c3e8910,975_100,Nyanja_NF_Spk10_U_d30c3e8910_Utterance_2,maso ao anabwi kwambiri thorleif anaimilira na zioloola,Nyanja_NF_Spk10_U_d30c3e8910_Utterance_2_975_100.wav,6.453
NF,F,Spk10,U_d30c3e8910,975_100,Nyanja_NF_Spk10_U_d30c3e8910_Utterance_3,ndikukonda ndi mtima onse cikondi  cimene ndigwilitsa nchito mu zowawa zimene ndinapitamo kale ndiponso ndi chikhulupiliro caku ubwana wanga,Nyanja_NF_Spk10_U_d30c3e8910_Utterance_3_975_100.wav,13.346
NF,F,Spk10,U_d30c3e8910,975_100,Nyanja_NF_Spk10_U_d30c3e8910_Utterance_4,sindinakhale ndi mpata okuuza pa kukooma kwa malo amenewa,Nyanja_NF_Spk10_U_d30c3e8910_Utterance_4_975_100.wav,7.571
NF,F,Spk10,U_d30c3e8910,975_100,Nyanja_NF_Spk10_U_d30c3e8910_Utterance_5,sindinaime kuti ndiganize ngati ndi za ucitsili kapena ai ndinazicita ndipo ndine okondwa pozicita,Nyanja_NF_Spk10_U_d30c3e8910_Utterance_5_975_100.wav,10.989
NF,F,Spk10,U_d30c3e8910,975_100,Nyanja_NF_Spk10_U_d30c3e8910_Utterance_6,mwacisinsi moto wao wakuda unayeeletsa mbanda kuca ndipo kunayera zedi,Nyanja_NF_Spk10_U_d30c3e8910_Utterance_6_975_100.wav,7.711
NF,F,Spk10,U_d30c3e8910,975_100,Nyanja_NF_Spk10_U_d30c3e8910_Utterance_7,iye anaonekanso odabwa pang'ono cifukwa ca momwe analandiliridwa,Nyanja_NF_Spk10_U_d30c3e8910_Utterance_7_975_100.wav,6.863
NF,F,Spk10,U_d30c3e8910,975_100,Nyanja_NF_Spk10_U_d30c3e8910_Utterance_8,zambiri ngati sizoonse zoganiza za kacenjede socrate zipezeka/zinaikidwanzo mu buku yocedwa timaeus,Nyanja_NF_Spk10_U_d30c3e8910_Utterance_8_975_100.wav,10.28
NF,F,Spk10,U_d30c3e8910,975_100,Nyanja_NF_Spk10_U_d30c3e8910_Utterance_9,kulila kwa kwa belu yosasintha ndi yaphindu kunanditengera nthawi imeneyo ku malo kwa za zoona,Nyanja_NF_Spk10_U_d30c3e8910_Utterance_9_975_100.wav,11.198
NF,F,Spk10,U_d30c3e8910,975_100,Nyanja_NF_Spk10_U_d30c3e8910_Utterance_10,ndikukaika gati branwelll anali kuzisamalira pa nthawi  iyo,Nyanja_NF_Spk10_U_d30c3e8910_Utterance_10_975_100.wav,7.185
NF,F,Spk10,U_d30c3e8910,975_100,Nyanja_NF_Spk10_U_d30c3e8910_Utterance_11,zaka za ma tsiku amene anali kufa zinali khumi,Nyanja_NF_Spk10_U_d30c3e8910_Utterance_11_975_100.wav,4.637
NF,F,Spk10,U_d30c3e8910,975_100,Nyanja_NF_Spk10_U_d30c3e8910_Utterance_12,makumbi aja akuoneka ngati azagwera pa nyanja,Nyanja_NF_Spk10_U_d30c3e8910_Utterance_12_975_100.wav,5.311
NF,F,Spk10,U_d30c3e8910,975_100,Nyanja_NF_Spk10_U_d30c3e8910_Utterance_13,mwa umphumphu ndinaondionetsa kukhala pa malo amene anali ku dzanja la manzere,Nyanja_NF_Spk10_U_d30c3e8910_Utterance_13_975_100.wav,8.462
NF,F,Spk10,U_d30c3e8910,975_100,Nyanja_NF_Spk10_U_d30c3e8910_Utterance_14,nvetsa zomwa bambo ferdinando brown anena anayankha kapitawo battleax,Nyanja_NF_Spk10_U_d30c3e8910_Utterance_14_975_100.wav,7.779
NF,F,Spk10,U_d30c3e8910,975_100,Nyanja_NF_Spk10_U_d30c3e8910_Utterance_15,ndipo imfa imene ndalotera sinacitika ai,Nyanja_NF_Spk10_U_d30c3e8910_Utterance_15_975_100.wav,4.62
NF,F,Spk10,U_d30c3e8910,975_100,Nyanja_NF_Spk10_U_d30c3e8910_Utterance_16,tsopano ndapanga ciganizo canga pa nkhani imeneyo ngati ine ndinali mabel nkadakhala komwe kuno,Nyanja_NF_Spk10_U_d30c3e8910_Utterance_16_975_100.wav,9.141
NF,F,Spk10,U_d30c3e8910,975_100,Nyanja_NF_Spk10_U_d30c3e8910_Utterance_17,iwo anayambanso ulendo wao ndipo kupyolera  mu kuunika kwabwino anakwaniritsa ku oloka ma tsindwi yosadetsan nkhawa,Nyanja_NF_Spk10_U_d30c3e8910_Utterance_17_975_100.wav,14.283
NF,F,Spk10,U_d30c3e8910,975_100,Nyanja_NF_Spk10_U_d30c3e8910_Utterance_18,koma sindinu munthuamene adziwa kukonda  okendedwa wanga,Nyanja_NF_Spk10_U_d30c3e8910_Utterance_18_975_100.wav,5.238
NF,F,Spk10,U_d30c3e8910,975_100,Nyanja_NF_Spk10_U_d30c3e8910_Utterance_19,sindizawerenga kufika pa makhumi awiri pa mlingo umenewo,Nyanja_NF_Spk10_U_d30c3e8910_Utterance_19_975_100.wav,4.868
NF,F,Spk10,U_d30c3e8910,975_100,Nyanja_NF_Spk10_U_d30c3e8910_Utterance_20,kodi mfumu yanu tsopano sikukhulupilira zicitidwe zosakhulupilirika,Nyanja_NF_Spk10_U_d30c3e8910_Utterance_20_975_100.wav,7.088
NF,F,Spk10,U_d30c3e8910,975_100,Nyanja_NF_Spk10_U_d30c3e8910_Utterance_21,anaona mapewa ace olema ndi mutu waukulu ndipo wosimikidza ukukankhidwa patsogoro ngathi mphanga italasidwa,Nyanja_NF_Spk10_U_d30c3e8910_Utterance_21_975_100.wav,11.395
NF,F,Spk10,U_d30c3e8910,975_100,Nyanja_NF_Spk10_U_d30c3e8910_Utterance_22,tiyeni tibwelere mbuyo ndi colinga cofufuza pomwe tikuonetsetsa,Nyanja_NF_Spk10_U_d30c3e8910_Utterance_22_975_100.wav,7.142
NF,F,Spk10,U_d30c3e8910,975_100,Nyanja_NF_Spk10_U_d30c3e8910_Utterance_23,iye sali bwino abwera kuno kunyanja ndicoinga copuuma ndi ku sisintha nmalo,Nyanja_NF_Spk10_U_d30c3e8910_Utterance_23_975_100.wav,9.753
NF,F,Spk10,U_d30c3e8910,975_100,Nyanja_NF_Spk10_U_d30c3e8910_Utterance_24,ngati  iye sadziwa kuyelekedza phindu lace ine ndidziwa,Nyanja_NF_Spk10_U_d30c3e8910_Utterance_24_975_100.wav,6.198
NF,F,Spk10,U_d30c3e8910,950_975,Nyanja_NF_Spk10_U_d30c3e8910_Utterance_1,usade nazo nkhawa mzanga okondedwa sizzle zonsezo zizabwera posacedwa apa,Nyanja_NF_Spk10_U_d30c3e8910_Utterance_1_950_975.wav,11.831
NF,F,Spk10,U_d30c3e8910,950_975,Nyanja_NF_Spk10_U_d30c3e8910_Utterance_2,bwera bwera ndatopa nako kusaonekera kwako,Nyanja_NF_Spk10_U_d30c3e8910_Utterance_2_950_975.wav,6.211
NF,F,Spk10,U_d30c3e8910,950_975,Nyanja_NF_Spk10_U_d30c3e8910_Utterance_3,mopanda kuipa ndi mopanda kaso andimenyera nkhondo ndipo izi ndi zina zambiri ndizayesa ku mcitira,Nyanja_NF_Spk10_U_d30c3e8910_Utterance_3_950_975.wav,12.109
NF,F,Spk10,U_d30c3e8910,950_975,Nyanja_NF_Spk10_U_d30c3e8910_Utterance_4,izi nzeru zili m'maganizo munjira imodzi koma njira ina ai,Nyanja_NF_Spk10_U_d30c3e8910_Utterance_4_950_975.wav,8.766
NF,F,Spk10,U_d30c3e8910,950_975,Nyanja_NF_Spk10_U_d30c3e8910_Utterance_5,mfumu itabwera ku paris anthu onse amaitana mokweza nati umoyo wa utali mfumu yanga,Nyanja_NF_Spk10_U_d30c3e8910_Utterance_5_950_975.wav,16.283
NF,F,Spk10,U_d30c3e8910,950_975,Nyanja_NF_Spk10_U_d30c3e8910_Utterance_6,akuti kuunika ndi khendulo ndi kokometsa mu dziko lonse lapansi,Nyanja_NF_Spk10_U_d30c3e8910_Utterance_6_950_975.wav,8.42
NF,F,Spk10,U_d30c3e8910,950_975,Nyanja_NF_Spk10_U_d30c3e8910_Utterance_7,kunyadira kwa cithunzithunzico cimene sicinali kuoneka bwino cinalenga kuti ukumbukira ubwino wa ufesi imena anakana,Nyanja_NF_Spk10_U_d30c3e8910_Utterance_7_950_975.wav,15.813
NF,F,Spk10,U_d30c3e8910,950_975,Nyanja_NF_Spk10_U_d30c3e8910_Utterance_8,kunyadira kwa cithunzithunzico cimene sicinali kuoneka bwino cinalenga kuti ukumbukira ubwino wa ufesi imena anakana,Nyanja_NF_Spk10_U_d30c3e8910_Utterance_8_950_975.wav,14.849
NF,F,Spk10,U_d30c3e8910,950_975,Nyanja_NF_Spk10_U_d30c3e8910_Utterance_9,bartley anayamba pamene hilda analiza ka belu kakang'ono kamene kanali pa mbali yace wokondedwa wanga kodi ncifukwa ninji unacita zija,Nyanja_NF_Spk10_U_d30c3e8910_Utterance_9_950_975.wav,17.885
NF,F,Spk10,U_d30c3e8910,950_975,Nyanja_NF_Spk10_U_d30c3e8910_Utterance_10,anaoneka ngati anali kufuna kukondweretsa anthu kopanda kudziindikira mphanvu imene anali nayo,Nyanja_NF_Spk10_U_d30c3e8910_Utterance_10_950_975.wav,13.803
NF,F,Spk10,U_d30c3e8910,950_975,Nyanja_NF_Spk10_U_d30c3e8910_Utterance_11,ndiganiza kuti ndikukucitilani zabwino  pokucotsani kumalo ngati aja,Nyanja_NF_Spk10_U_d30c3e8910_Utterance_11_950_975.wav,7.566
NF,F,Spk10,U_d30c3e8910,950_975,Nyanja_NF_Spk10_U_d30c3e8910_Utterance_12,ndipo ndigoneke pa khama lako lozizila ndipo undisiile malo oti ndiwalile,Nyanja_NF_Spk10_U_d30c3e8910_Utterance_12_950_975.wav,11.008
NF,F,Spk10,U_d30c3e8910,950_975,Nyanja_NF_Spk10_U_d30c3e8910_Utterance_13,uyenera kunvetsetsa mau awa cifukwa ali ndi citonthozo ca cikulu pa zofuna inuno nomwe,Nyanja_NF_Spk10_U_d30c3e8910_Utterance_13_950_975.wav,11.937
NF,F,Spk10,U_d30c3e8910,950_975,Nyanja_NF_Spk10_U_d30c3e8910_Utterance_14,osati wacicipere mumene muonera bambo koma ndine munthu wacikulire,Nyanja_NF_Spk10_U_d30c3e8910_Utterance_14_950_975.wav,9.72
NF,F,Spk10,U_d30c3e8910,950_975,Nyanja_NF_Spk10_U_d30c3e8910_Utterance_15,amalume mukuoneka ngati pali cimene mukuyembekezera ni natero nitawaona akuonetsetsa kwambiri galasi yao mwankawa ndithu,Nyanja_NF_Spk10_U_d30c3e8910_Utterance_15_950_975.wav,18.53
NF,F,Spk10,U_d30c3e8910,950_975,Nyanja_NF_Spk10_U_d30c3e8910_Utterance_16,anthu sayenera kumangoyerekezela cilengedwe ca mulungu,Nyanja_NF_Spk10_U_d30c3e8910_Utterance_16_950_975.wav,9.558
NF,F,Spk10,U_d30c3e8910,950_975,Nyanja_NF_Spk10_U_d30c3e8910_Utterance_17,iye atatha  alexander anazigwedeza atatha kuganiza konenetsa,Nyanja_NF_Spk10_U_d30c3e8910_Utterance_17_950_975.wav,9.157
NF,F,Spk10,U_d30c3e8910,950_975,Nyanja_NF_Spk10_U_d30c3e8910_Utterance_18,ma ola anapita pang'ono pang'ono ndipo kunanveka zinthu zikuyenda yenda ku holo,Nyanja_NF_Spk10_U_d30c3e8910_Utterance_18_950_975.wav,7.498
NF,F,Spk10,U_d30c3e8910,950_975,Nyanja_NF_Spk10_U_d30c3e8910_Utterance_19,tsiku iliyonse ili ndi zolilitsa zace zazikulu mwina zabwino zace zocepelera,Nyanja_NF_Spk10_U_d30c3e8910_Utterance_19_950_975.wav,9.734
NF,F,Spk10,U_d30c3e8910,950_975,Nyanja_NF_Spk10_U_d30c3e8910_Utterance_20,anameka na sekelera na pysanta khadi yave m'manja mncira yosaoneka bwino asanathawira pa mwambapo,Nyanja_NF_Spk10_U_d30c3e8910_Utterance_20_950_975.wav,12.959
NF,F,Spk10,U_d30c3e8910,950_975,Nyanja_NF_Spk10_U_d30c3e8910_Utterance_21,ndikhulupilira kuti alexander akhulupilira kuti uzakhala pano iye anatero mosakweza mau,Nyanja_NF_Spk10_U_d30c3e8910_Utterance_21_950_975.wav,12.135
NF,F,Spk10,U_d30c3e8910,950_975,Nyanja_NF_Spk10_U_d30c3e8910_Utterance_22,mzimu wa mbuzi olimba kotheratu unalimbitsidwa ndi ndau imene iwo anapambana,Nyanja_NF_Spk10_U_d30c3e8910_Utterance_22_950_975.wav,11.862
NF,F,Spk10,U_d30c3e8910,950_975,Nyanja_NF_Spk10_U_d30c3e8910_Utterance_23,ndipo anabwezera lozalia mphete yace ya matsenga mothokoza mfiti ya cifundo pa zabwino zimene inamcitira,Nyanja_NF_Spk10_U_d30c3e8910_Utterance_23_950_975.wav,15.867
NF,F,Spk10,U_d30c3e8910,950_975,Nyanja_NF_Spk10_U_d30c3e8910_Utterance_24,conde mundikhululukire cifukwa ca njira yosayenera imene mwadziwiramo kuti ndinakwanitsa zaka makumi anai,Nyanja_NF_Spk10_U_d30c3e8910_Utterance_24_950_975.wav,14.566
NF,F,Spk10,U_d30c3e8910,950_975,Nyanja_NF_Spk10_U_d30c3e8910_Utterance_25,ngati gulu ya ocedwa owerenga anali mgalimoto imeneyo imfa yosadziwika bwino/yodabwitsa inali kumbweretsa ku adani ace,Nyanja_NF_Spk10_U_d30c3e8910_Utterance_25_950_975.wav,13.092
NF,F,Spk10,U_e6036eef14,975_100,Nyanja_NF_Spk10_U_e6036eef14_Utterance_1,tinali ofunitsitsa zicitidwe zace zamakonon kopotsa zincito zace za zikulu,Nyanja_NF_Spk10_U_e6036eef14_Utterance_1_975_100.wav,8.254
NF,F,Spk10,U_e6036eef14,975_100,Nyanja_NF_Spk10_U_e6036eef14_Utterance_2,maso ao anabwi kwambiri thorleif anaimilira na zioloola,Nyanja_NF_Spk10_U_e6036eef14_Utterance_2_975_100.wav,6.618
NF,F,Spk10,U_e6036eef14,975_100,Nyanja_NF_Spk10_U_e6036eef14_Utterance_3,ndikukonda ndi mtima onse cikondi  cimene ndigwilitsa nchito mu zowawa zimene ndinapitamo kale ndiponso ndi chikhulupiliro caku ubwana wanga,Nyanja_NF_Spk10_U_e6036eef14_Utterance_3_975_100.wav,17.741
NF,F,Spk10,U_e6036eef14,975_100,Nyanja_NF_Spk10_U_e6036eef14_Utterance_4,sindinakhale ndi mpata okuuza pa kukooma kwa malo amenewa,Nyanja_NF_Spk10_U_e6036eef14_Utterance_4_975_100.wav,8.324
NF,F,Spk10,U_e6036eef14,975_100,Nyanja_NF_Spk10_U_e6036eef14_Utterance_5,sindinaime kuti ndiganize ngati ndi za ucitsili kapena ai ndinazicita ndipo ndine okondwa pozicita,Nyanja_NF_Spk10_U_e6036eef14_Utterance_5_975_100.wav,12.068
NF,F,Spk10,U_e6036eef14,975_100,Nyanja_NF_Spk10_U_e6036eef14_Utterance_6,mwacisinsi moto wao wakuda unayeeletsa mbanda kuca ndipo kunayera zedi,Nyanja_NF_Spk10_U_e6036eef14_Utterance_6_975_100.wav,8.564
NF,F,Spk10,U_e6036eef14,975_100,Nyanja_NF_Spk10_U_e6036eef14_Utterance_7,iye anaonekanso odabwa pang'ono cifukwa ca momwe analandiliridwa,Nyanja_NF_Spk10_U_e6036eef14_Utterance_7_975_100.wav,6.584
NF,F,Spk10,U_e6036eef14,975_100,Nyanja_NF_Spk10_U_e6036eef14_Utterance_8,zambiri ngati sizoonse zoganiza za kacenjede socrate zipezeka/zinaikidwanzo mu buku yocedwa timaeus,Nyanja_NF_Spk10_U_e6036eef14_Utterance_8_975_100.wav,13.808
NF,F,Spk10,U_e6036eef14,975_100,Nyanja_NF_Spk10_U_e6036eef14_Utterance_9,kulila kwa kwa belu yosasintha ndi yaphindu kunanditengera nthawi imeneyo ku malo kwa za zoona,Nyanja_NF_Spk10_U_e6036eef14_Utterance_9_975_100.wav,10.139
NF,F,Spk10,U_e6036eef14,975_100,Nyanja_NF_Spk10_U_e6036eef14_Utterance_10,ndikukaika gati branwelll anali kuzisamalira pa nthawi  iyo,Nyanja_NF_Spk10_U_e6036eef14_Utterance_10_975_100.wav,6.715
NF,F,Spk10,U_e6036eef14,975_100,Nyanja_NF_Spk10_U_e6036eef14_Utterance_11,zaka za ma tsiku amene anali kufa zinali khumi,Nyanja_NF_Spk10_U_e6036eef14_Utterance_11_975_100.wav,6.157
NF,F,Spk10,U_e6036eef14,975_100,Nyanja_NF_Spk10_U_e6036eef14_Utterance_12,makumbi aja akuoneka ngati azagwera pa nyanja,Nyanja_NF_Spk10_U_e6036eef14_Utterance_12_975_100.wav,4.121
NF,F,Spk10,U_e6036eef14,975_100,Nyanja_NF_Spk10_U_e6036eef14_Utterance_13,mwa umphumphu ndinaondionetsa kukhala pa malo amene anali ku dzanja la manzere,Nyanja_NF_Spk10_U_e6036eef14_Utterance_13_975_100.wav,9.884
NF,F,Spk10,U_e6036eef14,975_100,Nyanja_NF_Spk10_U_e6036eef14_Utterance_14,nvetsa zomwa bambo ferdinando brown anena anayankha kapitawo battleax,Nyanja_NF_Spk10_U_e6036eef14_Utterance_14_975_100.wav,8.034
NF,F,Spk10,U_e6036eef14,975_100,Nyanja_NF_Spk10_U_e6036eef14_Utterance_15,ndipo imfa imene ndalotera sinacitika ai,Nyanja_NF_Spk10_U_e6036eef14_Utterance_15_975_100.wav,4.901
NF,F,Spk10,U_e6036eef14,975_100,Nyanja_NF_Spk10_U_e6036eef14_Utterance_16,tsopano ndapanga ciganizo canga pa nkhani imeneyo ngati ine ndinali mabel nkadakhala komwe kuno,Nyanja_NF_Spk10_U_e6036eef14_Utterance_16_975_100.wav,11.58
NF,F,Spk10,U_e6036eef14,975_100,Nyanja_NF_Spk10_U_e6036eef14_Utterance_17,iwo anayambanso ulendo wao ndipo kupyolera  mu kuunika kwabwino anakwaniritsa ku oloka ma tsindwi yosadetsan nkhawa,Nyanja_NF_Spk10_U_e6036eef14_Utterance_17_975_100.wav,13.317
NF,F,Spk10,U_e6036eef14,975_100,Nyanja_NF_Spk10_U_e6036eef14_Utterance_18,koma sindinu munthuamene adziwa kukonda  okendedwa wanga,Nyanja_NF_Spk10_U_e6036eef14_Utterance_18_975_100.wav,4.901
NF,F,Spk10,U_e6036eef14,975_100,Nyanja_NF_Spk10_U_e6036eef14_Utterance_19,sindizawerenga kufika pa makhumi awiri pa mlingo umenewo,Nyanja_NF_Spk10_U_e6036eef14_Utterance_19_975_100.wav,6.945
NF,F,Spk10,U_e6036eef14,975_100,Nyanja_NF_Spk10_U_e6036eef14_Utterance_20,pa ku ukitsidwa ku imfa kwace  yesu kristu anamenyera nkhondo  ya malamulo ucimo kuthupi dziko imfa gehena ndi zoipa zonse,Nyanja_NF_Spk10_U_e6036eef14_Utterance_20_975_100.wav,13.701
NF,F,Spk10,U_e6036eef14,975_100,Nyanja_NF_Spk10_U_e6036eef14_Utterance_21,kodi mfumu yanu tsopano sikukhulupilira zicitidwe zosakhulupilirika,Nyanja_NF_Spk10_U_e6036eef14_Utterance_21_975_100.wav,7.718
NF,F,Spk10,U_e6036eef14,975_100,Nyanja_NF_Spk10_U_e6036eef14_Utterance_22,anaona mapewa ace olema ndi mutu waukulu ndipo wosimikidza ukukankhidwa patsogoro ngathi mphanga italasidwa,Nyanja_NF_Spk10_U_e6036eef14_Utterance_22_975_100.wav,12.524
NF,F,Spk10,U_e6036eef14,975_100,Nyanja_NF_Spk10_U_e6036eef14_Utterance_23,tiyeni tibwelere mbuyo ndi colinga cofufuza pomwe tikuonetsetsa,Nyanja_NF_Spk10_U_e6036eef14_Utterance_23_975_100.wav,7.11
NF,F,Spk10,U_e6036eef14,975_100,Nyanja_NF_Spk10_U_e6036eef14_Utterance_24,iye sali bwino abwera kuno kunyanja ndicoinga copuuma ndi ku sisintha nmalo,Nyanja_NF_Spk10_U_e6036eef14_Utterance_24_975_100.wav,9.706
NF,F,Spk10,U_e6036eef14,975_100,Nyanja_NF_Spk10_U_e6036eef14_Utterance_25,ngati  iye sadziwa kuyelekedza phindu lace ine ndidziwa,Nyanja_NF_Spk10_U_e6036eef14_Utterance_25_975_100.wav,8.615
NF,F,Spk10,U_e6036eef14,950_975,Nyanja_NF_Spk10_U_e6036eef14_Utterance_1,usade nazo nkhawa mzanga okondedwa sizzle zonsezo zizabwera posacedwa apa,Nyanja_NF_Spk10_U_e6036eef14_Utterance_1_950_975.wav,10.274
NF,F,Spk10,U_e6036eef14,950_975,Nyanja_NF_Spk10_U_e6036eef14_Utterance_2,bwera bwera ndatopa nako kusaonekera kwako,Nyanja_NF_Spk10_U_e6036eef14_Utterance_2_950_975.wav,4.253
NF,F,Spk10,U_e6036eef14,950_975,Nyanja_NF_Spk10_U_e6036eef14_Utterance_3,mopanda kuipa ndi mopanda kaso andimenyera nkhondo ndipo izi ndi zina zambiri ndizayesa ku mcitira,Nyanja_NF_Spk10_U_e6036eef14_Utterance_3_950_975.wav,12.084
NF,F,Spk10,U_e6036eef14,950_975,Nyanja_NF_Spk10_U_e6036eef14_Utterance_4,izi nzeru zili m'maganizo munjira imodzi koma njira ina ai,Nyanja_NF_Spk10_U_e6036eef14_Utterance_4_950_975.wav,5.582
NF,F,Spk10,U_e6036eef14,950_975,Nyanja_NF_Spk10_U_e6036eef14_Utterance_5,mfumu itabwera ku paris anthu onse amaitana mokweza nati umoyo wa utali mfumu yanga,Nyanja_NF_Spk10_U_e6036eef14_Utterance_5_950_975.wav,8.615
NF,F,Spk10,U_e6036eef14,950_975,Nyanja_NF_Spk10_U_e6036eef14_Utterance_6,akuti kuunika ndi khendulo ndi kokometsa mu dziko lonse lapansi,Nyanja_NF_Spk10_U_e6036eef14_Utterance_6_950_975.wav,8.615
NF,F,Spk10,U_e6036eef14,950_975,Nyanja_NF_Spk10_U_e6036eef14_Utterance_7,kunyadira kwa cithunzithunzico cimene sicinali kuoneka bwino cinalenga kuti ukumbukira ubwino wa ufesi imena anakana,Nyanja_NF_Spk10_U_e6036eef14_Utterance_7_950_975.wav,16.542
NF,F,Spk10,U_e6036eef14,950_975,Nyanja_NF_Spk10_U_e6036eef14_Utterance_8,kunyadira kwa cithunzithunzico cimene sicinali kuoneka bwino cinalenga kuti ukumbukira ubwino wa ufesi imena anakana,Nyanja_NF_Spk10_U_e6036eef14_Utterance_8_950_975.wav,16.561
NF,F,Spk10,U_e6036eef14,950_975,Nyanja_NF_Spk10_U_e6036eef14_Utterance_9,bartley anayamba pamene hilda analiza ka belu kakang'ono kamene kanali pa mbali yace wokondedwa wanga kodi ncifukwa ninji unacita zija,Nyanja_NF_Spk10_U_e6036eef14_Utterance_9_950_975.wav,18.462
NF,F,Spk10,U_e6036eef14,950_975,Nyanja_NF_Spk10_U_e6036eef14_Utterance_10,anaoneka ngati anali kufuna kukondweretsa anthu kopanda kudziindikira mphanvu imene anali nayo,Nyanja_NF_Spk10_U_e6036eef14_Utterance_10_950_975.wav,11.124
NF,F,Spk10,U_e6036eef14,950_975,Nyanja_NF_Spk10_U_e6036eef14_Utterance_11,ndiganiza kuti ndikukucitilani zabwino  pokucotsani kumalo ngati aja,Nyanja_NF_Spk10_U_e6036eef14_Utterance_11_950_975.wav,8.615
NF,F,Spk10,U_e6036eef14,950_975,Nyanja_NF_Spk10_U_e6036eef14_Utterance_12,ndipo ndigoneke pa khama lako lozizila ndipo undisiile malo oti ndiwalile,Nyanja_NF_Spk10_U_e6036eef14_Utterance_12_950_975.wav,10.968
NF,F,Spk10,U_e6036eef14,950_975,Nyanja_NF_Spk10_U_e6036eef14_Utterance_13,uyenera kunvetsetsa mau awa cifukwa ali ndi citonthozo ca cikulu pa zofuna inuno nomwe,Nyanja_NF_Spk10_U_e6036eef14_Utterance_13_950_975.wav,11.756
NF,F,Spk10,U_e6036eef14,950_975,Nyanja_NF_Spk10_U_e6036eef14_Utterance_14,osati wacicipere mumene muonera bambo koma ndine munthu wacikulire,Nyanja_NF_Spk10_U_e6036eef14_Utterance_14_950_975.wav,8.029
NF,F,Spk10,U_e6036eef14,950_975,Nyanja_NF_Spk10_U_e6036eef14_Utterance_15,amalume mukuoneka ngati pali cimene mukuyembekezera ni natero nitawaona akuonetsetsa kwambiri galasi yao mwankawa ndithu,Nyanja_NF_Spk10_U_e6036eef14_Utterance_15_950_975.wav,1.149
NF,F,Spk10,U_e6036eef14,950_975,Nyanja_NF_Spk10_U_e6036eef14_Utterance_16,anthu sayenera kumangoyerekezela cilengedwe ca mulungu,Nyanja_NF_Spk10_U_e6036eef14_Utterance_16_950_975.wav,7.618
NF,F,Spk10,U_e6036eef14,950_975,Nyanja_NF_Spk10_U_e6036eef14_Utterance_17,iye atatha  alexander anazigwedeza atatha kuganiza konenetsa,Nyanja_NF_Spk10_U_e6036eef14_Utterance_17_950_975.wav,6.157
NF,F,Spk10,U_e6036eef14,950_975,Nyanja_NF_Spk10_U_e6036eef14_Utterance_18,ma ola anapita pang'ono pang'ono ndipo kunanveka zinthu zikuyenda yenda ku holo,Nyanja_NF_Spk10_U_e6036eef14_Utterance_18_950_975.wav,8.308
NF,F,Spk10,U_e6036eef14,950_975,Nyanja_NF_Spk10_U_e6036eef14_Utterance_19,tsiku iliyonse ili ndi zolilitsa zace zazikulu mwina zabwino zace zocepelera,Nyanja_NF_Spk10_U_e6036eef14_Utterance_19_950_975.wav,10.443
NF,F,Spk10,U_e6036eef14,950_975,Nyanja_NF_Spk10_U_e6036eef14_Utterance_20,anameka na sekelera na pysanta khadi yave m'manja mncira yosaoneka bwino asanathawira pa mwambapo,Nyanja_NF_Spk10_U_e6036eef14_Utterance_20_950_975.wav,14.58
NF,F,Spk10,U_e6036eef14,950_975,Nyanja_NF_Spk10_U_e6036eef14_Utterance_21,ndikhulupilira kuti alexander akhulupilira kuti uzakhala pano iye anatero mosakweza mau,Nyanja_NF_Spk10_U_e6036eef14_Utterance_21_950_975.wav,11.92
NF,F,Spk10,U_e6036eef14,950_975,Nyanja_NF_Spk10_U_e6036eef14_Utterance_22,mzimu wa mbuzi olimba kotheratu unalimbitsidwa ndi ndau imene iwo anapambana,Nyanja_NF_Spk10_U_e6036eef14_Utterance_22_950_975.wav,9.523
NF,F,Spk10,U_e6036eef14,950_975,Nyanja_NF_Spk10_U_e6036eef14_Utterance_23,ndipo anabwezera lozalia mphete yace ya matsenga mothokoza mfiti ya cifundo pa zabwino zimene inamcitira,Nyanja_NF_Spk10_U_e6036eef14_Utterance_23_950_975.wav,11.723
NF,F,Spk10,U_e6036eef14,950_975,Nyanja_NF_Spk10_U_e6036eef14_Utterance_24,conde mundikhululukire cifukwa ca njira yosayenera imene mwadziwiramo kuti ndinakwanitsa zaka makumi anai,Nyanja_NF_Spk10_U_e6036eef14_Utterance_24_950_975.wav,14.022
NF,F,Spk10,U_e6036eef14,950_975,Nyanja_NF_Spk10_U_e6036eef14_Utterance_25,ngati gulu ya ocedwa owerenga anali mgalimoto imeneyo imfa yosadziwika bwino/yodabwitsa inali kumbweretsa ku adani ace,Nyanja_NF_Spk10_U_e6036eef14_Utterance_25_950_975.wav,1.527
