group,gender,spk_id,user_id,batch_id,audio_id,sentence,audio,duration_seconds
NNM,M,Spk5,U_fbd78a4b87,725_750,Nyanja_NNM_Spk5_U_fbd78a4b87_Utterance_1,alexander anawelama capatsogoro na thumitsa manja ake ku moto,Nyanja_NNM_Spk5_U_fbd78a4b87_Utterance_1_725_750.wav,21.455
NNM,M,Spk5,U_fbd78a4b87,725_750,Nyanja_NNM_Spk5_U_fbd78a4b87_Utterance_2,kodi siabwino kopotsa analira jasper ali kuzikweza motheratu atateanadziwa mocitira,Nyanja_NNM_Spk5_U_fbd78a4b87_Utterance_2_725_750.wav,27.167
NNM,M,Spk5,U_fbd78a4b87,725_750,Nyanja_NNM_Spk5_U_fbd78a4b87_Utterance_3,indetu anali atapenya kumbali ndi colinga cosafuna kuoona,Nyanja_NNM_Spk5_U_fbd78a4b87_Utterance_3_725_750.wav,17.197
NNM,M,Spk5,U_fbd78a4b87,725_750,Nyanja_NNM_Spk5_U_fbd78a4b87_Utterance_4,ndizacita ciliconse cimene iwe ufuna kuti nkucitile bartley anatero monjenjemera,Nyanja_NNM_Spk5_U_fbd78a4b87_Utterance_4_725_750.wav,18.982
NNM,M,Spk5,U_fbd78a4b87,725_750,Nyanja_NNM_Spk5_U_fbd78a4b87_Utterance_5,sanaleke kuyenda mofulumira kufikira atapyeela mpaka ca kunyanja ndi pa malo amene apedzeka pa nyanja ocefdwa lo thonje inali patsogolo pache,Nyanja_NNM_Spk5_U_fbd78a4b87_Utterance_5_725_750.wav,19.58
NNM,M,Spk5,U_fbd78a4b87,725_750,Nyanja_NNM_Spk5_U_fbd78a4b87_Utterance_6,ku malo a mkhalidwe wa ku ulaya malo ano pa nthawi ino akupezeka pakati pa aja osauka,Nyanja_NNM_Spk5_U_fbd78a4b87_Utterance_6_725_750.wav,20.705
NNM,M,Spk5,U_fbd78a4b87,725_750,Nyanja_NNM_Spk5_U_fbd78a4b87_Utterance_7,iye anathamangira kumbali kumene kunali amuna ace nthawi imeneyo nawathandiza kucotsa ma ketulo anai pamoto,Nyanja_NNM_Spk5_U_fbd78a4b87_Utterance_7_725_750.wav,20.0
NNM,M,Spk5,U_fbd78a4b87,725_750,Nyanja_NNM_Spk5_U_fbd78a4b87_Utterance_8,kodi muzandisiya mcipinda cangaci ndekha kapena ndikusiyeni pofuna ku kuthawani,Nyanja_NNM_Spk5_U_fbd78a4b87_Utterance_8_725_750.wav,16.775
NNM,M,Spk5,U_fbd78a4b87,725_750,Nyanja_NNM_Spk5_U_fbd78a4b87_Utterance_9,ananditumila ma tsamba olembedwao asanafe,Nyanja_NNM_Spk5_U_fbd78a4b87_Utterance_9_725_750.wav,9.215
NNM,M,Spk5,U_fbd78a4b87,725_750,Nyanja_NNM_Spk5_U_fbd78a4b87_Utterance_10,ndikhulupilira mu kuphunzitsa anthu mofikapo mzungu kuno anatero mobvomeredzana naye ndi mtima onse,Nyanja_NNM_Spk5_U_fbd78a4b87_Utterance_10_725_750.wav,32.285
NNM,M,Spk5,U_fbd78a4b87,725_750,Nyanja_NNM_Spk5_U_fbd78a4b87_Utterance_11,nyuma ya malamulo ndi a scot (ena) anapeleka zoganiza zao kwa a mfumu,Nyanja_NNM_Spk5_U_fbd78a4b87_Utterance_11_725_750.wav,13.385
NNM,M,Spk5,U_fbd78a4b87,725_750,Nyanja_NNM_Spk5_U_fbd78a4b87_Utterance_12,motheratu uku ndiye kunali kumasulira kwa  maonekedwe a abwana ace yakobo ndi akazi ao  kulingana ndi momwe  yakobo analankhulira,Nyanja_NNM_Spk5_U_fbd78a4b87_Utterance_12_725_750.wav,13.1
NNM,M,Spk5,U_fbd78a4b87,725_750,Nyanja_NNM_Spk5_U_fbd78a4b87_Utterance_13,tsopano anali kusewera ndi akadoli ao pa malo amalonda aja,Nyanja_NNM_Spk5_U_fbd78a4b87_Utterance_13_725_750.wav,11.97
NNM,M,Spk5,U_fbd78a4b87,725_750,Nyanja_NNM_Spk5_U_fbd78a4b87_Utterance_14,cinkhuni cinayaka kopootsa pamene panali kuoceledwa mwala wa kopa ndipo cidalila mokweza,Nyanja_NNM_Spk5_U_fbd78a4b87_Utterance_14_725_750.wav,16.505
NNM,M,Spk5,U_fbd78a4b87,725_750,Nyanja_NNM_Spk5_U_fbd78a4b87_Utterance_15,inde khalidwe imene mfumu yanu inaganiszila ndizogwirizana bwino ndi lanu,Nyanja_NNM_Spk5_U_fbd78a4b87_Utterance_15_725_750.wav,17.84
NNM,M,Spk5,U_fbd78a4b87,725_750,Nyanja_NNM_Spk5_U_fbd78a4b87_Utterance_16,uncas anataya khungu lace nabwera patsogoro m'maonekedwe ace okongola,Nyanja_NNM_Spk5_U_fbd78a4b87_Utterance_16_725_750.wav,18.389
NNM,M,Spk5,U_fbd78a4b87,725_750,Nyanja_NNM_Spk5_U_fbd78a4b87_Utterance_17,bwerani ndithu tiwathire mathope,Nyanja_NNM_Spk5_U_fbd78a4b87_Utterance_17_725_750.wav,22.662
NNM,M,Spk5,U_fbd78a4b87,725_750,Nyanja_NNM_Spk5_U_fbd78a4b87_Utterance_18,tizabwere kuno lere masana titabvala  zobvala zathu zakale kuti tikonze konze mnyumba,Nyanja_NNM_Spk5_U_fbd78a4b87_Utterance_18_725_750.wav,19.58
NNM,M,Spk5,U_fbd78a4b87,725_750,Nyanja_NNM_Spk5_U_fbd78a4b87_Utterance_19,uku ndiye kumatsulira kwa kusakumbika kwambiri kumene kupezeka m'malo ena a pa nyanja ya atlantic,Nyanja_NNM_Spk5_U_fbd78a4b87_Utterance_19_725_750.wav,29.717
NNM,M,Spk5,U_fbd78a4b87,725_750,Nyanja_NNM_Spk5_U_fbd78a4b87_Utterance_20,ici ndico cimene tikufunisisa pa zolembedwa za ukacende pa nzeru,Nyanja_NNM_Spk5_U_fbd78a4b87_Utterance_20_725_750.wav,29.392
NNM,M,Spk5,U_fbd78a4b87,725_750,Nyanja_NNM_Spk5_U_fbd78a4b87_Utterance_21,kodi ncifukwa ciani adona a kunyumba ya hur angakhumudwe/angadabwe nazo,Nyanja_NNM_Spk5_U_fbd78a4b87_Utterance_21_725_750.wav,12.097
NNM,M,Spk5,U_fbd78a4b87,725_750,Nyanja_NNM_Spk5_U_fbd78a4b87_Utterance_22,kuli chabe zolembedwa zofanizila za nyumbayo d'este kodi ukuona,Nyanja_NNM_Spk5_U_fbd78a4b87_Utterance_22_725_750.wav,17.513
NNM,M,Spk5,U_fbd78a4b87,725_750,Nyanja_NNM_Spk5_U_fbd78a4b87_Utterance_23,ndikuganiza kuti zimenezi zizakhala zokwanira anapitiliza kulankhula poti zina zace zofunikira siziyenera mu wanchito,Nyanja_NNM_Spk5_U_fbd78a4b87_Utterance_23_725_750.wav,10.357
NNM,M,Spk5,U_fbd78a4b87,725_750,Nyanja_NNM_Spk5_U_fbd78a4b87_Utterance_24,kodi mungatandauze ciani mukatero amai woodley mumalankhula mosadziwika bwino,Nyanja_NNM_Spk5_U_fbd78a4b87_Utterance_24_725_750.wav,17.744
NNM,M,Spk5,U_fbd78a4b87,725_750,Nyanja_NNM_Spk5_U_fbd78a4b87_Utterance_25,ukulu wa muombolo wa khristu mwana wa mulungu utionetsa ici,Nyanja_NNM_Spk5_U_fbd78a4b87_Utterance_25_725_750.wav,16.717
NNM,M,Spk5,U_fbd78a4b87,725_750,Nyanja_NNM_Spk5_U_fbd78a4b87_Utterance_1,alexander anawelama capatsogoro na thumitsa manja ake ku moto,Nyanja_NNM_Spk5_U_fbd78a4b87_Utterance_1_725_750.wav,12.965
NNM,M,Spk5,U_fbd78a4b87,725_750,Nyanja_NNM_Spk5_U_fbd78a4b87_Utterance_2,kodi siabwino kopotsa analira jasper ali kuzikweza motheratu atateanadziwa mocitira,Nyanja_NNM_Spk5_U_fbd78a4b87_Utterance_2_725_750.wav,15.32
NNM,M,Spk5,U_fbd78a4b87,725_750,Nyanja_NNM_Spk5_U_fbd78a4b87_Utterance_3,indetu anali atapenya kumbali ndi colinga cosafuna kuoona,Nyanja_NNM_Spk5_U_fbd78a4b87_Utterance_3_725_750.wav,8.45
NNM,M,Spk5,U_fbd78a4b87,725_750,Nyanja_NNM_Spk5_U_fbd78a4b87_Utterance_4,ndizacita ciliconse cimene iwe ufuna kuti nkucitile bartley anatero monjenjemera,Nyanja_NNM_Spk5_U_fbd78a4b87_Utterance_4_725_750.wav,10.055
NNM,M,Spk5,U_fbd78a4b87,725_750,Nyanja_NNM_Spk5_U_fbd78a4b87_Utterance_5,sanaleke kuyenda mofulumira kufikira atapyeela mpaka ca kunyanja ndi pa malo amene apedzeka pa nyanja ocefdwa lo thonje inali patsogolo pache,Nyanja_NNM_Spk5_U_fbd78a4b87_Utterance_5_725_750.wav,23.284
NNM,M,Spk5,U_fbd78a4b87,725_750,Nyanja_NNM_Spk5_U_fbd78a4b87_Utterance_6,ku malo a mkhalidwe wa ku ulaya malo ano pa nthawi ino akupezeka pakati pa aja osauka,Nyanja_NNM_Spk5_U_fbd78a4b87_Utterance_6_725_750.wav,14.669
NNM,M,Spk5,U_fbd78a4b87,725_750,Nyanja_NNM_Spk5_U_fbd78a4b87_Utterance_7,iye anathamangira kumbali kumene kunali amuna ace nthawi imeneyo nawathandiza kucotsa ma ketulo anai pamoto,Nyanja_NNM_Spk5_U_fbd78a4b87_Utterance_7_725_750.wav,20.301
NNM,M,Spk5,U_fbd78a4b87,725_750,Nyanja_NNM_Spk5_U_fbd78a4b87_Utterance_8,kodi muzandisiya mcipinda cangaci ndekha kapena ndikusiyeni pofuna ku kuthawani,Nyanja_NNM_Spk5_U_fbd78a4b87_Utterance_8_725_750.wav,16.576
NNM,M,Spk5,U_fbd78a4b87,725_750,Nyanja_NNM_Spk5_U_fbd78a4b87_Utterance_9,ananditumila ma tsamba olembedwao asanafe,Nyanja_NNM_Spk5_U_fbd78a4b87_Utterance_9_725_750.wav,9.432
NNM,M,Spk5,U_fbd78a4b87,725_750,Nyanja_NNM_Spk5_U_fbd78a4b87_Utterance_10,ndikhulupilira mu kuphunzitsa anthu mofikapo mzungu kuno anatero mobvomeredzana naye ndi mtima onse,Nyanja_NNM_Spk5_U_fbd78a4b87_Utterance_10_725_750.wav,19.273
NNM,M,Spk5,U_fbd78a4b87,725_750,Nyanja_NNM_Spk5_U_fbd78a4b87_Utterance_11,nyuma ya malamulo ndi a scot (ena) anapeleka zoganiza zao kwa a mfumu,Nyanja_NNM_Spk5_U_fbd78a4b87_Utterance_11_725_750.wav,15.691
NNM,M,Spk5,U_fbd78a4b87,725_750,Nyanja_NNM_Spk5_U_fbd78a4b87_Utterance_12,motheratu uku ndiye kunali kumasulira kwa  maonekedwe a abwana ace yakobo ndi akazi ao  kulingana ndi momwe  yakobo analankhulira,Nyanja_NNM_Spk5_U_fbd78a4b87_Utterance_12_725_750.wav,22.999
NNM,M,Spk5,U_fbd78a4b87,725_750,Nyanja_NNM_Spk5_U_fbd78a4b87_Utterance_13,tsopano anali kusewera ndi akadoli ao pa malo amalonda aja,Nyanja_NNM_Spk5_U_fbd78a4b87_Utterance_13_725_750.wav,8.742
NNM,M,Spk5,U_fbd78a4b87,725_750,Nyanja_NNM_Spk5_U_fbd78a4b87_Utterance_14,cinkhuni cinayaka kopootsa pamene panali kuoceledwa mwala wa kopa ndipo cidalila mokweza,Nyanja_NNM_Spk5_U_fbd78a4b87_Utterance_14_725_750.wav,16.413
NNM,M,Spk5,U_fbd78a4b87,725_750,Nyanja_NNM_Spk5_U_fbd78a4b87_Utterance_15,inde khalidwe imene mfumu yanu inaganiszila ndizogwirizana bwino ndi lanu,Nyanja_NNM_Spk5_U_fbd78a4b87_Utterance_15_725_750.wav,13.492
NNM,M,Spk5,U_fbd78a4b87,725_750,Nyanja_NNM_Spk5_U_fbd78a4b87_Utterance_16,uncas anataya khungu lace nabwera patsogoro m'maonekedwe ace okongola,Nyanja_NNM_Spk5_U_fbd78a4b87_Utterance_16_725_750.wav,11.59
NNM,M,Spk5,U_fbd78a4b87,725_750,Nyanja_NNM_Spk5_U_fbd78a4b87_Utterance_17,bwerani ndithu tiwathire mathope,Nyanja_NNM_Spk5_U_fbd78a4b87_Utterance_17_725_750.wav,8.26
NNM,M,Spk5,U_fbd78a4b87,725_750,Nyanja_NNM_Spk5_U_fbd78a4b87_Utterance_18,tizabwere kuno lere masana titabvala  zobvala zathu zakale kuti tikonze konze mnyumba,Nyanja_NNM_Spk5_U_fbd78a4b87_Utterance_18_725_750.wav,13.425
NNM,M,Spk5,U_fbd78a4b87,725_750,Nyanja_NNM_Spk5_U_fbd78a4b87_Utterance_19,uku ndiye kumatsulira kwa kusakumbika kwambiri kumene kupezeka m'malo ena a pa nyanja ya atlantic,Nyanja_NNM_Spk5_U_fbd78a4b87_Utterance_19_725_750.wav,16.319
NNM,M,Spk5,U_fbd78a4b87,725_750,Nyanja_NNM_Spk5_U_fbd78a4b87_Utterance_20,ici ndico cimene tikufunisisa pa zolembedwa za ukacende pa nzeru,Nyanja_NNM_Spk5_U_fbd78a4b87_Utterance_20_725_750.wav,11.094
NNM,M,Spk5,U_fbd78a4b87,725_750,Nyanja_NNM_Spk5_U_fbd78a4b87_Utterance_21,kodi ncifukwa ciani adona a kunyumba ya hur angakhumudwe/angadabwe nazo,Nyanja_NNM_Spk5_U_fbd78a4b87_Utterance_21_725_750.wav,13.764
NNM,M,Spk5,U_fbd78a4b87,725_750,Nyanja_NNM_Spk5_U_fbd78a4b87_Utterance_22,kuli chabe zolembedwa zofanizila za nyumbayo d'este kodi ukuona,Nyanja_NNM_Spk5_U_fbd78a4b87_Utterance_22_725_750.wav,11.886
NNM,M,Spk5,U_fbd78a4b87,725_750,Nyanja_NNM_Spk5_U_fbd78a4b87_Utterance_23,ndikuganiza kuti zimenezi zizakhala zokwanira anapitiliza kulankhula poti zina zace zofunikira siziyenera mu wanchito,Nyanja_NNM_Spk5_U_fbd78a4b87_Utterance_23_725_750.wav,19.273
NNM,M,Spk5,U_fbd78a4b87,725_750,Nyanja_NNM_Spk5_U_fbd78a4b87_Utterance_24,kodi mungatandauze ciani mukatero amai woodley mumalankhula mosadziwika bwino,Nyanja_NNM_Spk5_U_fbd78a4b87_Utterance_24_725_750.wav,14.44
NNM,M,Spk5,U_fbd78a4b87,725_750,Nyanja_NNM_Spk5_U_fbd78a4b87_Utterance_25,ukulu wa muombolo wa khristu mwana wa mulungu utionetsa ici,Nyanja_NNM_Spk5_U_fbd78a4b87_Utterance_25_725_750.wav,11.635
NNM,M,Spk5,U_fd01d0a7a2,700_725,Nyanja_NNM_Spk5_U_fd01d0a7a2_Utterance_1,koma pkacenjede plato alibe zosadziwika pa zida zace zimene aonetsa mu buku lace locedwa  phaedrus kapena symposium,Nyanja_NNM_Spk5_U_fd01d0a7a2_Utterance_1_700_725.wav,9.172
NNM,M,Spk5,U_fd01d0a7a2,700_725,Nyanja_NNM_Spk5_U_fd01d0a7a2_Utterance_2,iye anali mzimai wamkulu thupi amene anankapezeka pa nyumba nthawi zonse anali anthu aciyera/azungu wamba amene sanali kudziwika ku malo amene anali kukhala,Nyanja_NNM_Spk5_U_fd01d0a7a2_Utterance_2_700_725.wav,14.919
NNM,M,Spk5,U_fd01d0a7a2,700_725,Nyanja_NNM_Spk5_U_fd01d0a7a2_Utterance_3,munda wa zipatso unali kunyezimila ndi kugwedezeka gwedezeka mkadzuwa,Nyanja_NNM_Spk5_U_fd01d0a7a2_Utterance_3_700_725.wav,6.699
NNM,M,Spk5,U_fd01d0a7a2,700_725,Nyanja_NNM_Spk5_U_fd01d0a7a2_Utterance_4,mimba ya nomondwe wanga simakhuta ndipo munakwelanso/munalinso  golide,Nyanja_NNM_Spk5_U_fd01d0a7a2_Utterance_4_700_725.wav,6.362
NNM,M,Spk5,U_fd01d0a7a2,700_725,Nyanja_NNM_Spk5_U_fd01d0a7a2_Utterance_5,cabwino kodi amfumu ali ndi mphamvu iliyonse yoti angathe kulankhulako pa nkhani za mtundu umenewo,Nyanja_NNM_Spk5_U_fd01d0a7a2_Utterance_5_700_725.wav,8.464
NNM,M,Spk5,U_fd01d0a7a2,700_725,Nyanja_NNM_Spk5_U_fd01d0a7a2_Utterance_6,mu izi zonse episkopo paulo akumucita kuukanso kwa ambuye yesu,Nyanja_NNM_Spk5_U_fd01d0a7a2_Utterance_6_700_725.wav,5.178
NNM,M,Spk5,U_fd01d0a7a2,700_725,Nyanja_NNM_Spk5_U_fd01d0a7a2_Utterance_7,kwa nthawi yaitali anafuna kudziwitsitsa malo okongola ocedwa oz komwe iwo nali kukhalila,Nyanja_NNM_Spk5_U_fd01d0a7a2_Utterance_7_700_725.wav,7.338
NNM,M,Spk5,U_fd01d0a7a2,700_725,Nyanja_NNM_Spk5_U_fd01d0a7a2_Utterance_8,ici cinali nthawi ya masankho mu mwezi wa kafukulira caka ca 1855,Nyanja_NNM_Spk5_U_fd01d0a7a2_Utterance_8_700_725.wav,6.803
NNM,M,Spk5,U_fd01d0a7a2,700_725,Nyanja_NNM_Spk5_U_fd01d0a7a2_Utterance_9,izi zingakukhalileni bwino nonse ngati apita ndi carl,Nyanja_NNM_Spk5_U_fd01d0a7a2_Utterance_9_700_725.wav,5.735
NNM,M,Spk5,U_fd01d0a7a2,700_725,Nyanja_NNM_Spk5_U_fd01d0a7a2_Utterance_10,momwe zilili pa nkhani imeneyi monga momwe zimakhalila mu mankhani ena ambiri cimene cingatengedwa ngati coonekeratu/codziwikiratu kutsogoroko sicingakhale tero,Nyanja_NNM_Spk5_U_fd01d0a7a2_Utterance_10_700_725.wav,13.886
NNM,M,Spk5,U_fd01d0a7a2,700_725,Nyanja_NNM_Spk5_U_fd01d0a7a2_Utterance_11,tiyenera kunvera kristu amane anaikidwa kuti akhale mphunzitsi wathu ndi atate mulungu,Nyanja_NNM_Spk5_U_fd01d0a7a2_Utterance_11_700_725.wav,7.546
NNM,M,Spk5,U_fd01d0a7a2,700_725,Nyanja_NNM_Spk5_U_fd01d0a7a2_Utterance_12,ndipo nchito ija sinali yopweeka ngati mmene inu muganizira,Nyanja_NNM_Spk5_U_fd01d0a7a2_Utterance_12_700_725.wav,5.735
NNM,M,Spk5,U_fd01d0a7a2,700_725,Nyanja_NNM_Spk5_U_fd01d0a7a2_Utterance_13,mwina pa za mkhalidwe wa anthu athu cili cinthu cosatheka,Nyanja_NNM_Spk5_U_fd01d0a7a2_Utterance_13_700_725.wav,6.2
NNM,M,Spk5,U_fd01d0a7a2,700_725,Nyanja_NNM_Spk5_U_fd01d0a7a2_Utterance_14,pa nthawi imodzi-modzi paulo asimikiza cikhulupiliro cathu kuti yesu ndi wabwino/ndi mulungu emwe,Nyanja_NNM_Spk5_U_fd01d0a7a2_Utterance_14_700_725.wav,10.112
NNM,M,Spk5,U_fd01d0a7a2,700_725,Nyanja_NNM_Spk5_U_fd01d0a7a2_Utterance_15,anafunsa mosadzindikira sindinadziwe kuti ungathe kupanga atate ace kubvomerezana ndi zomwe unali kunena/kufuna,Nyanja_NNM_Spk5_U_fd01d0a7a2_Utterance_15_700_725.wav,11.238
NNM,M,Spk5,U_fd01d0a7a2,700_725,Nyanja_NNM_Spk5_U_fd01d0a7a2_Utterance_16,ndipo ndinali kukhala bwino ndipo tsopano ndine kapolo wako cabwino ndi mwai wa nkhondo,Nyanja_NNM_Spk5_U_fd01d0a7a2_Utterance_16_700_725.wav,6.49
NNM,M,Spk5,U_fd01d0a7a2,700_725,Nyanja_NNM_Spk5_U_fd01d0a7a2_Utterance_17,pakati pa atumwi aboza ozitukumula/ozikweza paulo anateteza mphanvu zace za utumwi ndi za chalichi poyera,Nyanja_NNM_Spk5_U_fd01d0a7a2_Utterance_17_700_725.wav,10.089
NNM,M,Spk5,U_fd01d0a7a2,700_725,Nyanja_NNM_Spk5_U_fd01d0a7a2_Utterance_18,pa zonsezi anaganiza lobini pa atate acekodi nciani cimene angafune kulankhulapo,Nyanja_NNM_Spk5_U_fd01d0a7a2_Utterance_18_700_725.wav,8.603
NNM,M,Spk5,U_fd01d0a7a2,700_725,Nyanja_NNM_Spk5_U_fd01d0a7a2_Utterance_19,moonana maso ndi maso tiyeni tilandile kacenjede wa maphunziro akuuya kacipinda kogonamo kanu muno kali kukudikhilani,Nyanja_NNM_Spk5_U_fd01d0a7a2_Utterance_19_700_725.wav,10.542
NNM,M,Spk5,U_fd01d0a7a2,700_725,Nyanja_NNM_Spk5_U_fd01d0a7a2_Utterance_20,akuyenda mofika pafupi ndi thebulo/gome yodyerapo cakudya ca m'madzulo iye mosamala ndithu anaik pepala imene munalembedwa nkhani pakati nacotsapo ka nsalu,Nyanja_NNM_Spk5_U_fd01d0a7a2_Utterance_20_700_725.wav,13.363
NNM,M,Spk5,U_fd01d0a7a2,700_725,Nyanja_NNM_Spk5_U_fd01d0a7a2_Utterance_21,indetu ngati sindidziwa amene anali naye mu cikondi ndiye kuti ndidziwa omwe anali naye mcikondi,Nyanja_NNM_Spk5_U_fd01d0a7a2_Utterance_21_700_725.wav,8.664
NNM,M,Spk5,U_fd01d0a7a2,700_725,Nyanja_NNM_Spk5_U_fd01d0a7a2_Utterance_22,ndipo kodi ncionetsero cotani cimene mumapeleka anafunsa servadaki mofunitsitsa kudziwa ngati sidzizacitika,Nyanja_NNM_Spk5_U_fd01d0a7a2_Utterance_22_700_725.wav,8.522
NNM,M,Spk5,U_fd01d0a7a2,700_725,Nyanja_NNM_Spk5_U_fd01d0a7a2_Utterance_23,cifundo ca ambuye kuchokera kwa atate ndi mtendere kuchokera kwa ambuye yesu khristu,Nyanja_NNM_Spk5_U_fd01d0a7a2_Utterance_23_700_725.wav,6.142
NNM,M,Spk5,U_fd01d0a7a2,700_725,Nyanja_NNM_Spk5_U_fd01d0a7a2_Utterance_24,sadzakusiyani  m'masana kapena utsiku ngakhale mukugwira nchito kapena kusewera mwina mtagona,Nyanja_NNM_Spk5_U_fd01d0a7a2_Utterance_24_700_725.wav,9.067
NNM,M,Spk5,U_fd01d0a7a2,700_725,Nyanja_NNM_Spk5_U_fd01d0a7a2_Utterance_25,ndipo abale ndi alongo ace onse anaimilira mozungulira nanva atatsegula kukamwa kwao,Nyanja_NNM_Spk5_U_fd01d0a7a2_Utterance_25_700_725.wav,7.495
NNM,M,Spk5,U_fd01d0a7a2,725_750,Nyanja_NNM_Spk5_U_fd01d0a7a2_Utterance_1,alexander anawelama capatsogoro na thumitsa manja ake ku moto,Nyanja_NNM_Spk5_U_fd01d0a7a2_Utterance_1_725_750.wav,5.48
NNM,M,Spk5,U_fd01d0a7a2,725_750,Nyanja_NNM_Spk5_U_fd01d0a7a2_Utterance_2,kodi siabwino kopotsa analira jasper ali kuzikweza motheratu atateanadziwa mocitira,Nyanja_NNM_Spk5_U_fd01d0a7a2_Utterance_2_725_750.wav,7.326
NNM,M,Spk5,U_fd01d0a7a2,725_750,Nyanja_NNM_Spk5_U_fd01d0a7a2_Utterance_3,indetu anali atapenya kumbali ndi colinga cosafuna kuoona,Nyanja_NNM_Spk5_U_fd01d0a7a2_Utterance_3_725_750.wav,6.49
NNM,M,Spk5,U_fd01d0a7a2,725_750,Nyanja_NNM_Spk5_U_fd01d0a7a2_Utterance_4,ndizacita ciliconse cimene iwe ufuna kuti nkucitile bartley anatero monjenjemera,Nyanja_NNM_Spk5_U_fd01d0a7a2_Utterance_4_725_750.wav,7.187
NNM,M,Spk5,U_fd01d0a7a2,725_750,Nyanja_NNM_Spk5_U_fd01d0a7a2_Utterance_5,sanaleke kuyenda mofulumira kufikira atapyeela mpaka ca kunyanja ndi pa malo amene apedzeka pa nyanja ocefdwa lo thonje inali patsogolo pache,Nyanja_NNM_Spk5_U_fd01d0a7a2_Utterance_5_725_750.wav,11.598
NNM,M,Spk5,U_fd01d0a7a2,725_750,Nyanja_NNM_Spk5_U_fd01d0a7a2_Utterance_6,ku malo a mkhalidwe wa ku ulaya malo ano pa nthawi ino akupezeka pakati pa aja osauka,Nyanja_NNM_Spk5_U_fd01d0a7a2_Utterance_6_725_750.wav,7.117
NNM,M,Spk5,U_fd01d0a7a2,725_750,Nyanja_NNM_Spk5_U_fd01d0a7a2_Utterance_7,iye anathamangira kumbali kumene kunali amuna ace nthawi imeneyo nawathandiza kucotsa ma ketulo anai pamoto,Nyanja_NNM_Spk5_U_fd01d0a7a2_Utterance_7_725_750.wav,9.056
NNM,M,Spk5,U_fd01d0a7a2,725_750,Nyanja_NNM_Spk5_U_fd01d0a7a2_Utterance_8,kodi muzandisiya mcipinda cangaci ndekha kapena ndikusiyeni pofuna ku kuthawani,Nyanja_NNM_Spk5_U_fd01d0a7a2_Utterance_8_725_750.wav,6.08
NNM,M,Spk5,U_fd01d0a7a2,725_750,Nyanja_NNM_Spk5_U_fd01d0a7a2_Utterance_9,ananditumila ma tsamba olembedwao asanafe,Nyanja_NNM_Spk5_U_fd01d0a7a2_Utterance_9_725_750.wav,4.31
NNM,M,Spk5,U_fd01d0a7a2,725_750,Nyanja_NNM_Spk5_U_fd01d0a7a2_Utterance_10,ndikhulupilira mu kuphunzitsa anthu mofikapo mzungu kuno anatero mobvomeredzana naye ndi mtima onse,Nyanja_NNM_Spk5_U_fd01d0a7a2_Utterance_10_725_750.wav,9.035
NNM,M,Spk5,U_fd01d0a7a2,725_750,Nyanja_NNM_Spk5_U_fd01d0a7a2_Utterance_11,nyuma ya malamulo ndi a scot (ena) anapeleka zoganiza zao kwa a mfumu,Nyanja_NNM_Spk5_U_fd01d0a7a2_Utterance_11_725_750.wav,6.65
NNM,M,Spk5,U_fd01d0a7a2,725_750,Nyanja_NNM_Spk5_U_fd01d0a7a2_Utterance_12,motheratu uku ndiye kunali kumasulira kwa  maonekedwe a abwana ace yakobo ndi akazi ao  kulingana ndi momwe  yakobo analankhulira,Nyanja_NNM_Spk5_U_fd01d0a7a2_Utterance_12_725_750.wav,11.435
NNM,M,Spk5,U_fd01d0a7a2,725_750,Nyanja_NNM_Spk5_U_fd01d0a7a2_Utterance_13,tsopano anali kusewera ndi akadoli ao pa malo amalonda aja,Nyanja_NNM_Spk5_U_fd01d0a7a2_Utterance_13_725_750.wav,6.485
NNM,M,Spk5,U_fd01d0a7a2,725_750,Nyanja_NNM_Spk5_U_fd01d0a7a2_Utterance_14,cinkhuni cinayaka kopootsa pamene panali kuoceledwa mwala wa kopa ndipo cidalila mokweza,Nyanja_NNM_Spk5_U_fd01d0a7a2_Utterance_14_725_750.wav,6.92
NNM,M,Spk5,U_fd01d0a7a2,725_750,Nyanja_NNM_Spk5_U_fd01d0a7a2_Utterance_15,inde khalidwe imene mfumu yanu inaganiszila ndizogwirizana bwino ndi lanu,Nyanja_NNM_Spk5_U_fd01d0a7a2_Utterance_15_725_750.wav,6.26
NNM,M,Spk5,U_fd01d0a7a2,725_750,Nyanja_NNM_Spk5_U_fd01d0a7a2_Utterance_16,uncas anataya khungu lace nabwera patsogoro m'maonekedwe ace okongola,Nyanja_NNM_Spk5_U_fd01d0a7a2_Utterance_16_725_750.wav,6.485
NNM,M,Spk5,U_fd01d0a7a2,725_750,Nyanja_NNM_Spk5_U_fd01d0a7a2_Utterance_17,bwerani ndithu tiwathire mathope,Nyanja_NNM_Spk5_U_fd01d0a7a2_Utterance_17_725_750.wav,3.47
NNM,M,Spk5,U_fd01d0a7a2,725_750,Nyanja_NNM_Spk5_U_fd01d0a7a2_Utterance_18,tizabwere kuno lere masana titabvala  zobvala zathu zakale kuti tikonze konze mnyumba,Nyanja_NNM_Spk5_U_fd01d0a7a2_Utterance_18_725_750.wav,7.535
NNM,M,Spk5,U_fd01d0a7a2,725_750,Nyanja_NNM_Spk5_U_fd01d0a7a2_Utterance_19,uku ndiye kumatsulira kwa kusakumbika kwambiri kumene kupezeka m'malo ena a pa nyanja ya atlantic,Nyanja_NNM_Spk5_U_fd01d0a7a2_Utterance_19_725_750.wav,7.975
NNM,M,Spk5,U_fd01d0a7a2,725_750,Nyanja_NNM_Spk5_U_fd01d0a7a2_Utterance_20,ici ndico cimene tikufunisisa pa zolembedwa za ukacende pa nzeru,Nyanja_NNM_Spk5_U_fd01d0a7a2_Utterance_20_725_750.wav,5.675
NNM,M,Spk5,U_fd01d0a7a2,725_750,Nyanja_NNM_Spk5_U_fd01d0a7a2_Utterance_21,kodi ncifukwa ciani adona a kunyumba ya hur angakhumudwe/angadabwe nazo,Nyanja_NNM_Spk5_U_fd01d0a7a2_Utterance_21_725_750.wav,6.815
NNM,M,Spk5,U_fd01d0a7a2,725_750,Nyanja_NNM_Spk5_U_fd01d0a7a2_Utterance_22,kuli chabe zolembedwa zofanizila za nyumbayo d'este kodi ukuona,Nyanja_NNM_Spk5_U_fd01d0a7a2_Utterance_22_725_750.wav,5.72
NNM,M,Spk5,U_fd01d0a7a2,725_750,Nyanja_NNM_Spk5_U_fd01d0a7a2_Utterance_23,ndikuganiza kuti zimenezi zizakhala zokwanira anapitiliza kulankhula poti zina zace zofunikira siziyenera mu wanchito,Nyanja_NNM_Spk5_U_fd01d0a7a2_Utterance_23_725_750.wav,9.545
NNM,M,Spk5,U_fd01d0a7a2,725_750,Nyanja_NNM_Spk5_U_fd01d0a7a2_Utterance_24,kodi mungatandauze ciani mukatero amai woodley mumalankhula mosadziwika bwino,Nyanja_NNM_Spk5_U_fd01d0a7a2_Utterance_24_725_750.wav,7.265
NNM,M,Spk5,U_fd01d0a7a2,725_750,Nyanja_NNM_Spk5_U_fd01d0a7a2_Utterance_25,ukulu wa muombolo wa khristu mwana wa mulungu utionetsa ici,Nyanja_NNM_Spk5_U_fd01d0a7a2_Utterance_25_725_750.wav,4.985
NNM,M,Spk5,U_280915d9a9,700_725,Nyanja_NNM_Spk5_U_280915d9a9_Utterance_1,koma pkacenjede plato alibe zosadziwika pa zida zace zimene aonetsa mu buku lace locedwa  phaedrus kapena symposium,Nyanja_NNM_Spk5_U_280915d9a9_Utterance_1_700_725.wav,10.7
NNM,M,Spk5,U_280915d9a9,700_725,Nyanja_NNM_Spk5_U_280915d9a9_Utterance_2,iye anali mzimai wamkulu thupi amene anankapezeka pa nyumba nthawi zonse anali anthu aciyera/azungu wamba amene sanali kudziwika ku malo amene anali kukhala,Nyanja_NNM_Spk5_U_280915d9a9_Utterance_2_700_725.wav,12.14
NNM,M,Spk5,U_280915d9a9,700_725,Nyanja_NNM_Spk5_U_280915d9a9_Utterance_3,munda wa zipatso unali kunyezimila ndi kugwedezeka gwedezeka mkadzuwa,Nyanja_NNM_Spk5_U_280915d9a9_Utterance_3_700_725.wav,4.82
NNM,M,Spk5,U_280915d9a9,700_725,Nyanja_NNM_Spk5_U_280915d9a9_Utterance_4,mimba ya nomondwe wanga simakhuta ndipo munakwelanso/munalinso  golide,Nyanja_NNM_Spk5_U_280915d9a9_Utterance_4_700_725.wav,4.82
NNM,M,Spk5,U_280915d9a9,700_725,Nyanja_NNM_Spk5_U_280915d9a9_Utterance_5,cabwino kodi amfumu ali ndi mphamvu iliyonse yoti angathe kulankhulako pa nkhani za mtundu umenewo,Nyanja_NNM_Spk5_U_280915d9a9_Utterance_5_700_725.wav,9.785
NNM,M,Spk5,U_280915d9a9,700_725,Nyanja_NNM_Spk5_U_280915d9a9_Utterance_6,mu izi zonse episkopo paulo akumucita kuukanso kwa ambuye yesu,Nyanja_NNM_Spk5_U_280915d9a9_Utterance_6_700_725.wav,6.41
NNM,M,Spk5,U_280915d9a9,700_725,Nyanja_NNM_Spk5_U_280915d9a9_Utterance_7,kwa nthawi yaitali anafuna kudziwitsitsa malo okongola ocedwa oz komwe iwo nali kukhalila,Nyanja_NNM_Spk5_U_280915d9a9_Utterance_7_700_725.wav,9.35
NNM,M,Spk5,U_280915d9a9,700_725,Nyanja_NNM_Spk5_U_280915d9a9_Utterance_8,ici cinali nthawi ya masankho mu mwezi wa kafukulira caka ca 1855,Nyanja_NNM_Spk5_U_280915d9a9_Utterance_8_700_725.wav,8.465
NNM,M,Spk5,U_280915d9a9,700_725,Nyanja_NNM_Spk5_U_280915d9a9_Utterance_9,izi zingakukhalileni bwino nonse ngati apita ndi carl,Nyanja_NNM_Spk5_U_280915d9a9_Utterance_9_700_725.wav,5.45
NNM,M,Spk5,U_280915d9a9,700_725,Nyanja_NNM_Spk5_U_280915d9a9_Utterance_10,momwe zilili pa nkhani imeneyi monga momwe zimakhalila mu mankhani ena ambiri cimene cingatengedwa ngati coonekeratu/codziwikiratu kutsogoroko sicingakhale tero,Nyanja_NNM_Spk5_U_280915d9a9_Utterance_10_700_725.wav,14.18
NNM,M,Spk5,U_280915d9a9,700_725,Nyanja_NNM_Spk5_U_280915d9a9_Utterance_11,tiyenera kunvera kristu amane anaikidwa kuti akhale mphunzitsi wathu ndi atate mulungu,Nyanja_NNM_Spk5_U_280915d9a9_Utterance_11_700_725.wav,7.745
NNM,M,Spk5,U_280915d9a9,700_725,Nyanja_NNM_Spk5_U_280915d9a9_Utterance_12,ndipo nchito ija sinali yopweeka ngati mmene inu muganizira,Nyanja_NNM_Spk5_U_280915d9a9_Utterance_12_700_725.wav,5.99
NNM,M,Spk5,U_280915d9a9,700_725,Nyanja_NNM_Spk5_U_280915d9a9_Utterance_13,mwina pa za mkhalidwe wa anthu athu cili cinthu cosatheka,Nyanja_NNM_Spk5_U_280915d9a9_Utterance_13_700_725.wav,7.61
NNM,M,Spk5,U_280915d9a9,700_725,Nyanja_NNM_Spk5_U_280915d9a9_Utterance_14,pa nthawi imodzi-modzi paulo asimikiza cikhulupiliro cathu kuti yesu ndi wabwino/ndi mulungu emwe,Nyanja_NNM_Spk5_U_280915d9a9_Utterance_14_700_725.wav,8.42
NNM,M,Spk5,U_280915d9a9,700_725,Nyanja_NNM_Spk5_U_280915d9a9_Utterance_15,anafunsa mosadzindikira sindinadziwe kuti ungathe kupanga atate ace kubvomerezana ndi zomwe unali kunena/kufuna,Nyanja_NNM_Spk5_U_280915d9a9_Utterance_15_700_725.wav,10.565
NNM,M,Spk5,U_280915d9a9,700_725,Nyanja_NNM_Spk5_U_280915d9a9_Utterance_16,ndipo ndinali kukhala bwino ndipo tsopano ndine kapolo wako cabwino ndi mwai wa nkhondo,Nyanja_NNM_Spk5_U_280915d9a9_Utterance_16_700_725.wav,9.155
NNM,M,Spk5,U_280915d9a9,700_725,Nyanja_NNM_Spk5_U_280915d9a9_Utterance_17,pakati pa atumwi aboza ozitukumula/ozikweza paulo anateteza mphanvu zace za utumwi ndi za chalichi poyera,Nyanja_NNM_Spk5_U_280915d9a9_Utterance_17_700_725.wav,10.685
NNM,M,Spk5,U_280915d9a9,700_725,Nyanja_NNM_Spk5_U_280915d9a9_Utterance_18,pa zonsezi anaganiza lobini pa atate acekodi nciani cimene angafune kulankhulapo,Nyanja_NNM_Spk5_U_280915d9a9_Utterance_18_700_725.wav,10.97
NNM,M,Spk5,U_280915d9a9,700_725,Nyanja_NNM_Spk5_U_280915d9a9_Utterance_19,moonana maso ndi maso tiyeni tilandile kacenjede wa maphunziro akuuya kacipinda kogonamo kanu muno kali kukudikhilani,Nyanja_NNM_Spk5_U_280915d9a9_Utterance_19_700_725.wav,17.435
NNM,M,Spk5,U_280915d9a9,700_725,Nyanja_NNM_Spk5_U_280915d9a9_Utterance_20,akuyenda mofika pafupi ndi thebulo/gome yodyerapo cakudya ca m'madzulo iye mosamala ndithu anaik pepala imene munalembedwa nkhani pakati nacotsapo ka nsalu,Nyanja_NNM_Spk5_U_280915d9a9_Utterance_20_700_725.wav,15.14
NNM,M,Spk5,U_280915d9a9,700_725,Nyanja_NNM_Spk5_U_280915d9a9_Utterance_21,indetu ngati sindidziwa amene anali naye mu cikondi ndiye kuti ndidziwa omwe anali naye mcikondi,Nyanja_NNM_Spk5_U_280915d9a9_Utterance_21_700_725.wav,11.99
NNM,M,Spk5,U_280915d9a9,700_725,Nyanja_NNM_Spk5_U_280915d9a9_Utterance_22,ndipo kodi ncionetsero cotani cimene mumapeleka anafunsa servadaki mofunitsitsa kudziwa ngati sidzizacitika,Nyanja_NNM_Spk5_U_280915d9a9_Utterance_22_700_725.wav,12.425
NNM,M,Spk5,U_280915d9a9,700_725,Nyanja_NNM_Spk5_U_280915d9a9_Utterance_23,cifundo ca ambuye kuchokera kwa atate ndi mtendere kuchokera kwa ambuye yesu khristu,Nyanja_NNM_Spk5_U_280915d9a9_Utterance_23_700_725.wav,9.455
NNM,M,Spk5,U_280915d9a9,700_725,Nyanja_NNM_Spk5_U_280915d9a9_Utterance_24,sadzakusiyani  m'masana kapena utsiku ngakhale mukugwira nchito kapena kusewera mwina mtagona,Nyanja_NNM_Spk5_U_280915d9a9_Utterance_24_700_725.wav,9.155
NNM,M,Spk5,U_280915d9a9,700_725,Nyanja_NNM_Spk5_U_280915d9a9_Utterance_25,ndipo abale ndi alongo ace onse anaimilira mozungulira nanva atatsegula kukamwa kwao,Nyanja_NNM_Spk5_U_280915d9a9_Utterance_25_700_725.wav,8.99
NNM,M,Spk5,U_280915d9a9,725_750,Nyanja_NNM_Spk5_U_280915d9a9_Utterance_1,alexander anawelama capatsogoro na thumitsa manja ake ku moto,Nyanja_NNM_Spk5_U_280915d9a9_Utterance_1_725_750.wav,5.405
NNM,M,Spk5,U_280915d9a9,725_750,Nyanja_NNM_Spk5_U_280915d9a9_Utterance_2,kodi siabwino kopotsa analira jasper ali kuzikweza motheratu atateanadziwa mocitira,Nyanja_NNM_Spk5_U_280915d9a9_Utterance_2_725_750.wav,8.705
NNM,M,Spk5,U_280915d9a9,725_750,Nyanja_NNM_Spk5_U_280915d9a9_Utterance_3,indetu anali atapenya kumbali ndi colinga cosafuna kuoona,Nyanja_NNM_Spk5_U_280915d9a9_Utterance_3_725_750.wav,6.575
NNM,M,Spk5,U_280915d9a9,725_750,Nyanja_NNM_Spk5_U_280915d9a9_Utterance_4,ndizacita ciliconse cimene iwe ufuna kuti nkucitile bartley anatero monjenjemera,Nyanja_NNM_Spk5_U_280915d9a9_Utterance_4_725_750.wav,8.39
NNM,M,Spk5,U_280915d9a9,725_750,Nyanja_NNM_Spk5_U_280915d9a9_Utterance_5,sanaleke kuyenda mofulumira kufikira atapyeela mpaka ca kunyanja ndi pa malo amene apedzeka pa nyanja ocefdwa lo thonje inali patsogolo pache,Nyanja_NNM_Spk5_U_280915d9a9_Utterance_5_725_750.wav,15.425
NNM,M,Spk5,U_280915d9a9,725_750,Nyanja_NNM_Spk5_U_280915d9a9_Utterance_6,ku malo a mkhalidwe wa ku ulaya malo ano pa nthawi ino akupezeka pakati pa aja osauka,Nyanja_NNM_Spk5_U_280915d9a9_Utterance_6_725_750.wav,7.895
NNM,M,Spk5,U_280915d9a9,725_750,Nyanja_NNM_Spk5_U_280915d9a9_Utterance_7,iye anathamangira kumbali kumene kunali amuna ace nthawi imeneyo nawathandiza kucotsa ma ketulo anai pamoto,Nyanja_NNM_Spk5_U_280915d9a9_Utterance_7_725_750.wav,8.045
NNM,M,Spk5,U_280915d9a9,725_750,Nyanja_NNM_Spk5_U_280915d9a9_Utterance_8,kodi muzandisiya mcipinda cangaci ndekha kapena ndikusiyeni pofuna ku kuthawani,Nyanja_NNM_Spk5_U_280915d9a9_Utterance_8_725_750.wav,7.28
NNM,M,Spk5,U_280915d9a9,725_750,Nyanja_NNM_Spk5_U_280915d9a9_Utterance_9,ananditumila ma tsamba olembedwao asanafe,Nyanja_NNM_Spk5_U_280915d9a9_Utterance_9_725_750.wav,3.395
NNM,M,Spk5,U_280915d9a9,725_750,Nyanja_NNM_Spk5_U_280915d9a9_Utterance_10,ndikhulupilira mu kuphunzitsa anthu mofikapo mzungu kuno anatero mobvomeredzana naye ndi mtima onse,Nyanja_NNM_Spk5_U_280915d9a9_Utterance_10_725_750.wav,10.16
NNM,M,Spk5,U_280915d9a9,725_750,Nyanja_NNM_Spk5_U_280915d9a9_Utterance_11,nyuma ya malamulo ndi a scot (ena) anapeleka zoganiza zao kwa a mfumu,Nyanja_NNM_Spk5_U_280915d9a9_Utterance_11_725_750.wav,6.95
NNM,M,Spk5,U_280915d9a9,725_750,Nyanja_NNM_Spk5_U_280915d9a9_Utterance_12,motheratu uku ndiye kunali kumasulira kwa  maonekedwe a abwana ace yakobo ndi akazi ao  kulingana ndi momwe  yakobo analankhulira,Nyanja_NNM_Spk5_U_280915d9a9_Utterance_12_725_750.wav,14.345
NNM,M,Spk5,U_280915d9a9,725_750,Nyanja_NNM_Spk5_U_280915d9a9_Utterance_13,tsopano anali kusewera ndi akadoli ao pa malo amalonda aja,Nyanja_NNM_Spk5_U_280915d9a9_Utterance_13_725_750.wav,5.78
NNM,M,Spk5,U_280915d9a9,725_750,Nyanja_NNM_Spk5_U_280915d9a9_Utterance_14,cinkhuni cinayaka kopootsa pamene panali kuoceledwa mwala wa kopa ndipo cidalila mokweza,Nyanja_NNM_Spk5_U_280915d9a9_Utterance_14_725_750.wav,8.84
NNM,M,Spk5,U_280915d9a9,725_750,Nyanja_NNM_Spk5_U_280915d9a9_Utterance_15,inde khalidwe imene mfumu yanu inaganiszila ndizogwirizana bwino ndi lanu,Nyanja_NNM_Spk5_U_280915d9a9_Utterance_15_725_750.wav,9.455
NNM,M,Spk5,U_280915d9a9,725_750,Nyanja_NNM_Spk5_U_280915d9a9_Utterance_16,uncas anataya khungu lace nabwera patsogoro m'maonekedwe ace okongola,Nyanja_NNM_Spk5_U_280915d9a9_Utterance_16_725_750.wav,5.225
NNM,M,Spk5,U_280915d9a9,725_750,Nyanja_NNM_Spk5_U_280915d9a9_Utterance_17,bwerani ndithu tiwathire mathope,Nyanja_NNM_Spk5_U_280915d9a9_Utterance_17_725_750.wav,5.45
NNM,M,Spk5,U_280915d9a9,725_750,Nyanja_NNM_Spk5_U_280915d9a9_Utterance_18,tizabwere kuno lere masana titabvala  zobvala zathu zakale kuti tikonze konze mnyumba,Nyanja_NNM_Spk5_U_280915d9a9_Utterance_18_725_750.wav,8.3
NNM,M,Spk5,U_280915d9a9,725_750,Nyanja_NNM_Spk5_U_280915d9a9_Utterance_19,uku ndiye kumatsulira kwa kusakumbika kwambiri kumene kupezeka m'malo ena a pa nyanja ya atlantic,Nyanja_NNM_Spk5_U_280915d9a9_Utterance_19_725_750.wav,13.505
NNM,M,Spk5,U_280915d9a9,725_750,Nyanja_NNM_Spk5_U_280915d9a9_Utterance_20,ici ndico cimene tikufunisisa pa zolembedwa za ukacende pa nzeru,Nyanja_NNM_Spk5_U_280915d9a9_Utterance_20_725_750.wav,9.515
NNM,M,Spk5,U_280915d9a9,725_750,Nyanja_NNM_Spk5_U_280915d9a9_Utterance_21,kodi ncifukwa ciani adona a kunyumba ya hur angakhumudwe/angadabwe nazo,Nyanja_NNM_Spk5_U_280915d9a9_Utterance_21_725_750.wav,6.095
NNM,M,Spk5,U_280915d9a9,725_750,Nyanja_NNM_Spk5_U_280915d9a9_Utterance_22,kuli chabe zolembedwa zofanizila za nyumbayo d'este kodi ukuona,Nyanja_NNM_Spk5_U_280915d9a9_Utterance_22_725_750.wav,7.085
NNM,M,Spk5,U_280915d9a9,725_750,Nyanja_NNM_Spk5_U_280915d9a9_Utterance_23,ndikuganiza kuti zimenezi zizakhala zokwanira anapitiliza kulankhula poti zina zace zofunikira siziyenera mu wanchito,Nyanja_NNM_Spk5_U_280915d9a9_Utterance_23_725_750.wav,13.265
NNM,M,Spk5,U_280915d9a9,725_750,Nyanja_NNM_Spk5_U_280915d9a9_Utterance_24,kodi mungatandauze ciani mukatero amai woodley mumalankhula mosadziwika bwino,Nyanja_NNM_Spk5_U_280915d9a9_Utterance_24_725_750.wav,7.115
NNM,M,Spk5,U_280915d9a9,725_750,Nyanja_NNM_Spk5_U_280915d9a9_Utterance_25,ukulu wa muombolo wa khristu mwana wa mulungu utionetsa ici,Nyanja_NNM_Spk5_U_280915d9a9_Utterance_25_725_750.wav,6.335
NNM,M,Spk8,U_110823b4c8,875_900,Nyanja_NNM_Spk8_U_110823b4c8_Utterance_1,ananene kwa agalantiya nati mulibe mphanvu yoganizira paulo mwapamwamba,Nyanja_NNM_Spk8_U_110823b4c8_Utterance_1_875_900.wav,7.175
NNM,M,Spk8,U_110823b4c8,875_900,Nyanja_NNM_Spk8_U_110823b4c8_Utterance_2,kulibe kwina kwace kotseguka pokhapokhapo khola imodzi anatero wotiyanganira wathu ophunzira,Nyanja_NNM_Spk8_U_110823b4c8_Utterance_2_875_900.wav,8.719
NNM,M,Spk8,U_110823b4c8,875_900,Nyanja_NNM_Spk8_U_110823b4c8_Utterance_3,kwangwala wa mkulu analondola mwansanga kufuna kuti acotse nyama yace /cimene anagwira pansi,Nyanja_NNM_Spk8_U_110823b4c8_Utterance_3_875_900.wav,9.555
NNM,M,Spk8,U_110823b4c8,875_900,Nyanja_NNM_Spk8_U_110823b4c8_Utterance_4,wina waceananena nkhani ngakhala sanainene bwino yomwe ninaona kuti sanali kunvetsetsa,Nyanja_NNM_Spk8_U_110823b4c8_Utterance_4_875_900.wav,8.552
NNM,M,Spk8,U_110823b4c8,875_900,Nyanja_NNM_Spk8_U_110823b4c8_Utterance_5,cinali cinthu ca bwino kwa iye kuganiza kuti mkaziyo zanali kumkonda kopotsa kudziwa cilungamo,Nyanja_NNM_Spk8_U_110823b4c8_Utterance_5_875_900.wav,8.661
NNM,M,Spk8,U_110823b4c8,875_900,Nyanja_NNM_Spk8_U_110823b4c8_Utterance_6,pamenepo anaika dzanja lace pa mkono wace  naseka nati,Nyanja_NNM_Spk8_U_110823b4c8_Utterance_6_875_900.wav,5.631
NNM,M,Spk8,U_110823b4c8,875_900,Nyanja_NNM_Spk8_U_110823b4c8_Utterance_7,chingachgook anali ataona izi ndi mayendedwe ndipo ndi manja ake anawalola kulankhula,Nyanja_NNM_Spk8_U_110823b4c8_Utterance_7_875_900.wav,8.626
NNM,M,Spk8,U_110823b4c8,875_900,Nyanja_NNM_Spk8_U_110823b4c8_Utterance_8,apa apo anatero motonthoza ali kupapatsa mutu wace wofilira,Nyanja_NNM_Spk8_U_110823b4c8_Utterance_8_875_900.wav,5.991
NNM,M,Spk8,U_110823b4c8,875_900,Nyanja_NNM_Spk8_U_110823b4c8_Utterance_9,anayenda mwamsanga ngati mwivi napita mun ma holo onsewo ma sitepi okwelera mnyumba ndi pa bwalo ponse,Nyanja_NNM_Spk8_U_110823b4c8_Utterance_9_875_900.wav,10.345
NNM,M,Spk8,U_110823b4c8,875_900,Nyanja_NNM_Spk8_U_110823b4c8_Utterance_10,iye anafuna kuyambira pamwamba pa matanda,Nyanja_NNM_Spk8_U_110823b4c8_Utterance_10_875_900.wav,3.622
NNM,M,Spk8,U_110823b4c8,875_900,Nyanja_NNM_Spk8_U_110823b4c8_Utterance_11,humpy dumpy anali atagwa pansipa koma anakwatira ndithu mwana wa amfumu wa mkazi,Nyanja_NNM_Spk8_U_110823b4c8_Utterance_11_875_900.wav,6.85
NNM,M,Spk8,U_110823b4c8,875_900,Nyanja_NNM_Spk8_U_110823b4c8_Utterance_12,m'mene analonjezera kuteteza hotela nzika zimene zitauzidwa kuti zisade nkhawa mogogomedza zinayamba kuseka mantha ao,Nyanja_NNM_Spk8_U_110823b4c8_Utterance_12_875_900.wav,12.33
NNM,M,Spk8,U_110823b4c8,875_900,Nyanja_NNM_Spk8_U_110823b4c8_Utterance_13,mabwalo ya tolasa twa thonje tolema anali pafupi kuphulika,Nyanja_NNM_Spk8_U_110823b4c8_Utterance_13_875_900.wav,5.341
NNM,M,Spk8,U_110823b4c8,875_900,Nyanja_NNM_Spk8_U_110823b4c8_Utterance_14,lute anakhala zii kwanthawi yaitali ali kuoneka ndi pa maso pofunisisa  kunali kutatulukila,Nyanja_NNM_Spk8_U_110823b4c8_Utterance_14_875_900.wav,9.16
NNM,M,Spk8,U_110823b4c8,875_900,Nyanja_NNM_Spk8_U_110823b4c8_Utterance_15,kodi unabwera liti bartley ndipo kodi zakhala bwanji zotheka kuti sunalankhule kanthu kali konse,Nyanja_NNM_Spk8_U_110823b4c8_Utterance_15_875_900.wav,9.311
NNM,M,Spk8,U_110823b4c8,875_900,Nyanja_NNM_Spk8_U_110823b4c8_Utterance_16,sindinathe kuonana mwana wanga wacimuna opwetekedwa mwaubwino koma akucita zinchito zace ngati m'modzi wa ana a bamba cumberland,Nyanja_NNM_Spk8_U_110823b4c8_Utterance_16_875_900.wav,11.958
NNM,M,Spk8,U_110823b4c8,875_900,Nyanja_NNM_Spk8_U_110823b4c8_Utterance_17,ngati ndili kunva conjo ndiye kuti ndili kunva conjo,Nyanja_NNM_Spk8_U_110823b4c8_Utterance_17_875_900.wav,4.598
NNM,M,Spk8,U_110823b4c8,875_900,Nyanja_NNM_Spk8_U_110823b4c8_Utterance_18,anzanga anatero montifichet mosakweza mau ace kwa ena anali kucita masewera ya kumenyana tipelekezeni mkatifikiseko ca kunyumba kwa ogwira nchito ku ndende,Nyanja_NNM_Spk8_U_110823b4c8_Utterance_18_875_900.wav,15.464
NNM,M,Spk8,U_110823b4c8,875_900,Nyanja_NNM_Spk8_U_110823b4c8_Utterance_19,koma sindinadziwe apa ndipo pomwe mundiuza,Nyanja_NNM_Spk8_U_110823b4c8_Utterance_19_875_900.wav,4.133
NNM,M,Spk8,U_110823b4c8,875_900,Nyanja_NNM_Spk8_U_110823b4c8_Utterance_20,bulakitoni ndi mzanga wabwino kwambiri ndinenetsa nzo kwa iwe,Nyanja_NNM_Spk8_U_110823b4c8_Utterance_20_875_900.wav,6.467
NNM,M,Spk8,U_110823b4c8,875_900,Nyanja_NNM_Spk8_U_110823b4c8_Utterance_21,ndanyowa kufika munkongono mwanga ntawerama kuti ndidoba cherries,Nyanja_NNM_Spk8_U_110823b4c8_Utterance_21_875_900.wav,6.072
NNM,M,Spk8,U_110823b4c8,875_900,Nyanja_NNM_Spk8_U_110823b4c8_Utterance_22,ena ace sanafune kuti zimenezi zikacitike tsiku lina mtsogolo koma zina cabe zopanga zace zimene zinandisangalasa,Nyanja_NNM_Spk8_U_110823b4c8_Utterance_22_875_900.wav,11.796
NNM,M,Spk8,U_110823b4c8,875_900,Nyanja_NNM_Spk8_U_110823b4c8_Utterance_23,kodi kuti sangakhale mphatso yabwino kwa mwana wanthu wakhandayu,Nyanja_NNM_Spk8_U_110823b4c8_Utterance_23_875_900.wav,5.631
NNM,M,Spk8,U_110823b4c8,875_900,Nyanja_NNM_Spk8_U_110823b4c8_Utterance_24,izo zitapita cinali ca pafupi kuziiwalako indetu kuziiwala,Nyanja_NNM_Spk8_U_110823b4c8_Utterance_24_875_900.wav,5.666
NNM,M,Spk8,U_110823b4c8,850_875,Nyanja_NNM_Spk8_U_110823b4c8_Utterance_1,lobini anaselutsa matanda ace mosamala ndipo mwamsanga  anazipeza pansi pa miyala yolimba kwabatsi,Nyanja_NNM_Spk8_U_110823b4c8_Utterance_1_850_875.wav,7.79
NNM,M,Spk8,U_110823b4c8,850_875,Nyanja_NNM_Spk8_U_110823b4c8_Utterance_2,koma kulingana ndi zomwe zili kucitiika sindidziwa ngati zinthu ngati izo kuti zingathe kucitika,Nyanja_NNM_Spk8_U_110823b4c8_Utterance_2_850_875.wav,8.487
NNM,M,Spk8,U_110823b4c8,850_875,Nyanja_NNM_Spk8_U_110823b4c8_Utterance_3,oho iye amakhala pafupi ndi piano anatero van ayenera kukhalapo pa nthawi ino kwinakwace  ndipo wina anaseka.,Nyanja_NNM_Spk8_U_110823b4c8_Utterance_3_850_875.wav,9.125
NNM,M,Spk8,U_110823b4c8,850_875,Nyanja_NNM_Spk8_U_110823b4c8_Utterance_4,amai taylor sanadziwe zambiri za kotoni koma conena cimodzi cabe coonjedzedwa cinaoneka coyenera,Nyanja_NNM_Spk8_U_110823b4c8_Utterance_4_850_875.wav,9.485
NNM,M,Spk8,U_110823b4c8,850_875,Nyanja_NNM_Spk8_U_110823b4c8_Utterance_5,mkupita ndi kupita sindinaonepo bulu lanu limene mu malembedwa za umoyo wanu ndiyenera kuiona bukuli missus poyser,Nyanja_NNM_Spk8_U_110823b4c8_Utterance_5_850_875.wav,11.773
NNM,M,Spk8,U_110823b4c8,850_875,Nyanja_NNM_Spk8_U_110823b4c8_Utterance_6,mnyamata wacicepele ndi omangidwa ndipo ndiopa imfa yace ngati yanenedwa,Nyanja_NNM_Spk8_U_110823b4c8_Utterance_6_850_875.wav,7.872
NNM,M,Spk8,U_110823b4c8,850_875,Nyanja_NNM_Spk8_U_110823b4c8_Utterance_7,nthawi imeneyo ntaona pa thebulo yanga ndinadziwa kuti wina wace anatayataya ma pepeela anga,Nyanja_NNM_Spk8_U_110823b4c8_Utterance_7_850_875.wav,9.23
NNM,M,Spk8,U_110823b4c8,850_875,Nyanja_NNM_Spk8_U_110823b4c8_Utterance_8,maonekedwa a lakelo ofooka ndi ocenjeletsa maso amene anali ku mupenya ndi codabwitsa cowawitsa,Nyanja_NNM_Spk8_U_110823b4c8_Utterance_8_850_875.wav,9.291
NNM,M,Spk8,U_110823b4c8,850_875,Nyanja_NNM_Spk8_U_110823b4c8_Utterance_9,ndikhulupilira ndithu kuti ndimadziwa kusankha zokoma mnjira imeneyo zonsezo ndi za zoona mukuzidziwa zobvara zimenezo,Nyanja_NNM_Spk8_U_110823b4c8_Utterance_9_850_875.wav,13.804
NNM,M,Spk8,U_110823b4c8,850_875,Nyanja_NNM_Spk8_U_110823b4c8_Utterance_10,cilungamo ici ciyamba kumatsulira mphanvu ya kuda zokhumba zina za dziko za magulu okwanira madzana makhumi awiri pansi pa nyanja,Nyanja_NNM_Spk8_U_110823b4c8_Utterance_10_850_875.wav,13.502
NNM,M,Spk8,U_110823b4c8,850_875,Nyanja_NNM_Spk8_U_110823b4c8_Utterance_11,ndipo anaseka mwapang'ono ndikuyankha ai amai beti ndine elizabeth parsons,Nyanja_NNM_Spk8_U_110823b4c8_Utterance_11_850_875.wav,7.195
NNM,M,Spk8,U_110823b4c8,850_875,Nyanja_NNM_Spk8_U_110823b4c8_Utterance_12,kuguzidwa kwace ku mlomo ndi kuunika kwace ku mapaphiko ace zinali zosanveka kwa iye ndipo zodabwitsa,Nyanja_NNM_Spk8_U_110823b4c8_Utterance_12_850_875.wav,8.986
NNM,M,Spk8,U_110823b4c8,850_875,Nyanja_NNM_Spk8_U_110823b4c8_Utterance_13,munny nsimbi zanga zili zozizila anauzidwa pease iiika pansi kuti zithumeko,Nyanja_NNM_Spk8_U_110823b4c8_Utterance_13_850_875.wav,8.046
NNM,M,Spk8,U_110823b4c8,850_875,Nyanja_NNM_Spk8_U_110823b4c8_Utterance_14,sindikucicepetsa nitalankhula kuti ma siku ano sicili cosaoneka=oneka,Nyanja_NNM_Spk8_U_110823b4c8_Utterance_14_850_875.wav,6.13
NNM,M,Spk8,U_110823b4c8,850_875,Nyanja_NNM_Spk8_U_110823b4c8_Utterance_15,nthawi zina cimachedwa copangidwa codabwitsa/cosokonedzetsa cifukwa zodindidwa zace ndi mitundu ndi zinaikidwa mosokoneza/mosasamala,Nyanja_NNM_Spk8_U_110823b4c8_Utterance_15_850_875.wav,10.217
NNM,M,Spk8,U_110823b4c8,850_875,Nyanja_NNM_Spk8_U_110823b4c8_Utterance_16,bwera pita ukanditengere ndalama yosala ya bambo louis ndilinayo bambo,Nyanja_NNM_Spk8_U_110823b4c8_Utterance_16_850_875.wav,6.49
NNM,M,Spk8,U_110823b4c8,850_875,Nyanja_NNM_Spk8_U_110823b4c8_Utterance_17,anandigwiritsa ncito kotheratu anali kufuna kumandimenya tsiku ndi tsiku,Nyanja_NNM_Spk8_U_110823b4c8_Utterance_17_850_875.wav,6.409
NNM,M,Spk8,U_110823b4c8,850_875,Nyanja_NNM_Spk8_U_110823b4c8_Utterance_18,mwamene njira ya cifundo ingapezekele kuli chalichi yoyera/yangwilyo ngakhale kuti anthu osakhulupilira mwa ambuye yesu apezeka komweko,Nyanja_NNM_Spk8_U_110823b4c8_Utterance_18_850_875.wav,10.345
NNM,M,Spk8,U_110823b4c8,850_875,Nyanja_NNM_Spk8_U_110823b4c8_Utterance_19,indetu iye anasautsa mpingo wa ambuye yesu kristu kwa nthawi ya itali,Nyanja_NNM_Spk8_U_110823b4c8_Utterance_19_850_875.wav,2.601
NNM,M,Spk8,U_110823b4c8,850_875,Nyanja_NNM_Spk8_U_110823b4c8_Utterance_20,pamene anayamba kucita zinthu anali kutsogolera yopatulika ya atsilikali oyenda pansi kupitila mu njira yolowera pansi,Nyanja_NNM_Spk8_U_110823b4c8_Utterance_20_850_875.wav,6.861
NNM,M,Spk8,U_110823b4c8,850_875,Nyanja_NNM_Spk8_U_110823b4c8_Utterance_21,ndifuna kusiys zonsezi kotheratu,Nyanja_NNM_Spk8_U_110823b4c8_Utterance_21_850_875.wav,10.844
NNM,M,Spk8,U_110823b4c8,850_875,Nyanja_NNM_Spk8_U_110823b4c8_Utterance_22,kodi sizingatheke kuti zoonekela za mumzinda za bwino zizionekera poyera,Nyanja_NNM_Spk8_U_110823b4c8_Utterance_22_850_875.wav,3.228
NNM,M,Spk8,U_110823b4c8,850_875,Nyanja_NNM_Spk8_U_110823b4c8_Utterance_23,anatero kapitawo donnithrone atakhala pamene anali kukwanitsa kuona  mkanjira kakafupi kamene kanalin kupita kumene anali kusungira mkaka,Nyanja_NNM_Spk8_U_110823b4c8_Utterance_23_850_875.wav,6.954
NNM,M,Spk8,U_110823b4c8,850_875,Nyanja_NNM_Spk8_U_110823b4c8_Utterance_24,tikuganiza kuti kupyolera mu nchito yocepa kapena ubwino tingathe kuthesa cimo,Nyanja_NNM_Spk8_U_110823b4c8_Utterance_24_850_875.wav,13.096
NNM,M,Spk8,U_110823b4c8,850_875,Nyanja_NNM_Spk8_U_110823b4c8_Utterance_25,indetu ndikupita ngati enginiya nanunso mungathe kupita ngati amodzi,Nyanja_NNM_Spk8_U_110823b4c8_Utterance_25_850_875.wav,7.036
NNM,M,Spk8,U_887c3224c9,875_900,Nyanja_NNM_Spk8_U_887c3224c9_Utterance_1,ananene kwa agalantiya nati mulibe mphanvu yoganizira paulo mwapamwamba,Nyanja_NNM_Spk8_U_887c3224c9_Utterance_1_875_900.wav,9.0
NNM,M,Spk8,U_887c3224c9,875_900,Nyanja_NNM_Spk8_U_887c3224c9_Utterance_2,kulibe kwina kwace kotseguka pokhapokhapo khola imodzi anatero wotiyanganira wathu ophunzira,Nyanja_NNM_Spk8_U_887c3224c9_Utterance_2_875_900.wav,12.25
NNM,M,Spk8,U_887c3224c9,875_900,Nyanja_NNM_Spk8_U_887c3224c9_Utterance_3,kwangwala wa mkulu analondola mwansanga kufuna kuti acotse nyama yace /cimene anagwira pansi,Nyanja_NNM_Spk8_U_887c3224c9_Utterance_3_875_900.wav,12.0
NNM,M,Spk8,U_887c3224c9,875_900,Nyanja_NNM_Spk8_U_887c3224c9_Utterance_4,wina waceananena nkhani ngakhala sanainene bwino yomwe ninaona kuti sanali kunvetsetsa,Nyanja_NNM_Spk8_U_887c3224c9_Utterance_4_875_900.wav,12.0
NNM,M,Spk8,U_887c3224c9,875_900,Nyanja_NNM_Spk8_U_887c3224c9_Utterance_5,cinali cinthu ca bwino kwa iye kuganiza kuti mkaziyo zanali kumkonda kopotsa kudziwa cilungamo,Nyanja_NNM_Spk8_U_887c3224c9_Utterance_5_875_900.wav,11.25
NNM,M,Spk8,U_887c3224c9,875_900,Nyanja_NNM_Spk8_U_887c3224c9_Utterance_6,oho bambo anatero bambo missus poyser ataopyedwa simungazikonde konse,Nyanja_NNM_Spk8_U_887c3224c9_Utterance_6_875_900.wav,9.0
NNM,M,Spk8,U_887c3224c9,875_900,Nyanja_NNM_Spk8_U_887c3224c9_Utterance_7,pamenepo anaika dzanja lace pa mkono wace  naseka nati,Nyanja_NNM_Spk8_U_887c3224c9_Utterance_7_875_900.wav,7.5
NNM,M,Spk8,U_887c3224c9,875_900,Nyanja_NNM_Spk8_U_887c3224c9_Utterance_8,chingachgook anali ataona izi ndi mayendedwe ndipo ndi manja ake anawalola kulankhula,Nyanja_NNM_Spk8_U_887c3224c9_Utterance_8_875_900.wav,10.5
NNM,M,Spk8,U_887c3224c9,875_900,Nyanja_NNM_Spk8_U_887c3224c9_Utterance_9,apa apo anatero motonthoza ali kupapatsa mutu wace wofilira,Nyanja_NNM_Spk8_U_887c3224c9_Utterance_9_875_900.wav,8.295
NNM,M,Spk8,U_887c3224c9,875_900,Nyanja_NNM_Spk8_U_887c3224c9_Utterance_10,anayenda mwamsanga ngati mwivi napita mun ma holo onsewo ma sitepi okwelera mnyumba ndi pa bwalo ponse,Nyanja_NNM_Spk8_U_887c3224c9_Utterance_10_875_900.wav,11.0
NNM,M,Spk8,U_887c3224c9,875_900,Nyanja_NNM_Spk8_U_887c3224c9_Utterance_11,iye anafuna kuyambira pamwamba pa matanda,Nyanja_NNM_Spk8_U_887c3224c9_Utterance_11_875_900.wav,4.5
NNM,M,Spk8,U_887c3224c9,875_900,Nyanja_NNM_Spk8_U_887c3224c9_Utterance_12,humpy dumpy anali atagwa pansipa koma anakwatira ndithu mwana wa amfumu wa mkazi,Nyanja_NNM_Spk8_U_887c3224c9_Utterance_12_875_900.wav,9.75
NNM,M,Spk8,U_887c3224c9,875_900,Nyanja_NNM_Spk8_U_887c3224c9_Utterance_13,m'mene analonjezera kuteteza hotela nzika zimene zitauzidwa kuti zisade nkhawa mogogomedza zinayamba kuseka mantha ao,Nyanja_NNM_Spk8_U_887c3224c9_Utterance_13_875_900.wav,14.5
NNM,M,Spk8,U_887c3224c9,875_900,Nyanja_NNM_Spk8_U_887c3224c9_Utterance_14,mabwalo ya tolasa twa thonje tolema anali pafupi kuphulika,Nyanja_NNM_Spk8_U_887c3224c9_Utterance_14_875_900.wav,7.5
NNM,M,Spk8,U_887c3224c9,875_900,Nyanja_NNM_Spk8_U_887c3224c9_Utterance_15,lute anakhala zii kwanthawi yaitali ali kuoneka ndi pa maso pofunisisa  kunali kutatulukila,Nyanja_NNM_Spk8_U_887c3224c9_Utterance_15_875_900.wav,10.5
NNM,M,Spk8,U_887c3224c9,875_900,Nyanja_NNM_Spk8_U_887c3224c9_Utterance_16,kodi unabwera liti bartley ndipo kodi zakhala bwanji zotheka kuti sunalankhule kanthu kali konse,Nyanja_NNM_Spk8_U_887c3224c9_Utterance_16_875_900.wav,10.25
NNM,M,Spk8,U_887c3224c9,875_900,Nyanja_NNM_Spk8_U_887c3224c9_Utterance_17,sindinathe kuonana mwana wanga wacimuna opwetekedwa mwaubwino koma akucita zinchito zace ngati m'modzi wa ana a bamba cumberland,Nyanja_NNM_Spk8_U_887c3224c9_Utterance_17_875_900.wav,14.75
NNM,M,Spk8,U_887c3224c9,875_900,Nyanja_NNM_Spk8_U_887c3224c9_Utterance_18,ngati ndili kunva conjo ndiye kuti ndili kunva conjo,Nyanja_NNM_Spk8_U_887c3224c9_Utterance_18_875_900.wav,5.25
NNM,M,Spk8,U_887c3224c9,875_900,Nyanja_NNM_Spk8_U_887c3224c9_Utterance_19,anzanga anatero montifichet mosakweza mau ace kwa ena anali kucita masewera ya kumenyana tipelekezeni mkatifikiseko ca kunyumba kwa ogwira nchito ku ndende,Nyanja_NNM_Spk8_U_887c3224c9_Utterance_19_875_900.wav,19.25
NNM,M,Spk8,U_887c3224c9,875_900,Nyanja_NNM_Spk8_U_887c3224c9_Utterance_20,koma sindinadziwe apa ndipo pomwe mundiuza,Nyanja_NNM_Spk8_U_887c3224c9_Utterance_20_875_900.wav,5.0
NNM,M,Spk8,U_887c3224c9,875_900,Nyanja_NNM_Spk8_U_887c3224c9_Utterance_21,bulakitoni ndi mzanga wabwino kwambiri ndinenetsa nzo kwa iwe,Nyanja_NNM_Spk8_U_887c3224c9_Utterance_21_875_900.wav,6.75
NNM,M,Spk8,U_887c3224c9,875_900,Nyanja_NNM_Spk8_U_887c3224c9_Utterance_22,ndanyowa kufika munkongono mwanga ntawerama kuti ndidoba cherries,Nyanja_NNM_Spk8_U_887c3224c9_Utterance_22_875_900.wav,7.75
NNM,M,Spk8,U_887c3224c9,875_900,Nyanja_NNM_Spk8_U_887c3224c9_Utterance_23,ena ace sanafune kuti zimenezi zikacitike tsiku lina mtsogolo koma zina cabe zopanga zace zimene zinandisangalasa,Nyanja_NNM_Spk8_U_887c3224c9_Utterance_23_875_900.wav,15.0
NNM,M,Spk8,U_887c3224c9,875_900,Nyanja_NNM_Spk8_U_887c3224c9_Utterance_24,kodi kuti sangakhale mphatso yabwino kwa mwana wanthu wakhandayu,Nyanja_NNM_Spk8_U_887c3224c9_Utterance_24_875_900.wav,9.0
NNM,M,Spk8,U_887c3224c9,875_900,Nyanja_NNM_Spk8_U_887c3224c9_Utterance_25,izo zitapita cinali ca pafupi kuziiwalako indetu kuziiwala,Nyanja_NNM_Spk8_U_887c3224c9_Utterance_25_875_900.wav,8.75
NNM,M,Spk8,U_887c3224c9,850_875,Nyanja_NNM_Spk8_U_887c3224c9_Utterance_1,lobini anaselutsa matanda ace mosamala ndipo mwamsanga  anazipeza pansi pa miyala yolimba kwabatsi,Nyanja_NNM_Spk8_U_887c3224c9_Utterance_1_850_875.wav,11.75
NNM,M,Spk8,U_887c3224c9,850_875,Nyanja_NNM_Spk8_U_887c3224c9_Utterance_2,koma kulingana ndi zomwe zili kucitiika sindidziwa ngati zinthu ngati izo kuti zingathe kucitika,Nyanja_NNM_Spk8_U_887c3224c9_Utterance_2_850_875.wav,12.595
NNM,M,Spk8,U_887c3224c9,850_875,Nyanja_NNM_Spk8_U_887c3224c9_Utterance_3,oho iye amakhala pafupi ndi piano anatero van ayenera kukhalapo pa nthawi ino kwinakwace  ndipo wina anaseka.,Nyanja_NNM_Spk8_U_887c3224c9_Utterance_3_850_875.wav,14.0
NNM,M,Spk8,U_887c3224c9,850_875,Nyanja_NNM_Spk8_U_887c3224c9_Utterance_4,amai taylor sanadziwe zambiri za kotoni koma conena cimodzi cabe coonjedzedwa cinaoneka coyenera,Nyanja_NNM_Spk8_U_887c3224c9_Utterance_4_850_875.wav,12.5
NNM,M,Spk8,U_887c3224c9,850_875,Nyanja_NNM_Spk8_U_887c3224c9_Utterance_5,mkupita ndi kupita sindinaonepo bulu lanu limene mu malembedwa za umoyo wanu ndiyenera kuiona bukuli missus poyser,Nyanja_NNM_Spk8_U_887c3224c9_Utterance_5_850_875.wav,14.5
NNM,M,Spk8,U_887c3224c9,850_875,Nyanja_NNM_Spk8_U_887c3224c9_Utterance_6,mnyamata wacicepele ndi omangidwa ndipo ndiopa imfa yace ngati yanenedwa,Nyanja_NNM_Spk8_U_887c3224c9_Utterance_6_850_875.wav,9.0
NNM,M,Spk8,U_887c3224c9,850_875,Nyanja_NNM_Spk8_U_887c3224c9_Utterance_7,nthawi imeneyo ntaona pa thebulo yanga ndinadziwa kuti wina wace anatayataya ma pepeela anga,Nyanja_NNM_Spk8_U_887c3224c9_Utterance_7_850_875.wav,9.75
NNM,M,Spk8,U_887c3224c9,850_875,Nyanja_NNM_Spk8_U_887c3224c9_Utterance_8,maonekedwa a lakelo ofooka ndi ocenjeletsa maso amene anali ku mupenya ndi codabwitsa cowawitsa,Nyanja_NNM_Spk8_U_887c3224c9_Utterance_8_850_875.wav,12.75
NNM,M,Spk8,U_887c3224c9,850_875,Nyanja_NNM_Spk8_U_887c3224c9_Utterance_9,ndikhulupilira ndithu kuti ndimadziwa kusankha zokoma mnjira imeneyo zonsezo ndi za zoona mukuzidziwa zobvara zimenezo,Nyanja_NNM_Spk8_U_887c3224c9_Utterance_9_850_875.wav,17.0
NNM,M,Spk8,U_887c3224c9,850_875,Nyanja_NNM_Spk8_U_887c3224c9_Utterance_10,cilungamo ici ciyamba kumatsulira mphanvu ya kuda zokhumba zina za dziko za magulu okwanira madzana makhumi awiri pansi pa nyanja,Nyanja_NNM_Spk8_U_887c3224c9_Utterance_10_850_875.wav,19.0
NNM,M,Spk8,U_887c3224c9,850_875,Nyanja_NNM_Spk8_U_887c3224c9_Utterance_11,ndipo anaseka mwapang'ono ndikuyankha ai amai beti ndine elizabeth parsons,Nyanja_NNM_Spk8_U_887c3224c9_Utterance_11_850_875.wav,9.0
NNM,M,Spk8,U_887c3224c9,850_875,Nyanja_NNM_Spk8_U_887c3224c9_Utterance_12,kuguzidwa kwace ku mlomo ndi kuunika kwace ku mapaphiko ace zinali zosanveka kwa iye ndipo zodabwitsa,Nyanja_NNM_Spk8_U_887c3224c9_Utterance_12_850_875.wav,13.25
NNM,M,Spk8,U_887c3224c9,850_875,Nyanja_NNM_Spk8_U_887c3224c9_Utterance_13,munny nsimbi zanga zili zozizila anauzidwa pease iiika pansi kuti zithumeko,Nyanja_NNM_Spk8_U_887c3224c9_Utterance_13_850_875.wav,10.0
NNM,M,Spk8,U_887c3224c9,850_875,Nyanja_NNM_Spk8_U_887c3224c9_Utterance_14,sindikucicepetsa nitalankhula kuti ma siku ano sicili cosaoneka=oneka,Nyanja_NNM_Spk8_U_887c3224c9_Utterance_14_850_875.wav,10.5
NNM,M,Spk8,U_887c3224c9,850_875,Nyanja_NNM_Spk8_U_887c3224c9_Utterance_15,nthawi zina cimachedwa copangidwa codabwitsa/cosokonedzetsa cifukwa zodindidwa zace ndi mitundu ndi zinaikidwa mosokoneza/mosasamala,Nyanja_NNM_Spk8_U_887c3224c9_Utterance_15_850_875.wav,17.295
NNM,M,Spk8,U_887c3224c9,850_875,Nyanja_NNM_Spk8_U_887c3224c9_Utterance_16,bwera pita ukanditengere ndalama yosala ya bambo louis ndilinayo bambo,Nyanja_NNM_Spk8_U_887c3224c9_Utterance_16_850_875.wav,9.75
NNM,M,Spk8,U_887c3224c9,850_875,Nyanja_NNM_Spk8_U_887c3224c9_Utterance_17,anandigwiritsa ncito kotheratu anali kufuna kumandimenya tsiku ndi tsiku,Nyanja_NNM_Spk8_U_887c3224c9_Utterance_17_850_875.wav,9.5
NNM,M,Spk8,U_887c3224c9,850_875,Nyanja_NNM_Spk8_U_887c3224c9_Utterance_18,mwamene njira ya cifundo ingapezekele kuli chalichi yoyera/yangwilyo ngakhale kuti anthu osakhulupilira mwa ambuye yesu apezeka komweko,Nyanja_NNM_Spk8_U_887c3224c9_Utterance_18_850_875.wav,17.5
NNM,M,Spk8,U_887c3224c9,850_875,Nyanja_NNM_Spk8_U_887c3224c9_Utterance_19,indetu iye anasautsa mpingo wa ambuye yesu kristu kwa nthawi ya itali,Nyanja_NNM_Spk8_U_887c3224c9_Utterance_19_850_875.wav,8.505
NNM,M,Spk8,U_887c3224c9,850_875,Nyanja_NNM_Spk8_U_887c3224c9_Utterance_20,pamene anayamba kucita zinthu anali kutsogolera yopatulika ya atsilikali oyenda pansi kupitila mu njira yolowera pansi,Nyanja_NNM_Spk8_U_887c3224c9_Utterance_20_850_875.wav,15.0
NNM,M,Spk8,U_887c3224c9,850_875,Nyanja_NNM_Spk8_U_887c3224c9_Utterance_21,ndifuna kusiys zonsezi kotheratu,Nyanja_NNM_Spk8_U_887c3224c9_Utterance_21_850_875.wav,5.0
NNM,M,Spk8,U_887c3224c9,850_875,Nyanja_NNM_Spk8_U_887c3224c9_Utterance_22,kodi sizingatheke kuti zoonekela za mumzinda za bwino zizionekera poyera,Nyanja_NNM_Spk8_U_887c3224c9_Utterance_22_850_875.wav,10.5
NNM,M,Spk8,U_887c3224c9,850_875,Nyanja_NNM_Spk8_U_887c3224c9_Utterance_23,anatero kapitawo donnithrone atakhala pamene anali kukwanitsa kuona  mkanjira kakafupi kamene kanalin kupita kumene anali kusungira mkaka,Nyanja_NNM_Spk8_U_887c3224c9_Utterance_23_850_875.wav,17.0
NNM,M,Spk8,U_887c3224c9,850_875,Nyanja_NNM_Spk8_U_887c3224c9_Utterance_24,tikuganiza kuti kupyolera mu nchito yocepa kapena ubwino tingathe kuthesa cimo,Nyanja_NNM_Spk8_U_887c3224c9_Utterance_24_850_875.wav,9.0
NNM,M,Spk8,U_887c3224c9,850_875,Nyanja_NNM_Spk8_U_887c3224c9_Utterance_25,indetu ndikupita ngati enginiya nanunso mungathe kupita ngati amodzi,Nyanja_NNM_Spk8_U_887c3224c9_Utterance_25_850_875.wav,8.5
NNM,M,Spk8,U_c1896a63cb,875_900,Nyanja_NNM_Spk8_U_c1896a63cb_Utterance_1,ananene kwa agalantiya nati mulibe mphanvu yoganizira paulo mwapamwamba,Nyanja_NNM_Spk8_U_c1896a63cb_Utterance_1_875_900.wav,5.968
NNM,M,Spk8,U_c1896a63cb,875_900,Nyanja_NNM_Spk8_U_c1896a63cb_Utterance_2,kulibe kwina kwace kotseguka pokhapokhapo khola imodzi anatero wotiyanganira wathu ophunzira,Nyanja_NNM_Spk8_U_c1896a63cb_Utterance_2_875_900.wav,7.628
NNM,M,Spk8,U_c1896a63cb,875_900,Nyanja_NNM_Spk8_U_c1896a63cb_Utterance_3,kwangwala wa mkulu analondola mwansanga kufuna kuti acotse nyama yace /cimene anagwira pansi,Nyanja_NNM_Spk8_U_c1896a63cb_Utterance_3_875_900.wav,7.755
NNM,M,Spk8,U_c1896a63cb,875_900,Nyanja_NNM_Spk8_U_c1896a63cb_Utterance_4,wina waceananena nkhani ngakhala sanainene bwino yomwe ninaona kuti sanali kunvetsetsa,Nyanja_NNM_Spk8_U_c1896a63cb_Utterance_4_875_900.wav,6.687
NNM,M,Spk8,U_c1896a63cb,875_900,Nyanja_NNM_Spk8_U_c1896a63cb_Utterance_5,cinali cinthu ca bwino kwa iye kuganiza kuti mkaziyo zanali kumkonda kopotsa kudziwa cilungamo,Nyanja_NNM_Spk8_U_c1896a63cb_Utterance_5_875_900.wav,7.43
NNM,M,Spk8,U_c1896a63cb,875_900,Nyanja_NNM_Spk8_U_c1896a63cb_Utterance_6,oho bambo anatero bambo missus poyser ataopyedwa simungazikonde konse,Nyanja_NNM_Spk8_U_c1896a63cb_Utterance_6_875_900.wav,6.502
NNM,M,Spk8,U_c1896a63cb,875_900,Nyanja_NNM_Spk8_U_c1896a63cb_Utterance_7,pamenepo anaika dzanja lace pa mkono wace  naseka nati,Nyanja_NNM_Spk8_U_c1896a63cb_Utterance_7_875_900.wav,5.55
NNM,M,Spk8,U_c1896a63cb,875_900,Nyanja_NNM_Spk8_U_c1896a63cb_Utterance_8,chingachgook anali ataona izi ndi mayendedwe ndipo ndi manja ake anawalola kulankhula,Nyanja_NNM_Spk8_U_c1896a63cb_Utterance_8_875_900.wav,8.255
NNM,M,Spk8,U_c1896a63cb,875_900,Nyanja_NNM_Spk8_U_c1896a63cb_Utterance_9,apa apo anatero motonthoza ali kupapatsa mutu wace wofilira,Nyanja_NNM_Spk8_U_c1896a63cb_Utterance_9_875_900.wav,5.863
NNM,M,Spk8,U_c1896a63cb,875_900,Nyanja_NNM_Spk8_U_c1896a63cb_Utterance_10,anayenda mwamsanga ngati mwivi napita mun ma holo onsewo ma sitepi okwelera mnyumba ndi pa bwalo ponse,Nyanja_NNM_Spk8_U_c1896a63cb_Utterance_10_875_900.wav,8.638
NNM,M,Spk8,U_c1896a63cb,875_900,Nyanja_NNM_Spk8_U_c1896a63cb_Utterance_11,iye anafuna kuyambira pamwamba pa matanda,Nyanja_NNM_Spk8_U_c1896a63cb_Utterance_11_875_900.wav,3.611
NNM,M,Spk8,U_c1896a63cb,875_900,Nyanja_NNM_Spk8_U_c1896a63cb_Utterance_12,humpy dumpy anali atagwa pansipa koma anakwatira ndithu mwana wa amfumu wa mkazi,Nyanja_NNM_Spk8_U_c1896a63cb_Utterance_12_875_900.wav,6.862
NNM,M,Spk8,U_c1896a63cb,875_900,Nyanja_NNM_Spk8_U_c1896a63cb_Utterance_13,m'mene analonjezera kuteteza hotela nzika zimene zitauzidwa kuti zisade nkhawa mogogomedza zinayamba kuseka mantha ao,Nyanja_NNM_Spk8_U_c1896a63cb_Utterance_13_875_900.wav,9.729
NNM,M,Spk8,U_c1896a63cb,875_900,Nyanja_NNM_Spk8_U_c1896a63cb_Utterance_14,mabwalo ya tolasa twa thonje tolema anali pafupi kuphulika,Nyanja_NNM_Spk8_U_c1896a63cb_Utterance_14_875_900.wav,4.911
NNM,M,Spk8,U_c1896a63cb,875_900,Nyanja_NNM_Spk8_U_c1896a63cb_Utterance_15,lute anakhala zii kwanthawi yaitali ali kuoneka ndi pa maso pofunisisa  kunali kutatulukila,Nyanja_NNM_Spk8_U_c1896a63cb_Utterance_15_875_900.wav,6.85
NNM,M,Spk8,U_c1896a63cb,875_900,Nyanja_NNM_Spk8_U_c1896a63cb_Utterance_16,kodi unabwera liti bartley ndipo kodi zakhala bwanji zotheka kuti sunalankhule kanthu kali konse,Nyanja_NNM_Spk8_U_c1896a63cb_Utterance_16_875_900.wav,7.651
NNM,M,Spk8,U_c1896a63cb,875_900,Nyanja_NNM_Spk8_U_c1896a63cb_Utterance_17,sindinathe kuonana mwana wanga wacimuna opwetekedwa mwaubwino koma akucita zinchito zace ngati m'modzi wa ana a bamba cumberland,Nyanja_NNM_Spk8_U_c1896a63cb_Utterance_17_875_900.wav,11.215
NNM,M,Spk8,U_c1896a63cb,875_900,Nyanja_NNM_Spk8_U_c1896a63cb_Utterance_18,ngati ndili kunva conjo ndiye kuti ndili kunva conjo,Nyanja_NNM_Spk8_U_c1896a63cb_Utterance_18_875_900.wav,3.913
NNM,M,Spk8,U_c1896a63cb,875_900,Nyanja_NNM_Spk8_U_c1896a63cb_Utterance_19,anzanga anatero montifichet mosakweza mau ace kwa ena anali kucita masewera ya kumenyana tipelekezeni mkatifikiseko ca kunyumba kwa ogwira nchito ku ndende,Nyanja_NNM_Spk8_U_c1896a63cb_Utterance_19_875_900.wav,11.854
NNM,M,Spk8,U_c1896a63cb,875_900,Nyanja_NNM_Spk8_U_c1896a63cb_Utterance_20,koma sindinadziwe apa ndipo pomwe mundiuza,Nyanja_NNM_Spk8_U_c1896a63cb_Utterance_20_875_900.wav,4.087
NNM,M,Spk8,U_c1896a63cb,875_900,Nyanja_NNM_Spk8_U_c1896a63cb_Utterance_21,bulakitoni ndi mzanga wabwino kwambiri ndinenetsa nzo kwa iwe,Nyanja_NNM_Spk8_U_c1896a63cb_Utterance_21_875_900.wav,4.83
NNM,M,Spk8,U_c1896a63cb,875_900,Nyanja_NNM_Spk8_U_c1896a63cb_Utterance_22,ndanyowa kufika munkongono mwanga ntawerama kuti ndidoba cherries,Nyanja_NNM_Spk8_U_c1896a63cb_Utterance_22_875_900.wav,5.41
NNM,M,Spk8,U_c1896a63cb,875_900,Nyanja_NNM_Spk8_U_c1896a63cb_Utterance_23,ena ace sanafune kuti zimenezi zikacitike tsiku lina mtsogolo koma zina cabe zopanga zace zimene zinandisangalasa,Nyanja_NNM_Spk8_U_c1896a63cb_Utterance_23_875_900.wav,9.404
NNM,M,Spk8,U_c1896a63cb,875_900,Nyanja_NNM_Spk8_U_c1896a63cb_Utterance_24,kodi kuti sangakhale mphatso yabwino kwa mwana wanthu wakhandayu,Nyanja_NNM_Spk8_U_c1896a63cb_Utterance_24_875_900.wav,4.714
NNM,M,Spk8,U_c1896a63cb,875_900,Nyanja_NNM_Spk8_U_c1896a63cb_Utterance_25,izo zitapita cinali ca pafupi kuziiwalako indetu kuziiwala,Nyanja_NNM_Spk8_U_c1896a63cb_Utterance_25_875_900.wav,5.77
NNM,M,Spk8,U_c1896a63cb,850_875,Nyanja_NNM_Spk8_U_c1896a63cb_Utterance_1,lobini anaselutsa matanda ace mosamala ndipo mwamsanga  anazipeza pansi pa miyala yolimba kwabatsi,Nyanja_NNM_Spk8_U_c1896a63cb_Utterance_1_850_875.wav,7.953
NNM,M,Spk8,U_c1896a63cb,850_875,Nyanja_NNM_Spk8_U_c1896a63cb_Utterance_2,koma kulingana ndi zomwe zili kucitiika sindidziwa ngati zinthu ngati izo kuti zingathe kucitika,Nyanja_NNM_Spk8_U_c1896a63cb_Utterance_2_850_875.wav,6.502
NNM,M,Spk8,U_c1896a63cb,850_875,Nyanja_NNM_Spk8_U_c1896a63cb_Utterance_3,oho iye amakhala pafupi ndi piano anatero van ayenera kukhalapo pa nthawi ino kwinakwace  ndipo wina anaseka.,Nyanja_NNM_Spk8_U_c1896a63cb_Utterance_3_850_875.wav,8.243
NNM,M,Spk8,U_c1896a63cb,850_875,Nyanja_NNM_Spk8_U_c1896a63cb_Utterance_4,amai taylor sanadziwe zambiri za kotoni koma conena cimodzi cabe coonjedzedwa cinaoneka coyenera,Nyanja_NNM_Spk8_U_c1896a63cb_Utterance_4_850_875.wav,7.721
NNM,M,Spk8,U_c1896a63cb,850_875,Nyanja_NNM_Spk8_U_c1896a63cb_Utterance_5,mkupita ndi kupita sindinaonepo bulu lanu limene mu malembedwa za umoyo wanu ndiyenera kuiona bukuli missus poyser,Nyanja_NNM_Spk8_U_c1896a63cb_Utterance_5_850_875.wav,9.764
NNM,M,Spk8,U_c1896a63cb,850_875,Nyanja_NNM_Spk8_U_c1896a63cb_Utterance_6,mnyamata wacicepele ndi omangidwa ndipo ndiopa imfa yace ngati yanenedwa,Nyanja_NNM_Spk8_U_c1896a63cb_Utterance_6_850_875.wav,5.898
NNM,M,Spk8,U_c1896a63cb,850_875,Nyanja_NNM_Spk8_U_c1896a63cb_Utterance_7,nthawi imeneyo ntaona pa thebulo yanga ndinadziwa kuti wina wace anatayataya ma pepeela anga,Nyanja_NNM_Spk8_U_c1896a63cb_Utterance_7_850_875.wav,6.989
NNM,M,Spk8,U_c1896a63cb,850_875,Nyanja_NNM_Spk8_U_c1896a63cb_Utterance_8,maonekedwa a lakelo ofooka ndi ocenjeletsa maso amene anali ku mupenya ndi codabwitsa cowawitsa,Nyanja_NNM_Spk8_U_c1896a63cb_Utterance_8_850_875.wav,7.732
NNM,M,Spk8,U_c1896a63cb,850_875,Nyanja_NNM_Spk8_U_c1896a63cb_Utterance_9,ndikhulupilira ndithu kuti ndimadziwa kusankha zokoma mnjira imeneyo zonsezo ndi za zoona mukuzidziwa zobvara zimenezo,Nyanja_NNM_Spk8_U_c1896a63cb_Utterance_9_850_875.wav,9.741
NNM,M,Spk8,U_c1896a63cb,850_875,Nyanja_NNM_Spk8_U_c1896a63cb_Utterance_10,cilungamo ici ciyamba kumatsulira mphanvu ya kuda zokhumba zina za dziko za magulu okwanira madzana makhumi awiri pansi pa nyanja,Nyanja_NNM_Spk8_U_c1896a63cb_Utterance_10_850_875.wav,9.16
NNM,M,Spk8,U_c1896a63cb,850_875,Nyanja_NNM_Spk8_U_c1896a63cb_Utterance_11,ndipo anaseka mwapang'ono ndikuyankha ai amai beti ndine elizabeth parsons,Nyanja_NNM_Spk8_U_c1896a63cb_Utterance_11_850_875.wav,6.42
NNM,M,Spk8,U_c1896a63cb,850_875,Nyanja_NNM_Spk8_U_c1896a63cb_Utterance_12,kuguzidwa kwace ku mlomo ndi kuunika kwace ku mapaphiko ace zinali zosanveka kwa iye ndipo zodabwitsa,Nyanja_NNM_Spk8_U_c1896a63cb_Utterance_12_850_875.wav,7.918
NNM,M,Spk8,U_c1896a63cb,850_875,Nyanja_NNM_Spk8_U_c1896a63cb_Utterance_13,munny nsimbi zanga zili zozizila anauzidwa pease iiika pansi kuti zithumeko,Nyanja_NNM_Spk8_U_c1896a63cb_Utterance_13_850_875.wav,7.454
NNM,M,Spk8,U_c1896a63cb,850_875,Nyanja_NNM_Spk8_U_c1896a63cb_Utterance_14,sindikucicepetsa nitalankhula kuti ma siku ano sicili cosaoneka=oneka,Nyanja_NNM_Spk8_U_c1896a63cb_Utterance_14_850_875.wav,13.56
NNM,M,Spk8,U_c1896a63cb,850_875,Nyanja_NNM_Spk8_U_c1896a63cb_Utterance_15,nthawi zina cimachedwa copangidwa codabwitsa/cosokonedzetsa cifukwa zodindidwa zace ndi mitundu ndi zinaikidwa mosokoneza/mosasamala,Nyanja_NNM_Spk8_U_c1896a63cb_Utterance_15_850_875.wav,3.599
NNM,M,Spk8,U_c1896a63cb,850_875,Nyanja_NNM_Spk8_U_c1896a63cb_Utterance_16,bwera pita ukanditengere ndalama yosala ya bambo louis ndilinayo bambo,Nyanja_NNM_Spk8_U_c1896a63cb_Utterance_16_850_875.wav,5.747
NNM,M,Spk8,U_c1896a63cb,850_875,Nyanja_NNM_Spk8_U_c1896a63cb_Utterance_17,anandigwiritsa ncito kotheratu anali kufuna kumandimenya tsiku ndi tsiku,Nyanja_NNM_Spk8_U_c1896a63cb_Utterance_17_850_875.wav,5.642
NNM,M,Spk8,U_c1896a63cb,850_875,Nyanja_NNM_Spk8_U_c1896a63cb_Utterance_18,mwamene njira ya cifundo ingapezekele kuli chalichi yoyera/yangwilyo ngakhale kuti anthu osakhulupilira mwa ambuye yesu apezeka komweko,Nyanja_NNM_Spk8_U_c1896a63cb_Utterance_18_850_875.wav,10.577
NNM,M,Spk8,U_c1896a63cb,850_875,Nyanja_NNM_Spk8_U_c1896a63cb_Utterance_19,indetu iye anasautsa mpingo wa ambuye yesu kristu kwa nthawi ya itali,Nyanja_NNM_Spk8_U_c1896a63cb_Utterance_19_850_875.wav,5.375
NNM,M,Spk8,U_c1896a63cb,850_875,Nyanja_NNM_Spk8_U_c1896a63cb_Utterance_20,pamene anayamba kucita zinthu anali kutsogolera yopatulika ya atsilikali oyenda pansi kupitila mu njira yolowera pansi,Nyanja_NNM_Spk8_U_c1896a63cb_Utterance_20_850_875.wav,8.766
NNM,M,Spk8,U_c1896a63cb,850_875,Nyanja_NNM_Spk8_U_c1896a63cb_Utterance_21,ndifuna kusiys zonsezi kotheratu,Nyanja_NNM_Spk8_U_c1896a63cb_Utterance_21_850_875.wav,2.81
NNM,M,Spk8,U_c1896a63cb,850_875,Nyanja_NNM_Spk8_U_c1896a63cb_Utterance_22,kodi sizingatheke kuti zoonekela za mumzinda za bwino zizionekera poyera,Nyanja_NNM_Spk8_U_c1896a63cb_Utterance_22_850_875.wav,5.631
NNM,M,Spk8,U_c1896a63cb,850_875,Nyanja_NNM_Spk8_U_c1896a63cb_Utterance_23,anatero kapitawo donnithrone atakhala pamene anali kukwanitsa kuona  mkanjira kakafupi kamene kanalin kupita kumene anali kusungira mkaka,Nyanja_NNM_Spk8_U_c1896a63cb_Utterance_23_850_875.wav,11.749
NNM,M,Spk8,U_c1896a63cb,850_875,Nyanja_NNM_Spk8_U_c1896a63cb_Utterance_24,tikuganiza kuti kupyolera mu nchito yocepa kapena ubwino tingathe kuthesa cimo,Nyanja_NNM_Spk8_U_c1896a63cb_Utterance_24_850_875.wav,5.747
NNM,M,Spk8,U_c1896a63cb,850_875,Nyanja_NNM_Spk8_U_c1896a63cb_Utterance_25,indetu ndikupita ngati enginiya nanunso mungathe kupita ngati amodzi,Nyanja_NNM_Spk8_U_c1896a63cb_Utterance_25_850_875.wav,5.526
NNM,M,Spk8,U_f87d8b30d7,875_900,Nyanja_NNM_Spk8_U_f87d8b30d7_Utterance_1,ananene kwa agalantiya nati mulibe mphanvu yoganizira paulo mwapamwamba,Nyanja_NNM_Spk8_U_f87d8b30d7_Utterance_1_875_900.wav,24.989
NNM,M,Spk8,U_f87d8b30d7,875_900,Nyanja_NNM_Spk8_U_f87d8b30d7_Utterance_2,kulibe kwina kwace kotseguka pokhapokhapo khola imodzi anatero wotiyanganira wathu ophunzira,Nyanja_NNM_Spk8_U_f87d8b30d7_Utterance_2_875_900.wav,24.989
NNM,M,Spk8,U_f87d8b30d7,875_900,Nyanja_NNM_Spk8_U_f87d8b30d7_Utterance_3,kwangwala wa mkulu analondola mwansanga kufuna kuti acotse nyama yace /cimene anagwira pansi,Nyanja_NNM_Spk8_U_f87d8b30d7_Utterance_3_875_900.wav,24.989
NNM,M,Spk8,U_f87d8b30d7,875_900,Nyanja_NNM_Spk8_U_f87d8b30d7_Utterance_4,wina waceananena nkhani ngakhala sanainene bwino yomwe ninaona kuti sanali kunvetsetsa,Nyanja_NNM_Spk8_U_f87d8b30d7_Utterance_4_875_900.wav,24.989
NNM,M,Spk8,U_f87d8b30d7,875_900,Nyanja_NNM_Spk8_U_f87d8b30d7_Utterance_5,cinali cinthu ca bwino kwa iye kuganiza kuti mkaziyo zanali kumkonda kopotsa kudziwa cilungamo,Nyanja_NNM_Spk8_U_f87d8b30d7_Utterance_5_875_900.wav,24.989
NNM,M,Spk8,U_f87d8b30d7,875_900,Nyanja_NNM_Spk8_U_f87d8b30d7_Utterance_6,oho bambo anatero bambo missus poyser ataopyedwa simungazikonde konse,Nyanja_NNM_Spk8_U_f87d8b30d7_Utterance_6_875_900.wav,24.989
NNM,M,Spk8,U_f87d8b30d7,875_900,Nyanja_NNM_Spk8_U_f87d8b30d7_Utterance_7,pamenepo anaika dzanja lace pa mkono wace  naseka nati,Nyanja_NNM_Spk8_U_f87d8b30d7_Utterance_7_875_900.wav,24.989
NNM,M,Spk8,U_f87d8b30d7,875_900,Nyanja_NNM_Spk8_U_f87d8b30d7_Utterance_8,chingachgook anali ataona izi ndi mayendedwe ndipo ndi manja ake anawalola kulankhula,Nyanja_NNM_Spk8_U_f87d8b30d7_Utterance_8_875_900.wav,24.989
NNM,M,Spk8,U_f87d8b30d7,875_900,Nyanja_NNM_Spk8_U_f87d8b30d7_Utterance_9,apa apo anatero motonthoza ali kupapatsa mutu wace wofilira,Nyanja_NNM_Spk8_U_f87d8b30d7_Utterance_9_875_900.wav,24.989
NNM,M,Spk8,U_f87d8b30d7,875_900,Nyanja_NNM_Spk8_U_f87d8b30d7_Utterance_10,anayenda mwamsanga ngati mwivi napita mun ma holo onsewo ma sitepi okwelera mnyumba ndi pa bwalo ponse,Nyanja_NNM_Spk8_U_f87d8b30d7_Utterance_10_875_900.wav,24.989
NNM,M,Spk8,U_f87d8b30d7,875_900,Nyanja_NNM_Spk8_U_f87d8b30d7_Utterance_11,iye anafuna kuyambira pamwamba pa matanda,Nyanja_NNM_Spk8_U_f87d8b30d7_Utterance_11_875_900.wav,24.989
NNM,M,Spk8,U_f87d8b30d7,875_900,Nyanja_NNM_Spk8_U_f87d8b30d7_Utterance_12,humpy dumpy anali atagwa pansipa koma anakwatira ndithu mwana wa amfumu wa mkazi,Nyanja_NNM_Spk8_U_f87d8b30d7_Utterance_12_875_900.wav,24.989
NNM,M,Spk8,U_f87d8b30d7,875_900,Nyanja_NNM_Spk8_U_f87d8b30d7_Utterance_13,m'mene analonjezera kuteteza hotela nzika zimene zitauzidwa kuti zisade nkhawa mogogomedza zinayamba kuseka mantha ao,Nyanja_NNM_Spk8_U_f87d8b30d7_Utterance_13_875_900.wav,24.989
NNM,M,Spk8,U_f87d8b30d7,875_900,Nyanja_NNM_Spk8_U_f87d8b30d7_Utterance_14,mabwalo ya tolasa twa thonje tolema anali pafupi kuphulika,Nyanja_NNM_Spk8_U_f87d8b30d7_Utterance_14_875_900.wav,24.989
NNM,M,Spk8,U_f87d8b30d7,875_900,Nyanja_NNM_Spk8_U_f87d8b30d7_Utterance_15,lute anakhala zii kwanthawi yaitali ali kuoneka ndi pa maso pofunisisa  kunali kutatulukila,Nyanja_NNM_Spk8_U_f87d8b30d7_Utterance_15_875_900.wav,24.989
NNM,M,Spk8,U_f87d8b30d7,875_900,Nyanja_NNM_Spk8_U_f87d8b30d7_Utterance_16,kodi unabwera liti bartley ndipo kodi zakhala bwanji zotheka kuti sunalankhule kanthu kali konse,Nyanja_NNM_Spk8_U_f87d8b30d7_Utterance_16_875_900.wav,24.989
NNM,M,Spk8,U_f87d8b30d7,875_900,Nyanja_NNM_Spk8_U_f87d8b30d7_Utterance_17,sindinathe kuonana mwana wanga wacimuna opwetekedwa mwaubwino koma akucita zinchito zace ngati m'modzi wa ana a bamba cumberland,Nyanja_NNM_Spk8_U_f87d8b30d7_Utterance_17_875_900.wav,24.989
NNM,M,Spk8,U_f87d8b30d7,875_900,Nyanja_NNM_Spk8_U_f87d8b30d7_Utterance_18,ngati ndili kunva conjo ndiye kuti ndili kunva conjo,Nyanja_NNM_Spk8_U_f87d8b30d7_Utterance_18_875_900.wav,24.989
NNM,M,Spk8,U_f87d8b30d7,875_900,Nyanja_NNM_Spk8_U_f87d8b30d7_Utterance_19,anzanga anatero montifichet mosakweza mau ace kwa ena anali kucita masewera ya kumenyana tipelekezeni mkatifikiseko ca kunyumba kwa ogwira nchito ku ndende,Nyanja_NNM_Spk8_U_f87d8b30d7_Utterance_19_875_900.wav,24.989
NNM,M,Spk8,U_f87d8b30d7,875_900,Nyanja_NNM_Spk8_U_f87d8b30d7_Utterance_20,koma sindinadziwe apa ndipo pomwe mundiuza,Nyanja_NNM_Spk8_U_f87d8b30d7_Utterance_20_875_900.wav,24.989
NNM,M,Spk8,U_f87d8b30d7,875_900,Nyanja_NNM_Spk8_U_f87d8b30d7_Utterance_21,bulakitoni ndi mzanga wabwino kwambiri ndinenetsa nzo kwa iwe,Nyanja_NNM_Spk8_U_f87d8b30d7_Utterance_21_875_900.wav,24.989
NNM,M,Spk8,U_f87d8b30d7,875_900,Nyanja_NNM_Spk8_U_f87d8b30d7_Utterance_22,ndanyowa kufika munkongono mwanga ntawerama kuti ndidoba cherries,Nyanja_NNM_Spk8_U_f87d8b30d7_Utterance_22_875_900.wav,24.989
NNM,M,Spk8,U_f87d8b30d7,875_900,Nyanja_NNM_Spk8_U_f87d8b30d7_Utterance_23,ena ace sanafune kuti zimenezi zikacitike tsiku lina mtsogolo koma zina cabe zopanga zace zimene zinandisangalasa,Nyanja_NNM_Spk8_U_f87d8b30d7_Utterance_23_875_900.wav,24.989
NNM,M,Spk8,U_f87d8b30d7,875_900,Nyanja_NNM_Spk8_U_f87d8b30d7_Utterance_24,kodi kuti sangakhale mphatso yabwino kwa mwana wanthu wakhandayu,Nyanja_NNM_Spk8_U_f87d8b30d7_Utterance_24_875_900.wav,24.989
NNM,M,Spk8,U_f87d8b30d7,875_900,Nyanja_NNM_Spk8_U_f87d8b30d7_Utterance_25,izo zitapita cinali ca pafupi kuziiwalako indetu kuziiwala,Nyanja_NNM_Spk8_U_f87d8b30d7_Utterance_25_875_900.wav,24.989
NNM,M,Spk8,U_f87d8b30d7,850_875,Nyanja_NNM_Spk8_U_f87d8b30d7_Utterance_1,lobini anaselutsa matanda ace mosamala ndipo mwamsanga  anazipeza pansi pa miyala yolimba kwabatsi,Nyanja_NNM_Spk8_U_f87d8b30d7_Utterance_1_850_875.wav,20.295
NNM,M,Spk8,U_f87d8b30d7,850_875,Nyanja_NNM_Spk8_U_f87d8b30d7_Utterance_2,koma kulingana ndi zomwe zili kucitiika sindidziwa ngati zinthu ngati izo kuti zingathe kucitika,Nyanja_NNM_Spk8_U_f87d8b30d7_Utterance_2_850_875.wav,20.295
NNM,M,Spk8,U_f87d8b30d7,850_875,Nyanja_NNM_Spk8_U_f87d8b30d7_Utterance_3,oho iye amakhala pafupi ndi piano anatero van ayenera kukhalapo pa nthawi ino kwinakwace  ndipo wina anaseka.,Nyanja_NNM_Spk8_U_f87d8b30d7_Utterance_3_850_875.wav,20.295
NNM,M,Spk8,U_f87d8b30d7,850_875,Nyanja_NNM_Spk8_U_f87d8b30d7_Utterance_4,amai taylor sanadziwe zambiri za kotoni koma conena cimodzi cabe coonjedzedwa cinaoneka coyenera,Nyanja_NNM_Spk8_U_f87d8b30d7_Utterance_4_850_875.wav,20.295
NNM,M,Spk8,U_f87d8b30d7,850_875,Nyanja_NNM_Spk8_U_f87d8b30d7_Utterance_5,mkupita ndi kupita sindinaonepo bulu lanu limene mu malembedwa za umoyo wanu ndiyenera kuiona bukuli missus poyser,Nyanja_NNM_Spk8_U_f87d8b30d7_Utterance_5_850_875.wav,20.295
NNM,M,Spk8,U_f87d8b30d7,850_875,Nyanja_NNM_Spk8_U_f87d8b30d7_Utterance_6,mnyamata wacicepele ndi omangidwa ndipo ndiopa imfa yace ngati yanenedwa,Nyanja_NNM_Spk8_U_f87d8b30d7_Utterance_6_850_875.wav,20.295
NNM,M,Spk8,U_f87d8b30d7,850_875,Nyanja_NNM_Spk8_U_f87d8b30d7_Utterance_7,nthawi imeneyo ntaona pa thebulo yanga ndinadziwa kuti wina wace anatayataya ma pepeela anga,Nyanja_NNM_Spk8_U_f87d8b30d7_Utterance_7_850_875.wav,20.295
NNM,M,Spk8,U_f87d8b30d7,850_875,Nyanja_NNM_Spk8_U_f87d8b30d7_Utterance_8,maonekedwa a lakelo ofooka ndi ocenjeletsa maso amene anali ku mupenya ndi codabwitsa cowawitsa,Nyanja_NNM_Spk8_U_f87d8b30d7_Utterance_8_850_875.wav,20.295
NNM,M,Spk8,U_f87d8b30d7,850_875,Nyanja_NNM_Spk8_U_f87d8b30d7_Utterance_9,ndikhulupilira ndithu kuti ndimadziwa kusankha zokoma mnjira imeneyo zonsezo ndi za zoona mukuzidziwa zobvara zimenezo,Nyanja_NNM_Spk8_U_f87d8b30d7_Utterance_9_850_875.wav,20.295
NNM,M,Spk8,U_f87d8b30d7,850_875,Nyanja_NNM_Spk8_U_f87d8b30d7_Utterance_10,cilungamo ici ciyamba kumatsulira mphanvu ya kuda zokhumba zina za dziko za magulu okwanira madzana makhumi awiri pansi pa nyanja,Nyanja_NNM_Spk8_U_f87d8b30d7_Utterance_10_850_875.wav,20.295
NNM,M,Spk8,U_f87d8b30d7,850_875,Nyanja_NNM_Spk8_U_f87d8b30d7_Utterance_11,ndipo anaseka mwapang'ono ndikuyankha ai amai beti ndine elizabeth parsons,Nyanja_NNM_Spk8_U_f87d8b30d7_Utterance_11_850_875.wav,20.295
NNM,M,Spk8,U_f87d8b30d7,850_875,Nyanja_NNM_Spk8_U_f87d8b30d7_Utterance_12,kuguzidwa kwace ku mlomo ndi kuunika kwace ku mapaphiko ace zinali zosanveka kwa iye ndipo zodabwitsa,Nyanja_NNM_Spk8_U_f87d8b30d7_Utterance_12_850_875.wav,20.295
NNM,M,Spk8,U_f87d8b30d7,850_875,Nyanja_NNM_Spk8_U_f87d8b30d7_Utterance_13,munny nsimbi zanga zili zozizila anauzidwa pease iiika pansi kuti zithumeko,Nyanja_NNM_Spk8_U_f87d8b30d7_Utterance_13_850_875.wav,20.295
NNM,M,Spk8,U_f87d8b30d7,850_875,Nyanja_NNM_Spk8_U_f87d8b30d7_Utterance_14,sindikucicepetsa nitalankhula kuti ma siku ano sicili cosaoneka=oneka,Nyanja_NNM_Spk8_U_f87d8b30d7_Utterance_14_850_875.wav,20.295
NNM,M,Spk8,U_f87d8b30d7,850_875,Nyanja_NNM_Spk8_U_f87d8b30d7_Utterance_15,nthawi zina cimachedwa copangidwa codabwitsa/cosokonedzetsa cifukwa zodindidwa zace ndi mitundu ndi zinaikidwa mosokoneza/mosasamala,Nyanja_NNM_Spk8_U_f87d8b30d7_Utterance_15_850_875.wav,20.295
NNM,M,Spk8,U_f87d8b30d7,850_875,Nyanja_NNM_Spk8_U_f87d8b30d7_Utterance_16,bwera pita ukanditengere ndalama yosala ya bambo louis ndilinayo bambo,Nyanja_NNM_Spk8_U_f87d8b30d7_Utterance_16_850_875.wav,20.295
NNM,M,Spk8,U_f87d8b30d7,850_875,Nyanja_NNM_Spk8_U_f87d8b30d7_Utterance_17,anandigwiritsa ncito kotheratu anali kufuna kumandimenya tsiku ndi tsiku,Nyanja_NNM_Spk8_U_f87d8b30d7_Utterance_17_850_875.wav,20.295
NNM,M,Spk8,U_f87d8b30d7,850_875,Nyanja_NNM_Spk8_U_f87d8b30d7_Utterance_18,mwamene njira ya cifundo ingapezekele kuli chalichi yoyera/yangwilyo ngakhale kuti anthu osakhulupilira mwa ambuye yesu apezeka komweko,Nyanja_NNM_Spk8_U_f87d8b30d7_Utterance_18_850_875.wav,20.295
NNM,M,Spk8,U_f87d8b30d7,850_875,Nyanja_NNM_Spk8_U_f87d8b30d7_Utterance_19,indetu iye anasautsa mpingo wa ambuye yesu kristu kwa nthawi ya itali,Nyanja_NNM_Spk8_U_f87d8b30d7_Utterance_19_850_875.wav,20.295
NNM,M,Spk8,U_f87d8b30d7,850_875,Nyanja_NNM_Spk8_U_f87d8b30d7_Utterance_20,pamene anayamba kucita zinthu anali kutsogolera yopatulika ya atsilikali oyenda pansi kupitila mu njira yolowera pansi,Nyanja_NNM_Spk8_U_f87d8b30d7_Utterance_20_850_875.wav,20.295
NNM,M,Spk8,U_f87d8b30d7,850_875,Nyanja_NNM_Spk8_U_f87d8b30d7_Utterance_21,ndifuna kusiys zonsezi kotheratu,Nyanja_NNM_Spk8_U_f87d8b30d7_Utterance_21_850_875.wav,20.295
NNM,M,Spk8,U_f87d8b30d7,850_875,Nyanja_NNM_Spk8_U_f87d8b30d7_Utterance_22,kodi sizingatheke kuti zoonekela za mumzinda za bwino zizionekera poyera,Nyanja_NNM_Spk8_U_f87d8b30d7_Utterance_22_850_875.wav,20.295
NNM,M,Spk8,U_f87d8b30d7,850_875,Nyanja_NNM_Spk8_U_f87d8b30d7_Utterance_23,anatero kapitawo donnithrone atakhala pamene anali kukwanitsa kuona  mkanjira kakafupi kamene kanalin kupita kumene anali kusungira mkaka,Nyanja_NNM_Spk8_U_f87d8b30d7_Utterance_23_850_875.wav,20.295
NNM,M,Spk8,U_f87d8b30d7,850_875,Nyanja_NNM_Spk8_U_f87d8b30d7_Utterance_24,tikuganiza kuti kupyolera mu nchito yocepa kapena ubwino tingathe kuthesa cimo,Nyanja_NNM_Spk8_U_f87d8b30d7_Utterance_24_850_875.wav,20.295
NNM,M,Spk8,U_f87d8b30d7,850_875,Nyanja_NNM_Spk8_U_f87d8b30d7_Utterance_25,indetu ndikupita ngati enginiya nanunso mungathe kupita ngati amodzi,Nyanja_NNM_Spk8_U_f87d8b30d7_Utterance_25_850_875.wav,20.295
NNM,M,Spk8,U_0b8885c6cd,875_900,Nyanja_NNM_Spk8_U_0b8885c6cd_Utterance_1,ananene kwa agalantiya nati mulibe mphanvu yoganizira paulo mwapamwamba,Nyanja_NNM_Spk8_U_0b8885c6cd_Utterance_1_875_900.wav,7.895
NNM,M,Spk8,U_0b8885c6cd,875_900,Nyanja_NNM_Spk8_U_0b8885c6cd_Utterance_2,kulibe kwina kwace kotseguka pokhapokhapo khola imodzi anatero wotiyanganira wathu ophunzira,Nyanja_NNM_Spk8_U_0b8885c6cd_Utterance_2_875_900.wav,10.713
NNM,M,Spk8,U_0b8885c6cd,875_900,Nyanja_NNM_Spk8_U_0b8885c6cd_Utterance_3,kwangwala wa mkulu analondola mwansanga kufuna kuti acotse nyama yace /cimene anagwira pansi,Nyanja_NNM_Spk8_U_0b8885c6cd_Utterance_3_875_900.wav,10.713
NNM,M,Spk8,U_0b8885c6cd,875_900,Nyanja_NNM_Spk8_U_0b8885c6cd_Utterance_4,wina waceananena nkhani ngakhala sanainene bwino yomwe ninaona kuti sanali kunvetsetsa,Nyanja_NNM_Spk8_U_0b8885c6cd_Utterance_4_875_900.wav,10.713
NNM,M,Spk8,U_0b8885c6cd,875_900,Nyanja_NNM_Spk8_U_0b8885c6cd_Utterance_5,cinali cinthu ca bwino kwa iye kuganiza kuti mkaziyo zanali kumkonda kopotsa kudziwa cilungamo,Nyanja_NNM_Spk8_U_0b8885c6cd_Utterance_5_875_900.wav,10.713
NNM,M,Spk8,U_0b8885c6cd,875_900,Nyanja_NNM_Spk8_U_0b8885c6cd_Utterance_6,oho bambo anatero bambo missus poyser ataopyedwa simungazikonde konse,Nyanja_NNM_Spk8_U_0b8885c6cd_Utterance_6_875_900.wav,10.713
NNM,M,Spk8,U_0b8885c6cd,875_900,Nyanja_NNM_Spk8_U_0b8885c6cd_Utterance_7,pamenepo anaika dzanja lace pa mkono wace  naseka nati,Nyanja_NNM_Spk8_U_0b8885c6cd_Utterance_7_875_900.wav,10.713
NNM,M,Spk8,U_0b8885c6cd,875_900,Nyanja_NNM_Spk8_U_0b8885c6cd_Utterance_8,chingachgook anali ataona izi ndi mayendedwe ndipo ndi manja ake anawalola kulankhula,Nyanja_NNM_Spk8_U_0b8885c6cd_Utterance_8_875_900.wav,10.713
NNM,M,Spk8,U_0b8885c6cd,875_900,Nyanja_NNM_Spk8_U_0b8885c6cd_Utterance_9,apa apo anatero motonthoza ali kupapatsa mutu wace wofilira,Nyanja_NNM_Spk8_U_0b8885c6cd_Utterance_9_875_900.wav,10.713
NNM,M,Spk8,U_0b8885c6cd,875_900,Nyanja_NNM_Spk8_U_0b8885c6cd_Utterance_10,anayenda mwamsanga ngati mwivi napita mun ma holo onsewo ma sitepi okwelera mnyumba ndi pa bwalo ponse,Nyanja_NNM_Spk8_U_0b8885c6cd_Utterance_10_875_900.wav,13.402
NNM,M,Spk8,U_0b8885c6cd,875_900,Nyanja_NNM_Spk8_U_0b8885c6cd_Utterance_11,iye anafuna kuyambira pamwamba pa matanda,Nyanja_NNM_Spk8_U_0b8885c6cd_Utterance_11_875_900.wav,13.402
NNM,M,Spk8,U_0b8885c6cd,875_900,Nyanja_NNM_Spk8_U_0b8885c6cd_Utterance_12,humpy dumpy anali atagwa pansipa koma anakwatira ndithu mwana wa amfumu wa mkazi,Nyanja_NNM_Spk8_U_0b8885c6cd_Utterance_12_875_900.wav,13.402
NNM,M,Spk8,U_0b8885c6cd,875_900,Nyanja_NNM_Spk8_U_0b8885c6cd_Utterance_13,m'mene analonjezera kuteteza hotela nzika zimene zitauzidwa kuti zisade nkhawa mogogomedza zinayamba kuseka mantha ao,Nyanja_NNM_Spk8_U_0b8885c6cd_Utterance_13_875_900.wav,15.616
NNM,M,Spk8,U_0b8885c6cd,875_900,Nyanja_NNM_Spk8_U_0b8885c6cd_Utterance_14,mabwalo ya tolasa twa thonje tolema anali pafupi kuphulika,Nyanja_NNM_Spk8_U_0b8885c6cd_Utterance_14_875_900.wav,15.616
NNM,M,Spk8,U_0b8885c6cd,875_900,Nyanja_NNM_Spk8_U_0b8885c6cd_Utterance_15,lute anakhala zii kwanthawi yaitali ali kuoneka ndi pa maso pofunisisa  kunali kutatulukila,Nyanja_NNM_Spk8_U_0b8885c6cd_Utterance_15_875_900.wav,15.616
NNM,M,Spk8,U_0b8885c6cd,875_900,Nyanja_NNM_Spk8_U_0b8885c6cd_Utterance_16,kodi unabwera liti bartley ndipo kodi zakhala bwanji zotheka kuti sunalankhule kanthu kali konse,Nyanja_NNM_Spk8_U_0b8885c6cd_Utterance_16_875_900.wav,15.616
NNM,M,Spk8,U_0b8885c6cd,875_900,Nyanja_NNM_Spk8_U_0b8885c6cd_Utterance_17,sindinathe kuonana mwana wanga wacimuna opwetekedwa mwaubwino koma akucita zinchito zace ngati m'modzi wa ana a bamba cumberland,Nyanja_NNM_Spk8_U_0b8885c6cd_Utterance_17_875_900.wav,15.616
NNM,M,Spk8,U_0b8885c6cd,875_900,Nyanja_NNM_Spk8_U_0b8885c6cd_Utterance_18,ngati ndili kunva conjo ndiye kuti ndili kunva conjo,Nyanja_NNM_Spk8_U_0b8885c6cd_Utterance_18_875_900.wav,15.616
NNM,M,Spk8,U_0b8885c6cd,875_900,Nyanja_NNM_Spk8_U_0b8885c6cd_Utterance_19,anzanga anatero montifichet mosakweza mau ace kwa ena anali kucita masewera ya kumenyana tipelekezeni mkatifikiseko ca kunyumba kwa ogwira nchito ku ndende,Nyanja_NNM_Spk8_U_0b8885c6cd_Utterance_19_875_900.wav,17.993
NNM,M,Spk8,U_0b8885c6cd,875_900,Nyanja_NNM_Spk8_U_0b8885c6cd_Utterance_20,koma sindinadziwe apa ndipo pomwe mundiuza,Nyanja_NNM_Spk8_U_0b8885c6cd_Utterance_20_875_900.wav,17.993
NNM,M,Spk8,U_0b8885c6cd,875_900,Nyanja_NNM_Spk8_U_0b8885c6cd_Utterance_21,bulakitoni ndi mzanga wabwino kwambiri ndinenetsa nzo kwa iwe,Nyanja_NNM_Spk8_U_0b8885c6cd_Utterance_21_875_900.wav,17.993
NNM,M,Spk8,U_0b8885c6cd,875_900,Nyanja_NNM_Spk8_U_0b8885c6cd_Utterance_22,ndanyowa kufika munkongono mwanga ntawerama kuti ndidoba cherries,Nyanja_NNM_Spk8_U_0b8885c6cd_Utterance_22_875_900.wav,17.993
NNM,M,Spk8,U_0b8885c6cd,875_900,Nyanja_NNM_Spk8_U_0b8885c6cd_Utterance_23,ena ace sanafune kuti zimenezi zikacitike tsiku lina mtsogolo koma zina cabe zopanga zace zimene zinandisangalasa,Nyanja_NNM_Spk8_U_0b8885c6cd_Utterance_23_875_900.wav,17.993
NNM,M,Spk8,U_0b8885c6cd,875_900,Nyanja_NNM_Spk8_U_0b8885c6cd_Utterance_24,kodi kuti sangakhale mphatso yabwino kwa mwana wanthu wakhandayu,Nyanja_NNM_Spk8_U_0b8885c6cd_Utterance_24_875_900.wav,17.993
NNM,M,Spk8,U_0b8885c6cd,875_900,Nyanja_NNM_Spk8_U_0b8885c6cd_Utterance_25,izo zitapita cinali ca pafupi kuziiwalako indetu kuziiwala,Nyanja_NNM_Spk8_U_0b8885c6cd_Utterance_25_875_900.wav,17.993
NNM,M,Spk8,U_0b8885c6cd,850_875,Nyanja_NNM_Spk8_U_0b8885c6cd_Utterance_1,lobini anaselutsa matanda ace mosamala ndipo mwamsanga  anazipeza pansi pa miyala yolimba kwabatsi,Nyanja_NNM_Spk8_U_0b8885c6cd_Utterance_1_850_875.wav,14.097
NNM,M,Spk8,U_0b8885c6cd,850_875,Nyanja_NNM_Spk8_U_0b8885c6cd_Utterance_2,koma kulingana ndi zomwe zili kucitiika sindidziwa ngati zinthu ngati izo kuti zingathe kucitika,Nyanja_NNM_Spk8_U_0b8885c6cd_Utterance_2_850_875.wav,14.097
NNM,M,Spk8,U_0b8885c6cd,850_875,Nyanja_NNM_Spk8_U_0b8885c6cd_Utterance_3,oho iye amakhala pafupi ndi piano anatero van ayenera kukhalapo pa nthawi ino kwinakwace  ndipo wina anaseka.,Nyanja_NNM_Spk8_U_0b8885c6cd_Utterance_3_850_875.wav,14.097
NNM,M,Spk8,U_0b8885c6cd,850_875,Nyanja_NNM_Spk8_U_0b8885c6cd_Utterance_4,amai taylor sanadziwe zambiri za kotoni koma conena cimodzi cabe coonjedzedwa cinaoneka coyenera,Nyanja_NNM_Spk8_U_0b8885c6cd_Utterance_4_850_875.wav,14.097
NNM,M,Spk8,U_0b8885c6cd,850_875,Nyanja_NNM_Spk8_U_0b8885c6cd_Utterance_5,mkupita ndi kupita sindinaonepo bulu lanu limene mu malembedwa za umoyo wanu ndiyenera kuiona bukuli missus poyser,Nyanja_NNM_Spk8_U_0b8885c6cd_Utterance_5_850_875.wav,14.097
NNM,M,Spk8,U_0b8885c6cd,850_875,Nyanja_NNM_Spk8_U_0b8885c6cd_Utterance_6,mnyamata wacicepele ndi omangidwa ndipo ndiopa imfa yace ngati yanenedwa,Nyanja_NNM_Spk8_U_0b8885c6cd_Utterance_6_850_875.wav,14.097
NNM,M,Spk8,U_0b8885c6cd,850_875,Nyanja_NNM_Spk8_U_0b8885c6cd_Utterance_7,nthawi imeneyo ntaona pa thebulo yanga ndinadziwa kuti wina wace anatayataya ma pepeela anga,Nyanja_NNM_Spk8_U_0b8885c6cd_Utterance_7_850_875.wav,14.097
NNM,M,Spk8,U_0b8885c6cd,850_875,Nyanja_NNM_Spk8_U_0b8885c6cd_Utterance_8,maonekedwa a lakelo ofooka ndi ocenjeletsa maso amene anali ku mupenya ndi codabwitsa cowawitsa,Nyanja_NNM_Spk8_U_0b8885c6cd_Utterance_8_850_875.wav,14.097
NNM,M,Spk8,U_0b8885c6cd,850_875,Nyanja_NNM_Spk8_U_0b8885c6cd_Utterance_9,ndikhulupilira ndithu kuti ndimadziwa kusankha zokoma mnjira imeneyo zonsezo ndi za zoona mukuzidziwa zobvara zimenezo,Nyanja_NNM_Spk8_U_0b8885c6cd_Utterance_9_850_875.wav,14.411
NNM,M,Spk8,U_0b8885c6cd,850_875,Nyanja_NNM_Spk8_U_0b8885c6cd_Utterance_10,cilungamo ici ciyamba kumatsulira mphanvu ya kuda zokhumba zina za dziko za magulu okwanira madzana makhumi awiri pansi pa nyanja,Nyanja_NNM_Spk8_U_0b8885c6cd_Utterance_10_850_875.wav,16.72
NNM,M,Spk8,U_0b8885c6cd,850_875,Nyanja_NNM_Spk8_U_0b8885c6cd_Utterance_11,ndipo anaseka mwapang'ono ndikuyankha ai amai beti ndine elizabeth parsons,Nyanja_NNM_Spk8_U_0b8885c6cd_Utterance_11_850_875.wav,16.72
NNM,M,Spk8,U_0b8885c6cd,850_875,Nyanja_NNM_Spk8_U_0b8885c6cd_Utterance_12,kuguzidwa kwace ku mlomo ndi kuunika kwace ku mapaphiko ace zinali zosanveka kwa iye ndipo zodabwitsa,Nyanja_NNM_Spk8_U_0b8885c6cd_Utterance_12_850_875.wav,16.72
NNM,M,Spk8,U_0b8885c6cd,850_875,Nyanja_NNM_Spk8_U_0b8885c6cd_Utterance_13,munny nsimbi zanga zili zozizila anauzidwa pease iiika pansi kuti zithumeko,Nyanja_NNM_Spk8_U_0b8885c6cd_Utterance_13_850_875.wav,16.72
NNM,M,Spk8,U_0b8885c6cd,850_875,Nyanja_NNM_Spk8_U_0b8885c6cd_Utterance_14,sindikucicepetsa nitalankhula kuti ma siku ano sicili cosaoneka=oneka,Nyanja_NNM_Spk8_U_0b8885c6cd_Utterance_14_850_875.wav,16.72
NNM,M,Spk8,U_0b8885c6cd,850_875,Nyanja_NNM_Spk8_U_0b8885c6cd_Utterance_15,nthawi zina cimachedwa copangidwa codabwitsa/cosokonedzetsa cifukwa zodindidwa zace ndi mitundu ndi zinaikidwa mosokoneza/mosasamala,Nyanja_NNM_Spk8_U_0b8885c6cd_Utterance_15_850_875.wav,17.787
NNM,M,Spk8,U_0b8885c6cd,850_875,Nyanja_NNM_Spk8_U_0b8885c6cd_Utterance_16,bwera pita ukanditengere ndalama yosala ya bambo louis ndilinayo bambo,Nyanja_NNM_Spk8_U_0b8885c6cd_Utterance_16_850_875.wav,17.787
NNM,M,Spk8,U_0b8885c6cd,850_875,Nyanja_NNM_Spk8_U_0b8885c6cd_Utterance_17,anandigwiritsa ncito kotheratu anali kufuna kumandimenya tsiku ndi tsiku,Nyanja_NNM_Spk8_U_0b8885c6cd_Utterance_17_850_875.wav,17.787
NNM,M,Spk8,U_0b8885c6cd,850_875,Nyanja_NNM_Spk8_U_0b8885c6cd_Utterance_18,mwamene njira ya cifundo ingapezekele kuli chalichi yoyera/yangwilyo ngakhale kuti anthu osakhulupilira mwa ambuye yesu apezeka komweko,Nyanja_NNM_Spk8_U_0b8885c6cd_Utterance_18_850_875.wav,18.143
NNM,M,Spk8,U_0b8885c6cd,850_875,Nyanja_NNM_Spk8_U_0b8885c6cd_Utterance_19,indetu iye anasautsa mpingo wa ambuye yesu kristu kwa nthawi ya itali,Nyanja_NNM_Spk8_U_0b8885c6cd_Utterance_19_850_875.wav,18.143
NNM,M,Spk8,U_0b8885c6cd,850_875,Nyanja_NNM_Spk8_U_0b8885c6cd_Utterance_20,pamene anayamba kucita zinthu anali kutsogolera yopatulika ya atsilikali oyenda pansi kupitila mu njira yolowera pansi,Nyanja_NNM_Spk8_U_0b8885c6cd_Utterance_20_850_875.wav,18.143
NNM,M,Spk8,U_0b8885c6cd,850_875,Nyanja_NNM_Spk8_U_0b8885c6cd_Utterance_21,ndifuna kusiys zonsezi kotheratu,Nyanja_NNM_Spk8_U_0b8885c6cd_Utterance_21_850_875.wav,18.143
NNM,M,Spk8,U_0b8885c6cd,850_875,Nyanja_NNM_Spk8_U_0b8885c6cd_Utterance_22,kodi sizingatheke kuti zoonekela za mumzinda za bwino zizionekera poyera,Nyanja_NNM_Spk8_U_0b8885c6cd_Utterance_22_850_875.wav,18.143
NNM,M,Spk8,U_0b8885c6cd,850_875,Nyanja_NNM_Spk8_U_0b8885c6cd_Utterance_23,anatero kapitawo donnithrone atakhala pamene anali kukwanitsa kuona  mkanjira kakafupi kamene kanalin kupita kumene anali kusungira mkaka,Nyanja_NNM_Spk8_U_0b8885c6cd_Utterance_23_850_875.wav,19.81
NNM,M,Spk8,U_0b8885c6cd,850_875,Nyanja_NNM_Spk8_U_0b8885c6cd_Utterance_24,tikuganiza kuti kupyolera mu nchito yocepa kapena ubwino tingathe kuthesa cimo,Nyanja_NNM_Spk8_U_0b8885c6cd_Utterance_24_850_875.wav,19.81
NNM,M,Spk8,U_0b8885c6cd,850_875,Nyanja_NNM_Spk8_U_0b8885c6cd_Utterance_25,indetu ndikupita ngati enginiya nanunso mungathe kupita ngati amodzi,Nyanja_NNM_Spk8_U_0b8885c6cd_Utterance_25_850_875.wav,19.81
NNM,M,Spk10,U_c4603ebd18,975_100,Nyanja_NNM_Spk10_U_c4603ebd18_Utterance_1,tinali ofunitsitsa zicitidwe zace zamakonon kopotsa zincito zace za zikulu,Nyanja_NNM_Spk10_U_c4603ebd18_Utterance_1_975_100.wav,11.842
NNM,M,Spk10,U_c4603ebd18,975_100,Nyanja_NNM_Spk10_U_c4603ebd18_Utterance_2,maso ao anabwi kwambiri thorleif anaimilira na zioloola,Nyanja_NNM_Spk10_U_c4603ebd18_Utterance_2_975_100.wav,7.655
NNM,M,Spk10,U_c4603ebd18,975_100,Nyanja_NNM_Spk10_U_c4603ebd18_Utterance_3,ndikukonda ndi mtima onse cikondi  cimene ndigwilitsa nchito mu zowawa zimene ndinapitamo kale ndiponso ndi chikhulupiliro caku ubwana wanga,Nyanja_NNM_Spk10_U_c4603ebd18_Utterance_3_975_100.wav,18.526
NNM,M,Spk10,U_c4603ebd18,975_100,Nyanja_NNM_Spk10_U_c4603ebd18_Utterance_4,sindinakhale ndi mpata okuuza pa kukooma kwa malo amenewa,Nyanja_NNM_Spk10_U_c4603ebd18_Utterance_4_975_100.wav,10.178
NNM,M,Spk10,U_c4603ebd18,975_100,Nyanja_NNM_Spk10_U_c4603ebd18_Utterance_5,sindinaime kuti ndiganize ngati ndi za ucitsili kapena ai ndinazicita ndipo ndine okondwa pozicita,Nyanja_NNM_Spk10_U_c4603ebd18_Utterance_5_975_100.wav,13.147
NNM,M,Spk10,U_c4603ebd18,975_100,Nyanja_NNM_Spk10_U_c4603ebd18_Utterance_6,mwacisinsi moto wao wakuda unayeeletsa mbanda kuca ndipo kunayera zedi,Nyanja_NNM_Spk10_U_c4603ebd18_Utterance_6_975_100.wav,11.558
NNM,M,Spk10,U_c4603ebd18,975_100,Nyanja_NNM_Spk10_U_c4603ebd18_Utterance_7,iye anaonekanso odabwa pang'ono cifukwa ca momwe analandiliridwa,Nyanja_NNM_Spk10_U_c4603ebd18_Utterance_7_975_100.wav,7.269
NNM,M,Spk10,U_c4603ebd18,975_100,Nyanja_NNM_Spk10_U_c4603ebd18_Utterance_8,zambiri ngati sizoonse zoganiza za kacenjede socrate zipezeka/zinaikidwanzo mu buku yocedwa timaeus,Nyanja_NNM_Spk10_U_c4603ebd18_Utterance_8_975_100.wav,14.978
NNM,M,Spk10,U_c4603ebd18,975_100,Nyanja_NNM_Spk10_U_c4603ebd18_Utterance_9,kulila kwa kwa belu yosasintha ndi yaphindu kunanditengera nthawi imeneyo ku malo kwa za zoona,Nyanja_NNM_Spk10_U_c4603ebd18_Utterance_9_975_100.wav,12.999
NNM,M,Spk10,U_c4603ebd18,975_100,Nyanja_NNM_Spk10_U_c4603ebd18_Utterance_10,ndikukaika gati branwelll anali kuzisamalira pa nthawi  iyo,Nyanja_NNM_Spk10_U_c4603ebd18_Utterance_10_975_100.wav,8.48
NNM,M,Spk10,U_c4603ebd18,975_100,Nyanja_NNM_Spk10_U_c4603ebd18_Utterance_11,zaka za ma tsiku amene anali kufa zinali khumi,Nyanja_NNM_Spk10_U_c4603ebd18_Utterance_11_975_100.wav,3.962
NNM,M,Spk10,U_c4603ebd18,975_100,Nyanja_NNM_Spk10_U_c4603ebd18_Utterance_12,makumbi aja akuoneka ngati azagwera pa nyanja,Nyanja_NNM_Spk10_U_c4603ebd18_Utterance_12_975_100.wav,5.752
NNM,M,Spk10,U_c4603ebd18,975_100,Nyanja_NNM_Spk10_U_c4603ebd18_Utterance_13,mwa umphumphu ndinaondionetsa kukhala pa malo amene anali ku dzanja la manzere,Nyanja_NNM_Spk10_U_c4603ebd18_Utterance_13_975_100.wav,9.643
NNM,M,Spk10,U_c4603ebd18,975_100,Nyanja_NNM_Spk10_U_c4603ebd18_Utterance_14,nvetsa zomwa bambo ferdinando brown anena anayankha kapitawo battleax,Nyanja_NNM_Spk10_U_c4603ebd18_Utterance_14_975_100.wav,9.725
NNM,M,Spk10,U_c4603ebd18,975_100,Nyanja_NNM_Spk10_U_c4603ebd18_Utterance_15,ndipo imfa imene ndalotera sinacitika ai,Nyanja_NNM_Spk10_U_c4603ebd18_Utterance_15_975_100.wav,4.682
NNM,M,Spk10,U_c4603ebd18,975_100,Nyanja_NNM_Spk10_U_c4603ebd18_Utterance_16,tsopano ndapanga ciganizo canga pa nkhani imeneyo ngati ine ndinali mabel nkadakhala komwe kuno,Nyanja_NNM_Spk10_U_c4603ebd18_Utterance_16_975_100.wav,9.954
NNM,M,Spk10,U_c4603ebd18,975_100,Nyanja_NNM_Spk10_U_c4603ebd18_Utterance_17,iwo anayambanso ulendo wao ndipo kupyolera  mu kuunika kwabwino anakwaniritsa ku oloka ma tsindwi yosadetsan nkhawa,Nyanja_NNM_Spk10_U_c4603ebd18_Utterance_17_975_100.wav,16.47
NNM,M,Spk10,U_c4603ebd18,975_100,Nyanja_NNM_Spk10_U_c4603ebd18_Utterance_18,koma sindinu munthuamene adziwa kukonda  okendedwa wanga,Nyanja_NNM_Spk10_U_c4603ebd18_Utterance_18_975_100.wav,6.139
NNM,M,Spk10,U_c4603ebd18,975_100,Nyanja_NNM_Spk10_U_c4603ebd18_Utterance_19,sindizawerenga kufika pa makhumi awiri pa mlingo umenewo,Nyanja_NNM_Spk10_U_c4603ebd18_Utterance_19_975_100.wav,7.367
NNM,M,Spk10,U_c4603ebd18,975_100,Nyanja_NNM_Spk10_U_c4603ebd18_Utterance_20,pa ku ukitsidwa ku imfa kwace  yesu kristu anamenyera nkhondo  ya malamulo ucimo kuthupi dziko imfa gehena ndi zoipa zonse,Nyanja_NNM_Spk10_U_c4603ebd18_Utterance_20_975_100.wav,16.367
NNM,M,Spk10,U_c4603ebd18,975_100,Nyanja_NNM_Spk10_U_c4603ebd18_Utterance_21,kodi mfumu yanu tsopano sikukhulupilira zicitidwe zosakhulupilirika,Nyanja_NNM_Spk10_U_c4603ebd18_Utterance_21_975_100.wav,7.596
NNM,M,Spk10,U_c4603ebd18,975_100,Nyanja_NNM_Spk10_U_c4603ebd18_Utterance_22,anaona mapewa ace olema ndi mutu waukulu ndipo wosimikidza ukukankhidwa patsogoro ngathi mphanga italasidwa,Nyanja_NNM_Spk10_U_c4603ebd18_Utterance_22_975_100.wav,15.661
NNM,M,Spk10,U_c4603ebd18,975_100,Nyanja_NNM_Spk10_U_c4603ebd18_Utterance_23,tiyeni tibwelere mbuyo ndi colinga cofufuza pomwe tikuonetsetsa,Nyanja_NNM_Spk10_U_c4603ebd18_Utterance_23_975_100.wav,8.988
NNM,M,Spk10,U_c4603ebd18,975_100,Nyanja_NNM_Spk10_U_c4603ebd18_Utterance_24,iye sali bwino abwera kuno kunyanja ndicoinga copuuma ndi ku sisintha nmalo,Nyanja_NNM_Spk10_U_c4603ebd18_Utterance_24_975_100.wav,9.963
NNM,M,Spk10,U_c4603ebd18,975_100,Nyanja_NNM_Spk10_U_c4603ebd18_Utterance_25,ngati  iye sadziwa kuyelekedza phindu lace ine ndidziwa,Nyanja_NNM_Spk10_U_c4603ebd18_Utterance_25_975_100.wav,6.488
NNM,M,Spk10,U_021775f8c5,975_100,Nyanja_NNM_Spk10_U_021775f8c5_Utterance_1,tinali ofunitsitsa zicitidwe zace zamakonon kopotsa zincito zace za zikulu,Nyanja_NNM_Spk10_U_021775f8c5_Utterance_1_975_100.wav,6.179
NNM,M,Spk10,U_021775f8c5,975_100,Nyanja_NNM_Spk10_U_021775f8c5_Utterance_2,maso ao anabwi kwambiri thorleif anaimilira na zioloola,Nyanja_NNM_Spk10_U_021775f8c5_Utterance_2_975_100.wav,5.238
NNM,M,Spk10,U_021775f8c5,975_100,Nyanja_NNM_Spk10_U_021775f8c5_Utterance_3,ndikukonda ndi mtima onse cikondi  cimene ndigwilitsa nchito mu zowawa zimene ndinapitamo kale ndiponso ndi chikhulupiliro caku ubwana wanga,Nyanja_NNM_Spk10_U_021775f8c5_Utterance_3_975_100.wav,12.063
NNM,M,Spk10,U_021775f8c5,975_100,Nyanja_NNM_Spk10_U_021775f8c5_Utterance_4,sindinakhale ndi mpata okuuza pa kukooma kwa malo amenewa,Nyanja_NNM_Spk10_U_021775f8c5_Utterance_4_975_100.wav,5.536
NNM,M,Spk10,U_021775f8c5,975_100,Nyanja_NNM_Spk10_U_021775f8c5_Utterance_5,sindinaime kuti ndiganize ngati ndi za ucitsili kapena ai ndinazicita ndipo ndine okondwa pozicita,Nyanja_NNM_Spk10_U_021775f8c5_Utterance_5_975_100.wav,10.18
NNM,M,Spk10,U_021775f8c5,975_100,Nyanja_NNM_Spk10_U_021775f8c5_Utterance_6,mwacisinsi moto wao wakuda unayeeletsa mbanda kuca ndipo kunayera zedi,Nyanja_NNM_Spk10_U_021775f8c5_Utterance_6_975_100.wav,7.326
NNM,M,Spk10,U_021775f8c5,975_100,Nyanja_NNM_Spk10_U_021775f8c5_Utterance_7,iye anaonekanso odabwa pang'ono cifukwa ca momwe analandiliridwa,Nyanja_NNM_Spk10_U_021775f8c5_Utterance_7_975_100.wav,6.049
NNM,M,Spk10,U_021775f8c5,975_100,Nyanja_NNM_Spk10_U_021775f8c5_Utterance_8,zambiri ngati sizoonse zoganiza za kacenjede socrate zipezeka/zinaikidwanzo mu buku yocedwa timaeus,Nyanja_NNM_Spk10_U_021775f8c5_Utterance_8_975_100.wav,9.474
NNM,M,Spk10,U_021775f8c5,975_100,Nyanja_NNM_Spk10_U_021775f8c5_Utterance_9,kulila kwa kwa belu yosasintha ndi yaphindu kunanditengera nthawi imeneyo ku malo kwa za zoona,Nyanja_NNM_Spk10_U_021775f8c5_Utterance_9_975_100.wav,9.694
NNM,M,Spk10,U_021775f8c5,975_100,Nyanja_NNM_Spk10_U_021775f8c5_Utterance_10,ndikukaika gati branwelll anali kuzisamalira pa nthawi  iyo,Nyanja_NNM_Spk10_U_021775f8c5_Utterance_10_975_100.wav,5.479
NNM,M,Spk10,U_021775f8c5,975_100,Nyanja_NNM_Spk10_U_021775f8c5_Utterance_11,zaka za ma tsiku amene anali kufa zinali khumi,Nyanja_NNM_Spk10_U_021775f8c5_Utterance_11_975_100.wav,4.087
NNM,M,Spk10,U_021775f8c5,975_100,Nyanja_NNM_Spk10_U_021775f8c5_Utterance_12,makumbi aja akuoneka ngati azagwera pa nyanja,Nyanja_NNM_Spk10_U_021775f8c5_Utterance_12_975_100.wav,4.168
NNM,M,Spk10,U_021775f8c5,975_100,Nyanja_NNM_Spk10_U_021775f8c5_Utterance_13,mwa umphumphu ndinaondionetsa kukhala pa malo amene anali ku dzanja la manzere,Nyanja_NNM_Spk10_U_021775f8c5_Utterance_13_975_100.wav,6.745
NNM,M,Spk10,U_021775f8c5,975_100,Nyanja_NNM_Spk10_U_021775f8c5_Utterance_14,nvetsa zomwa bambo ferdinando brown anena anayankha kapitawo battleax,Nyanja_NNM_Spk10_U_021775f8c5_Utterance_14_975_100.wav,7.494
NNM,M,Spk10,U_021775f8c5,975_100,Nyanja_NNM_Spk10_U_021775f8c5_Utterance_15,ndipo imfa imene ndalotera sinacitika ai,Nyanja_NNM_Spk10_U_021775f8c5_Utterance_15_975_100.wav,4.052
NNM,M,Spk10,U_021775f8c5,975_100,Nyanja_NNM_Spk10_U_021775f8c5_Utterance_16,tsopano ndapanga ciganizo canga pa nkhani imeneyo ngati ine ndinali mabel nkadakhala komwe kuno,Nyanja_NNM_Spk10_U_021775f8c5_Utterance_16_975_100.wav,9.578
NNM,M,Spk10,U_021775f8c5,975_100,Nyanja_NNM_Spk10_U_021775f8c5_Utterance_17,iwo anayambanso ulendo wao ndipo kupyolera  mu kuunika kwabwino anakwaniritsa ku oloka ma tsindwi yosadetsan nkhawa,Nyanja_NNM_Spk10_U_021775f8c5_Utterance_17_975_100.wav,10.124
NNM,M,Spk10,U_021775f8c5,975_100,Nyanja_NNM_Spk10_U_021775f8c5_Utterance_18,koma sindinu munthuamene adziwa kukonda  okendedwa wanga,Nyanja_NNM_Spk10_U_021775f8c5_Utterance_18_975_100.wav,4.806
NNM,M,Spk10,U_021775f8c5,975_100,Nyanja_NNM_Spk10_U_021775f8c5_Utterance_19,sindizawerenga kufika pa makhumi awiri pa mlingo umenewo,Nyanja_NNM_Spk10_U_021775f8c5_Utterance_19_975_100.wav,4.444
NNM,M,Spk10,U_021775f8c5,975_100,Nyanja_NNM_Spk10_U_021775f8c5_Utterance_20,pa ku ukitsidwa ku imfa kwace  yesu kristu anamenyera nkhondo  ya malamulo ucimo kuthupi dziko imfa gehena ndi zoipa zonse,Nyanja_NNM_Spk10_U_021775f8c5_Utterance_20_975_100.wav,10.089
NNM,M,Spk10,U_021775f8c5,975_100,Nyanja_NNM_Spk10_U_021775f8c5_Utterance_21,kodi mfumu yanu tsopano sikukhulupilira zicitidwe zosakhulupilirika,Nyanja_NNM_Spk10_U_021775f8c5_Utterance_21_975_100.wav,7.055
NNM,M,Spk10,U_021775f8c5,975_100,Nyanja_NNM_Spk10_U_021775f8c5_Utterance_22,anaona mapewa ace olema ndi mutu waukulu ndipo wosimikidza ukukankhidwa patsogoro ngathi mphanga italasidwa,Nyanja_NNM_Spk10_U_021775f8c5_Utterance_22_975_100.wav,9.751
NNM,M,Spk10,U_021775f8c5,975_100,Nyanja_NNM_Spk10_U_021775f8c5_Utterance_23,tiyeni tibwelere mbuyo ndi colinga cofufuza pomwe tikuonetsetsa,Nyanja_NNM_Spk10_U_021775f8c5_Utterance_23_975_100.wav,6.374
NNM,M,Spk10,U_021775f8c5,975_100,Nyanja_NNM_Spk10_U_021775f8c5_Utterance_24,iye sali bwino abwera kuno kunyanja ndicoinga copuuma ndi ku sisintha nmalo,Nyanja_NNM_Spk10_U_021775f8c5_Utterance_24_975_100.wav,6.743
NNM,M,Spk10,U_021775f8c5,975_100,Nyanja_NNM_Spk10_U_021775f8c5_Utterance_25,ngati  iye sadziwa kuyelekedza phindu lace ine ndidziwa,Nyanja_NNM_Spk10_U_021775f8c5_Utterance_25_975_100.wav,4.656
NNM,M,Spk10,U_021775f8c5,950_975,Nyanja_NNM_Spk10_U_021775f8c5_Utterance_1,usade nazo nkhawa mzanga okondedwa sizzle zonsezo zizabwera posacedwa apa,Nyanja_NNM_Spk10_U_021775f8c5_Utterance_1_950_975.wav,5.631
NNM,M,Spk10,U_021775f8c5,950_975,Nyanja_NNM_Spk10_U_021775f8c5_Utterance_2,bwera bwera ndatopa nako kusaonekera kwako,Nyanja_NNM_Spk10_U_021775f8c5_Utterance_2_950_975.wav,3.402
NNM,M,Spk10,U_021775f8c5,950_975,Nyanja_NNM_Spk10_U_021775f8c5_Utterance_3,mopanda kuipa ndi mopanda kaso andimenyera nkhondo ndipo izi ndi zina zambiri ndizayesa ku mcitira,Nyanja_NNM_Spk10_U_021775f8c5_Utterance_3_950_975.wav,5.41
NNM,M,Spk10,U_021775f8c5,950_975,Nyanja_NNM_Spk10_U_021775f8c5_Utterance_4,izi nzeru zili m'maganizo munjira imodzi koma njira ina ai,Nyanja_NNM_Spk10_U_021775f8c5_Utterance_4_950_975.wav,5.41
NNM,M,Spk10,U_021775f8c5,950_975,Nyanja_NNM_Spk10_U_021775f8c5_Utterance_5,mfumu itabwera ku paris anthu onse amaitana mokweza nati umoyo wa utali mfumu yanga,Nyanja_NNM_Spk10_U_021775f8c5_Utterance_5_950_975.wav,7.349
NNM,M,Spk10,U_021775f8c5,950_975,Nyanja_NNM_Spk10_U_021775f8c5_Utterance_6,akuti kuunika ndi khendulo ndi kokometsa mu dziko lonse lapansi,Nyanja_NNM_Spk10_U_021775f8c5_Utterance_6_950_975.wav,6.118
NNM,M,Spk10,U_021775f8c5,950_975,Nyanja_NNM_Spk10_U_021775f8c5_Utterance_7,kunyadira kwa cithunzithunzico cimene sicinali kuoneka bwino cinalenga kuti ukumbukira ubwino wa ufesi imena anakana,Nyanja_NNM_Spk10_U_021775f8c5_Utterance_7_950_975.wav,15.708
NNM,M,Spk10,U_021775f8c5,950_975,Nyanja_NNM_Spk10_U_021775f8c5_Utterance_8,kunyadira kwa cithunzithunzico cimene sicinali kuoneka bwino cinalenga kuti ukumbukira ubwino wa ufesi imena anakana,Nyanja_NNM_Spk10_U_021775f8c5_Utterance_8_950_975.wav,11.986
NNM,M,Spk10,U_021775f8c5,950_975,Nyanja_NNM_Spk10_U_021775f8c5_Utterance_9,bartley anayamba pamene hilda analiza ka belu kakang'ono kamene kanali pa mbali yace wokondedwa wanga kodi ncifukwa ninji unacita zija,Nyanja_NNM_Spk10_U_021775f8c5_Utterance_9_950_975.wav,14.153
NNM,M,Spk10,U_021775f8c5,950_975,Nyanja_NNM_Spk10_U_021775f8c5_Utterance_10,anaoneka ngati anali kufuna kukondweretsa anthu kopanda kudziindikira mphanvu imene anali nayo,Nyanja_NNM_Spk10_U_021775f8c5_Utterance_10_950_975.wav,9.776
NNM,M,Spk10,U_021775f8c5,950_975,Nyanja_NNM_Spk10_U_021775f8c5_Utterance_11,ndiganiza kuti ndikukucitilani zabwino  pokucotsani kumalo ngati aja,Nyanja_NNM_Spk10_U_021775f8c5_Utterance_11_950_975.wav,6.792
NNM,M,Spk10,U_021775f8c5,950_975,Nyanja_NNM_Spk10_U_021775f8c5_Utterance_12,ndipo ndigoneke pa khama lako lozizila ndipo undisiile malo oti ndiwalile,Nyanja_NNM_Spk10_U_021775f8c5_Utterance_12_950_975.wav,8.011
NNM,M,Spk10,U_021775f8c5,950_975,Nyanja_NNM_Spk10_U_021775f8c5_Utterance_13,uyenera kunvetsetsa mau awa cifukwa ali ndi citonthozo ca cikulu pa zofuna inuno nomwe,Nyanja_NNM_Spk10_U_021775f8c5_Utterance_13_950_975.wav,9.543
NNM,M,Spk10,U_021775f8c5,950_975,Nyanja_NNM_Spk10_U_021775f8c5_Utterance_14,osati wacicipere mumene muonera bambo koma ndine munthu wacikulire,Nyanja_NNM_Spk10_U_021775f8c5_Utterance_14_950_975.wav,8.15
NNM,M,Spk10,U_021775f8c5,950_975,Nyanja_NNM_Spk10_U_021775f8c5_Utterance_15,amalume mukuoneka ngati pali cimene mukuyembekezera ni natero nitawaona akuonetsetsa kwambiri galasi yao mwankawa ndithu,Nyanja_NNM_Spk10_U_021775f8c5_Utterance_15_950_975.wav,13.654
NNM,M,Spk10,U_021775f8c5,950_975,Nyanja_NNM_Spk10_U_021775f8c5_Utterance_16,anthu sayenera kumangoyerekezela cilengedwe ca mulungu,Nyanja_NNM_Spk10_U_021775f8c5_Utterance_16_950_975.wav,5.364
NNM,M,Spk10,U_021775f8c5,950_975,Nyanja_NNM_Spk10_U_021775f8c5_Utterance_17,iye atatha  alexander anazigwedeza atatha kuganiza konenetsa,Nyanja_NNM_Spk10_U_021775f8c5_Utterance_17_950_975.wav,9.636
NNM,M,Spk10,U_021775f8c5,950_975,Nyanja_NNM_Spk10_U_021775f8c5_Utterance_18,ma ola anapita pang'ono pang'ono ndipo kunanveka zinthu zikuyenda yenda ku holo,Nyanja_NNM_Spk10_U_021775f8c5_Utterance_18_950_975.wav,9.191
NNM,M,Spk10,U_021775f8c5,950_975,Nyanja_NNM_Spk10_U_021775f8c5_Utterance_19,tsiku iliyonse ili ndi zolilitsa zace zazikulu mwina zabwino zace zocepelera,Nyanja_NNM_Spk10_U_021775f8c5_Utterance_19_950_975.wav,9.3
NNM,M,Spk10,U_021775f8c5,950_975,Nyanja_NNM_Spk10_U_021775f8c5_Utterance_20,anameka na sekelera na pysanta khadi yave m'manja mncira yosaoneka bwino asanathawira pa mwambapo,Nyanja_NNM_Spk10_U_021775f8c5_Utterance_20_950_975.wav,11.285
NNM,M,Spk10,U_021775f8c5,950_975,Nyanja_NNM_Spk10_U_021775f8c5_Utterance_21,ndikhulupilira kuti alexander akhulupilira kuti uzakhala pano iye anatero mosakweza mau,Nyanja_NNM_Spk10_U_021775f8c5_Utterance_21_950_975.wav,10.064
NNM,M,Spk10,U_021775f8c5,950_975,Nyanja_NNM_Spk10_U_021775f8c5_Utterance_22,mzimu wa mbuzi olimba kotheratu unalimbitsidwa ndi ndau imene iwo anapambana,Nyanja_NNM_Spk10_U_021775f8c5_Utterance_22_950_975.wav,9.729
NNM,M,Spk10,U_021775f8c5,950_975,Nyanja_NNM_Spk10_U_021775f8c5_Utterance_23,ndipo anabwezera lozalia mphete yace ya matsenga mothokoza mfiti ya cifundo pa zabwino zimene inamcitira,Nyanja_NNM_Spk10_U_021775f8c5_Utterance_23_950_975.wav,12.423
NNM,M,Spk10,U_021775f8c5,950_975,Nyanja_NNM_Spk10_U_021775f8c5_Utterance_24,conde mundikhululukire cifukwa ca njira yosayenera imene mwadziwiramo kuti ndinakwanitsa zaka makumi anai,Nyanja_NNM_Spk10_U_021775f8c5_Utterance_24_950_975.wav,10.67
NNM,M,Spk10,U_021775f8c5,950_975,Nyanja_NNM_Spk10_U_021775f8c5_Utterance_25,ngati gulu ya ocedwa owerenga anali mgalimoto imeneyo imfa yosadziwika bwino/yodabwitsa inali kumbweretsa ku adani ace,Nyanja_NNM_Spk10_U_021775f8c5_Utterance_25_950_975.wav,13.435
NNM,M,Spk10,U_e37788f1e4,975_100,Nyanja_NNM_Spk10_U_e37788f1e4_Utterance_1,tinali ofunitsitsa zicitidwe zace zamakonon kopotsa zincito zace za zikulu,Nyanja_NNM_Spk10_U_e37788f1e4_Utterance_1_975_100.wav,10.535
NNM,M,Spk10,U_e37788f1e4,975_100,Nyanja_NNM_Spk10_U_e37788f1e4_Utterance_2,maso ao anabwi kwambiri thorleif anaimilira na zioloola,Nyanja_NNM_Spk10_U_e37788f1e4_Utterance_2_975_100.wav,7.16
NNM,M,Spk10,U_e37788f1e4,975_100,Nyanja_NNM_Spk10_U_e37788f1e4_Utterance_3,ndikukonda ndi mtima onse cikondi  cimene ndigwilitsa nchito mu zowawa zimene ndinapitamo kale ndiponso ndi chikhulupiliro caku ubwana wanga,Nyanja_NNM_Spk10_U_e37788f1e4_Utterance_3_975_100.wav,15.697
NNM,M,Spk10,U_e37788f1e4,975_100,Nyanja_NNM_Spk10_U_e37788f1e4_Utterance_4,sindinakhale ndi mpata okuuza pa kukooma kwa malo amenewa,Nyanja_NNM_Spk10_U_e37788f1e4_Utterance_4_975_100.wav,8.21
NNM,M,Spk10,U_e37788f1e4,975_100,Nyanja_NNM_Spk10_U_e37788f1e4_Utterance_5,sindinaime kuti ndiganize ngati ndi za ucitsili kapena ai ndinazicita ndipo ndine okondwa pozicita,Nyanja_NNM_Spk10_U_e37788f1e4_Utterance_5_975_100.wav,12.335
NNM,M,Spk10,U_e37788f1e4,975_100,Nyanja_NNM_Spk10_U_e37788f1e4_Utterance_6,mwacisinsi moto wao wakuda unayeeletsa mbanda kuca ndipo kunayera zedi,Nyanja_NNM_Spk10_U_e37788f1e4_Utterance_6_975_100.wav,8.139
NNM,M,Spk10,U_e37788f1e4,975_100,Nyanja_NNM_Spk10_U_e37788f1e4_Utterance_7,iye anaonekanso odabwa pang'ono cifukwa ca momwe analandiliridwa,Nyanja_NNM_Spk10_U_e37788f1e4_Utterance_7_975_100.wav,6.605
NNM,M,Spk10,U_e37788f1e4,975_100,Nyanja_NNM_Spk10_U_e37788f1e4_Utterance_8,zambiri ngati sizoonse zoganiza za kacenjede socrate zipezeka/zinaikidwanzo mu buku yocedwa timaeus,Nyanja_NNM_Spk10_U_e37788f1e4_Utterance_8_975_100.wav,13.685
NNM,M,Spk10,U_e37788f1e4,975_100,Nyanja_NNM_Spk10_U_e37788f1e4_Utterance_9,kulila kwa kwa belu yosasintha ndi yaphindu kunanditengera nthawi imeneyo ku malo kwa za zoona,Nyanja_NNM_Spk10_U_e37788f1e4_Utterance_9_975_100.wav,11.165
NNM,M,Spk10,U_e37788f1e4,975_100,Nyanja_NNM_Spk10_U_e37788f1e4_Utterance_10,ndikukaika gati branwelll anali kuzisamalira pa nthawi  iyo,Nyanja_NNM_Spk10_U_e37788f1e4_Utterance_10_975_100.wav,7.13
NNM,M,Spk10,U_e37788f1e4,975_100,Nyanja_NNM_Spk10_U_e37788f1e4_Utterance_11,zaka za ma tsiku amene anali kufa zinali khumi,Nyanja_NNM_Spk10_U_e37788f1e4_Utterance_11_975_100.wav,4.458
NNM,M,Spk10,U_e37788f1e4,975_100,Nyanja_NNM_Spk10_U_e37788f1e4_Utterance_12,makumbi aja akuoneka ngati azagwera pa nyanja,Nyanja_NNM_Spk10_U_e37788f1e4_Utterance_12_975_100.wav,4.355
NNM,M,Spk10,U_e37788f1e4,975_100,Nyanja_NNM_Spk10_U_e37788f1e4_Utterance_13,mwa umphumphu ndinaondionetsa kukhala pa malo amene anali ku dzanja la manzere,Nyanja_NNM_Spk10_U_e37788f1e4_Utterance_13_975_100.wav,6.965
NNM,M,Spk10,U_e37788f1e4,975_100,Nyanja_NNM_Spk10_U_e37788f1e4_Utterance_14,nvetsa zomwa bambo ferdinando brown anena anayankha kapitawo battleax,Nyanja_NNM_Spk10_U_e37788f1e4_Utterance_14_975_100.wav,8.359
NNM,M,Spk10,U_e37788f1e4,975_100,Nyanja_NNM_Spk10_U_e37788f1e4_Utterance_15,ndipo imfa imene ndalotera sinacitika ai,Nyanja_NNM_Spk10_U_e37788f1e4_Utterance_15_975_100.wav,3.815
NNM,M,Spk10,U_e37788f1e4,975_100,Nyanja_NNM_Spk10_U_e37788f1e4_Utterance_16,tsopano ndapanga ciganizo canga pa nkhani imeneyo ngati ine ndinali mabel nkadakhala komwe kuno,Nyanja_NNM_Spk10_U_e37788f1e4_Utterance_16_975_100.wav,12.455
NNM,M,Spk10,U_e37788f1e4,975_100,Nyanja_NNM_Spk10_U_e37788f1e4_Utterance_17,iwo anayambanso ulendo wao ndipo kupyolera  mu kuunika kwabwino anakwaniritsa ku oloka ma tsindwi yosadetsan nkhawa,Nyanja_NNM_Spk10_U_e37788f1e4_Utterance_17_975_100.wav,11.99
NNM,M,Spk10,U_e37788f1e4,975_100,Nyanja_NNM_Spk10_U_e37788f1e4_Utterance_18,koma sindinu munthuamene adziwa kukonda  okendedwa wanga,Nyanja_NNM_Spk10_U_e37788f1e4_Utterance_18_975_100.wav,5.105
NNM,M,Spk10,U_e37788f1e4,975_100,Nyanja_NNM_Spk10_U_e37788f1e4_Utterance_19,sindizawerenga kufika pa makhumi awiri pa mlingo umenewo,Nyanja_NNM_Spk10_U_e37788f1e4_Utterance_19_975_100.wav,5.855
NNM,M,Spk10,U_e37788f1e4,975_100,Nyanja_NNM_Spk10_U_e37788f1e4_Utterance_20,pa ku ukitsidwa ku imfa kwace  yesu kristu anamenyera nkhondo  ya malamulo ucimo kuthupi dziko imfa gehena ndi zoipa zonse,Nyanja_NNM_Spk10_U_e37788f1e4_Utterance_20_975_100.wav,14.15
NNM,M,Spk10,U_e37788f1e4,975_100,Nyanja_NNM_Spk10_U_e37788f1e4_Utterance_21,kodi mfumu yanu tsopano sikukhulupilira zicitidwe zosakhulupilirika,Nyanja_NNM_Spk10_U_e37788f1e4_Utterance_21_975_100.wav,7.802
NNM,M,Spk10,U_e37788f1e4,975_100,Nyanja_NNM_Spk10_U_e37788f1e4_Utterance_22,anaona mapewa ace olema ndi mutu waukulu ndipo wosimikidza ukukankhidwa patsogoro ngathi mphanga italasidwa,Nyanja_NNM_Spk10_U_e37788f1e4_Utterance_22_975_100.wav,13.92
NNM,M,Spk10,U_e37788f1e4,975_100,Nyanja_NNM_Spk10_U_e37788f1e4_Utterance_23,tiyeni tibwelere mbuyo ndi colinga cofufuza pomwe tikuonetsetsa,Nyanja_NNM_Spk10_U_e37788f1e4_Utterance_23_975_100.wav,8.231
NNM,M,Spk10,U_e37788f1e4,975_100,Nyanja_NNM_Spk10_U_e37788f1e4_Utterance_24,iye sali bwino abwera kuno kunyanja ndicoinga copuuma ndi ku sisintha nmalo,Nyanja_NNM_Spk10_U_e37788f1e4_Utterance_24_975_100.wav,9.56
NNM,M,Spk10,U_e37788f1e4,975_100,Nyanja_NNM_Spk10_U_e37788f1e4_Utterance_25,ngati  iye sadziwa kuyelekedza phindu lace ine ndidziwa,Nyanja_NNM_Spk10_U_e37788f1e4_Utterance_25_975_100.wav,6.245
NNM,M,Spk10,U_e37788f1e4,950_975,Nyanja_NNM_Spk10_U_e37788f1e4_Utterance_1,usade nazo nkhawa mzanga okondedwa sizzle zonsezo zizabwera posacedwa apa,Nyanja_NNM_Spk10_U_e37788f1e4_Utterance_1_950_975.wav,7.295
NNM,M,Spk10,U_e37788f1e4,950_975,Nyanja_NNM_Spk10_U_e37788f1e4_Utterance_2,bwera bwera ndatopa nako kusaonekera kwako,Nyanja_NNM_Spk10_U_e37788f1e4_Utterance_2_950_975.wav,4.79
NNM,M,Spk10,U_e37788f1e4,950_975,Nyanja_NNM_Spk10_U_e37788f1e4_Utterance_3,mopanda kuipa ndi mopanda kaso andimenyera nkhondo ndipo izi ndi zina zambiri ndizayesa ku mcitira,Nyanja_NNM_Spk10_U_e37788f1e4_Utterance_3_950_975.wav,10.205
NNM,M,Spk10,U_e37788f1e4,950_975,Nyanja_NNM_Spk10_U_e37788f1e4_Utterance_4,izi nzeru zili m'maganizo munjira imodzi koma njira ina ai,Nyanja_NNM_Spk10_U_e37788f1e4_Utterance_4_950_975.wav,5.666
NNM,M,Spk10,U_e37788f1e4,950_975,Nyanja_NNM_Spk10_U_e37788f1e4_Utterance_5,mfumu itabwera ku paris anthu onse amaitana mokweza nati umoyo wa utali mfumu yanga,Nyanja_NNM_Spk10_U_e37788f1e4_Utterance_5_950_975.wav,8.94
NNM,M,Spk10,U_e37788f1e4,950_975,Nyanja_NNM_Spk10_U_e37788f1e4_Utterance_6,akuti kuunika ndi khendulo ndi kokometsa mu dziko lonse lapansi,Nyanja_NNM_Spk10_U_e37788f1e4_Utterance_6_950_975.wav,6.665
NNM,M,Spk10,U_e37788f1e4,950_975,Nyanja_NNM_Spk10_U_e37788f1e4_Utterance_7,kunyadira kwa cithunzithunzico cimene sicinali kuoneka bwino cinalenga kuti ukumbukira ubwino wa ufesi imena anakana,Nyanja_NNM_Spk10_U_e37788f1e4_Utterance_7_950_975.wav,11.495
NNM,M,Spk10,U_e37788f1e4,950_975,Nyanja_NNM_Spk10_U_e37788f1e4_Utterance_8,kunyadira kwa cithunzithunzico cimene sicinali kuoneka bwino cinalenga kuti ukumbukira ubwino wa ufesi imena anakana,Nyanja_NNM_Spk10_U_e37788f1e4_Utterance_8_950_975.wav,10.115
NNM,M,Spk10,U_e37788f1e4,950_975,Nyanja_NNM_Spk10_U_e37788f1e4_Utterance_9,bartley anayamba pamene hilda analiza ka belu kakang'ono kamene kanali pa mbali yace wokondedwa wanga kodi ncifukwa ninji unacita zija,Nyanja_NNM_Spk10_U_e37788f1e4_Utterance_9_950_975.wav,12.17
NNM,M,Spk10,U_e37788f1e4,950_975,Nyanja_NNM_Spk10_U_e37788f1e4_Utterance_10,anaoneka ngati anali kufuna kukondweretsa anthu kopanda kudziindikira mphanvu imene anali nayo,Nyanja_NNM_Spk10_U_e37788f1e4_Utterance_10_950_975.wav,8.045
NNM,M,Spk10,U_e37788f1e4,950_975,Nyanja_NNM_Spk10_U_e37788f1e4_Utterance_11,ndiganiza kuti ndikukucitilani zabwino  pokucotsani kumalo ngati aja,Nyanja_NNM_Spk10_U_e37788f1e4_Utterance_11_950_975.wav,6.455
NNM,M,Spk10,U_e37788f1e4,950_975,Nyanja_NNM_Spk10_U_e37788f1e4_Utterance_12,ndipo ndigoneke pa khama lako lozizila ndipo undisiile malo oti ndiwalile,Nyanja_NNM_Spk10_U_e37788f1e4_Utterance_12_950_975.wav,7.49
NNM,M,Spk10,U_e37788f1e4,950_975,Nyanja_NNM_Spk10_U_e37788f1e4_Utterance_13,uyenera kunvetsetsa mau awa cifukwa ali ndi citonthozo ca cikulu pa zofuna inuno nomwe,Nyanja_NNM_Spk10_U_e37788f1e4_Utterance_13_950_975.wav,10.415
NNM,M,Spk10,U_e37788f1e4,950_975,Nyanja_NNM_Spk10_U_e37788f1e4_Utterance_14,osati wacicipere mumene muonera bambo koma ndine munthu wacikulire,Nyanja_NNM_Spk10_U_e37788f1e4_Utterance_14_950_975.wav,5.944
NNM,M,Spk10,U_e37788f1e4,950_975,Nyanja_NNM_Spk10_U_e37788f1e4_Utterance_15,amalume mukuoneka ngati pali cimene mukuyembekezera ni natero nitawaona akuonetsetsa kwambiri galasi yao mwankawa ndithu,Nyanja_NNM_Spk10_U_e37788f1e4_Utterance_15_950_975.wav,13.607
NNM,M,Spk10,U_e37788f1e4,950_975,Nyanja_NNM_Spk10_U_e37788f1e4_Utterance_16,anthu sayenera kumangoyerekezela cilengedwe ca mulungu,Nyanja_NNM_Spk10_U_e37788f1e4_Utterance_16_950_975.wav,5.69
NNM,M,Spk10,U_e37788f1e4,950_975,Nyanja_NNM_Spk10_U_e37788f1e4_Utterance_17,iye atatha  alexander anazigwedeza atatha kuganiza konenetsa,Nyanja_NNM_Spk10_U_e37788f1e4_Utterance_17_950_975.wav,6.444
NNM,M,Spk10,U_e37788f1e4,950_975,Nyanja_NNM_Spk10_U_e37788f1e4_Utterance_18,ma ola anapita pang'ono pang'ono ndipo kunanveka zinthu zikuyenda yenda ku holo,Nyanja_NNM_Spk10_U_e37788f1e4_Utterance_18_950_975.wav,8.09
NNM,M,Spk10,U_e37788f1e4,950_975,Nyanja_NNM_Spk10_U_e37788f1e4_Utterance_19,tsiku iliyonse ili ndi zolilitsa zace zazikulu mwina zabwino zace zocepelera,Nyanja_NNM_Spk10_U_e37788f1e4_Utterance_19_950_975.wav,9.215
NNM,M,Spk10,U_e37788f1e4,950_975,Nyanja_NNM_Spk10_U_e37788f1e4_Utterance_20,anameka na sekelera na pysanta khadi yave m'manja mncira yosaoneka bwino asanathawira pa mwambapo,Nyanja_NNM_Spk10_U_e37788f1e4_Utterance_20_950_975.wav,9.021
NNM,M,Spk10,U_e37788f1e4,950_975,Nyanja_NNM_Spk10_U_e37788f1e4_Utterance_21,ndikhulupilira kuti alexander akhulupilira kuti uzakhala pano iye anatero mosakweza mau,Nyanja_NNM_Spk10_U_e37788f1e4_Utterance_21_950_975.wav,10.147
NNM,M,Spk10,U_e37788f1e4,950_975,Nyanja_NNM_Spk10_U_e37788f1e4_Utterance_22,mzimu wa mbuzi olimba kotheratu unalimbitsidwa ndi ndau imene iwo anapambana,Nyanja_NNM_Spk10_U_e37788f1e4_Utterance_22_950_975.wav,9.53
NNM,M,Spk10,U_e37788f1e4,950_975,Nyanja_NNM_Spk10_U_e37788f1e4_Utterance_23,ndipo anabwezera lozalia mphete yace ya matsenga mothokoza mfiti ya cifundo pa zabwino zimene inamcitira,Nyanja_NNM_Spk10_U_e37788f1e4_Utterance_23_950_975.wav,10.1
NNM,M,Spk10,U_e37788f1e4,950_975,Nyanja_NNM_Spk10_U_e37788f1e4_Utterance_24,conde mundikhululukire cifukwa ca njira yosayenera imene mwadziwiramo kuti ndinakwanitsa zaka makumi anai,Nyanja_NNM_Spk10_U_e37788f1e4_Utterance_24_950_975.wav,10.205
NNM,M,Spk10,U_e37788f1e4,950_975,Nyanja_NNM_Spk10_U_e37788f1e4_Utterance_25,ngati gulu ya ocedwa owerenga anali mgalimoto imeneyo imfa yosadziwika bwino/yodabwitsa inali kumbweretsa ku adani ace,Nyanja_NNM_Spk10_U_e37788f1e4_Utterance_25_950_975.wav,12.156
NNM,M,Spk10,U_4f29424f7f,975_100,Nyanja_NNM_Spk10_U_4f29424f7f_Utterance_1,tinali ofunitsitsa zicitidwe zace zamakonon kopotsa zincito zace za zikulu,Nyanja_NNM_Spk10_U_4f29424f7f_Utterance_1_975_100.wav,7.136
NNM,M,Spk10,U_4f29424f7f,975_100,Nyanja_NNM_Spk10_U_4f29424f7f_Utterance_2,maso ao anabwi kwambiri thorleif anaimilira na zioloola,Nyanja_NNM_Spk10_U_4f29424f7f_Utterance_2_975_100.wav,6.237
NNM,M,Spk10,U_4f29424f7f,975_100,Nyanja_NNM_Spk10_U_4f29424f7f_Utterance_3,ndikukonda ndi mtima onse cikondi  cimene ndigwilitsa nchito mu zowawa zimene ndinapitamo kale ndiponso ndi chikhulupiliro caku ubwana wanga,Nyanja_NNM_Spk10_U_4f29424f7f_Utterance_3_975_100.wav,14.731
NNM,M,Spk10,U_4f29424f7f,975_100,Nyanja_NNM_Spk10_U_4f29424f7f_Utterance_4,sindinakhale ndi mpata okuuza pa kukooma kwa malo amenewa,Nyanja_NNM_Spk10_U_4f29424f7f_Utterance_4_975_100.wav,5.37
NNM,M,Spk10,U_4f29424f7f,975_100,Nyanja_NNM_Spk10_U_4f29424f7f_Utterance_5,sindinaime kuti ndiganize ngati ndi za ucitsili kapena ai ndinazicita ndipo ndine okondwa pozicita,Nyanja_NNM_Spk10_U_4f29424f7f_Utterance_5_975_100.wav,9.763
NNM,M,Spk10,U_4f29424f7f,975_100,Nyanja_NNM_Spk10_U_4f29424f7f_Utterance_6,mwacisinsi moto wao wakuda unayeeletsa mbanda kuca ndipo kunayera zedi,Nyanja_NNM_Spk10_U_4f29424f7f_Utterance_6_975_100.wav,8.851
NNM,M,Spk10,U_4f29424f7f,975_100,Nyanja_NNM_Spk10_U_4f29424f7f_Utterance_7,iye anaonekanso odabwa pang'ono cifukwa ca momwe analandiliridwa,Nyanja_NNM_Spk10_U_4f29424f7f_Utterance_7_975_100.wav,6.601
NNM,M,Spk10,U_4f29424f7f,975_100,Nyanja_NNM_Spk10_U_4f29424f7f_Utterance_8,zambiri ngati sizoonse zoganiza za kacenjede socrate zipezeka/zinaikidwanzo mu buku yocedwa timaeus,Nyanja_NNM_Spk10_U_4f29424f7f_Utterance_8_975_100.wav,14.9
NNM,M,Spk10,U_4f29424f7f,975_100,Nyanja_NNM_Spk10_U_4f29424f7f_Utterance_9,kulila kwa kwa belu yosasintha ndi yaphindu kunanditengera nthawi imeneyo ku malo kwa za zoona,Nyanja_NNM_Spk10_U_4f29424f7f_Utterance_9_975_100.wav,10.955
NNM,M,Spk10,U_4f29424f7f,975_100,Nyanja_NNM_Spk10_U_4f29424f7f_Utterance_10,ndikukaika gati branwelll anali kuzisamalira pa nthawi  iyo,Nyanja_NNM_Spk10_U_4f29424f7f_Utterance_10_975_100.wav,7.471
NNM,M,Spk10,U_4f29424f7f,975_100,Nyanja_NNM_Spk10_U_4f29424f7f_Utterance_11,zaka za ma tsiku amene anali kufa zinali khumi,Nyanja_NNM_Spk10_U_4f29424f7f_Utterance_11_975_100.wav,4.783
NNM,M,Spk10,U_4f29424f7f,975_100,Nyanja_NNM_Spk10_U_4f29424f7f_Utterance_12,makumbi aja akuoneka ngati azagwera pa nyanja,Nyanja_NNM_Spk10_U_4f29424f7f_Utterance_12_975_100.wav,4.923
NNM,M,Spk10,U_4f29424f7f,975_100,Nyanja_NNM_Spk10_U_4f29424f7f_Utterance_13,mwa umphumphu ndinaondionetsa kukhala pa malo amene anali ku dzanja la manzere,Nyanja_NNM_Spk10_U_4f29424f7f_Utterance_13_975_100.wav,8.197
NNM,M,Spk10,U_4f29424f7f,975_100,Nyanja_NNM_Spk10_U_4f29424f7f_Utterance_14,nvetsa zomwa bambo ferdinando brown anena anayankha kapitawo battleax,Nyanja_NNM_Spk10_U_4f29424f7f_Utterance_14_975_100.wav,9.009
NNM,M,Spk10,U_4f29424f7f,975_100,Nyanja_NNM_Spk10_U_4f29424f7f_Utterance_15,ndipo imfa imene ndalotera sinacitika ai,Nyanja_NNM_Spk10_U_4f29424f7f_Utterance_15_975_100.wav,4.76
NNM,M,Spk10,U_4f29424f7f,975_100,Nyanja_NNM_Spk10_U_4f29424f7f_Utterance_16,tsopano ndapanga ciganizo canga pa nkhani imeneyo ngati ine ndinali mabel nkadakhala komwe kuno,Nyanja_NNM_Spk10_U_4f29424f7f_Utterance_16_975_100.wav,10.031
NNM,M,Spk10,U_4f29424f7f,975_100,Nyanja_NNM_Spk10_U_4f29424f7f_Utterance_17,iwo anayambanso ulendo wao ndipo kupyolera  mu kuunika kwabwino anakwaniritsa ku oloka ma tsindwi yosadetsan nkhawa,Nyanja_NNM_Spk10_U_4f29424f7f_Utterance_17_975_100.wav,14.954
NNM,M,Spk10,U_4f29424f7f,975_100,Nyanja_NNM_Spk10_U_4f29424f7f_Utterance_18,koma sindinu munthuamene adziwa kukonda  okendedwa wanga,Nyanja_NNM_Spk10_U_4f29424f7f_Utterance_18_975_100.wav,5.956
NNM,M,Spk10,U_4f29424f7f,975_100,Nyanja_NNM_Spk10_U_4f29424f7f_Utterance_19,sindizawerenga kufika pa makhumi awiri pa mlingo umenewo,Nyanja_NNM_Spk10_U_4f29424f7f_Utterance_19_975_100.wav,5.515
NNM,M,Spk10,U_4f29424f7f,975_100,Nyanja_NNM_Spk10_U_4f29424f7f_Utterance_20,pa ku ukitsidwa ku imfa kwace  yesu kristu anamenyera nkhondo  ya malamulo ucimo kuthupi dziko imfa gehena ndi zoipa zonse,Nyanja_NNM_Spk10_U_4f29424f7f_Utterance_20_975_100.wav,14.095
NNM,M,Spk10,U_4f29424f7f,975_100,Nyanja_NNM_Spk10_U_4f29424f7f_Utterance_21,kodi mfumu yanu tsopano sikukhulupilira zicitidwe zosakhulupilirika,Nyanja_NNM_Spk10_U_4f29424f7f_Utterance_21_975_100.wav,6.165
NNM,M,Spk10,U_4f29424f7f,975_100,Nyanja_NNM_Spk10_U_4f29424f7f_Utterance_22,anaona mapewa ace olema ndi mutu waukulu ndipo wosimikidza ukukankhidwa patsogoro ngathi mphanga italasidwa,Nyanja_NNM_Spk10_U_4f29424f7f_Utterance_22_975_100.wav,14.129
NNM,M,Spk10,U_4f29424f7f,975_100,Nyanja_NNM_Spk10_U_4f29424f7f_Utterance_23,tiyeni tibwelere mbuyo ndi colinga cofufuza pomwe tikuonetsetsa,Nyanja_NNM_Spk10_U_4f29424f7f_Utterance_23_975_100.wav,6.943
NNM,M,Spk10,U_4f29424f7f,975_100,Nyanja_NNM_Spk10_U_4f29424f7f_Utterance_24,iye sali bwino abwera kuno kunyanja ndicoinga copuuma ndi ku sisintha nmalo,Nyanja_NNM_Spk10_U_4f29424f7f_Utterance_24_975_100.wav,9.288
NNM,M,Spk10,U_4f29424f7f,975_100,Nyanja_NNM_Spk10_U_4f29424f7f_Utterance_25,ngati  iye sadziwa kuyelekedza phindu lace ine ndidziwa,Nyanja_NNM_Spk10_U_4f29424f7f_Utterance_25_975_100.wav,5.224
NNM,M,Spk10,U_4f29424f7f,950_975,Nyanja_NNM_Spk10_U_4f29424f7f_Utterance_1,usade nazo nkhawa mzanga okondedwa sizzle zonsezo zizabwera posacedwa apa,Nyanja_NNM_Spk10_U_4f29424f7f_Utterance_1_950_975.wav,7.721
NNM,M,Spk10,U_4f29424f7f,950_975,Nyanja_NNM_Spk10_U_4f29424f7f_Utterance_2,bwera bwera ndatopa nako kusaonekera kwako,Nyanja_NNM_Spk10_U_4f29424f7f_Utterance_2_950_975.wav,3.46
NNM,M,Spk10,U_4f29424f7f,950_975,Nyanja_NNM_Spk10_U_4f29424f7f_Utterance_3,mopanda kuipa ndi mopanda kaso andimenyera nkhondo ndipo izi ndi zina zambiri ndizayesa ku mcitira,Nyanja_NNM_Spk10_U_4f29424f7f_Utterance_3_950_975.wav,8.882
NNM,M,Spk10,U_4f29424f7f,950_975,Nyanja_NNM_Spk10_U_4f29424f7f_Utterance_4,izi nzeru zili m'maganizo munjira imodzi koma njira ina ai,Nyanja_NNM_Spk10_U_4f29424f7f_Utterance_4_950_975.wav,5.271
NNM,M,Spk10,U_4f29424f7f,950_975,Nyanja_NNM_Spk10_U_4f29424f7f_Utterance_5,mfumu itabwera ku paris anthu onse amaitana mokweza nati umoyo wa utali mfumu yanga,Nyanja_NNM_Spk10_U_4f29424f7f_Utterance_5_950_975.wav,7.419
NNM,M,Spk10,U_4f29424f7f,950_975,Nyanja_NNM_Spk10_U_4f29424f7f_Utterance_6,akuti kuunika ndi khendulo ndi kokometsa mu dziko lonse lapansi,Nyanja_NNM_Spk10_U_4f29424f7f_Utterance_6_950_975.wav,7.558
NNM,M,Spk10,U_4f29424f7f,950_975,Nyanja_NNM_Spk10_U_4f29424f7f_Utterance_7,kunyadira kwa cithunzithunzico cimene sicinali kuoneka bwino cinalenga kuti ukumbukira ubwino wa ufesi imena anakana,Nyanja_NNM_Spk10_U_4f29424f7f_Utterance_7_950_975.wav,12.26
NNM,M,Spk10,U_4f29424f7f,950_975,Nyanja_NNM_Spk10_U_4f29424f7f_Utterance_8,kunyadira kwa cithunzithunzico cimene sicinali kuoneka bwino cinalenga kuti ukumbukira ubwino wa ufesi imena anakana,Nyanja_NNM_Spk10_U_4f29424f7f_Utterance_8_950_975.wav,12.26
NNM,M,Spk10,U_4f29424f7f,950_975,Nyanja_NNM_Spk10_U_4f29424f7f_Utterance_9,bartley anayamba pamene hilda analiza ka belu kakang'ono kamene kanali pa mbali yace wokondedwa wanga kodi ncifukwa ninji unacita zija,Nyanja_NNM_Spk10_U_4f29424f7f_Utterance_9_950_975.wav,12.307
NNM,M,Spk10,U_4f29424f7f,950_975,Nyanja_NNM_Spk10_U_4f29424f7f_Utterance_10,anaoneka ngati anali kufuna kukondweretsa anthu kopanda kudziindikira mphanvu imene anali nayo,Nyanja_NNM_Spk10_U_4f29424f7f_Utterance_10_950_975.wav,7.442
NNM,M,Spk10,U_4f29424f7f,950_975,Nyanja_NNM_Spk10_U_4f29424f7f_Utterance_11,ndiganiza kuti ndikukucitilani zabwino  pokucotsani kumalo ngati aja,Nyanja_NNM_Spk10_U_4f29424f7f_Utterance_11_950_975.wav,5.944
NNM,M,Spk10,U_4f29424f7f,950_975,Nyanja_NNM_Spk10_U_4f29424f7f_Utterance_12,ndipo ndigoneke pa khama lako lozizila ndipo undisiile malo oti ndiwalile,Nyanja_NNM_Spk10_U_4f29424f7f_Utterance_12_950_975.wav,7.814
NNM,M,Spk10,U_4f29424f7f,950_975,Nyanja_NNM_Spk10_U_4f29424f7f_Utterance_13,uyenera kunvetsetsa mau awa cifukwa ali ndi citonthozo ca cikulu pa zofuna inuno nomwe,Nyanja_NNM_Spk10_U_4f29424f7f_Utterance_13_950_975.wav,9.729
NNM,M,Spk10,U_4f29424f7f,950_975,Nyanja_NNM_Spk10_U_4f29424f7f_Utterance_14,osati wacicipere mumene muonera bambo koma ndine munthu wacikulire,Nyanja_NNM_Spk10_U_4f29424f7f_Utterance_14_950_975.wav,7.396
NNM,M,Spk10,U_4f29424f7f,950_975,Nyanja_NNM_Spk10_U_4f29424f7f_Utterance_15,amalume mukuoneka ngati pali cimene mukuyembekezera ni natero nitawaona akuonetsetsa kwambiri galasi yao mwankawa ndithu,Nyanja_NNM_Spk10_U_4f29424f7f_Utterance_15_950_975.wav,13.154
NNM,M,Spk10,U_4f29424f7f,950_975,Nyanja_NNM_Spk10_U_4f29424f7f_Utterance_16,anthu sayenera kumangoyerekezela cilengedwe ca mulungu,Nyanja_NNM_Spk10_U_4f29424f7f_Utterance_16_950_975.wav,5.213
NNM,M,Spk10,U_4f29424f7f,950_975,Nyanja_NNM_Spk10_U_4f29424f7f_Utterance_17,iye atatha  alexander anazigwedeza atatha kuganiza konenetsa,Nyanja_NNM_Spk10_U_4f29424f7f_Utterance_17_950_975.wav,6.838
NNM,M,Spk10,U_4f29424f7f,950_975,Nyanja_NNM_Spk10_U_4f29424f7f_Utterance_18,ma ola anapita pang'ono pang'ono ndipo kunanveka zinthu zikuyenda yenda ku holo,Nyanja_NNM_Spk10_U_4f29424f7f_Utterance_18_950_975.wav,6.862
NNM,M,Spk10,U_4f29424f7f,950_975,Nyanja_NNM_Spk10_U_4f29424f7f_Utterance_19,tsiku iliyonse ili ndi zolilitsa zace zazikulu mwina zabwino zace zocepelera,Nyanja_NNM_Spk10_U_4f29424f7f_Utterance_19_950_975.wav,8.441
NNM,M,Spk10,U_4f29424f7f,950_975,Nyanja_NNM_Spk10_U_4f29424f7f_Utterance_20,anameka na sekelera na pysanta khadi yave m'manja mncira yosaoneka bwino asanathawira pa mwambapo,Nyanja_NNM_Spk10_U_4f29424f7f_Utterance_20_950_975.wav,14.094
NNM,M,Spk10,U_4f29424f7f,950_975,Nyanja_NNM_Spk10_U_4f29424f7f_Utterance_21,ndikhulupilira kuti alexander akhulupilira kuti uzakhala pano iye anatero mosakweza mau,Nyanja_NNM_Spk10_U_4f29424f7f_Utterance_21_950_975.wav,9.752
NNM,M,Spk10,U_4f29424f7f,950_975,Nyanja_NNM_Spk10_U_4f29424f7f_Utterance_22,mzimu wa mbuzi olimba kotheratu unalimbitsidwa ndi ndau imene iwo anapambana,Nyanja_NNM_Spk10_U_4f29424f7f_Utterance_22_950_975.wav,9.102
NNM,M,Spk10,U_4f29424f7f,950_975,Nyanja_NNM_Spk10_U_4f29424f7f_Utterance_23,ndipo anabwezera lozalia mphete yace ya matsenga mothokoza mfiti ya cifundo pa zabwino zimene inamcitira,Nyanja_NNM_Spk10_U_4f29424f7f_Utterance_23_950_975.wav,11.622
NNM,M,Spk10,U_4f29424f7f,950_975,Nyanja_NNM_Spk10_U_4f29424f7f_Utterance_24,conde mundikhululukire cifukwa ca njira yosayenera imene mwadziwiramo kuti ndinakwanitsa zaka makumi anai,Nyanja_NNM_Spk10_U_4f29424f7f_Utterance_24_950_975.wav,9.741
NNM,M,Spk10,U_4f29424f7f,950_975,Nyanja_NNM_Spk10_U_4f29424f7f_Utterance_25,ngati gulu ya ocedwa owerenga anali mgalimoto imeneyo imfa yosadziwika bwino/yodabwitsa inali kumbweretsa ku adani ace,Nyanja_NNM_Spk10_U_4f29424f7f_Utterance_25_950_975.wav,12.817
NNM,M,Spk3,U_ee74dd14de,600_625,Nyanja_NNM_Spk3_U_ee74dd14de_Utterance_1,mathokoza ananenedwa kwa mwana wa amfumu wa mkazi kuli konse kumene anali kupita pa ulendo wace,Nyanja_NNM_Spk3_U_ee74dd14de_Utterance_1_600_625.wav,7.484
NNM,M,Spk3,U_ee74dd14de,600_625,Nyanja_NNM_Spk3_U_ee74dd14de_Utterance_2,nchito yopyeela mu nyumba kasinthidwe kosokoneza kamene kalenga boma kulemba nchito atsilikali onse amene ifuna mopanda bvuto lili lonse,Nyanja_NNM_Spk3_U_ee74dd14de_Utterance_2_600_625.wav,10.675
NNM,M,Spk3,U_ee74dd14de,600_625,Nyanja_NNM_Spk3_U_ee74dd14de_Utterance_3,apo iye anakhala pa mawilo ya bwato sindinaonepo sitima,Nyanja_NNM_Spk3_U_ee74dd14de_Utterance_3_600_625.wav,4.523
NNM,M,Spk3,U_ee74dd14de,600_625,Nyanja_NNM_Spk3_U_ee74dd14de_Utterance_4,ma unifomu obvalidwa ku nchito samafunidwa pafupi-fupi kwa onse amene ayenera kuwabvala,Nyanja_NNM_Spk3_U_ee74dd14de_Utterance_4_600_625.wav,7.057
NNM,M,Spk3,U_ee74dd14de,600_625,Nyanja_NNM_Spk3_U_ee74dd14de_Utterance_5,ici ndiye cakudya cothera kudyera mwapamodzi ninatero,Nyanja_NNM_Spk3_U_ee74dd14de_Utterance_5_600_625.wav,5.747
NNM,M,Spk3,U_ee74dd14de,600_625,Nyanja_NNM_Spk3_U_ee74dd14de_Utterance_6,kodi dziko lako ndiiti olaf kodi wakhala kapolo nthawi yonseyi,Nyanja_NNM_Spk3_U_ee74dd14de_Utterance_6_600_625.wav,5.968
NNM,M,Spk3,U_ee74dd14de,600_625,Nyanja_NNM_Spk3_U_ee74dd14de_Utterance_7,bwela nyongolotsi ndi dambo yodzidzila kwa mfumu-kazi ya maganizo kwambiri,Nyanja_NNM_Spk3_U_ee74dd14de_Utterance_7_600_625.wav,8.162
NNM,M,Spk3,U_ee74dd14de,600_625,Nyanja_NNM_Spk3_U_ee74dd14de_Utterance_8,ku hotela kumalo amene mlendo amataya ndalama zace zambiri mosinthanitsana ndi zipinda zogonamo zotsaoneka bwino,Nyanja_NNM_Spk3_U_ee74dd14de_Utterance_8_600_625.wav,10.786
NNM,M,Spk3,U_ee74dd14de,600_625,Nyanja_NNM_Spk3_U_ee74dd14de_Utterance_9,kulibe chalichi yaikulu (kafidilo) ngakhale burgos imene ingapikitsane ndi chalichi ya pa montmartre,Nyanja_NNM_Spk3_U_ee74dd14de_Utterance_9_600_625.wav,10.937
NNM,M,Spk3,U_ee74dd14de,600_625,Nyanja_NNM_Spk3_U_ee74dd14de_Utterance_10,anakumbukira osati cabe ataona kuipa kwa ngozi imene inacitika utsiku mocedwa koma kudziwanso cimene cinalengetsa,Nyanja_NNM_Spk3_U_ee74dd14de_Utterance_10_600_625.wav,12.04
NNM,M,Spk3,U_ee74dd14de,600_625,Nyanja_NNM_Spk3_U_ee74dd14de_Utterance_11,mwina sindingathe koma pepani kwabasi pakunva izo kodi mwana wao anakhala nwanji,Nyanja_NNM_Spk3_U_ee74dd14de_Utterance_11_600_625.wav,8.591
NNM,M,Spk3,U_ee74dd14de,600_625,Nyanja_NNM_Spk3_U_ee74dd14de_Utterance_12,mzangayo sanaoneke obvutikira m'maganizo cifukwa cakuti analephera koma anagwedeza ma pewa ace ngati mofuna kuleka zonse,Nyanja_NNM_Spk3_U_ee74dd14de_Utterance_12_600_625.wav,11.076
NNM,M,Spk3,U_ee74dd14de,600_625,Nyanja_NNM_Spk3_U_ee74dd14de_Utterance_13,ndizakhala ndikumenda(kukonza)  nyumba yanga udziwa ndi kusamalira nsalu,Nyanja_NNM_Spk3_U_ee74dd14de_Utterance_13_600_625.wav,4.83
NNM,M,Spk3,U_ee74dd14de,600_625,Nyanja_NNM_Spk3_U_ee74dd14de_Utterance_14,bambo soames anali atatangwanitsidwa ndi unyinji wa nkhani,Nyanja_NNM_Spk3_U_ee74dd14de_Utterance_14_600_625.wav,5.213
NNM,M,Spk3,U_ee74dd14de,600_625,Nyanja_NNM_Spk3_U_ee74dd14de_Utterance_15,ndipo  uyenera kukhala ojo opanda mwai uja,Nyanja_NNM_Spk3_U_ee74dd14de_Utterance_15_600_625.wav,4.203
NNM,M,Spk3,U_ee74dd14de,600_625,Nyanja_NNM_Spk3_U_ee74dd14de_Utterance_16,ndizayetsa ngati ndidziwa zinthu zimene ninali kudziwa,Nyanja_NNM_Spk3_U_ee74dd14de_Utterance_16_600_625.wav,5.596
NNM,M,Spk3,U_ee74dd14de,600_625,Nyanja_NNM_Spk3_U_ee74dd14de_Utterance_17,sindingathe kusewera ndi iwe ngati uli mwana wacicepele kuyambira lero anatero iye mwapang'ono-pang'ono izo ndiye zimene umayewa marie,Nyanja_NNM_Spk3_U_ee74dd14de_Utterance_17_600_625.wav,11.215
NNM,M,Spk3,U_ee74dd14de,600_625,Nyanja_NNM_Spk3_U_ee74dd14de_Utterance_18,kumabwelera ku cisinsi utsiku onsewu,Nyanja_NNM_Spk3_U_ee74dd14de_Utterance_18_600_625.wav,4.354
NNM,M,Spk3,U_ee74dd14de,600_625,Nyanja_NNM_Spk3_U_ee74dd14de_Utterance_19,ndinali okhutilitsidwa kwambiri ndi nyumba yanga imene inali ku stern ndikutsegulilidwa m'malo mmene mukhala atsilikali,Nyanja_NNM_Spk3_U_ee74dd14de_Utterance_19_600_625.wav,10.681
NNM,M,Spk3,U_ee74dd14de,600_625,Nyanja_NNM_Spk3_U_ee74dd14de_Utterance_20,ndipo mnyamata ogwira nchito mu dimba uja anadula mtengo muzidunswa zazing'ono-zing'ono panali nkhuni zambiri zitaunganitsidwa pamenepo,Nyanja_NNM_Spk3_U_ee74dd14de_Utterance_20_600_625.wav,13.607
NNM,M,Spk3,U_ee74dd14de,600_625,Nyanja_NNM_Spk3_U_ee74dd14de_Utterance_21,thupi yanga yaumilila cifukwa cokhala pansi kwa nthawi yaitali  iye anatero ndilakalaka ndeu ndinaceuka kumene kunali mlimi,Nyanja_NNM_Spk3_U_ee74dd14de_Utterance_21_600_625.wav,15.244
NNM,M,Spk3,U_ee74dd14de,600_625,Nyanja_NNM_Spk3_U_ee74dd14de_Utterance_22,tanva zina zace pa nkhani yanu ndipo tifuna anatero kennethndipo tikufunitsitsa kudziwa,Nyanja_NNM_Spk3_U_ee74dd14de_Utterance_22_600_625.wav,8.847
NNM,M,Spk3,U_ee74dd14de,600_625,Nyanja_NNM_Spk3_U_ee74dd14de_Utterance_23,akali kuyenda  panyanja koma ndi umodzi wa a gulu la count bwato ya timascheff anali atanena za zoona,Nyanja_NNM_Spk3_U_ee74dd14de_Utterance_23_600_625.wav,10.86
NNM,M,Spk3,U_ee74dd14de,600_625,Nyanja_NNM_Spk3_U_ee74dd14de_Utterance_24,pothera pace zonse zinalibe phokoso ndipo zinali zakuda pa nyumba ya bambo gamewell,Nyanja_NNM_Spk3_U_ee74dd14de_Utterance_24_600_625.wav,8.394
NNM,M,Spk3,U_ee74dd14de,600_625,Nyanja_NNM_Spk3_U_ee74dd14de_Utterance_25,a gulu lochedwa nautilus anangotsala panhg'ono kuti agodobokele m'nyanja ya antarctic ndipo nemo anambila atambila mmadzimo,Nyanja_NNM_Spk3_U_ee74dd14de_Utterance_25_600_625.wav,14.884
NNM,M,Spk3,U_ee74dd14de,625_650,Nyanja_NNM_Spk3_U_ee74dd14de_Utterance_1,amai adalila iye ndikukuonani pano onani onani,Nyanja_NNM_Spk3_U_ee74dd14de_Utterance_1_625_650.wav,5.484
NNM,M,Spk3,U_ee74dd14de,625_650,Nyanja_NNM_Spk3_U_ee74dd14de_Utterance_2,tili ndi mabvuto athu ocepa pano monga kwina kulikonse ndipo zinthu zonse sizingacitike mopweka,Nyanja_NNM_Spk3_U_ee74dd14de_Utterance_2_625_650.wav,9.583
NNM,M,Spk3,U_ee74dd14de,625_650,Nyanja_NNM_Spk3_U_ee74dd14de_Utterance_3,uzilankhura ngati munthu ophunzirsa anatero beti akudabwa kodi nyumba yako ili kuti,Nyanja_NNM_Spk3_U_ee74dd14de_Utterance_3_625_650.wav,7.79
NNM,M,Spk3,U_ee74dd14de,625_650,Nyanja_NNM_Spk3_U_ee74dd14de_Utterance_4,munkhani zonsezi zofuna kumatsulira momwe zinthu za cilengwedwe zinayambila cilengedwe cozungulira malowo ngakhale kuti cinali kubvutika ndi colemekedzedwa ndiponso cokongola,Nyanja_NNM_Spk3_U_ee74dd14de_Utterance_4_625_650.wav,20.178
NNM,M,Spk3,U_ee74dd14de,625_650,Nyanja_NNM_Spk3_U_ee74dd14de_Utterance_5,ndinaona mu nyumba yoonetseramo za mbiri yakale ya hamburg mafupa ya cimodzi mwa zolengedwa iziutali wace okwanila ma mita makhumi atatu,Nyanja_NNM_Spk3_U_ee74dd14de_Utterance_5_625_650.wav,17.264
NNM,M,Spk3,U_ee74dd14de,625_650,Nyanja_NNM_Spk3_U_ee74dd14de_Utterance_6,nyanja yonyezimira mwapang'ono ndi matepo abwino inawelewetsa ndi kumalankhula ca munsi munsi iye asanapite ca ku mpoto,Nyanja_NNM_Spk3_U_ee74dd14de_Utterance_6_625_650.wav,15.732
NNM,M,Spk3,U_ee74dd14de,625_650,Nyanja_NNM_Spk3_U_ee74dd14de_Utterance_7,ai ndinaiwala zonse za mabongobongo anafuula mzimai,Nyanja_NNM_Spk3_U_ee74dd14de_Utterance_7_625_650.wav,5.805
NNM,M,Spk3,U_ee74dd14de,625_650,Nyanja_NNM_Spk3_U_ee74dd14de_Utterance_8,ndipo makumbi anabitsa mutu wace wagolide ndipo kuwala kwace kunaonekera,Nyanja_NNM_Spk3_U_ee74dd14de_Utterance_8_625_650.wav,7.14
NNM,M,Spk3,U_ee74dd14de,625_650,Nyanja_NNM_Spk3_U_ee74dd14de_Utterance_9,fairview anali ma mailo okwanila ngati khumi ndi awiri koma itangofika teni koloko anali pafupi kufika pa ndende ya mboma limenelo,Nyanja_NNM_Spk3_U_ee74dd14de_Utterance_9_625_650.wav,14.385
NNM,M,Spk3,U_ee74dd14de,625_650,Nyanja_NNM_Spk3_U_ee74dd14de_Utterance_10,nyumbayo inali kununkha cuutsi sitima imanunka masewera a chimwemwe,Nyanja_NNM_Spk3_U_ee74dd14de_Utterance_10_625_650.wav,7.686
NNM,M,Spk3,U_ee74dd14de,625_650,Nyanja_NNM_Spk3_U_ee74dd14de_Utterance_11,nkhosa singasamale kwambiri pa za iwo ambiri amene ndimaganizapo,Nyanja_NNM_Spk3_U_ee74dd14de_Utterance_11_625_650.wav,7.5
NNM,M,Spk3,U_ee74dd14de,625_650,Nyanja_NNM_Spk3_U_ee74dd14de_Utterance_12,koma ndi ndudu ya fodya imine yalengetsa mwaukulu ma sewero amakono kuti afike pamene alili tsopano ali otsangalatsadi (otsekekemera),Nyanja_NNM_Spk3_U_ee74dd14de_Utterance_12_625_650.wav,13.711
NNM,M,Spk3,U_ee74dd14de,625_650,Nyanja_NNM_Spk3_U_ee74dd14de_Utterance_13,munjira iliyonse tinayetsetsa kubwezera pansi ulamuliro wa paulo oyera,Nyanja_NNM_Spk3_U_ee74dd14de_Utterance_13_625_650.wav,9.938
NNM,M,Spk3,U_ee74dd14de,625_650,Nyanja_NNM_Spk3_U_ee74dd14de_Utterance_14,patapita nthawi kucoka nthawi yomwe ija palibe cimene ninali kukumbukila bwino,Nyanja_NNM_Spk3_U_ee74dd14de_Utterance_14_625_650.wav,8.127
NNM,M,Spk3,U_ee74dd14de,625_650,Nyanja_NNM_Spk3_U_ee74dd14de_Utterance_15,utali wa mapemphero (kagwiridwe ka ncito) zaka khumi limodzi ndi zinai miyezi itatu ndi masiku asanu,Nyanja_NNM_Spk3_U_ee74dd14de_Utterance_15_625_650.wav,11.529
NNM,M,Spk3,U_ee74dd14de,625_650,Nyanja_NNM_Spk3_U_ee74dd14de_Utterance_16,anali kuoneka ngati anali kuyembekeza yankho yace koma pamene analephera kupereka yamkoyo iye anapitilira,Nyanja_NNM_Spk3_U_ee74dd14de_Utterance_16_625_650.wav,10.844
NNM,M,Spk3,U_ee74dd14de,625_650,Nyanja_NNM_Spk3_U_ee74dd14de_Utterance_17,kumwemba ndi pansi madzi amene tinapita ukatenga ulemelero wambiri ndi cisangalaro cambiri,Nyanja_NNM_Spk3_U_ee74dd14de_Utterance_17_625_650.wav,11.517
NNM,M,Spk3,U_ee74dd14de,625_650,Nyanja_NNM_Spk3_U_ee74dd14de_Utterance_18,ndi gombeza (fulisi)golide ndi gobeza wa siliva umene ananyozera,Nyanja_NNM_Spk3_U_ee74dd14de_Utterance_18_625_650.wav,7.883
NNM,M,Spk3,U_ee74dd14de,625_650,Nyanja_NNM_Spk3_U_ee74dd14de_Utterance_19,kugawanitsa kweni-kweni kwa anthu ndi ici onyezimira ndi a mumdima,Nyanja_NNM_Spk3_U_ee74dd14de_Utterance_19_625_650.wav,8.615
NNM,M,Spk3,U_ee74dd14de,625_650,Nyanja_NNM_Spk3_U_ee74dd14de_Utterance_20,anakana khalidwe lakaso imene inkanafuna kumuvutitsa cifukwa ca cifuniro cace coonekeratu cofuna kuthandiza wacicepeele gates,Nyanja_NNM_Spk3_U_ee74dd14de_Utterance_20_625_650.wav,14.489
NNM,M,Spk3,U_ee74dd14de,625_650,Nyanja_NNM_Spk3_U_ee74dd14de_Utterance_21,uyu anatero ndi mbava amene akhala akutibvutitsa kuno kutsidwa kwa nyanja,Nyanja_NNM_Spk3_U_ee74dd14de_Utterance_21_625_650.wav,9.601
NNM,M,Spk3,U_ee74dd14de,625_650,Nyanja_NNM_Spk3_U_ee74dd14de_Utterance_22,kunali kutada kwambiri kotero kuti palibe comwe ninkaona koma cabe mlili wa moto wocepa pa dziko(pomwe moto uli kuyakira),Nyanja_NNM_Spk3_U_ee74dd14de_Utterance_22_625_650.wav,17.136
NNM,M,Spk3,U_ee74dd14de,625_650,Nyanja_NNM_Spk3_U_ee74dd14de_Utterance_23,mosasamalila zomwe ananvana zapamwamba ndi hawkeye ananvetsetsa zobvuta zonse ndi ngozi zimene anali kuti akumane nazo,Nyanja_NNM_Spk3_U_ee74dd14de_Utterance_23_625_650.wav,12.643
NNM,M,Spk3,U_ee74dd14de,625_650,Nyanja_NNM_Spk3_U_ee74dd14de_Utterance_24,ndipo wanga ndi will stutuley ndipo tizakhala pa ubwenzi,Nyanja_NNM_Spk3_U_ee74dd14de_Utterance_24_625_650.wav,6.478
NNM,M,Spk3,U_0cd4a0c8b4,600_625,Nyanja_NNM_Spk3_U_0cd4a0c8b4_Utterance_1,mathokoza ananenedwa kwa mwana wa amfumu wa mkazi kuli konse kumene anali kupita pa ulendo wace,Nyanja_NNM_Spk3_U_0cd4a0c8b4_Utterance_1_600_625.wav,8.287
NNM,M,Spk3,U_0cd4a0c8b4,600_625,Nyanja_NNM_Spk3_U_0cd4a0c8b4_Utterance_2,nchito yopyeela mu nyumba kasinthidwe kosokoneza kamene kalenga boma kulemba nchito atsilikali onse amene ifuna mopanda bvuto lili lonse,Nyanja_NNM_Spk3_U_0cd4a0c8b4_Utterance_2_600_625.wav,9.725
NNM,M,Spk3,U_0cd4a0c8b4,600_625,Nyanja_NNM_Spk3_U_0cd4a0c8b4_Utterance_3,apo iye anakhala pa mawilo ya bwato sindinaonepo sitima,Nyanja_NNM_Spk3_U_0cd4a0c8b4_Utterance_3_600_625.wav,8.345
NNM,M,Spk3,U_0cd4a0c8b4,600_625,Nyanja_NNM_Spk3_U_0cd4a0c8b4_Utterance_4,ma unifomu obvalidwa ku nchito samafunidwa pafupi-fupi kwa onse amene ayenera kuwabvala,Nyanja_NNM_Spk3_U_0cd4a0c8b4_Utterance_4_600_625.wav,11.215
NNM,M,Spk3,U_0cd4a0c8b4,600_625,Nyanja_NNM_Spk3_U_0cd4a0c8b4_Utterance_5,ici ndiye cakudya cothera kudyera mwapamodzi ninatero,Nyanja_NNM_Spk3_U_0cd4a0c8b4_Utterance_5_600_625.wav,7.338
NNM,M,Spk3,U_0cd4a0c8b4,600_625,Nyanja_NNM_Spk3_U_0cd4a0c8b4_Utterance_6,kodi dziko lako ndiiti olaf kodi wakhala kapolo nthawi yonseyi,Nyanja_NNM_Spk3_U_0cd4a0c8b4_Utterance_6_600_625.wav,6.037
NNM,M,Spk3,U_0cd4a0c8b4,600_625,Nyanja_NNM_Spk3_U_0cd4a0c8b4_Utterance_7,bwela nyongolotsi ndi dambo yodzidzila kwa mfumu-kazi ya maganizo kwambiri,Nyanja_NNM_Spk3_U_0cd4a0c8b4_Utterance_7_600_625.wav,7.825
NNM,M,Spk3,U_0cd4a0c8b4,600_625,Nyanja_NNM_Spk3_U_0cd4a0c8b4_Utterance_8,ku hotela kumalo amene mlendo amataya ndalama zace zambiri mosinthanitsana ndi zipinda zogonamo zotsaoneka bwino,Nyanja_NNM_Spk3_U_0cd4a0c8b4_Utterance_8_600_625.wav,13.355
NNM,M,Spk3,U_0cd4a0c8b4,600_625,Nyanja_NNM_Spk3_U_0cd4a0c8b4_Utterance_9,kulibe chalichi yaikulu (kafidilo) ngakhale burgos imene ingapikitsane ndi chalichi ya pa montmartre,Nyanja_NNM_Spk3_U_0cd4a0c8b4_Utterance_9_600_625.wav,10.933
NNM,M,Spk3,U_0cd4a0c8b4,600_625,Nyanja_NNM_Spk3_U_0cd4a0c8b4_Utterance_10,anakumbukira osati cabe ataona kuipa kwa ngozi imene inacitika utsiku mocedwa koma kudziwanso cimene cinalengetsa,Nyanja_NNM_Spk3_U_0cd4a0c8b4_Utterance_10_600_625.wav,12.77
NNM,M,Spk3,U_0cd4a0c8b4,600_625,Nyanja_NNM_Spk3_U_0cd4a0c8b4_Utterance_11,mwina sindingathe koma pepani kwabasi pakunva izo kodi mwana wao anakhala nwanji,Nyanja_NNM_Spk3_U_0cd4a0c8b4_Utterance_11_600_625.wav,2.467
NNM,M,Spk3,U_0cd4a0c8b4,600_625,Nyanja_NNM_Spk3_U_0cd4a0c8b4_Utterance_12,mzangayo sanaoneke obvutikira m'maganizo cifukwa cakuti analephera koma anagwedeza ma pewa ace ngati mofuna kuleka zonse,Nyanja_NNM_Spk3_U_0cd4a0c8b4_Utterance_12_600_625.wav,12.08
NNM,M,Spk3,U_0cd4a0c8b4,600_625,Nyanja_NNM_Spk3_U_0cd4a0c8b4_Utterance_13,ndizakhala ndikumenda(kukonza)  nyumba yanga udziwa ndi kusamalira nsalu,Nyanja_NNM_Spk3_U_0cd4a0c8b4_Utterance_13_600_625.wav,6.584
NNM,M,Spk3,U_0cd4a0c8b4,600_625,Nyanja_NNM_Spk3_U_0cd4a0c8b4_Utterance_14,bambo soames anali atatangwanitsidwa ndi unyinji wa nkhani,Nyanja_NNM_Spk3_U_0cd4a0c8b4_Utterance_14_600_625.wav,5.789
NNM,M,Spk3,U_0cd4a0c8b4,600_625,Nyanja_NNM_Spk3_U_0cd4a0c8b4_Utterance_15,ndipo  uyenera kukhala ojo opanda mwai uja,Nyanja_NNM_Spk3_U_0cd4a0c8b4_Utterance_15_600_625.wav,5.299
NNM,M,Spk3,U_0cd4a0c8b4,600_625,Nyanja_NNM_Spk3_U_0cd4a0c8b4_Utterance_16,ndizayetsa ngati ndidziwa zinthu zimene ninali kudziwa,Nyanja_NNM_Spk3_U_0cd4a0c8b4_Utterance_16_600_625.wav,4.992
NNM,M,Spk3,U_0cd4a0c8b4,600_625,Nyanja_NNM_Spk3_U_0cd4a0c8b4_Utterance_17,sindingathe kusewera ndi iwe ngati uli mwana wacicepele kuyambira lero anatero iye mwapang'ono-pang'ono izo ndiye zimene umayewa marie,Nyanja_NNM_Spk3_U_0cd4a0c8b4_Utterance_17_600_625.wav,12.879
NNM,M,Spk3,U_0cd4a0c8b4,600_625,Nyanja_NNM_Spk3_U_0cd4a0c8b4_Utterance_18,kumabwelera ku cisinsi utsiku onsewu,Nyanja_NNM_Spk3_U_0cd4a0c8b4_Utterance_18_600_625.wav,5.363
NNM,M,Spk3,U_0cd4a0c8b4,600_625,Nyanja_NNM_Spk3_U_0cd4a0c8b4_Utterance_19,ndinali okhutilitsidwa kwambiri ndi nyumba yanga imene inali ku stern ndikutsegulilidwa m'malo mmene mukhala atsilikali,Nyanja_NNM_Spk3_U_0cd4a0c8b4_Utterance_19_600_625.wav,11.918
NNM,M,Spk3,U_0cd4a0c8b4,600_625,Nyanja_NNM_Spk3_U_0cd4a0c8b4_Utterance_20,ndipo mnyamata ogwira nchito mu dimba uja anadula mtengo muzidunswa zazing'ono-zing'ono panali nkhuni zambiri zitaunganitsidwa pamenepo,Nyanja_NNM_Spk3_U_0cd4a0c8b4_Utterance_20_600_625.wav,13.613
NNM,M,Spk3,U_0cd4a0c8b4,600_625,Nyanja_NNM_Spk3_U_0cd4a0c8b4_Utterance_21,thupi yanga yaumilila cifukwa cokhala pansi kwa nthawi yaitali  iye anatero ndilakalaka ndeu ndinaceuka kumene kunali mlimi,Nyanja_NNM_Spk3_U_0cd4a0c8b4_Utterance_21_600_625.wav,13.268
NNM,M,Spk3,U_0cd4a0c8b4,600_625,Nyanja_NNM_Spk3_U_0cd4a0c8b4_Utterance_22,tanva zina zace pa nkhani yanu ndipo tifuna anatero kennethndipo tikufunitsitsa kudziwa,Nyanja_NNM_Spk3_U_0cd4a0c8b4_Utterance_22_600_625.wav,10.349
NNM,M,Spk3,U_0cd4a0c8b4,600_625,Nyanja_NNM_Spk3_U_0cd4a0c8b4_Utterance_23,akali kuyenda  panyanja koma ndi umodzi wa a gulu la count bwato ya timascheff anali atanena za zoona,Nyanja_NNM_Spk3_U_0cd4a0c8b4_Utterance_23_600_625.wav,8.919
NNM,M,Spk3,U_0cd4a0c8b4,600_625,Nyanja_NNM_Spk3_U_0cd4a0c8b4_Utterance_24,pothera pace zonse zinalibe phokoso ndipo zinali zakuda pa nyumba ya bambo gamewell,Nyanja_NNM_Spk3_U_0cd4a0c8b4_Utterance_24_600_625.wav,7.644
NNM,M,Spk3,U_0cd4a0c8b4,600_625,Nyanja_NNM_Spk3_U_0cd4a0c8b4_Utterance_25,a gulu lochedwa nautilus anangotsala panhg'ono kuti agodobokele m'nyanja ya antarctic ndipo nemo anambila atambila mmadzimo,Nyanja_NNM_Spk3_U_0cd4a0c8b4_Utterance_25_600_625.wav,13.989
NNM,M,Spk3,U_0cd4a0c8b4,625_650,Nyanja_NNM_Spk3_U_0cd4a0c8b4_Utterance_1,amai adalila iye ndikukuonani pano onani onani,Nyanja_NNM_Spk3_U_0cd4a0c8b4_Utterance_1_625_650.wav,4.82
NNM,M,Spk3,U_0cd4a0c8b4,625_650,Nyanja_NNM_Spk3_U_0cd4a0c8b4_Utterance_2,tili ndi mabvuto athu ocepa pano monga kwina kulikonse ndipo zinthu zonse sizingacitike mopweka,Nyanja_NNM_Spk3_U_0cd4a0c8b4_Utterance_2_625_650.wav,8.315
NNM,M,Spk3,U_0cd4a0c8b4,625_650,Nyanja_NNM_Spk3_U_0cd4a0c8b4_Utterance_3,uzilankhura ngati munthu ophunzirsa anatero beti akudabwa kodi nyumba yako ili kuti,Nyanja_NNM_Spk3_U_0cd4a0c8b4_Utterance_3_625_650.wav,8.105
NNM,M,Spk3,U_0cd4a0c8b4,625_650,Nyanja_NNM_Spk3_U_0cd4a0c8b4_Utterance_4,munkhani zonsezi zofuna kumatsulira momwe zinthu za cilengwedwe zinayambila cilengedwe cozungulira malowo ngakhale kuti cinali kubvutika ndi colemekedzedwa ndiponso cokongola,Nyanja_NNM_Spk3_U_0cd4a0c8b4_Utterance_4_625_650.wav,19.46
NNM,M,Spk3,U_0cd4a0c8b4,625_650,Nyanja_NNM_Spk3_U_0cd4a0c8b4_Utterance_5,ndibwerekeko khutu yako kwa mpindi khumi limodzi ndipo uzadziwa m'mene ukacenjede pa sitegi umakhalila,Nyanja_NNM_Spk3_U_0cd4a0c8b4_Utterance_5_625_650.wav,11.54
NNM,M,Spk3,U_0cd4a0c8b4,625_650,Nyanja_NNM_Spk3_U_0cd4a0c8b4_Utterance_6,ndinaona mu nyumba yoonetseramo za mbiri yakale ya hamburg mafupa ya cimodzi mwa zolengedwa iziutali wace okwanila ma mita makhumi atatu,Nyanja_NNM_Spk3_U_0cd4a0c8b4_Utterance_6_625_650.wav,14.211
NNM,M,Spk3,U_0cd4a0c8b4,625_650,Nyanja_NNM_Spk3_U_0cd4a0c8b4_Utterance_7,nyanja yonyezimira mwapang'ono ndi matepo abwino inawelewetsa ndi kumalankhula ca munsi munsi iye asanapite ca ku mpoto,Nyanja_NNM_Spk3_U_0cd4a0c8b4_Utterance_7_625_650.wav,11.84
NNM,M,Spk3,U_0cd4a0c8b4,625_650,Nyanja_NNM_Spk3_U_0cd4a0c8b4_Utterance_8,ai ndinaiwala zonse za mabongobongo anafuula mzimai,Nyanja_NNM_Spk3_U_0cd4a0c8b4_Utterance_8_625_650.wav,5.445
NNM,M,Spk3,U_0cd4a0c8b4,625_650,Nyanja_NNM_Spk3_U_0cd4a0c8b4_Utterance_9,ndipo makumbi anabitsa mutu wace wagolide ndipo kuwala kwace kunaonekera,Nyanja_NNM_Spk3_U_0cd4a0c8b4_Utterance_9_625_650.wav,5.817
NNM,M,Spk3,U_0cd4a0c8b4,625_650,Nyanja_NNM_Spk3_U_0cd4a0c8b4_Utterance_10,fairview anali ma mailo okwanila ngati khumi ndi awiri koma itangofika teni koloko anali pafupi kufika pa ndende ya mboma limenelo,Nyanja_NNM_Spk3_U_0cd4a0c8b4_Utterance_10_625_650.wav,13.46
NNM,M,Spk3,U_0cd4a0c8b4,625_650,Nyanja_NNM_Spk3_U_0cd4a0c8b4_Utterance_11,nyumbayo inali kununkha cuutsi sitima imanunka masewera a chimwemwe,Nyanja_NNM_Spk3_U_0cd4a0c8b4_Utterance_11_625_650.wav,6.95
NNM,M,Spk3,U_0cd4a0c8b4,625_650,Nyanja_NNM_Spk3_U_0cd4a0c8b4_Utterance_12,nkhosa singasamale kwambiri pa za iwo ambiri amene ndimaganizapo,Nyanja_NNM_Spk3_U_0cd4a0c8b4_Utterance_12_625_650.wav,5.933
NNM,M,Spk3,U_0cd4a0c8b4,625_650,Nyanja_NNM_Spk3_U_0cd4a0c8b4_Utterance_13,koma ndi ndudu ya fodya imine yalengetsa mwaukulu ma sewero amakono kuti afike pamene alili tsopano ali otsangalatsadi (otsekekemera),Nyanja_NNM_Spk3_U_0cd4a0c8b4_Utterance_13_625_650.wav,14.855
NNM,M,Spk3,U_0cd4a0c8b4,625_650,Nyanja_NNM_Spk3_U_0cd4a0c8b4_Utterance_14,munjira iliyonse tinayetsetsa kubwezera pansi ulamuliro wa paulo oyera,Nyanja_NNM_Spk3_U_0cd4a0c8b4_Utterance_14_625_650.wav,7.535
NNM,M,Spk3,U_0cd4a0c8b4,625_650,Nyanja_NNM_Spk3_U_0cd4a0c8b4_Utterance_15,patapita nthawi kucoka nthawi yomwe ija palibe cimene ninali kukumbukila bwino,Nyanja_NNM_Spk3_U_0cd4a0c8b4_Utterance_15_625_650.wav,7.745
NNM,M,Spk3,U_0cd4a0c8b4,625_650,Nyanja_NNM_Spk3_U_0cd4a0c8b4_Utterance_16,utali wa mapemphero (kagwiridwe ka ncito) zaka khumi limodzi ndi zinai miyezi itatu ndi masiku asanu,Nyanja_NNM_Spk3_U_0cd4a0c8b4_Utterance_16_625_650.wav,9.785
NNM,M,Spk3,U_0cd4a0c8b4,625_650,Nyanja_NNM_Spk3_U_0cd4a0c8b4_Utterance_17,anali kuoneka ngati anali kuyembekeza yankho yace koma pamene analephera kupereka yamkoyo iye anapitilira,Nyanja_NNM_Spk3_U_0cd4a0c8b4_Utterance_17_625_650.wav,11.24
NNM,M,Spk3,U_0cd4a0c8b4,625_650,Nyanja_NNM_Spk3_U_0cd4a0c8b4_Utterance_18,kumwemba ndi pansi madzi amene tinapita ukatenga ulemelero wambiri ndi cisangalaro cambiri,Nyanja_NNM_Spk3_U_0cd4a0c8b4_Utterance_18_625_650.wav,8.735
NNM,M,Spk3,U_0cd4a0c8b4,625_650,Nyanja_NNM_Spk3_U_0cd4a0c8b4_Utterance_19,ndi gombeza (fulisi)golide ndi gobeza wa siliva umene ananyozera,Nyanja_NNM_Spk3_U_0cd4a0c8b4_Utterance_19_625_650.wav,5.004
NNM,M,Spk3,U_0cd4a0c8b4,625_650,Nyanja_NNM_Spk3_U_0cd4a0c8b4_Utterance_20,kugawanitsa kweni-kweni kwa anthu ndi ici onyezimira ndi a mumdima,Nyanja_NNM_Spk3_U_0cd4a0c8b4_Utterance_20_625_650.wav,6.8
NNM,M,Spk3,U_0cd4a0c8b4,625_650,Nyanja_NNM_Spk3_U_0cd4a0c8b4_Utterance_21,anakana khalidwe lakaso imene inkanafuna kumuvutitsa cifukwa ca cifuniro cace coonekeratu cofuna kuthandiza wacicepeele gates,Nyanja_NNM_Spk3_U_0cd4a0c8b4_Utterance_21_625_650.wav,13.955
NNM,M,Spk3,U_0cd4a0c8b4,625_650,Nyanja_NNM_Spk3_U_0cd4a0c8b4_Utterance_22,uyu anatero ndi mbava amene akhala akutibvutitsa kuno kutsidwa kwa nyanja,Nyanja_NNM_Spk3_U_0cd4a0c8b4_Utterance_22_625_650.wav,8.045
NNM,M,Spk3,U_0cd4a0c8b4,625_650,Nyanja_NNM_Spk3_U_0cd4a0c8b4_Utterance_23,kunali kutada kwambiri kotero kuti palibe comwe ninkaona koma cabe mlili wa moto wocepa pa dziko(pomwe moto uli kuyakira),Nyanja_NNM_Spk3_U_0cd4a0c8b4_Utterance_23_625_650.wav,10.544
NNM,M,Spk3,U_0cd4a0c8b4,625_650,Nyanja_NNM_Spk3_U_0cd4a0c8b4_Utterance_24,mosasamalila zomwe ananvana zapamwamba ndi hawkeye ananvetsetsa zobvuta zonse ndi ngozi zimene anali kuti akumane nazo,Nyanja_NNM_Spk3_U_0cd4a0c8b4_Utterance_24_625_650.wav,12.905
NNM,M,Spk3,U_0cd4a0c8b4,625_650,Nyanja_NNM_Spk3_U_0cd4a0c8b4_Utterance_25,ndipo wanga ndi will stutuley ndipo tizakhala pa ubwenzi,Nyanja_NNM_Spk3_U_0cd4a0c8b4_Utterance_25_625_650.wav,5.105
NNM,M,Spk3,U_6edf25abee,600_625,Nyanja_NNM_Spk3_U_6edf25abee_Utterance_1,mathokoza ananenedwa kwa mwana wa amfumu wa mkazi kuli konse kumene anali kupita pa ulendo wace,Nyanja_NNM_Spk3_U_6edf25abee_Utterance_1_600_625.wav,10.025
NNM,M,Spk3,U_6edf25abee,600_625,Nyanja_NNM_Spk3_U_6edf25abee_Utterance_2,nchito yopyeela mu nyumba kasinthidwe kosokoneza kamene kalenga boma kulemba nchito atsilikali onse amene ifuna mopanda bvuto lili lonse,Nyanja_NNM_Spk3_U_6edf25abee_Utterance_2_600_625.wav,13.595
NNM,M,Spk3,U_6edf25abee,600_625,Nyanja_NNM_Spk3_U_6edf25abee_Utterance_3,apo iye anakhala pa mawilo ya bwato sindinaonepo sitima,Nyanja_NNM_Spk3_U_6edf25abee_Utterance_3_600_625.wav,6.755
NNM,M,Spk3,U_6edf25abee,600_625,Nyanja_NNM_Spk3_U_6edf25abee_Utterance_4,ma unifomu obvalidwa ku nchito samafunidwa pafupi-fupi kwa onse amene ayenera kuwabvala,Nyanja_NNM_Spk3_U_6edf25abee_Utterance_4_600_625.wav,9.26
NNM,M,Spk3,U_6edf25abee,600_625,Nyanja_NNM_Spk3_U_6edf25abee_Utterance_5,ici ndiye cakudya cothera kudyera mwapamodzi ninatero,Nyanja_NNM_Spk3_U_6edf25abee_Utterance_5_600_625.wav,6.62
NNM,M,Spk3,U_6edf25abee,600_625,Nyanja_NNM_Spk3_U_6edf25abee_Utterance_6,kodi dziko lako ndiiti olaf kodi wakhala kapolo nthawi yonseyi,Nyanja_NNM_Spk3_U_6edf25abee_Utterance_6_600_625.wav,6.965
NNM,M,Spk3,U_6edf25abee,600_625,Nyanja_NNM_Spk3_U_6edf25abee_Utterance_7,bwela nyongolotsi ndi dambo yodzidzila kwa mfumu-kazi ya maganizo kwambiri,Nyanja_NNM_Spk3_U_6edf25abee_Utterance_7_600_625.wav,8.315
NNM,M,Spk3,U_6edf25abee,600_625,Nyanja_NNM_Spk3_U_6edf25abee_Utterance_8,ku hotela kumalo amene mlendo amataya ndalama zace zambiri mosinthanitsana ndi zipinda zogonamo zotsaoneka bwino,Nyanja_NNM_Spk3_U_6edf25abee_Utterance_8_600_625.wav,12.695
NNM,M,Spk3,U_6edf25abee,600_625,Nyanja_NNM_Spk3_U_6edf25abee_Utterance_9,kulibe chalichi yaikulu (kafidilo) ngakhale burgos imene ingapikitsane ndi chalichi ya pa montmartre,Nyanja_NNM_Spk3_U_6edf25abee_Utterance_9_600_625.wav,11.84
NNM,M,Spk3,U_6edf25abee,600_625,Nyanja_NNM_Spk3_U_6edf25abee_Utterance_10,anakumbukira osati cabe ataona kuipa kwa ngozi imene inacitika utsiku mocedwa koma kudziwanso cimene cinalengetsa,Nyanja_NNM_Spk3_U_6edf25abee_Utterance_10_600_625.wav,10.669
NNM,M,Spk3,U_6edf25abee,600_625,Nyanja_NNM_Spk3_U_6edf25abee_Utterance_11,mwina sindingathe koma pepani kwabasi pakunva izo kodi mwana wao anakhala nwanji,Nyanja_NNM_Spk3_U_6edf25abee_Utterance_11_600_625.wav,6.838
NNM,M,Spk3,U_6edf25abee,600_625,Nyanja_NNM_Spk3_U_6edf25abee_Utterance_12,mzangayo sanaoneke obvutikira m'maganizo cifukwa cakuti analephera koma anagwedeza ma pewa ace ngati mofuna kuleka zonse,Nyanja_NNM_Spk3_U_6edf25abee_Utterance_12_600_625.wav,11.691
NNM,M,Spk3,U_6edf25abee,600_625,Nyanja_NNM_Spk3_U_6edf25abee_Utterance_13,ndizakhala ndikumenda(kukonza)  nyumba yanga udziwa ndi kusamalira nsalu,Nyanja_NNM_Spk3_U_6edf25abee_Utterance_13_600_625.wav,7.047
NNM,M,Spk3,U_6edf25abee,600_625,Nyanja_NNM_Spk3_U_6edf25abee_Utterance_14,bambo soames anali atatangwanitsidwa ndi unyinji wa nkhani,Nyanja_NNM_Spk3_U_6edf25abee_Utterance_14_600_625.wav,5.538
NNM,M,Spk3,U_6edf25abee,600_625,Nyanja_NNM_Spk3_U_6edf25abee_Utterance_15,ndipo  uyenera kukhala ojo opanda mwai uja,Nyanja_NNM_Spk3_U_6edf25abee_Utterance_15_600_625.wav,5.074
NNM,M,Spk3,U_6edf25abee,600_625,Nyanja_NNM_Spk3_U_6edf25abee_Utterance_16,ndizayetsa ngati ndidziwa zinthu zimene ninali kudziwa,Nyanja_NNM_Spk3_U_6edf25abee_Utterance_16_600_625.wav,5.201
NNM,M,Spk3,U_6edf25abee,600_625,Nyanja_NNM_Spk3_U_6edf25abee_Utterance_17,sindingathe kusewera ndi iwe ngati uli mwana wacicepele kuyambira lero anatero iye mwapang'ono-pang'ono izo ndiye zimene umayewa marie,Nyanja_NNM_Spk3_U_6edf25abee_Utterance_17_600_625.wav,10.797
NNM,M,Spk3,U_6edf25abee,600_625,Nyanja_NNM_Spk3_U_6edf25abee_Utterance_18,kumabwelera ku cisinsi utsiku onsewu,Nyanja_NNM_Spk3_U_6edf25abee_Utterance_18_600_625.wav,3.785
NNM,M,Spk3,U_6edf25abee,600_625,Nyanja_NNM_Spk3_U_6edf25abee_Utterance_19,ndinali okhutilitsidwa kwambiri ndi nyumba yanga imene inali ku stern ndikutsegulilidwa m'malo mmene mukhala atsilikali,Nyanja_NNM_Spk3_U_6edf25abee_Utterance_19_600_625.wav,9.776
NNM,M,Spk3,U_6edf25abee,600_625,Nyanja_NNM_Spk3_U_6edf25abee_Utterance_20,ndipo mnyamata ogwira nchito mu dimba uja anadula mtengo muzidunswa zazing'ono-zing'ono panali nkhuni zambiri zitaunganitsidwa pamenepo,Nyanja_NNM_Spk3_U_6edf25abee_Utterance_20_600_625.wav,12.469
NNM,M,Spk3,U_6edf25abee,600_625,Nyanja_NNM_Spk3_U_6edf25abee_Utterance_21,thupi yanga yaumilila cifukwa cokhala pansi kwa nthawi yaitali  iye anatero ndilakalaka ndeu ndinaceuka kumene kunali mlimi,Nyanja_NNM_Spk3_U_6edf25abee_Utterance_21_600_625.wav,11.389
NNM,M,Spk3,U_6edf25abee,600_625,Nyanja_NNM_Spk3_U_6edf25abee_Utterance_22,tanva zina zace pa nkhani yanu ndipo tifuna anatero kennethndipo tikufunitsitsa kudziwa,Nyanja_NNM_Spk3_U_6edf25abee_Utterance_22_600_625.wav,7.651
NNM,M,Spk3,U_6edf25abee,600_625,Nyanja_NNM_Spk3_U_6edf25abee_Utterance_23,akali kuyenda  panyanja koma ndi umodzi wa a gulu la count bwato ya timascheff anali atanena za zoona,Nyanja_NNM_Spk3_U_6edf25abee_Utterance_23_600_625.wav,8.835
NNM,M,Spk3,U_6edf25abee,600_625,Nyanja_NNM_Spk3_U_6edf25abee_Utterance_24,pothera pace zonse zinalibe phokoso ndipo zinali zakuda pa nyumba ya bambo gamewell,Nyanja_NNM_Spk3_U_6edf25abee_Utterance_24_600_625.wav,7.175
NNM,M,Spk3,U_6edf25abee,600_625,Nyanja_NNM_Spk3_U_6edf25abee_Utterance_25,a gulu lochedwa nautilus anangotsala panhg'ono kuti agodobokele m'nyanja ya antarctic ndipo nemo anambila atambila mmadzimo,Nyanja_NNM_Spk3_U_6edf25abee_Utterance_25_600_625.wav,11.796
NNM,M,Spk3,U_6edf25abee,625_650,Nyanja_NNM_Spk3_U_6edf25abee_Utterance_1,amai adalila iye ndikukuonani pano onani onani,Nyanja_NNM_Spk3_U_6edf25abee_Utterance_1_625_650.wav,6.536
NNM,M,Spk3,U_6edf25abee,625_650,Nyanja_NNM_Spk3_U_6edf25abee_Utterance_2,tili ndi mabvuto athu ocepa pano monga kwina kulikonse ndipo zinthu zonse sizingacitike mopweka,Nyanja_NNM_Spk3_U_6edf25abee_Utterance_2_625_650.wav,9.155
NNM,M,Spk3,U_6edf25abee,625_650,Nyanja_NNM_Spk3_U_6edf25abee_Utterance_3,uzilankhura ngati munthu ophunzirsa anatero beti akudabwa kodi nyumba yako ili kuti,Nyanja_NNM_Spk3_U_6edf25abee_Utterance_3_625_650.wav,8.36
NNM,M,Spk3,U_6edf25abee,625_650,Nyanja_NNM_Spk3_U_6edf25abee_Utterance_4,munkhani zonsezi zofuna kumatsulira momwe zinthu za cilengwedwe zinayambila cilengedwe cozungulira malowo ngakhale kuti cinali kubvutika ndi colemekedzedwa ndiponso cokongola,Nyanja_NNM_Spk3_U_6edf25abee_Utterance_4_625_650.wav,15.425
NNM,M,Spk3,U_6edf25abee,625_650,Nyanja_NNM_Spk3_U_6edf25abee_Utterance_5,ndibwerekeko khutu yako kwa mpindi khumi limodzi ndipo uzadziwa m'mene ukacenjede pa sitegi umakhalila,Nyanja_NNM_Spk3_U_6edf25abee_Utterance_5_625_650.wav,10.595
NNM,M,Spk3,U_6edf25abee,625_650,Nyanja_NNM_Spk3_U_6edf25abee_Utterance_6,ndinaona mu nyumba yoonetseramo za mbiri yakale ya hamburg mafupa ya cimodzi mwa zolengedwa iziutali wace okwanila ma mita makhumi atatu,Nyanja_NNM_Spk3_U_6edf25abee_Utterance_6_625_650.wav,13.97
NNM,M,Spk3,U_6edf25abee,625_650,Nyanja_NNM_Spk3_U_6edf25abee_Utterance_7,nyanja yonyezimira mwapang'ono ndi matepo abwino inawelewetsa ndi kumalankhula ca munsi munsi iye asanapite ca ku mpoto,Nyanja_NNM_Spk3_U_6edf25abee_Utterance_7_625_650.wav,12.485
NNM,M,Spk3,U_6edf25abee,625_650,Nyanja_NNM_Spk3_U_6edf25abee_Utterance_8,ai ndinaiwala zonse za mabongobongo anafuula mzimai,Nyanja_NNM_Spk3_U_6edf25abee_Utterance_8_625_650.wav,6.365
NNM,M,Spk3,U_6edf25abee,625_650,Nyanja_NNM_Spk3_U_6edf25abee_Utterance_9,ndipo makumbi anabitsa mutu wace wagolide ndipo kuwala kwace kunaonekera,Nyanja_NNM_Spk3_U_6edf25abee_Utterance_9_625_650.wav,6.965
NNM,M,Spk3,U_6edf25abee,625_650,Nyanja_NNM_Spk3_U_6edf25abee_Utterance_10,fairview anali ma mailo okwanila ngati khumi ndi awiri koma itangofika teni koloko anali pafupi kufika pa ndende ya mboma limenelo,Nyanja_NNM_Spk3_U_6edf25abee_Utterance_10_625_650.wav,13.115
NNM,M,Spk3,U_6edf25abee,625_650,Nyanja_NNM_Spk3_U_6edf25abee_Utterance_11,nyumbayo inali kununkha cuutsi sitima imanunka masewera a chimwemwe,Nyanja_NNM_Spk3_U_6edf25abee_Utterance_11_625_650.wav,7.16
NNM,M,Spk3,U_6edf25abee,625_650,Nyanja_NNM_Spk3_U_6edf25abee_Utterance_12,nkhosa singasamale kwambiri pa za iwo ambiri amene ndimaganizapo,Nyanja_NNM_Spk3_U_6edf25abee_Utterance_12_625_650.wav,6.68
NNM,M,Spk3,U_6edf25abee,625_650,Nyanja_NNM_Spk3_U_6edf25abee_Utterance_13,koma ndi ndudu ya fodya imine yalengetsa mwaukulu ma sewero amakono kuti afike pamene alili tsopano ali otsangalatsadi (otsekekemera),Nyanja_NNM_Spk3_U_6edf25abee_Utterance_13_625_650.wav,12.665
NNM,M,Spk3,U_6edf25abee,625_650,Nyanja_NNM_Spk3_U_6edf25abee_Utterance_14,munjira iliyonse tinayetsetsa kubwezera pansi ulamuliro wa paulo oyera,Nyanja_NNM_Spk3_U_6edf25abee_Utterance_14_625_650.wav,7.85
NNM,M,Spk3,U_6edf25abee,625_650,Nyanja_NNM_Spk3_U_6edf25abee_Utterance_15,patapita nthawi kucoka nthawi yomwe ija palibe cimene ninali kukumbukila bwino,Nyanja_NNM_Spk3_U_6edf25abee_Utterance_15_625_650.wav,7.97
NNM,M,Spk3,U_6edf25abee,625_650,Nyanja_NNM_Spk3_U_6edf25abee_Utterance_16,utali wa mapemphero (kagwiridwe ka ncito) zaka khumi limodzi ndi zinai miyezi itatu ndi masiku asanu,Nyanja_NNM_Spk3_U_6edf25abee_Utterance_16_625_650.wav,10.1
NNM,M,Spk3,U_6edf25abee,625_650,Nyanja_NNM_Spk3_U_6edf25abee_Utterance_17,anali kuoneka ngati anali kuyembekeza yankho yace koma pamene analephera kupereka yamkoyo iye anapitilira,Nyanja_NNM_Spk3_U_6edf25abee_Utterance_17_625_650.wav,10.145
NNM,M,Spk3,U_6edf25abee,625_650,Nyanja_NNM_Spk3_U_6edf25abee_Utterance_18,kumwemba ndi pansi madzi amene tinapita ukatenga ulemelero wambiri ndi cisangalaro cambiri,Nyanja_NNM_Spk3_U_6edf25abee_Utterance_18_625_650.wav,8.78
NNM,M,Spk3,U_6edf25abee,625_650,Nyanja_NNM_Spk3_U_6edf25abee_Utterance_19,ndi gombeza (fulisi)golide ndi gobeza wa siliva umene ananyozera,Nyanja_NNM_Spk3_U_6edf25abee_Utterance_19_625_650.wav,8.33
NNM,M,Spk3,U_6edf25abee,625_650,Nyanja_NNM_Spk3_U_6edf25abee_Utterance_20,kugawanitsa kweni-kweni kwa anthu ndi ici onyezimira ndi a mumdima,Nyanja_NNM_Spk3_U_6edf25abee_Utterance_20_625_650.wav,7.295
NNM,M,Spk3,U_6edf25abee,625_650,Nyanja_NNM_Spk3_U_6edf25abee_Utterance_21,anakana khalidwe lakaso imene inkanafuna kumuvutitsa cifukwa ca cifuniro cace coonekeratu cofuna kuthandiza wacicepeele gates,Nyanja_NNM_Spk3_U_6edf25abee_Utterance_21_625_650.wav,13.01
NNM,M,Spk3,U_6edf25abee,625_650,Nyanja_NNM_Spk3_U_6edf25abee_Utterance_22,uyu anatero ndi mbava amene akhala akutibvutitsa kuno kutsidwa kwa nyanja,Nyanja_NNM_Spk3_U_6edf25abee_Utterance_22_625_650.wav,7.91
NNM,M,Spk3,U_6edf25abee,625_650,Nyanja_NNM_Spk3_U_6edf25abee_Utterance_23,kunali kutada kwambiri kotero kuti palibe comwe ninkaona koma cabe mlili wa moto wocepa pa dziko(pomwe moto uli kuyakira),Nyanja_NNM_Spk3_U_6edf25abee_Utterance_23_625_650.wav,12.86
NNM,M,Spk3,U_6edf25abee,625_650,Nyanja_NNM_Spk3_U_6edf25abee_Utterance_24,mosasamalila zomwe ananvana zapamwamba ndi hawkeye ananvetsetsa zobvuta zonse ndi ngozi zimene anali kuti akumane nazo,Nyanja_NNM_Spk3_U_6edf25abee_Utterance_24_625_650.wav,13.715
NNM,M,Spk3,U_6edf25abee,625_650,Nyanja_NNM_Spk3_U_6edf25abee_Utterance_25,ndipo wanga ndi will stutuley ndipo tizakhala pa ubwenzi,Nyanja_NNM_Spk3_U_6edf25abee_Utterance_25_625_650.wav,6.35
NNM,M,Spk3,U_56502984c7,625_650,Nyanja_NNM_Spk3_U_56502984c7_Utterance_1,amai adalila iye ndikukuonani pano onani onani,Nyanja_NNM_Spk3_U_56502984c7_Utterance_1_625_650.wav,4.994
NNM,M,Spk3,U_56502984c7,625_650,Nyanja_NNM_Spk3_U_56502984c7_Utterance_2,tili ndi mabvuto athu ocepa pano monga kwina kulikonse ndipo zinthu zonse sizingacitike mopweka,Nyanja_NNM_Spk3_U_56502984c7_Utterance_2_625_650.wav,9.845
NNM,M,Spk3,U_56502984c7,625_650,Nyanja_NNM_Spk3_U_56502984c7_Utterance_3,uzilankhura ngati munthu ophunzirsa anatero beti akudabwa kodi nyumba yako ili kuti,Nyanja_NNM_Spk3_U_56502984c7_Utterance_3_625_650.wav,8.84
NNM,M,Spk3,U_56502984c7,625_650,Nyanja_NNM_Spk3_U_56502984c7_Utterance_4,munkhani zonsezi zofuna kumatsulira momwe zinthu za cilengwedwe zinayambila cilengedwe cozungulira malowo ngakhale kuti cinali kubvutika ndi colemekedzedwa ndiponso cokongola,Nyanja_NNM_Spk3_U_56502984c7_Utterance_4_625_650.wav,17.195
NNM,M,Spk3,U_56502984c7,625_650,Nyanja_NNM_Spk3_U_56502984c7_Utterance_5,ndibwerekeko khutu yako kwa mpindi khumi limodzi ndipo uzadziwa m'mene ukacenjede pa sitegi umakhalila,Nyanja_NNM_Spk3_U_56502984c7_Utterance_5_625_650.wav,10.565
NNM,M,Spk3,U_56502984c7,625_650,Nyanja_NNM_Spk3_U_56502984c7_Utterance_6,ndinaona mu nyumba yoonetseramo za mbiri yakale ya hamburg mafupa ya cimodzi mwa zolengedwa iziutali wace okwanila ma mita makhumi atatu,Nyanja_NNM_Spk3_U_56502984c7_Utterance_6_625_650.wav,13.205
NNM,M,Spk3,U_56502984c7,625_650,Nyanja_NNM_Spk3_U_56502984c7_Utterance_7,nyanja yonyezimira mwapang'ono ndi matepo abwino inawelewetsa ndi kumalankhula ca munsi munsi iye asanapite ca ku mpoto,Nyanja_NNM_Spk3_U_56502984c7_Utterance_7_625_650.wav,12.2
NNM,M,Spk3,U_56502984c7,625_650,Nyanja_NNM_Spk3_U_56502984c7_Utterance_8,ai ndinaiwala zonse za mabongobongo anafuula mzimai,Nyanja_NNM_Spk3_U_56502984c7_Utterance_8_625_650.wav,4.685
NNM,M,Spk3,U_56502984c7,625_650,Nyanja_NNM_Spk3_U_56502984c7_Utterance_9,ndipo makumbi anabitsa mutu wace wagolide ndipo kuwala kwace kunaonekera,Nyanja_NNM_Spk3_U_56502984c7_Utterance_9_625_650.wav,6.065
NNM,M,Spk3,U_56502984c7,625_650,Nyanja_NNM_Spk3_U_56502984c7_Utterance_10,fairview anali ma mailo okwanila ngati khumi ndi awiri koma itangofika teni koloko anali pafupi kufika pa ndende ya mboma limenelo,Nyanja_NNM_Spk3_U_56502984c7_Utterance_10_625_650.wav,12.935
NNM,M,Spk3,U_56502984c7,625_650,Nyanja_NNM_Spk3_U_56502984c7_Utterance_11,nyumbayo inali kununkha cuutsi sitima imanunka masewera a chimwemwe,Nyanja_NNM_Spk3_U_56502984c7_Utterance_11_625_650.wav,5.87
NNM,M,Spk3,U_56502984c7,625_650,Nyanja_NNM_Spk3_U_56502984c7_Utterance_12,nkhosa singasamale kwambiri pa za iwo ambiri amene ndimaganizapo,Nyanja_NNM_Spk3_U_56502984c7_Utterance_12_625_650.wav,7.265
NNM,M,Spk3,U_56502984c7,625_650,Nyanja_NNM_Spk3_U_56502984c7_Utterance_13,koma ndi ndudu ya fodya imine yalengetsa mwaukulu ma sewero amakono kuti afike pamene alili tsopano ali otsangalatsadi (otsekekemera),Nyanja_NNM_Spk3_U_56502984c7_Utterance_13_625_650.wav,12.365
NNM,M,Spk3,U_56502984c7,625_650,Nyanja_NNM_Spk3_U_56502984c7_Utterance_14,munjira iliyonse tinayetsetsa kubwezera pansi ulamuliro wa paulo oyera,Nyanja_NNM_Spk3_U_56502984c7_Utterance_14_625_650.wav,5.855
NNM,M,Spk3,U_56502984c7,625_650,Nyanja_NNM_Spk3_U_56502984c7_Utterance_15,patapita nthawi kucoka nthawi yomwe ija palibe cimene ninali kukumbukila bwino,Nyanja_NNM_Spk3_U_56502984c7_Utterance_15_625_650.wav,7.625
NNM,M,Spk3,U_56502984c7,625_650,Nyanja_NNM_Spk3_U_56502984c7_Utterance_16,utali wa mapemphero (kagwiridwe ka ncito) zaka khumi limodzi ndi zinai miyezi itatu ndi masiku asanu,Nyanja_NNM_Spk3_U_56502984c7_Utterance_16_625_650.wav,8.51
NNM,M,Spk3,U_56502984c7,625_650,Nyanja_NNM_Spk3_U_56502984c7_Utterance_17,anali kuoneka ngati anali kuyembekeza yankho yace koma pamene analephera kupereka yamkoyo iye anapitilira,Nyanja_NNM_Spk3_U_56502984c7_Utterance_17_625_650.wav,7.685
NNM,M,Spk3,U_56502984c7,625_650,Nyanja_NNM_Spk3_U_56502984c7_Utterance_18,kumwemba ndi pansi madzi amene tinapita ukatenga ulemelero wambiri ndi cisangalaro cambiri,Nyanja_NNM_Spk3_U_56502984c7_Utterance_18_625_650.wav,8.96
NNM,M,Spk3,U_56502984c7,625_650,Nyanja_NNM_Spk3_U_56502984c7_Utterance_19,ndi gombeza (fulisi)golide ndi gobeza wa siliva umene ananyozera,Nyanja_NNM_Spk3_U_56502984c7_Utterance_19_625_650.wav,5.945
NNM,M,Spk3,U_56502984c7,625_650,Nyanja_NNM_Spk3_U_56502984c7_Utterance_20,kugawanitsa kweni-kweni kwa anthu ndi ici onyezimira ndi a mumdima,Nyanja_NNM_Spk3_U_56502984c7_Utterance_20_625_650.wav,8.3
NNM,M,Spk3,U_56502984c7,625_650,Nyanja_NNM_Spk3_U_56502984c7_Utterance_21,anakana khalidwe lakaso imene inkanafuna kumuvutitsa cifukwa ca cifuniro cace coonekeratu cofuna kuthandiza wacicepeele gates,Nyanja_NNM_Spk3_U_56502984c7_Utterance_21_625_650.wav,11.885
NNM,M,Spk3,U_56502984c7,625_650,Nyanja_NNM_Spk3_U_56502984c7_Utterance_22,uyu anatero ndi mbava amene akhala akutibvutitsa kuno kutsidwa kwa nyanja,Nyanja_NNM_Spk3_U_56502984c7_Utterance_22_625_650.wav,8.195
NNM,M,Spk3,U_56502984c7,625_650,Nyanja_NNM_Spk3_U_56502984c7_Utterance_23,mosasamalila zomwe ananvana zapamwamba ndi hawkeye ananvetsetsa zobvuta zonse ndi ngozi zimene anali kuti akumane nazo,Nyanja_NNM_Spk3_U_56502984c7_Utterance_23_625_650.wav,10.7
NNM,M,Spk3,U_56502984c7,625_650,Nyanja_NNM_Spk3_U_56502984c7_Utterance_24,ndipo wanga ndi will stutuley ndipo tizakhala pa ubwenzi,Nyanja_NNM_Spk3_U_56502984c7_Utterance_24_625_650.wav,4.115
NNM,M,Spk3,U_56502984c7,600_625,Nyanja_NNM_Spk3_U_56502984c7_Utterance_1,mathokoza ananenedwa kwa mwana wa amfumu wa mkazi kuli konse kumene anali kupita pa ulendo wace,Nyanja_NNM_Spk3_U_56502984c7_Utterance_1_600_625.wav,12.605
NNM,M,Spk3,U_56502984c7,600_625,Nyanja_NNM_Spk3_U_56502984c7_Utterance_2,nchito yopyeela mu nyumba kasinthidwe kosokoneza kamene kalenga boma kulemba nchito atsilikali onse amene ifuna mopanda bvuto lili lonse,Nyanja_NNM_Spk3_U_56502984c7_Utterance_2_600_625.wav,12.605
NNM,M,Spk3,U_56502984c7,600_625,Nyanja_NNM_Spk3_U_56502984c7_Utterance_3,apo iye anakhala pa mawilo ya bwato sindinaonepo sitima,Nyanja_NNM_Spk3_U_56502984c7_Utterance_3_600_625.wav,5.224
NNM,M,Spk3,U_56502984c7,600_625,Nyanja_NNM_Spk3_U_56502984c7_Utterance_4,ma unifomu obvalidwa ku nchito samafunidwa pafupi-fupi kwa onse amene ayenera kuwabvala,Nyanja_NNM_Spk3_U_56502984c7_Utterance_4_600_625.wav,9.485
NNM,M,Spk3,U_56502984c7,600_625,Nyanja_NNM_Spk3_U_56502984c7_Utterance_5,ici ndiye cakudya cothera kudyera mwapamodzi ninatero,Nyanja_NNM_Spk3_U_56502984c7_Utterance_5_600_625.wav,5.306
NNM,M,Spk3,U_56502984c7,600_625,Nyanja_NNM_Spk3_U_56502984c7_Utterance_6,kodi dziko lako ndiiti olaf kodi wakhala kapolo nthawi yonseyi,Nyanja_NNM_Spk3_U_56502984c7_Utterance_6_600_625.wav,6.485
NNM,M,Spk3,U_56502984c7,600_625,Nyanja_NNM_Spk3_U_56502984c7_Utterance_7,bwela nyongolotsi ndi dambo yodzidzila kwa mfumu-kazi ya maganizo kwambiri,Nyanja_NNM_Spk3_U_56502984c7_Utterance_7_600_625.wav,7.55
NNM,M,Spk3,U_56502984c7,600_625,Nyanja_NNM_Spk3_U_56502984c7_Utterance_8,ku hotela kumalo amene mlendo amataya ndalama zace zambiri mosinthanitsana ndi zipinda zogonamo zotsaoneka bwino,Nyanja_NNM_Spk3_U_56502984c7_Utterance_8_600_625.wav,11.255
NNM,M,Spk3,U_56502984c7,600_625,Nyanja_NNM_Spk3_U_56502984c7_Utterance_9,kulibe chalichi yaikulu (kafidilo) ngakhale burgos imene ingapikitsane ndi chalichi ya pa montmartre,Nyanja_NNM_Spk3_U_56502984c7_Utterance_9_600_625.wav,9.245
NNM,M,Spk3,U_56502984c7,600_625,Nyanja_NNM_Spk3_U_56502984c7_Utterance_10,anakumbukira osati cabe ataona kuipa kwa ngozi imene inacitika utsiku mocedwa koma kudziwanso cimene cinalengetsa,Nyanja_NNM_Spk3_U_56502984c7_Utterance_10_600_625.wav,12.125
NNM,M,Spk3,U_56502984c7,600_625,Nyanja_NNM_Spk3_U_56502984c7_Utterance_11,mwina sindingathe koma pepani kwabasi pakunva izo kodi mwana wao anakhala nwanji,Nyanja_NNM_Spk3_U_56502984c7_Utterance_11_600_625.wav,8.39
NNM,M,Spk3,U_56502984c7,600_625,Nyanja_NNM_Spk3_U_56502984c7_Utterance_12,mzangayo sanaoneke obvutikira m'maganizo cifukwa cakuti analephera koma anagwedeza ma pewa ace ngati mofuna kuleka zonse,Nyanja_NNM_Spk3_U_56502984c7_Utterance_12_600_625.wav,11.12
NNM,M,Spk3,U_56502984c7,600_625,Nyanja_NNM_Spk3_U_56502984c7_Utterance_13,ndizakhala ndikumenda(kukonza)  nyumba yanga udziwa ndi kusamalira nsalu,Nyanja_NNM_Spk3_U_56502984c7_Utterance_13_600_625.wav,5.06
NNM,M,Spk3,U_56502984c7,600_625,Nyanja_NNM_Spk3_U_56502984c7_Utterance_14,bambo soames anali atatangwanitsidwa ndi unyinji wa nkhani,Nyanja_NNM_Spk3_U_56502984c7_Utterance_14_600_625.wav,5.42
NNM,M,Spk3,U_56502984c7,600_625,Nyanja_NNM_Spk3_U_56502984c7_Utterance_15,ndipo  uyenera kukhala ojo opanda mwai uja,Nyanja_NNM_Spk3_U_56502984c7_Utterance_15_600_625.wav,3.185
NNM,M,Spk3,U_56502984c7,600_625,Nyanja_NNM_Spk3_U_56502984c7_Utterance_16,ndizayetsa ngati ndidziwa zinthu zimene ninali kudziwa,Nyanja_NNM_Spk3_U_56502984c7_Utterance_16_600_625.wav,4.893
NNM,M,Spk3,U_56502984c7,600_625,Nyanja_NNM_Spk3_U_56502984c7_Utterance_17,sindingathe kusewera ndi iwe ngati uli mwana wacicepele kuyambira lero anatero iye mwapang'ono-pang'ono izo ndiye zimene umayewa marie,Nyanja_NNM_Spk3_U_56502984c7_Utterance_17_600_625.wav,10.79
NNM,M,Spk3,U_56502984c7,600_625,Nyanja_NNM_Spk3_U_56502984c7_Utterance_18,kumabwelera ku cisinsi utsiku onsewu,Nyanja_NNM_Spk3_U_56502984c7_Utterance_18_600_625.wav,3.53
NNM,M,Spk3,U_56502984c7,600_625,Nyanja_NNM_Spk3_U_56502984c7_Utterance_19,ndinali okhutilitsidwa kwambiri ndi nyumba yanga imene inali ku stern ndikutsegulilidwa m'malo mmene mukhala atsilikali,Nyanja_NNM_Spk3_U_56502984c7_Utterance_19_600_625.wav,8.9
NNM,M,Spk3,U_56502984c7,600_625,Nyanja_NNM_Spk3_U_56502984c7_Utterance_20,ndipo mnyamata ogwira nchito mu dimba uja anadula mtengo muzidunswa zazing'ono-zing'ono panali nkhuni zambiri zitaunganitsidwa pamenepo,Nyanja_NNM_Spk3_U_56502984c7_Utterance_20_600_625.wav,11.633
NNM,M,Spk3,U_56502984c7,600_625,Nyanja_NNM_Spk3_U_56502984c7_Utterance_21,thupi yanga yaumilila cifukwa cokhala pansi kwa nthawi yaitali  iye anatero ndilakalaka ndeu ndinaceuka kumene kunali mlimi,Nyanja_NNM_Spk3_U_56502984c7_Utterance_21_600_625.wav,9.86
NNM,M,Spk3,U_56502984c7,600_625,Nyanja_NNM_Spk3_U_56502984c7_Utterance_22,tanva zina zace pa nkhani yanu ndipo tifuna anatero kennethndipo tikufunitsitsa kudziwa,Nyanja_NNM_Spk3_U_56502984c7_Utterance_22_600_625.wav,7.715
NNM,M,Spk3,U_56502984c7,600_625,Nyanja_NNM_Spk3_U_56502984c7_Utterance_23,akali kuyenda  panyanja koma ndi umodzi wa a gulu la count bwato ya timascheff anali atanena za zoona,Nyanja_NNM_Spk3_U_56502984c7_Utterance_23_600_625.wav,8.9
NNM,M,Spk3,U_56502984c7,600_625,Nyanja_NNM_Spk3_U_56502984c7_Utterance_24,pothera pace zonse zinalibe phokoso ndipo zinali zakuda pa nyumba ya bambo gamewell,Nyanja_NNM_Spk3_U_56502984c7_Utterance_24_600_625.wav,7.85
NNM,M,Spk3,U_56502984c7,600_625,Nyanja_NNM_Spk3_U_56502984c7_Utterance_25,a gulu lochedwa nautilus anangotsala panhg'ono kuti agodobokele m'nyanja ya antarctic ndipo nemo anambila atambila mmadzimo,Nyanja_NNM_Spk3_U_56502984c7_Utterance_25_600_625.wav,11.645
NNM,M,Spk4,U_9df87e4751,675_700,Nyanja_NNM_Spk4_U_9df87e4751_Utterance_1,mwantsopano rodolfo anakwanitsa kugwira leocadia mosamala na muika  mu citolokosi ndi mnyumba yace,Nyanja_NNM_Spk4_U_9df87e4751_Utterance_1_675_700.wav,13.804
NNM,M,Spk4,U_9df87e4751,675_700,Nyanja_NNM_Spk4_U_9df87e4751_Utterance_2,ndi apo cabe pamene pali zinthu monga mikumbi ndi moto,Nyanja_NNM_Spk4_U_9df87e4751_Utterance_2_675_700.wav,8.615
NNM,M,Spk4,U_9df87e4751,675_700,Nyanja_NNM_Spk4_U_9df87e4751_Utterance_3,pa ciweru pa tsiku ya khumi ndi zisanu mu mwezi wa phukira nyanja sinali yotseguka konseku ndipo kunalibe malo ali onse a kutsidya amene anali kuonekera,Nyanja_NNM_Spk4_U_9df87e4751_Utterance_3_675_700.wav,23.835
NNM,M,Spk4,U_9df87e4751,675_700,Nyanja_NNM_Spk4_U_9df87e4751_Utterance_4,mussulmans ndi giaours anazibisa kukamwa ndi kansalu kozipukutira kumaso  ali kuseka  ndipo alibe lute pa zolilitsa zina ziri zonse,Nyanja_NNM_Spk4_U_9df87e4751_Utterance_4_675_700.wav,18.506
NNM,M,Spk4,U_9df87e4751,675_700,Nyanja_NNM_Spk4_U_9df87e4751_Utterance_5,ndakhala wokonzekera kupita kwina kuli konse kwa miyezi isanu ndi umodzi yapitai,Nyanja_NNM_Spk4_U_9df87e4751_Utterance_5_675_700.wav,12.817
NNM,M,Spk4,U_9df87e4751,675_700,Nyanja_NNM_Spk4_U_9df87e4751_Utterance_6,wabwera andella andella inali dzina y ka doli wa mwana jani amene anali kuyendera lozalia,Nyanja_NNM_Spk4_U_9df87e4751_Utterance_6_675_700.wav,15.65
NNM,M,Spk4,U_9df87e4751,675_700,Nyanja_NNM_Spk4_U_9df87e4751_Utterance_7,nkhani yokhayo ya cimwemwe imene inakambidwa ndi imene pa gome(thebulo) pakati pa ine ndi naomi,Nyanja_NNM_Spk4_U_9df87e4751_Utterance_7_675_700.wav,17.252
NNM,M,Spk4,U_9df87e4751,675_700,Nyanja_NNM_Spk4_U_9df87e4751_Utterance_8,ameneyu anali mzimai wabwino kwambiri  bambo ndipo munjira ina ndiganiza kuti anafa,Nyanja_NNM_Spk4_U_9df87e4751_Utterance_8_675_700.wav,14.838
NNM,M,Spk4,U_9df87e4751,675_700,Nyanja_NNM_Spk4_U_9df87e4751_Utterance_9,ndili ndi mantha poti sindidziwa zambiri za malo a oz,Nyanja_NNM_Spk4_U_9df87e4751_Utterance_9_675_700.wav,9.323
NNM,M,Spk4,U_9df87e4751,675_700,Nyanja_NNM_Spk4_U_9df87e4751_Utterance_10,ndipo siunali kufuna kukhala pafupi ndi ine,Nyanja_NNM_Spk4_U_9df87e4751_Utterance_10_675_700.wav,6.397
NNM,M,Spk4,U_9df87e4751,675_700,Nyanja_NNM_Spk4_U_9df87e4751_Utterance_11,mzibambo analowa natenga mapepela imodzi -imodzi  pa gome imene inali ca pakati,Nyanja_NNM_Spk4_U_9df87e4751_Utterance_11_675_700.wav,12.167
NNM,M,Spk4,U_9df87e4751,675_700,Nyanja_NNM_Spk4_U_9df87e4751_Utterance_12,ndinanva m'mafupa anga m'mawa n'tauka kuti cinthu cabwino cidzacitika,Nyanja_NNM_Spk4_U_9df87e4751_Utterance_12_675_700.wav,13.293
NNM,M,Spk4,U_9df87e4751,675_700,Nyanja_NNM_Spk4_U_9df87e4751_Utterance_13,kunena cilungamo iye sangathe kucita izo anatero soames poti ine ndinalowera pa citseko ca mumbalimu,Nyanja_NNM_Spk4_U_9df87e4751_Utterance_13_675_700.wav,18.506
NNM,M,Spk4,U_9df87e4751,675_700,Nyanja_NNM_Spk4_U_9df87e4751_Utterance_14,ungathe kukhala kutali ndi ine ngati ufuna kutero nanga ni liti pamene ndakukonkako,Nyanja_NNM_Spk4_U_9df87e4751_Utterance_14_675_700.wav,15.151
NNM,M,Spk4,U_9df87e4751,675_700,Nyanja_NNM_Spk4_U_9df87e4751_Utterance_15,kulibe tsiku ngakhale imodzi imene pa matsiku dzana imene ndi tsiku ya cimwemwe cotheratu ndipo ya dzuwa ikuwala kotheratu,Nyanja_NNM_Spk4_U_9df87e4751_Utterance_15_675_700.wav,20.433
NNM,M,Spk4,U_9df87e4751,675_700,Nyanja_NNM_Spk4_U_9df87e4751_Utterance_16,koma kusiyana mu zonse sikuli pa zimenezo kusamaziika nzeru,Nyanja_NNM_Spk4_U_9df87e4751_Utterance_16_675_700.wav,8.858
NNM,M,Spk4,U_9df87e4751,675_700,Nyanja_NNM_Spk4_U_9df87e4751_Utterance_17,ndimakupemphelera  koma sicimodzi-modzi ngati kuti iwe wekha wazipemphelera,Nyanja_NNM_Spk4_U_9df87e4751_Utterance_17_675_700.wav,10.925
NNM,M,Spk4,U_9df87e4751,675_700,Nyanja_NNM_Spk4_U_9df87e4751_Utterance_18,ukuona mzanga iyi ndi nkhani ya cilombo coopsya ca pa madzi (narwhale),Nyanja_NNM_Spk4_U_9df87e4751_Utterance_18_675_700.wav,10.205
NNM,M,Spk4,U_9df87e4751,675_700,Nyanja_NNM_Spk4_U_9df87e4751_Utterance_19,ndinatenga zibangili za golide zitsanu mu bokosi la cuma ndi kuzipatsa kwa iye,Nyanja_NNM_Spk4_U_9df87e4751_Utterance_19_675_700.wav,11.923
NNM,M,Spk4,U_9df87e4751,675_700,Nyanja_NNM_Spk4_U_9df87e4751_Utterance_20,anali ngati bmbo wanga munjira ina koma sanali atate anga,Nyanja_NNM_Spk4_U_9df87e4751_Utterance_20_675_700.wav,10.345
NNM,M,Spk4,U_9df87e4751,675_700,Nyanja_NNM_Spk4_U_9df87e4751_Utterance_21,bambo will okalamba aja ndi munthu wabwino koma ndi osauka komanso wopanda thandizo iliyonse kucokerab pameneakazi a bambo rodges anapezekera mu ngozi,Nyanja_NNM_Spk4_U_9df87e4751_Utterance_21_675_700.wav,25.229
NNM,M,Spk4,U_9df87e4751,675_700,Nyanja_NNM_Spk4_U_9df87e4751_Utterance_22,ndikhulupilira kuti wakhala  mtsikana wa bwino kwambiri kucookera pomwe unacokera kuno andella,Nyanja_NNM_Spk4_U_9df87e4751_Utterance_22_675_700.wav,13.026
NNM,M,Spk4,U_9df87e4751,675_700,Nyanja_NNM_Spk4_U_9df87e4751_Utterance_23,ndikunenetsa bambo harry msikana wa cicepeleyu azachuka usiku walero kodi sazachuka,Nyanja_NNM_Spk4_U_9df87e4751_Utterance_23_675_700.wav,13.212
NNM,M,Spk4,U_9df87e4751,675_700,Nyanja_NNM_Spk4_U_9df87e4751_Utterance_24,ndinaganiza kuti mwina mwace nchito yanga pamene nitasiya sukulu lina nkukhala mphunzitsi wosamalira ana,Nyanja_NNM_Spk4_U_9df87e4751_Utterance_24_675_700.wav,15.43
NNM,M,Spk4,U_9df87e4751,675_700,Nyanja_NNM_Spk4_U_9df87e4751_Utterance_25,iye analephera kudziwa momwe zinayenera kukhalira,Nyanja_NNM_Spk4_U_9df87e4751_Utterance_25_675_700.wav,9.009
NNM,M,Spk4,U_9df87e4751,650_675,Nyanja_NNM_Spk4_U_9df87e4751_Utterance_1,pamenepo japu wacigwira  anaseka percy pamene ena anali ku kukuwa ataona pa maso pa jasper,Nyanja_NNM_Spk4_U_9df87e4751_Utterance_1_650_675.wav,10.504
NNM,M,Spk4,U_9df87e4751,650_675,Nyanja_NNM_Spk4_U_9df87e4751_Utterance_2,ndimakonda kulankhula ndi karl pa nkhani ya mzinda wa new york ndi zimene munthu angathe kucita kumeneko,Nyanja_NNM_Spk4_U_9df87e4751_Utterance_2_650_675.wav,12.494
NNM,M,Spk4,U_9df87e4751,650_675,Nyanja_NNM_Spk4_U_9df87e4751_Utterance_3,ukuona kuti kukonda wina wace mmene nkukondera ine cipangitsa calo conse kusintha,Nyanja_NNM_Spk4_U_9df87e4751_Utterance_3_650_675.wav,10.031
NNM,M,Spk4,U_9df87e4751,650_675,Nyanja_NNM_Spk4_U_9df87e4751_Utterance_4,akaidi atacotsedwa pa ola/nthawi yoikidwa ija mpholopolo za futi zowerengeka zinalasidwa mzipupa ca miyala,Nyanja_NNM_Spk4_U_9df87e4751_Utterance_4_650_675.wav,18.283
NNM,M,Spk4,U_9df87e4751,650_675,Nyanja_NNM_Spk4_U_9df87e4751_Utterance_5,kodi munalandilako mlendo wa waukada ine nisanapite,Nyanja_NNM_Spk4_U_9df87e4751_Utterance_5_650_675.wav,8.615
NNM,M,Spk4,U_9df87e4751,650_675,Nyanja_NNM_Spk4_U_9df87e4751_Utterance_6,mwani zakumtima zosabvutisa kwa zaka zambiri,Nyanja_NNM_Spk4_U_9df87e4751_Utterance_6_650_675.wav,5.793
NNM,M,Spk4,U_9df87e4751,650_675,Nyanja_NNM_Spk4_U_9df87e4751_Utterance_7,anthu awa oukila ungwilyo wa khristu amatsutsa/amakana atate ndi mwana ndi nchito zao zonse,Nyanja_NNM_Spk4_U_9df87e4751_Utterance_7_650_675.wav,13.444
NNM,M,Spk4,U_9df87e4751,650_675,Nyanja_NNM_Spk4_U_9df87e4751_Utterance_8,pa ici yankho yace inali itaperekedwa mwamsanga-msanga ai tithokoze mulungu ai ndipo kodi zolembedwa izi ndi zanu,Nyanja_NNM_Spk4_U_9df87e4751_Utterance_8_650_675.wav,19.551
NNM,M,Spk4,U_9df87e4751,650_675,Nyanja_NNM_Spk4_U_9df87e4751_Utterance_9,mwatsopano ndiri kuzigwiritsa nchito ngati zimadekho zopangidwa mwaluso mu dimba yanga,Nyanja_NNM_Spk4_U_9df87e4751_Utterance_9_650_675.wav,12.028
NNM,M,Spk4,U_9df87e4751,650_675,Nyanja_NNM_Spk4_U_9df87e4751_Utterance_10,koma sizipyolera zimene ziri mu baibulo azakhali anaterodina,Nyanja_NNM_Spk4_U_9df87e4751_Utterance_10_650_675.wav,7.889
NNM,M,Spk4,U_9df87e4751,650_675,Nyanja_NNM_Spk4_U_9df87e4751_Utterance_11,pa tsiku ya makhumi awiri zisanu ndi ziwiri (27) m'mwezi wa phukira mu caka ca 1837 iye analemba,Nyanja_NNM_Spk4_U_9df87e4751_Utterance_11_650_675.wav,15.243
NNM,M,Spk4,U_9df87e4751,650_675,Nyanja_NNM_Spk4_U_9df87e4751_Utterance_12,pamene anaponya dzala zace zimene zinkafika pansi sizinali patali kwambiri ndi mutu wa uja amene anali kuthawa,Nyanja_NNM_Spk4_U_9df87e4751_Utterance_12_650_675.wav,14.465
NNM,M,Spk4,U_9df87e4751,650_675,Nyanja_NNM_Spk4_U_9df87e4751_Utterance_13,kukumbukira kuyenera kukhala cinthu cimene cinacitika ndipo cilipo mu njira ina cofanana mwina cndi cimene cili kukumbukidwa,Nyanja_NNM_Spk4_U_9df87e4751_Utterance_13_650_675.wav,18.344
NNM,M,Spk4,U_9df87e4751,650_675,Nyanja_NNM_Spk4_U_9df87e4751_Utterance_14,eeeh zolembedwa za mtundu wotani zimene nawerenga cithunzithunzi cotani cimene ndaonapo cilungamo coipa bwanji,Nyanja_NNM_Spk4_U_9df87e4751_Utterance_14_650_675.wav,16.544
NNM,M,Spk4,U_9df87e4751,650_675,Nyanja_NNM_Spk4_U_9df87e4751_Utterance_15,iye analira ali kuimikira dzanja lanthor amene anali patsogoro pace pofuna kusimikidza kuti kunalibe ziwanda (zipuku) patsogoro pace,Nyanja_NNM_Spk4_U_9df87e4751_Utterance_15_650_675.wav,19.296
NNM,M,Spk4,U_9df87e4751,650_675,Nyanja_NNM_Spk4_U_9df87e4751_Utterance_16,ndipo ukhala ndi ka gulu ako kakang'ono kodi ndiwe okondwera,Nyanja_NNM_Spk4_U_9df87e4751_Utterance_16_650_675.wav,11.262
NNM,M,Spk4,U_9df87e4751,650_675,Nyanja_NNM_Spk4_U_9df87e4751_Utterance_17,ndimawaona akugona pansi  mopanda thandizo iliyonse akulira kulibe wina aliyense owayanka kulibe wina okusangalatsani ndi cimwemwe ca mai,Nyanja_NNM_Spk4_U_9df87e4751_Utterance_17_650_675.wav,19.656
NNM,M,Spk4,U_9df87e4751,650_675,Nyanja_NNM_Spk4_U_9df87e4751_Utterance_18,nambala ya khumi nelli akukudikhilani mugone bwino amuna anga,Nyanja_NNM_Spk4_U_9df87e4751_Utterance_18_650_675.wav,7.477
NNM,M,Spk4,U_9df87e4751,650_675,Nyanja_NNM_Spk4_U_9df87e4751_Utterance_19,tonsefe tinamenya ku mbali ina yace ya bwato,Nyanja_NNM_Spk4_U_9df87e4751_Utterance_19_650_675.wav,7.454
NNM,M,Spk4,U_9df87e4751,650_675,Nyanja_NNM_Spk4_U_9df87e4751_Utterance_20,cokonkhapo kunabwera mpata wa oliva kuti athandizire  mu myambo,Nyanja_NNM_Spk4_U_9df87e4751_Utterance_20_650_675.wav,8.449
NNM,M,Spk4,U_9df87e4751,650_675,Nyanja_NNM_Spk4_U_9df87e4751_Utterance_21,musamalileni ndipo muiwaleko za cilengedwa ca mulungu,Nyanja_NNM_Spk4_U_9df87e4751_Utterance_21_650_675.wav,7.686
NNM,M,Spk4,U_9df87e4751,650_675,Nyanja_NNM_Spk4_U_9df87e4751_Utterance_22,inde ndikhulupilira kuti tili conco ndinayankha mopewetsa koma pamene tinangogwiritsa nchito kanjira koonjezedwa,Nyanja_NNM_Spk4_U_9df87e4751_Utterance_22_650_675.wav,16.939
NNM,M,Spk4,U_9df87e4751,650_675,Nyanja_NNM_Spk4_U_9df87e4751_Utterance_23,mwanzeru zobadwa nazo zimene zili mwa wina aliyense nzeru zimene ziletsa wina kumaika ndalama zace pa mpikitsano wa mathamangidwe,Nyanja_NNM_Spk4_U_9df87e4751_Utterance_23_650_675.wav,21.444
NNM,M,Spk4,U_9df87e4751,650_675,Nyanja_NNM_Spk4_U_9df87e4751_Utterance_24,ndinali kugwira nchito yosunga bwino mabuku a nchito pa nchito ndipo cinali capafupi kwaine kutenga cheke ndikulemba siginacala yopeeka (yabooza),Nyanja_NNM_Spk4_U_9df87e4751_Utterance_24_650_675.wav,22.745
NNM,M,Spk4,U_9df87e4751,650_675,Nyanja_NNM_Spk4_U_9df87e4751_Utterance_25,kwa ka nthawi gilchrist ndi dzanja yace yoimitsidwa anayesesa kuika bwino zimene zinapezeka mu zolemba zace,Nyanja_NNM_Spk4_U_9df87e4751_Utterance_25_650_675.wav,18.913
NNM,M,Spk4,U_9eb21beff6,675_700,Nyanja_NNM_Spk4_U_9eb21beff6_Utterance_1,mwantsopano rodolfo anakwanitsa kugwira leocadia mosamala na muika  mu citolokosi ndi mnyumba yace,Nyanja_NNM_Spk4_U_9eb21beff6_Utterance_1_675_700.wav,1.811
NNM,M,Spk4,U_9eb21beff6,675_700,Nyanja_NNM_Spk4_U_9eb21beff6_Utterance_2,ndi apo cabe pamene pali zinthu monga mikumbi ndi moto,Nyanja_NNM_Spk4_U_9eb21beff6_Utterance_2_675_700.wav,5.712
NNM,M,Spk4,U_9eb21beff6,675_700,Nyanja_NNM_Spk4_U_9eb21beff6_Utterance_3,pa ciweru pa tsiku ya khumi ndi zisanu mu mwezi wa phukira nyanja sinali yotseguka konseku ndipo kunalibe malo ali onse a kutsidya amene anali kuonekera,Nyanja_NNM_Spk4_U_9eb21beff6_Utterance_3_675_700.wav,18.297
NNM,M,Spk4,U_9eb21beff6,675_700,Nyanja_NNM_Spk4_U_9eb21beff6_Utterance_4,mussulmans ndi giaours anazibisa kukamwa ndi kansalu kozipukutira kumaso  ali kuseka  ndipo alibe lute pa zolilitsa zina ziri zonse,Nyanja_NNM_Spk4_U_9eb21beff6_Utterance_4_675_700.wav,18.297
NNM,M,Spk4,U_9eb21beff6,675_700,Nyanja_NNM_Spk4_U_9eb21beff6_Utterance_5,ndakhala wokonzekera kupita kwina kuli konse kwa miyezi isanu ndi umodzi yapitai,Nyanja_NNM_Spk4_U_9eb21beff6_Utterance_5_675_700.wav,10.774
NNM,M,Spk4,U_9eb21beff6,675_700,Nyanja_NNM_Spk4_U_9eb21beff6_Utterance_6,wabwera andella andella inali dzina y ka doli wa mwana jani amene anali kuyendera lozalia,Nyanja_NNM_Spk4_U_9eb21beff6_Utterance_6_675_700.wav,13.56
NNM,M,Spk4,U_9eb21beff6,675_700,Nyanja_NNM_Spk4_U_9eb21beff6_Utterance_7,nkhani yokhayo ya cimwemwe imene inakambidwa ndi imene pa gome(thebulo) pakati pa ine ndi naomi,Nyanja_NNM_Spk4_U_9eb21beff6_Utterance_7_675_700.wav,1.347
NNM,M,Spk4,U_9eb21beff6,675_700,Nyanja_NNM_Spk4_U_9eb21beff6_Utterance_8,ameneyu anali mzimai wabwino kwambiri  bambo ndipo munjira ina ndiganiza kuti anafa,Nyanja_NNM_Spk4_U_9eb21beff6_Utterance_8_675_700.wav,12.864
NNM,M,Spk4,U_9eb21beff6,675_700,Nyanja_NNM_Spk4_U_9eb21beff6_Utterance_9,ndili ndi mantha poti sindidziwa zambiri za malo a oz,Nyanja_NNM_Spk4_U_9eb21beff6_Utterance_9_675_700.wav,7.988
NNM,M,Spk4,U_9eb21beff6,675_700,Nyanja_NNM_Spk4_U_9eb21beff6_Utterance_10,ndipo siunali kufuna kukhala pafupi ndi ine,Nyanja_NNM_Spk4_U_9eb21beff6_Utterance_10_675_700.wav,5.712
NNM,M,Spk4,U_9eb21beff6,675_700,Nyanja_NNM_Spk4_U_9eb21beff6_Utterance_11,mzibambo analowa natenga mapepela imodzi -imodzi  pa gome imene inali ca pakati,Nyanja_NNM_Spk4_U_9eb21beff6_Utterance_11_675_700.wav,9.102
NNM,M,Spk4,U_9eb21beff6,675_700,Nyanja_NNM_Spk4_U_9eb21beff6_Utterance_12,ndinanva m'mafupa anga m'mawa n'tauka kuti cinthu cabwino cidzacitika,Nyanja_NNM_Spk4_U_9eb21beff6_Utterance_12_675_700.wav,10.031
NNM,M,Spk4,U_9eb21beff6,675_700,Nyanja_NNM_Spk4_U_9eb21beff6_Utterance_13,kunena cilungamo iye sangathe kucita izo anatero soames poti ine ndinalowera pa citseko ca mumbalimu,Nyanja_NNM_Spk4_U_9eb21beff6_Utterance_13_675_700.wav,1.625
NNM,M,Spk4,U_9eb21beff6,675_700,Nyanja_NNM_Spk4_U_9eb21beff6_Utterance_14,ungathe kukhala kutali ndi ine ngati ufuna kutero nanga ni liti pamene ndakukonkako,Nyanja_NNM_Spk4_U_9eb21beff6_Utterance_14_675_700.wav,11.39
NNM,M,Spk4,U_9eb21beff6,675_700,Nyanja_NNM_Spk4_U_9eb21beff6_Utterance_15,kulibe tsiku ngakhale imodzi imene pa matsiku dzana imene ndi tsiku ya cimwemwe cotheratu ndipo ya dzuwa ikuwala kotheratu,Nyanja_NNM_Spk4_U_9eb21beff6_Utterance_15_675_700.wav,17.972
NNM,M,Spk4,U_9eb21beff6,675_700,Nyanja_NNM_Spk4_U_9eb21beff6_Utterance_16,koma kusiyana mu zonse sikuli pa zimenezo kusamaziika nzeru,Nyanja_NNM_Spk4_U_9eb21beff6_Utterance_16_675_700.wav,8.777
NNM,M,Spk4,U_9eb21beff6,675_700,Nyanja_NNM_Spk4_U_9eb21beff6_Utterance_17,ndimakupemphelera  koma sicimodzi-modzi ngati kuti iwe wekha wazipemphelera,Nyanja_NNM_Spk4_U_9eb21beff6_Utterance_17_675_700.wav,8.127
NNM,M,Spk4,U_9eb21beff6,675_700,Nyanja_NNM_Spk4_U_9eb21beff6_Utterance_18,ukuona mzanga iyi ndi nkhani ya cilombo coopsya ca pa madzi (narwhale),Nyanja_NNM_Spk4_U_9eb21beff6_Utterance_18_675_700.wav,7.941
NNM,M,Spk4,U_9eb21beff6,675_700,Nyanja_NNM_Spk4_U_9eb21beff6_Utterance_19,ndinatenga zibangili za golide zitsanu mu bokosi la cuma ndi kuzipatsa kwa iye,Nyanja_NNM_Spk4_U_9eb21beff6_Utterance_19_675_700.wav,11.378
NNM,M,Spk4,U_9eb21beff6,675_700,Nyanja_NNM_Spk4_U_9eb21beff6_Utterance_20,anali ngati bmbo wanga munjira ina koma sanali atate anga,Nyanja_NNM_Spk4_U_9eb21beff6_Utterance_20_675_700.wav,6.641
NNM,M,Spk4,U_9eb21beff6,675_700,Nyanja_NNM_Spk4_U_9eb21beff6_Utterance_21,bambo will okalamba aja ndi munthu wabwino koma ndi osauka komanso wopanda thandizo iliyonse kucokerab pameneakazi a bambo rodges anapezekera mu ngozi,Nyanja_NNM_Spk4_U_9eb21beff6_Utterance_21_675_700.wav,19.969
NNM,M,Spk4,U_9eb21beff6,675_700,Nyanja_NNM_Spk4_U_9eb21beff6_Utterance_22,ndikhulupilira kuti wakhala  mtsikana wa bwino kwambiri kucookera pomwe unacokera kuno andella,Nyanja_NNM_Spk4_U_9eb21beff6_Utterance_22_675_700.wav,1.347
NNM,M,Spk4,U_9eb21beff6,675_700,Nyanja_NNM_Spk4_U_9eb21beff6_Utterance_23,ndikunenetsa bambo harry msikana wa cicepeleyu azachuka usiku walero kodi sazachuka,Nyanja_NNM_Spk4_U_9eb21beff6_Utterance_23_675_700.wav,12.353
NNM,M,Spk4,U_9eb21beff6,675_700,Nyanja_NNM_Spk4_U_9eb21beff6_Utterance_24,ndinaganiza kuti mwina mwace nchito yanga pamene nitasiya sukulu lina nkukhala mphunzitsi wosamalira ana,Nyanja_NNM_Spk4_U_9eb21beff6_Utterance_24_675_700.wav,12.539
NNM,M,Spk4,U_9eb21beff6,675_700,Nyanja_NNM_Spk4_U_9eb21beff6_Utterance_25,iye analephera kudziwa momwe zinayenera kukhalira,Nyanja_NNM_Spk4_U_9eb21beff6_Utterance_25_675_700.wav,7.384
NNM,M,Spk4,U_9eb21beff6,650_675,Nyanja_NNM_Spk4_U_9eb21beff6_Utterance_1,pamenepo japu wacigwira  anaseka percy pamene ena anali ku kukuwa ataona pa maso pa jasper,Nyanja_NNM_Spk4_U_9eb21beff6_Utterance_1_650_675.wav,2.043
NNM,M,Spk4,U_9eb21beff6,650_675,Nyanja_NNM_Spk4_U_9eb21beff6_Utterance_2,ndimakonda kulankhula ndi karl pa nkhani ya mzinda wa new york ndi zimene munthu angathe kucita kumeneko,Nyanja_NNM_Spk4_U_9eb21beff6_Utterance_2_650_675.wav,11.39
NNM,M,Spk4,U_9eb21beff6,650_675,Nyanja_NNM_Spk4_U_9eb21beff6_Utterance_3,ukuona kuti kukonda wina wace mmene nkukondera ine cipangitsa calo conse kusintha,Nyanja_NNM_Spk4_U_9eb21beff6_Utterance_3_650_675.wav,9.195
NNM,M,Spk4,U_9eb21beff6,650_675,Nyanja_NNM_Spk4_U_9eb21beff6_Utterance_4,akaidi atacotsedwa pa ola/nthawi yoikidwa ija mpholopolo za futi zowerengeka zinalasidwa mzipupa ca miyala,Nyanja_NNM_Spk4_U_9eb21beff6_Utterance_4_650_675.wav,13.932
NNM,M,Spk4,U_9eb21beff6,650_675,Nyanja_NNM_Spk4_U_9eb21beff6_Utterance_5,kodi munalandilako mlendo wa waukada ine nisanapite,Nyanja_NNM_Spk4_U_9eb21beff6_Utterance_5_650_675.wav,7.105
NNM,M,Spk4,U_9eb21beff6,650_675,Nyanja_NNM_Spk4_U_9eb21beff6_Utterance_6,mwani zakumtima zosabvutisa kwa zaka zambiri,Nyanja_NNM_Spk4_U_9eb21beff6_Utterance_6_650_675.wav,5.944
NNM,M,Spk4,U_9eb21beff6,650_675,Nyanja_NNM_Spk4_U_9eb21beff6_Utterance_7,anthu awa oukila ungwilyo wa khristu amatsutsa/amakana atate ndi mwana ndi nchito zao zonse,Nyanja_NNM_Spk4_U_9eb21beff6_Utterance_7_650_675.wav,1.347
NNM,M,Spk4,U_9eb21beff6,650_675,Nyanja_NNM_Spk4_U_9eb21beff6_Utterance_8,pa ici yankho yace inali itaperekedwa mwamsanga-msanga ai tithokoze mulungu ai ndipo kodi zolembedwa izi ndi zanu,Nyanja_NNM_Spk4_U_9eb21beff6_Utterance_8_650_675.wav,13.282
NNM,M,Spk4,U_9eb21beff6,650_675,Nyanja_NNM_Spk4_U_9eb21beff6_Utterance_9,mwatsopano ndiri kuzigwiritsa nchito ngati zimadekho zopangidwa mwaluso mu dimba yanga,Nyanja_NNM_Spk4_U_9eb21beff6_Utterance_9_650_675.wav,0.975
NNM,M,Spk4,U_9eb21beff6,650_675,Nyanja_NNM_Spk4_U_9eb21beff6_Utterance_10,koma sizipyolera zimene ziri mu baibulo azakhali anaterodina,Nyanja_NNM_Spk4_U_9eb21beff6_Utterance_10_650_675.wav,8.22
NNM,M,Spk4,U_9eb21beff6,650_675,Nyanja_NNM_Spk4_U_9eb21beff6_Utterance_11,pa tsiku ya makhumi awiri zisanu ndi ziwiri (27) m'mwezi wa phukira mu caka ca 1837 iye analemba,Nyanja_NNM_Spk4_U_9eb21beff6_Utterance_11_650_675.wav,1.625
NNM,M,Spk4,U_9eb21beff6,650_675,Nyanja_NNM_Spk4_U_9eb21beff6_Utterance_12,pamene anaponya dzala zace zimene zinkafika pansi sizinali patali kwambiri ndi mutu wa uja amene anali kuthawa,Nyanja_NNM_Spk4_U_9eb21beff6_Utterance_12_650_675.wav,13.745
NNM,M,Spk4,U_9eb21beff6,650_675,Nyanja_NNM_Spk4_U_9eb21beff6_Utterance_13,kukumbukira kuyenera kukhala cinthu cimene cinacitika ndipo cilipo mu njira ina cofanana mwina cndi cimene cili kukumbukidwa,Nyanja_NNM_Spk4_U_9eb21beff6_Utterance_13_650_675.wav,17.833
NNM,M,Spk4,U_9eb21beff6,650_675,Nyanja_NNM_Spk4_U_9eb21beff6_Utterance_14,eeeh zolembedwa za mtundu wotani zimene nawerenga cithunzithunzi cotani cimene ndaonapo cilungamo coipa bwanji,Nyanja_NNM_Spk4_U_9eb21beff6_Utterance_14_650_675.wav,15.024
NNM,M,Spk4,U_9eb21beff6,650_675,Nyanja_NNM_Spk4_U_9eb21beff6_Utterance_15,iye analira ali kuimikira dzanja lanthor amene anali patsogoro pace pofuna kusimikidza kuti kunalibe ziwanda (zipuku) patsogoro pace,Nyanja_NNM_Spk4_U_9eb21beff6_Utterance_15_650_675.wav,18.87
NNM,M,Spk4,U_9eb21beff6,650_675,Nyanja_NNM_Spk4_U_9eb21beff6_Utterance_16,ndipo ukhala ndi ka gulu ako kakang'ono kodi ndiwe okondwera,Nyanja_NNM_Spk4_U_9eb21beff6_Utterance_16_650_675.wav,8.22
NNM,M,Spk4,U_9eb21beff6,650_675,Nyanja_NNM_Spk4_U_9eb21beff6_Utterance_17,ndimawaona akugona pansi  mopanda thandizo iliyonse akulira kulibe wina aliyense owayanka kulibe wina okusangalatsani ndi cimwemwe ca mai,Nyanja_NNM_Spk4_U_9eb21beff6_Utterance_17_650_675.wav,16.393
NNM,M,Spk4,U_9eb21beff6,650_675,Nyanja_NNM_Spk4_U_9eb21beff6_Utterance_18,nambala ya khumi nelli akukudikhilani mugone bwino amuna anga,Nyanja_NNM_Spk4_U_9eb21beff6_Utterance_18_650_675.wav,7.105
NNM,M,Spk4,U_9eb21beff6,650_675,Nyanja_NNM_Spk4_U_9eb21beff6_Utterance_19,tonsefe tinamenya ku mbali ina yace ya bwato,Nyanja_NNM_Spk4_U_9eb21beff6_Utterance_19_650_675.wav,6.641
NNM,M,Spk4,U_9eb21beff6,650_675,Nyanja_NNM_Spk4_U_9eb21beff6_Utterance_20,cokonkhapo kunabwera mpata wa oliva kuti athandizire  mu myambo,Nyanja_NNM_Spk4_U_9eb21beff6_Utterance_20_650_675.wav,5.712
NNM,M,Spk4,U_9eb21beff6,650_675,Nyanja_NNM_Spk4_U_9eb21beff6_Utterance_21,musamalileni ndipo muiwaleko za cilengedwa ca mulungu,Nyanja_NNM_Spk4_U_9eb21beff6_Utterance_21_650_675.wav,4.69
NNM,M,Spk4,U_9eb21beff6,650_675,Nyanja_NNM_Spk4_U_9eb21beff6_Utterance_22,inde ndikhulupilira kuti tili conco ndinayankha mopewetsa koma pamene tinangogwiritsa nchito kanjira koonjezedwa,Nyanja_NNM_Spk4_U_9eb21beff6_Utterance_22_650_675.wav,18.112
NNM,M,Spk4,U_9eb21beff6,650_675,Nyanja_NNM_Spk4_U_9eb21beff6_Utterance_23,mwanzeru zobadwa nazo zimene zili mwa wina aliyense nzeru zimene ziletsa wina kumaika ndalama zace pa mpikitsano wa mathamangidwe,Nyanja_NNM_Spk4_U_9eb21beff6_Utterance_23_650_675.wav,18.994
NNM,M,Spk4,U_9eb21beff6,650_675,Nyanja_NNM_Spk4_U_9eb21beff6_Utterance_24,ndinali kugwira nchito yosunga bwino mabuku a nchito pa nchito ndipo cinali capafupi kwaine kutenga cheke ndikulemba siginacala yopeeka (yabooza),Nyanja_NNM_Spk4_U_9eb21beff6_Utterance_24_650_675.wav,13.514
NNM,M,Spk4,U_9eb21beff6,650_675,Nyanja_NNM_Spk4_U_9eb21beff6_Utterance_25,kwa ka nthawi gilchrist ndi dzanja yace yoimitsidwa anayesesa kuika bwino zimene zinapezeka mu zolemba zace,Nyanja_NNM_Spk4_U_9eb21beff6_Utterance_25_650_675.wav,13.932
NNM,M,Spk4,U_1842608ade,675_700,Nyanja_NNM_Spk4_U_1842608ade_Utterance_1,mwantsopano rodolfo anakwanitsa kugwira leocadia mosamala na muika  mu citolokosi ndi mnyumba yace,Nyanja_NNM_Spk4_U_1842608ade_Utterance_1_675_700.wav,10.31
NNM,M,Spk4,U_1842608ade,675_700,Nyanja_NNM_Spk4_U_1842608ade_Utterance_2,ndi apo cabe pamene pali zinthu monga mikumbi ndi moto,Nyanja_NNM_Spk4_U_1842608ade_Utterance_2_675_700.wav,5.315
NNM,M,Spk4,U_1842608ade,675_700,Nyanja_NNM_Spk4_U_1842608ade_Utterance_3,pa ciweru pa tsiku ya khumi ndi zisanu mu mwezi wa phukira nyanja sinali yotseguka konseku ndipo kunalibe malo ali onse a kutsidya amene anali kuonekera,Nyanja_NNM_Spk4_U_1842608ade_Utterance_3_675_700.wav,14.915
NNM,M,Spk4,U_1842608ade,675_700,Nyanja_NNM_Spk4_U_1842608ade_Utterance_4,mussulmans ndi giaours anazibisa kukamwa ndi kansalu kozipukutira kumaso  ali kuseka  ndipo alibe lute pa zolilitsa zina ziri zonse,Nyanja_NNM_Spk4_U_1842608ade_Utterance_4_675_700.wav,14.69
NNM,M,Spk4,U_1842608ade,675_700,Nyanja_NNM_Spk4_U_1842608ade_Utterance_5,ndakhala wokonzekera kupita kwina kuli konse kwa miyezi isanu ndi umodzi yapitai,Nyanja_NNM_Spk4_U_1842608ade_Utterance_5_675_700.wav,8.585
NNM,M,Spk4,U_1842608ade,675_700,Nyanja_NNM_Spk4_U_1842608ade_Utterance_6,wabwera andella andella inali dzina y ka doli wa mwana jani amene anali kuyendera lozalia,Nyanja_NNM_Spk4_U_1842608ade_Utterance_6_675_700.wav,9.785
NNM,M,Spk4,U_1842608ade,675_700,Nyanja_NNM_Spk4_U_1842608ade_Utterance_7,nkhani yokhayo ya cimwemwe imene inakambidwa ndi imene pa gome(thebulo) pakati pa ine ndi naomi,Nyanja_NNM_Spk4_U_1842608ade_Utterance_7_675_700.wav,11.12
NNM,M,Spk4,U_1842608ade,675_700,Nyanja_NNM_Spk4_U_1842608ade_Utterance_8,ameneyu anali mzimai wabwino kwambiri  bambo ndipo munjira ina ndiganiza kuti anafa,Nyanja_NNM_Spk4_U_1842608ade_Utterance_8_675_700.wav,8.915
NNM,M,Spk4,U_1842608ade,675_700,Nyanja_NNM_Spk4_U_1842608ade_Utterance_9,ndili ndi mantha poti sindidziwa zambiri za malo a oz,Nyanja_NNM_Spk4_U_1842608ade_Utterance_9_675_700.wav,6.05
NNM,M,Spk4,U_1842608ade,675_700,Nyanja_NNM_Spk4_U_1842608ade_Utterance_10,ndipo siunali kufuna kukhala pafupi ndi ine,Nyanja_NNM_Spk4_U_1842608ade_Utterance_10_675_700.wav,4.775
NNM,M,Spk4,U_1842608ade,675_700,Nyanja_NNM_Spk4_U_1842608ade_Utterance_11,mzibambo analowa natenga mapepela imodzi -imodzi  pa gome imene inali ca pakati,Nyanja_NNM_Spk4_U_1842608ade_Utterance_11_675_700.wav,7.595
NNM,M,Spk4,U_1842608ade,675_700,Nyanja_NNM_Spk4_U_1842608ade_Utterance_12,ndinanva m'mafupa anga m'mawa n'tauka kuti cinthu cabwino cidzacitika,Nyanja_NNM_Spk4_U_1842608ade_Utterance_12_675_700.wav,7.445
NNM,M,Spk4,U_1842608ade,675_700,Nyanja_NNM_Spk4_U_1842608ade_Utterance_13,kunena cilungamo iye sangathe kucita izo anatero soames poti ine ndinalowera pa citseko ca mumbalimu,Nyanja_NNM_Spk4_U_1842608ade_Utterance_13_675_700.wav,11.33
NNM,M,Spk4,U_1842608ade,675_700,Nyanja_NNM_Spk4_U_1842608ade_Utterance_14,ungathe kukhala kutali ndi ine ngati ufuna kutero nanga ni liti pamene ndakukonkako,Nyanja_NNM_Spk4_U_1842608ade_Utterance_14_675_700.wav,9.02
NNM,M,Spk4,U_1842608ade,675_700,Nyanja_NNM_Spk4_U_1842608ade_Utterance_15,kulibe tsiku ngakhale imodzi imene pa matsiku dzana imene ndi tsiku ya cimwemwe cotheratu ndipo ya dzuwa ikuwala kotheratu,Nyanja_NNM_Spk4_U_1842608ade_Utterance_15_675_700.wav,14.915
NNM,M,Spk4,U_1842608ade,675_700,Nyanja_NNM_Spk4_U_1842608ade_Utterance_16,koma kusiyana mu zonse sikuli pa zimenezo kusamaziika nzeru,Nyanja_NNM_Spk4_U_1842608ade_Utterance_16_675_700.wav,7.4
NNM,M,Spk4,U_1842608ade,675_700,Nyanja_NNM_Spk4_U_1842608ade_Utterance_17,ndimakupemphelera  koma sicimodzi-modzi ngati kuti iwe wekha wazipemphelera,Nyanja_NNM_Spk4_U_1842608ade_Utterance_17_675_700.wav,7.55
NNM,M,Spk4,U_1842608ade,675_700,Nyanja_NNM_Spk4_U_1842608ade_Utterance_18,ukuona mzanga iyi ndi nkhani ya cilombo coopsya ca pa madzi (narwhale),Nyanja_NNM_Spk4_U_1842608ade_Utterance_18_675_700.wav,6.575
NNM,M,Spk4,U_1842608ade,675_700,Nyanja_NNM_Spk4_U_1842608ade_Utterance_19,ndinatenga zibangili za golide zitsanu mu bokosi la cuma ndi kuzipatsa kwa iye,Nyanja_NNM_Spk4_U_1842608ade_Utterance_19_675_700.wav,7.61
NNM,M,Spk4,U_1842608ade,675_700,Nyanja_NNM_Spk4_U_1842608ade_Utterance_20,anali ngati bmbo wanga munjira ina koma sanali atate anga,Nyanja_NNM_Spk4_U_1842608ade_Utterance_20_675_700.wav,5.885
NNM,M,Spk4,U_1842608ade,675_700,Nyanja_NNM_Spk4_U_1842608ade_Utterance_21,bambo will okalamba aja ndi munthu wabwino koma ndi osauka komanso wopanda thandizo iliyonse kucokerab pameneakazi a bambo rodges anapezekera mu ngozi,Nyanja_NNM_Spk4_U_1842608ade_Utterance_21_675_700.wav,16.985
NNM,M,Spk4,U_1842608ade,675_700,Nyanja_NNM_Spk4_U_1842608ade_Utterance_22,ndikhulupilira kuti wakhala  mtsikana wa bwino kwambiri kucookera pomwe unacokera kuno andella,Nyanja_NNM_Spk4_U_1842608ade_Utterance_22_675_700.wav,8.855
NNM,M,Spk4,U_1842608ade,675_700,Nyanja_NNM_Spk4_U_1842608ade_Utterance_23,ndikunenetsa bambo harry msikana wa cicepeleyu azachuka usiku walero kodi sazachuka,Nyanja_NNM_Spk4_U_1842608ade_Utterance_23_675_700.wav,10.22
NNM,M,Spk4,U_1842608ade,675_700,Nyanja_NNM_Spk4_U_1842608ade_Utterance_24,ndinaganiza kuti mwina mwace nchito yanga pamene nitasiya sukulu lina nkukhala mphunzitsi wosamalira ana,Nyanja_NNM_Spk4_U_1842608ade_Utterance_24_675_700.wav,11.18
NNM,M,Spk4,U_1842608ade,675_700,Nyanja_NNM_Spk4_U_1842608ade_Utterance_25,iye analephera kudziwa momwe zinayenera kukhalira,Nyanja_NNM_Spk4_U_1842608ade_Utterance_25_675_700.wav,6.185
NNM,M,Spk4,U_1842608ade,650_675,Nyanja_NNM_Spk4_U_1842608ade_Utterance_1,pamenepo japu wacigwira  anaseka percy pamene ena anali ku kukuwa ataona pa maso pa jasper,Nyanja_NNM_Spk4_U_1842608ade_Utterance_1_650_675.wav,8.45
NNM,M,Spk4,U_1842608ade,650_675,Nyanja_NNM_Spk4_U_1842608ade_Utterance_2,ndimakonda kulankhula ndi karl pa nkhani ya mzinda wa new york ndi zimene munthu angathe kucita kumeneko,Nyanja_NNM_Spk4_U_1842608ade_Utterance_2_650_675.wav,9.815
NNM,M,Spk4,U_1842608ade,650_675,Nyanja_NNM_Spk4_U_1842608ade_Utterance_3,ukuona kuti kukonda wina wace mmene nkukondera ine cipangitsa calo conse kusintha,Nyanja_NNM_Spk4_U_1842608ade_Utterance_3_650_675.wav,8.405
NNM,M,Spk4,U_1842608ade,650_675,Nyanja_NNM_Spk4_U_1842608ade_Utterance_4,akaidi atacotsedwa pa ola/nthawi yoikidwa ija mpholopolo za futi zowerengeka zinalasidwa mzipupa ca miyala,Nyanja_NNM_Spk4_U_1842608ade_Utterance_4_650_675.wav,12.14
NNM,M,Spk4,U_1842608ade,650_675,Nyanja_NNM_Spk4_U_1842608ade_Utterance_5,kodi munalandilako mlendo wa waukada ine nisanapite,Nyanja_NNM_Spk4_U_1842608ade_Utterance_5_650_675.wav,5.975
NNM,M,Spk4,U_1842608ade,650_675,Nyanja_NNM_Spk4_U_1842608ade_Utterance_6,mwani zakumtima zosabvutisa kwa zaka zambiri,Nyanja_NNM_Spk4_U_1842608ade_Utterance_6_650_675.wav,4.505
NNM,M,Spk4,U_1842608ade,650_675,Nyanja_NNM_Spk4_U_1842608ade_Utterance_7,anthu awa oukila ungwilyo wa khristu amatsutsa/amakana atate ndi mwana ndi nchito zao zonse,Nyanja_NNM_Spk4_U_1842608ade_Utterance_7_650_675.wav,9.41
NNM,M,Spk4,U_1842608ade,650_675,Nyanja_NNM_Spk4_U_1842608ade_Utterance_8,pa ici yankho yace inali itaperekedwa mwamsanga-msanga ai tithokoze mulungu ai ndipo kodi zolembedwa izi ndi zanu,Nyanja_NNM_Spk4_U_1842608ade_Utterance_8_650_675.wav,11.555
NNM,M,Spk4,U_1842608ade,650_675,Nyanja_NNM_Spk4_U_1842608ade_Utterance_9,mwatsopano ndiri kuzigwiritsa nchito ngati zimadekho zopangidwa mwaluso mu dimba yanga,Nyanja_NNM_Spk4_U_1842608ade_Utterance_9_650_675.wav,8.435
NNM,M,Spk4,U_1842608ade,650_675,Nyanja_NNM_Spk4_U_1842608ade_Utterance_10,koma sizipyolera zimene ziri mu baibulo azakhali anaterodina,Nyanja_NNM_Spk4_U_1842608ade_Utterance_10_650_675.wav,7.205
NNM,M,Spk4,U_1842608ade,650_675,Nyanja_NNM_Spk4_U_1842608ade_Utterance_11,pa tsiku ya makhumi awiri zisanu ndi ziwiri (27) m'mwezi wa phukira mu caka ca 1837 iye analemba,Nyanja_NNM_Spk4_U_1842608ade_Utterance_11_650_675.wav,10.79
NNM,M,Spk4,U_1842608ade,650_675,Nyanja_NNM_Spk4_U_1842608ade_Utterance_12,pamene anaponya dzala zace zimene zinkafika pansi sizinali patali kwambiri ndi mutu wa uja amene anali kuthawa,Nyanja_NNM_Spk4_U_1842608ade_Utterance_12_650_675.wav,11.84
NNM,M,Spk4,U_1842608ade,650_675,Nyanja_NNM_Spk4_U_1842608ade_Utterance_13,kukumbukira kuyenera kukhala cinthu cimene cinacitika ndipo cilipo mu njira ina cofanana mwina cndi cimene cili kukumbukidwa,Nyanja_NNM_Spk4_U_1842608ade_Utterance_13_650_675.wav,12.125
NNM,M,Spk4,U_1842608ade,650_675,Nyanja_NNM_Spk4_U_1842608ade_Utterance_14,eeeh zolembedwa za mtundu wotani zimene nawerenga cithunzithunzi cotani cimene ndaonapo cilungamo coipa bwanji,Nyanja_NNM_Spk4_U_1842608ade_Utterance_14_650_675.wav,13.355
NNM,M,Spk4,U_1842608ade,650_675,Nyanja_NNM_Spk4_U_1842608ade_Utterance_15,iye analira ali kuimikira dzanja lanthor amene anali patsogoro pace pofuna kusimikidza kuti kunalibe ziwanda (zipuku) patsogoro pace,Nyanja_NNM_Spk4_U_1842608ade_Utterance_15_650_675.wav,13.49
NNM,M,Spk4,U_1842608ade,650_675,Nyanja_NNM_Spk4_U_1842608ade_Utterance_16,ndipo ukhala ndi ka gulu ako kakang'ono kodi ndiwe okondwera,Nyanja_NNM_Spk4_U_1842608ade_Utterance_16_650_675.wav,6.62
NNM,M,Spk4,U_1842608ade,650_675,Nyanja_NNM_Spk4_U_1842608ade_Utterance_17,ndimawaona akugona pansi  mopanda thandizo iliyonse akulira kulibe wina aliyense owayanka kulibe wina okusangalatsani ndi cimwemwe ca mai,Nyanja_NNM_Spk4_U_1842608ade_Utterance_17_650_675.wav,16.34
NNM,M,Spk4,U_1842608ade,650_675,Nyanja_NNM_Spk4_U_1842608ade_Utterance_18,nambala ya khumi nelli akukudikhilani mugone bwino amuna anga,Nyanja_NNM_Spk4_U_1842608ade_Utterance_18_650_675.wav,7.055
NNM,M,Spk4,U_1842608ade,650_675,Nyanja_NNM_Spk4_U_1842608ade_Utterance_19,tonsefe tinamenya ku mbali ina yace ya bwato,Nyanja_NNM_Spk4_U_1842608ade_Utterance_19_650_675.wav,5.525
NNM,M,Spk4,U_1842608ade,650_675,Nyanja_NNM_Spk4_U_1842608ade_Utterance_20,cokonkhapo kunabwera mpata wa oliva kuti athandizire  mu myambo,Nyanja_NNM_Spk4_U_1842608ade_Utterance_20_650_675.wav,6.8
NNM,M,Spk4,U_1842608ade,650_675,Nyanja_NNM_Spk4_U_1842608ade_Utterance_21,musamalileni ndipo muiwaleko za cilengedwa ca mulungu,Nyanja_NNM_Spk4_U_1842608ade_Utterance_21_650_675.wav,6.215
NNM,M,Spk4,U_1842608ade,650_675,Nyanja_NNM_Spk4_U_1842608ade_Utterance_22,inde ndikhulupilira kuti tili conco ndinayankha mopewetsa koma pamene tinangogwiritsa nchito kanjira koonjezedwa,Nyanja_NNM_Spk4_U_1842608ade_Utterance_22_650_675.wav,12.44
NNM,M,Spk4,U_1842608ade,650_675,Nyanja_NNM_Spk4_U_1842608ade_Utterance_23,mwanzeru zobadwa nazo zimene zili mwa wina aliyense nzeru zimene ziletsa wina kumaika ndalama zace pa mpikitsano wa mathamangidwe,Nyanja_NNM_Spk4_U_1842608ade_Utterance_23_650_675.wav,14.585
NNM,M,Spk4,U_1842608ade,650_675,Nyanja_NNM_Spk4_U_1842608ade_Utterance_24,ndinali kugwira nchito yosunga bwino mabuku a nchito pa nchito ndipo cinali capafupi kwaine kutenga cheke ndikulemba siginacala yopeeka (yabooza),Nyanja_NNM_Spk4_U_1842608ade_Utterance_24_650_675.wav,14.255
NNM,M,Spk4,U_1842608ade,650_675,Nyanja_NNM_Spk4_U_1842608ade_Utterance_25,kwa ka nthawi gilchrist ndi dzanja yace yoimitsidwa anayesesa kuika bwino zimene zinapezeka mu zolemba zace,Nyanja_NNM_Spk4_U_1842608ade_Utterance_25_650_675.wav,12.643
NNM,M,Spk6,U_032c9c3a16,750_775,Nyanja_NNM_Spk6_U_032c9c3a16_Utterance_1,obvina nyimbo anayamba ndipo kunveka kwace kunali kokooma kwambiri,Nyanja_NNM_Spk6_U_032c9c3a16_Utterance_1_750_775.wav,8.522
NNM,M,Spk6,U_032c9c3a16,750_775,Nyanja_NNM_Spk6_U_032c9c3a16_Utterance_2,sindine omasuka pa cimeneco kaya nciani sindingathe ndi kubisa komwe,Nyanja_NNM_Spk6_U_032c9c3a16_Utterance_2_750_775.wav,9.013
NNM,M,Spk6,U_032c9c3a16,750_775,Nyanja_NNM_Spk6_U_032c9c3a16_Utterance_3,mbava ya panyanja inati mfumu nandiyangana mwaukali,Nyanja_NNM_Spk6_U_032c9c3a16_Utterance_3_750_775.wav,8.318
NNM,M,Spk6,U_032c9c3a16,750_775,Nyanja_NNM_Spk6_U_032c9c3a16_Utterance_4,mwwaico osalankhula nane pa za momwe muonera zinthu kapena za phindu lace kutsogoro,Nyanja_NNM_Spk6_U_032c9c3a16_Utterance_4_750_775.wav,11.397
NNM,M,Spk6,U_032c9c3a16,750_775,Nyanja_NNM_Spk6_U_032c9c3a16_Utterance_5,mbili yazoona kukhala zinthu zonse zimene onena mbiliyo akumana nazo mu zonse,Nyanja_NNM_Spk6_U_032c9c3a16_Utterance_5_750_775.wav,10.181
NNM,M,Spk6,U_032c9c3a16,750_775,Nyanja_NNM_Spk6_U_032c9c3a16_Utterance_6,kuli mtsikana wina amene akhala akubwera pano kawiri kuti alankhuzane ndi anyamata anga koma ndakana kumlola kucita tero,Nyanja_NNM_Spk6_U_032c9c3a16_Utterance_6_750_775.wav,16.851
NNM,M,Spk6,U_032c9c3a16,750_775,Nyanja_NNM_Spk6_U_032c9c3a16_Utterance_7,kwambiri ndithu iye yekha akuoneka ngati olemekezeka ndiponso ngati mphunzitsi,Nyanja_NNM_Spk6_U_032c9c3a16_Utterance_7_750_775.wav,9.457
NNM,M,Spk6,U_032c9c3a16,750_775,Nyanja_NNM_Spk6_U_032c9c3a16_Utterance_8,tinakhala pamodzi ndi kwa knthawi kakang'ono titadya cakudya ca m'madzulo napita kumbali kwa nyanja,Nyanja_NNM_Spk6_U_032c9c3a16_Utterance_8_750_775.wav,12.514
NNM,M,Spk6,U_032c9c3a16,750_775,Nyanja_NNM_Spk6_U_032c9c3a16_Utterance_9,ndipo anapanga molowetsa nzimbe yace mwapang'ono ca ku holo yabrandon pamaphewa ace,Nyanja_NNM_Spk6_U_032c9c3a16_Utterance_9_750_775.wav,10.61
NNM,M,Spk6,U_032c9c3a16,750_775,Nyanja_NNM_Spk6_U_032c9c3a16_Utterance_10,ndi m'mene mu mphweya mumakhalira itafika ulemelero uyu kuti cikhale cothera,Nyanja_NNM_Spk6_U_032c9c3a16_Utterance_10_750_775.wav,10.305
NNM,M,Spk6,U_032c9c3a16,750_775,Nyanja_NNM_Spk6_U_032c9c3a16_Utterance_11,comela ciliconse mmaudzu cimaikidwa mwaubwino cimakula bwino ndipo cingathe kukhala comwe mukufuna kopanda bvuto lililonse,Nyanja_NNM_Spk6_U_032c9c3a16_Utterance_11_750_775.wav,17.06
NNM,M,Spk6,U_032c9c3a16,750_775,Nyanja_NNM_Spk6_U_032c9c3a16_Utterance_12,nyimbo za lamya yace zinalila mosangalatsa m'matu mwa warrenton ndipo posacedwa cibwenzi cabwino cinayamba pakati pao,Nyanja_NNM_Spk6_U_032c9c3a16_Utterance_12_750_775.wav,0.561
NNM,M,Spk6,U_032c9c3a16,750_775,Nyanja_NNM_Spk6_U_032c9c3a16_Utterance_13,ntaona kuti ndili bwino kwambiri  nanenso ningathe kupita kukaona a mfumu,Nyanja_NNM_Spk6_U_032c9c3a16_Utterance_13_750_775.wav,9.512
NNM,M,Spk6,U_032c9c3a16,750_775,Nyanja_NNM_Spk6_U_032c9c3a16_Utterance_14,pomwepo kwangwala anauluka kuchoka pa msambo anali namthamangila mwansanga-msanga,Nyanja_NNM_Spk6_U_032c9c3a16_Utterance_14_750_775.wav,11.489
NNM,M,Spk6,U_032c9c3a16,750_775,Nyanja_NNM_Spk6_U_032c9c3a16_Utterance_15,kodi cikutanthauza kuti kuthetsa cikondi ikani  pendulous pakati pa zolilitsa ndi zolilitsa,Nyanja_NNM_Spk6_U_032c9c3a16_Utterance_15_750_775.wav,11.135
NNM,M,Spk6,U_032c9c3a16,750_775,Nyanja_NNM_Spk6_U_032c9c3a16_Utterance_16,ndipo ndizapatsa ii lamulo yakuti anthu anga sazausiyani konse,Nyanja_NNM_Spk6_U_032c9c3a16_Utterance_16_750_775.wav,8.936
NNM,M,Spk6,U_032c9c3a16,750_775,Nyanja_NNM_Spk6_U_032c9c3a16_Utterance_17,mocedwa ku mapatsidwe a moni pa calo  mofulumira ndi ngati angelo alankhula,Nyanja_NNM_Spk6_U_032c9c3a16_Utterance_17_750_775.wav,11.626
NNM,M,Spk6,U_032c9c3a16,750_775,Nyanja_NNM_Spk6_U_032c9c3a16_Utterance_18,ndipo muzicitidwe zace zakumathero anagwera mu cimo cakale co zikweza,Nyanja_NNM_Spk6_U_032c9c3a16_Utterance_18_750_775.wav,13.665
NNM,M,Spk6,U_032c9c3a16,750_775,Nyanja_NNM_Spk6_U_032c9c3a16_Utterance_19,kulibe wina osapambana apo amene angakhale nao mpata,Nyanja_NNM_Spk6_U_032c9c3a16_Utterance_19_750_775.wav,7.688
NNM,M,Spk6,U_032c9c3a16,750_775,Nyanja_NNM_Spk6_U_032c9c3a16_Utterance_20,amagwiridzanitsa zinthu zonse ndipo nthawi zina muzandipedza ndikuwaitana kuti odziwa kwambiri za mitundu nthawi zina akatwiri a chiaroscurist,Nyanja_NNM_Spk6_U_032c9c3a16_Utterance_20_750_775.wav,25.288
NNM,M,Spk6,U_032c9c3a16,750_775,Nyanja_NNM_Spk6_U_032c9c3a16_Utterance_21,ma dalaware ndi ana afulu ndipo akupambana mbawala kathamangidwe,Nyanja_NNM_Spk6_U_032c9c3a16_Utterance_21_750_775.wav,10.348
NNM,M,Spk6,U_032c9c3a16,750_775,Nyanja_NNM_Spk6_U_032c9c3a16_Utterance_22,mu mbale momwemo iye anathiramo zinthu kucokera mu zikopo sosiyana-siyana,Nyanja_NNM_Spk6_U_032c9c3a16_Utterance_22_750_775.wav,13.831
NNM,M,Spk6,U_032c9c3a16,750_775,Nyanja_NNM_Spk6_U_032c9c3a16_Utterance_23,tikufunitsitsa kulankhula  naye anatero kenneth lankhulani,Nyanja_NNM_Spk6_U_032c9c3a16_Utterance_23_750_775.wav,5.747
NNM,M,Spk6,U_032c9c3a16,750_775,Nyanja_NNM_Spk6_U_032c9c3a16_Utterance_24,ai bambo akalibe kupita kuli rosseter ku kaona bambo west(madzulo) omwe ndi aphindu kwambiri pa nkhani ya ubweya,Nyanja_NNM_Spk6_U_032c9c3a16_Utterance_24_750_775.wav,15.041
NNM,M,Spk6,U_032c9c3a16,750_775,Nyanja_NNM_Spk6_U_032c9c3a16_Utterance_25,m'mene wa fililira kucookera pamene unabwera kunyumba kunodilakalaka kutikuti ndinali ndi ogwira nchito yothamanga kuti mwina andimweteleko udzu mu ochadi(malo amene mmuli zipatso zosiyana siyana),Nyanja_NNM_Spk6_U_032c9c3a16_Utterance_25_750_775.wav,32.824
NNM,M,Spk6,U_032c9c3a16,775_800,Nyanja_NNM_Spk6_U_032c9c3a16_Utterance_1,mayendedwe amenewa sanali a bambo gamewell acikulile mwana iwe tsiku ino yafika/yaonekera pooyera,Nyanja_NNM_Spk6_U_032c9c3a16_Utterance_1_775_800.wav,10.414
NNM,M,Spk6,U_032c9c3a16,775_800,Nyanja_NNM_Spk6_U_032c9c3a16_Utterance_2,iwo analondola kaidi mnjira zosiyana-siyana zimene zinkanakumana,Nyanja_NNM_Spk6_U_032c9c3a16_Utterance_2_775_800.wav,8.443
NNM,M,Spk6,U_032c9c3a16,775_800,Nyanja_NNM_Spk6_U_032c9c3a16_Utterance_3,atangorowa mu cipinda ca mpeni wa ukulu a boolooroo anakuuwa mosakhutilitsidwa,Nyanja_NNM_Spk6_U_032c9c3a16_Utterance_3_775_800.wav,11.122
NNM,M,Spk6,U_032c9c3a16,775_800,Nyanja_NNM_Spk6_U_032c9c3a16_Utterance_4,atadwala ndi kubvutika okondedwa anabvutika mu maganizo ndipo anaopa kwambiri,Nyanja_NNM_Spk6_U_032c9c3a16_Utterance_4_775_800.wav,11.134
NNM,M,Spk6,U_032c9c3a16,775_800,Nyanja_NNM_Spk6_U_032c9c3a16_Utterance_5,mutu wa kamsikana kamene kanali kusoka ndi cimene cinalengetsa kuti kakhale kofuna kudziwitsitsa.,Nyanja_NNM_Spk6_U_032c9c3a16_Utterance_5_775_800.wav,16.753
NNM,M,Spk6,U_032c9c3a16,775_800,Nyanja_NNM_Spk6_U_032c9c3a16_Utterance_6,izo zinali koma kulila kwa mitengo imene inali kuthonya madzi mumdima,Nyanja_NNM_Spk6_U_032c9c3a16_Utterance_6_775_800.wav,10.879
NNM,M,Spk6,U_032c9c3a16,775_800,Nyanja_NNM_Spk6_U_032c9c3a16_Utterance_7,philipo motero anawerenga mokwanira mu nyumba yosungilamo mabuku yocedwa astor  naganizira pa za kulemba mabuku yowerengedwa yamene yazapangitsa anthu kuonetsa cifunilo cofuna kudziwa ndipo anaonetsadi nzeru zace zakuya,Nyanja_NNM_Spk6_U_032c9c3a16_Utterance_7_775_800.wav,34.83
NNM,M,Spk6,U_032c9c3a16,775_800,Nyanja_NNM_Spk6_U_032c9c3a16_Utterance_8,kukhala tero(ndi moyo) kapena ai iyo ndiyo funso ngati mwina cili coyenera,Nyanja_NNM_Spk6_U_032c9c3a16_Utterance_8_775_800.wav,8.696
NNM,M,Spk6,U_032c9c3a16,775_800,Nyanja_NNM_Spk6_U_032c9c3a16_Utterance_9,robin analowa mnyumba akuguuza ompelekedza amene sanali kufuna,Nyanja_NNM_Spk6_U_032c9c3a16_Utterance_9_775_800.wav,7.407
NNM,M,Spk6,U_032c9c3a16,775_800,Nyanja_NNM_Spk6_U_032c9c3a16_Utterance_10,kodi mwawafunsa amake pa za nchito imene mufuna kumacita kutsogoroku ndikhulupilira nchitoyo ndiyo imene afuna,Nyanja_NNM_Spk6_U_032c9c3a16_Utterance_10_775_800.wav,18.634
NNM,M,Spk6,U_032c9c3a16,775_800,Nyanja_NNM_Spk6_U_032c9c3a16_Utterance_11,mu maganizo anga mwakhala muli cinthu coipa cimene sindinvetsetsa pa ma ndeu a mumabanja,Nyanja_NNM_Spk6_U_032c9c3a16_Utterance_11_775_800.wav,14.977
NNM,M,Spk6,U_032c9c3a16,775_800,Nyanja_NNM_Spk6_U_032c9c3a16_Utterance_12,muzandinyamulako ndi kupita nane pamodzin ndi inu kodi muzatero a gulu locedwa count,Nyanja_NNM_Spk6_U_032c9c3a16_Utterance_12_775_800.wav,8.522
NNM,M,Spk6,U_032c9c3a16,775_800,Nyanja_NNM_Spk6_U_032c9c3a16_Utterance_13,kodi mwina mungakhale odabwa kodi mungathe kuyamba zopanga zanu,Nyanja_NNM_Spk6_U_032c9c3a16_Utterance_13_775_800.wav,5.991
NNM,M,Spk6,U_032c9c3a16,775_800,Nyanja_NNM_Spk6_U_032c9c3a16_Utterance_14,umodzi mwa ife amakhalabe mbwato pamene ena atafika kale ku mtunda,Nyanja_NNM_Spk6_U_032c9c3a16_Utterance_14_775_800.wav,4.621
NNM,M,Spk6,U_032c9c3a16,775_800,Nyanja_NNM_Spk6_U_032c9c3a16_Utterance_15,koma mdima umene utayamba kukula mu cipinda ca sukulu unamubitsa maganizo ace belu inalira,Nyanja_NNM_Spk6_U_032c9c3a16_Utterance_15_775_800.wav,12.817
NNM,M,Spk6,U_032c9c3a16,775_800,Nyanja_NNM_Spk6_U_032c9c3a16_Utterance_16,anapita apo ndi kuli konse atakhutilitsidwa kotheratu,Nyanja_NNM_Spk6_U_032c9c3a16_Utterance_16_775_800.wav,6.85
NNM,M,Spk6,U_032c9c3a16,775_800,Nyanja_NNM_Spk6_U_032c9c3a16_Utterance_17,nafa koma ndikudandaula ndipo palibe amene akunva mau angaaaa,Nyanja_NNM_Spk6_U_032c9c3a16_Utterance_17_775_800.wav,5.77
NNM,M,Spk6,U_032c9c3a16,775_800,Nyanja_NNM_Spk6_U_032c9c3a16_Utterance_18,pa nthawi imeneyo wacinyamata analowa atanyamula cinthu ca cikulu cobitsidwa ndi ka dunswa ka cinthu kobiliwira,Nyanja_NNM_Spk6_U_032c9c3a16_Utterance_18_775_800.wav,0.929
NNM,M,Spk6,U_032c9c3a16,775_800,Nyanja_NNM_Spk6_U_032c9c3a16_Utterance_19,angathe kuunguza/kuonetsetsa ma pepalawa mu ofesi yao,Nyanja_NNM_Spk6_U_032c9c3a16_Utterance_19_775_800.wav,5.851
NNM,M,Spk6,U_032c9c3a16,775_800,Nyanja_NNM_Spk6_U_032c9c3a16_Utterance_20,mphepete mwa ka njira kopita mu mzinda anyamata acicepele ali kusekelera anali kupita,Nyanja_NNM_Spk6_U_032c9c3a16_Utterance_20_775_800.wav,11.006
NNM,M,Spk6,U_032c9c3a16,775_800,Nyanja_NNM_Spk6_U_032c9c3a16_Utterance_21,anaima mwamsanga-msanga ndi kusonyeza cizindikilo ndi ziwalo za thupi lao mozikweza cimene cinalengesa alendo ao kukooka mpweeya modabwa,Nyanja_NNM_Spk6_U_032c9c3a16_Utterance_21_775_800.wav,21.502
NNM,M,Spk6,U_032c9c3a16,775_800,Nyanja_NNM_Spk6_U_032c9c3a16_Utterance_22,koma phindu yace yeni=yeni ndi citonthozo ca mau athu pa macimo ao ndiyotaika pakati pao,Nyanja_NNM_Spk6_U_032c9c3a16_Utterance_22_775_800.wav,15.616
NNM,M,Spk6,U_032c9c3a16,775_800,Nyanja_NNM_Spk6_U_032c9c3a16_Utterance_23,kucokera ku zikwi madzana asanu zapakhosi atatu achimwemwe analowa molondolana,Nyanja_NNM_Spk6_U_032c9c3a16_Utterance_23_775_800.wav,12.434
NNM,M,Spk6,U_032c9c3a16,775_800,Nyanja_NNM_Spk6_U_032c9c3a16_Utterance_24,pamene ninali pafupi kufika ku cipinda cako ndinaonetsetsa/ ndinaunguza-unguza dzenera yako,Nyanja_NNM_Spk6_U_032c9c3a16_Utterance_24_775_800.wav,10.786
NNM,M,Spk6,U_032c9c3a16,775_800,Nyanja_NNM_Spk6_U_032c9c3a16_Utterance_25,kodi ncifukwa ninji tingamaletserana mu m'malo momwe ena mwaife akhala-,Nyanja_NNM_Spk6_U_032c9c3a16_Utterance_25_775_800.wav,8.603
NNM,M,Spk6,U_d434b526ae,750_775,Nyanja_NNM_Spk6_U_d434b526ae_Utterance_1,obvina nyimbo anayamba ndipo kunveka kwace kunali kokooma kwambiri,Nyanja_NNM_Spk6_U_d434b526ae_Utterance_1_750_775.wav,8.945
NNM,M,Spk6,U_d434b526ae,750_775,Nyanja_NNM_Spk6_U_d434b526ae_Utterance_2,sindine omasuka pa cimeneco kaya nciani sindingathe ndi kubisa komwe,Nyanja_NNM_Spk6_U_d434b526ae_Utterance_2_750_775.wav,6.596
NNM,M,Spk6,U_d434b526ae,750_775,Nyanja_NNM_Spk6_U_d434b526ae_Utterance_3,mbava ya panyanja inati mfumu nandiyangana mwaukali,Nyanja_NNM_Spk6_U_d434b526ae_Utterance_3_750_775.wav,3.84
NNM,M,Spk6,U_d434b526ae,750_775,Nyanja_NNM_Spk6_U_d434b526ae_Utterance_4,mwwaico osalankhula nane pa za momwe muonera zinthu kapena za phindu lace kutsogoro,Nyanja_NNM_Spk6_U_d434b526ae_Utterance_4_750_775.wav,7.87
NNM,M,Spk6,U_d434b526ae,750_775,Nyanja_NNM_Spk6_U_d434b526ae_Utterance_5,mbili yazoona kukhala zinthu zonse zimene onena mbiliyo akumana nazo mu zonse,Nyanja_NNM_Spk6_U_d434b526ae_Utterance_5_750_775.wav,7.5
NNM,M,Spk6,U_d434b526ae,750_775,Nyanja_NNM_Spk6_U_d434b526ae_Utterance_6,kuli mtsikana wina amene akhala akubwera pano kawiri kuti alankhuzane ndi anyamata anga koma ndakana kumlola kucita tero,Nyanja_NNM_Spk6_U_d434b526ae_Utterance_6_750_775.wav,9.485
NNM,M,Spk6,U_d434b526ae,750_775,Nyanja_NNM_Spk6_U_d434b526ae_Utterance_7,kwambiri ndithu iye yekha akuoneka ngati olemekezeka ndiponso ngati mphunzitsi,Nyanja_NNM_Spk6_U_d434b526ae_Utterance_7_750_775.wav,8.719
NNM,M,Spk6,U_d434b526ae,750_775,Nyanja_NNM_Spk6_U_d434b526ae_Utterance_8,tinakhala pamodzi ndi kwa knthawi kakang'ono titadya cakudya ca m'madzulo napita kumbali kwa nyanja,Nyanja_NNM_Spk6_U_d434b526ae_Utterance_8_750_775.wav,5.24
NNM,M,Spk6,U_d434b526ae,750_775,Nyanja_NNM_Spk6_U_d434b526ae_Utterance_9,ndipo anapanga molowetsa nzimbe yace mwapang'ono ca ku holo yabrandon pamaphewa ace,Nyanja_NNM_Spk6_U_d434b526ae_Utterance_9_750_775.wav,6.62
NNM,M,Spk6,U_d434b526ae,750_775,Nyanja_NNM_Spk6_U_d434b526ae_Utterance_10,ndi m'mene mu mphweya mumakhalira itafika ulemelero uyu kuti cikhale cothera,Nyanja_NNM_Spk6_U_d434b526ae_Utterance_10_750_775.wav,5.435
NNM,M,Spk6,U_d434b526ae,750_775,Nyanja_NNM_Spk6_U_d434b526ae_Utterance_11,comela ciliconse mmaudzu cimaikidwa mwaubwino cimakula bwino ndipo cingathe kukhala comwe mukufuna kopanda bvuto lililonse,Nyanja_NNM_Spk6_U_d434b526ae_Utterance_11_750_775.wav,8.03
NNM,M,Spk6,U_d434b526ae,750_775,Nyanja_NNM_Spk6_U_d434b526ae_Utterance_12,nyimbo za lamya yace zinalila mosangalatsa m'matu mwa warrenton ndipo posacedwa cibwenzi cabwino cinayamba pakati pao,Nyanja_NNM_Spk6_U_d434b526ae_Utterance_12_750_775.wav,8.93
NNM,M,Spk6,U_d434b526ae,750_775,Nyanja_NNM_Spk6_U_d434b526ae_Utterance_13,ntaona kuti ndili bwino kwambiri  nanenso ningathe kupita kukaona a mfumu,Nyanja_NNM_Spk6_U_d434b526ae_Utterance_13_750_775.wav,5.15
NNM,M,Spk6,U_d434b526ae,750_775,Nyanja_NNM_Spk6_U_d434b526ae_Utterance_14,pomwepo kwangwala anauluka kuchoka pa msambo anali namthamangila mwansanga-msanga,Nyanja_NNM_Spk6_U_d434b526ae_Utterance_14_750_775.wav,6.47
NNM,M,Spk6,U_d434b526ae,750_775,Nyanja_NNM_Spk6_U_d434b526ae_Utterance_15,kodi cikutanthauza kuti kuthetsa cikondi ikani  pendulous pakati pa zolilitsa ndi zolilitsa,Nyanja_NNM_Spk6_U_d434b526ae_Utterance_15_750_775.wav,7.955
NNM,M,Spk6,U_d434b526ae,750_775,Nyanja_NNM_Spk6_U_d434b526ae_Utterance_16,ndipo ndizapatsa ii lamulo yakuti anthu anga sazausiyani konse,Nyanja_NNM_Spk6_U_d434b526ae_Utterance_16_750_775.wav,5.885
NNM,M,Spk6,U_d434b526ae,750_775,Nyanja_NNM_Spk6_U_d434b526ae_Utterance_17,mocedwa ku mapatsidwe a moni pa calo  mofulumira ndi ngati angelo alankhula,Nyanja_NNM_Spk6_U_d434b526ae_Utterance_17_750_775.wav,6.71
NNM,M,Spk6,U_d434b526ae,750_775,Nyanja_NNM_Spk6_U_d434b526ae_Utterance_18,ndipo muzicitidwe zace zakumathero anagwera mu cimo cakale co zikweza,Nyanja_NNM_Spk6_U_d434b526ae_Utterance_18_750_775.wav,7.805
NNM,M,Spk6,U_d434b526ae,750_775,Nyanja_NNM_Spk6_U_d434b526ae_Utterance_19,kulibe wina osapambana apo amene angakhale nao mpata,Nyanja_NNM_Spk6_U_d434b526ae_Utterance_19_750_775.wav,4.49
NNM,M,Spk6,U_d434b526ae,750_775,Nyanja_NNM_Spk6_U_d434b526ae_Utterance_20,amagwiridzanitsa zinthu zonse ndipo nthawi zina muzandipedza ndikuwaitana kuti odziwa kwambiri za mitundu nthawi zina akatwiri a chiaroscurist,Nyanja_NNM_Spk6_U_d434b526ae_Utterance_20_750_775.wav,13.745
NNM,M,Spk6,U_d434b526ae,750_775,Nyanja_NNM_Spk6_U_d434b526ae_Utterance_21,ma dalaware ndi ana afulu ndipo akupambana mbawala kathamangidwe,Nyanja_NNM_Spk6_U_d434b526ae_Utterance_21_750_775.wav,5.735
NNM,M,Spk6,U_d434b526ae,750_775,Nyanja_NNM_Spk6_U_d434b526ae_Utterance_22,mu mbale momwemo iye anathiramo zinthu kucokera mu zikopo sosiyana-siyana,Nyanja_NNM_Spk6_U_d434b526ae_Utterance_22_750_775.wav,6.065
NNM,M,Spk6,U_d434b526ae,750_775,Nyanja_NNM_Spk6_U_d434b526ae_Utterance_23,tikufunitsitsa kulankhula  naye anatero kenneth lankhulani,Nyanja_NNM_Spk6_U_d434b526ae_Utterance_23_750_775.wav,5.99
NNM,M,Spk6,U_d434b526ae,750_775,Nyanja_NNM_Spk6_U_d434b526ae_Utterance_24,ai bambo akalibe kupita kuli rosseter ku kaona bambo west(madzulo) omwe ndi aphindu kwambiri pa nkhani ya ubweya,Nyanja_NNM_Spk6_U_d434b526ae_Utterance_24_750_775.wav,8.525
NNM,M,Spk6,U_d434b526ae,750_775,Nyanja_NNM_Spk6_U_d434b526ae_Utterance_25,m'mene wa fililira kucookera pamene unabwera kunyumba kunodilakalaka kutikuti ndinali ndi ogwira nchito yothamanga kuti mwina andimweteleko udzu mu ochadi(malo amene mmuli zipatso zosiyana siyana),Nyanja_NNM_Spk6_U_d434b526ae_Utterance_25_750_775.wav,20.24
NNM,M,Spk6,U_d434b526ae,775_800,Nyanja_NNM_Spk6_U_d434b526ae_Utterance_1,mayendedwe amenewa sanali a bambo gamewell acikulile mwana iwe tsiku ino yafika/yaonekera pooyera,Nyanja_NNM_Spk6_U_d434b526ae_Utterance_1_775_800.wav,10.265
NNM,M,Spk6,U_d434b526ae,775_800,Nyanja_NNM_Spk6_U_d434b526ae_Utterance_2,iwo analondola kaidi mnjira zosiyana-siyana zimene zinkanakumana,Nyanja_NNM_Spk6_U_d434b526ae_Utterance_2_775_800.wav,6.11
NNM,M,Spk6,U_d434b526ae,775_800,Nyanja_NNM_Spk6_U_d434b526ae_Utterance_3,atangorowa mu cipinda ca mpeni wa ukulu a boolooroo anakuuwa mosakhutilitsidwa,Nyanja_NNM_Spk6_U_d434b526ae_Utterance_3_775_800.wav,8.855
NNM,M,Spk6,U_d434b526ae,775_800,Nyanja_NNM_Spk6_U_d434b526ae_Utterance_4,atadwala ndi kubvutika okondedwa anabvutika mu maganizo ndipo anaopa kwambiri,Nyanja_NNM_Spk6_U_d434b526ae_Utterance_4_775_800.wav,8.135
NNM,M,Spk6,U_d434b526ae,775_800,Nyanja_NNM_Spk6_U_d434b526ae_Utterance_5,mutu wa kamsikana kamene kanali kusoka ndi cimene cinalengetsa kuti kakhale kofuna kudziwitsitsa.,Nyanja_NNM_Spk6_U_d434b526ae_Utterance_5_775_800.wav,8.255
NNM,M,Spk6,U_d434b526ae,775_800,Nyanja_NNM_Spk6_U_d434b526ae_Utterance_6,izo zinali koma kulila kwa mitengo imene inali kuthonya madzi mumdima,Nyanja_NNM_Spk6_U_d434b526ae_Utterance_6_775_800.wav,6.245
NNM,M,Spk6,U_d434b526ae,775_800,Nyanja_NNM_Spk6_U_d434b526ae_Utterance_7,philipo motero anawerenga mokwanira mu nyumba yosungilamo mabuku yocedwa astor  naganizira pa za kulemba mabuku yowerengedwa yamene yazapangitsa anthu kuonetsa cifunilo cofuna kudziwa ndipo anaonetsadi nzeru zace zakuya,Nyanja_NNM_Spk6_U_d434b526ae_Utterance_7_775_800.wav,25.595
NNM,M,Spk6,U_d434b526ae,775_800,Nyanja_NNM_Spk6_U_d434b526ae_Utterance_8,kukhala tero(ndi moyo) kapena ai iyo ndiyo funso ngati mwina cili coyenera,Nyanja_NNM_Spk6_U_d434b526ae_Utterance_8_775_800.wav,7.805
NNM,M,Spk6,U_d434b526ae,775_800,Nyanja_NNM_Spk6_U_d434b526ae_Utterance_9,robin analowa mnyumba akuguuza ompelekedza amene sanali kufuna,Nyanja_NNM_Spk6_U_d434b526ae_Utterance_9_775_800.wav,7.505
NNM,M,Spk6,U_d434b526ae,775_800,Nyanja_NNM_Spk6_U_d434b526ae_Utterance_10,kodi mwawafunsa amake pa za nchito imene mufuna kumacita kutsogoroku ndikhulupilira nchitoyo ndiyo imene afuna,Nyanja_NNM_Spk6_U_d434b526ae_Utterance_10_775_800.wav,12.68
NNM,M,Spk6,U_d434b526ae,775_800,Nyanja_NNM_Spk6_U_d434b526ae_Utterance_11,mu maganizo anga mwakhala muli cinthu coipa cimene sindinvetsetsa pa ma ndeu a mumabanja,Nyanja_NNM_Spk6_U_d434b526ae_Utterance_11_775_800.wav,10.025
NNM,M,Spk6,U_d434b526ae,775_800,Nyanja_NNM_Spk6_U_d434b526ae_Utterance_12,muzandinyamulako ndi kupita nane pamodzin ndi inu kodi muzatero a gulu locedwa count,Nyanja_NNM_Spk6_U_d434b526ae_Utterance_12_775_800.wav,10.775
NNM,M,Spk6,U_d434b526ae,775_800,Nyanja_NNM_Spk6_U_d434b526ae_Utterance_13,kodi mwina mungakhale odabwa kodi mungathe kuyamba zopanga zanu,Nyanja_NNM_Spk6_U_d434b526ae_Utterance_13_775_800.wav,6.8
NNM,M,Spk6,U_d434b526ae,775_800,Nyanja_NNM_Spk6_U_d434b526ae_Utterance_14,umodzi mwa ife amakhalabe mbwato pamene ena atafika kale ku mtunda,Nyanja_NNM_Spk6_U_d434b526ae_Utterance_14_775_800.wav,8.465
NNM,M,Spk6,U_d434b526ae,775_800,Nyanja_NNM_Spk6_U_d434b526ae_Utterance_15,koma mdima umene utayamba kukula mu cipinda ca sukulu unamubitsa maganizo ace belu inalira,Nyanja_NNM_Spk6_U_d434b526ae_Utterance_15_775_800.wav,12.785
NNM,M,Spk6,U_d434b526ae,775_800,Nyanja_NNM_Spk6_U_d434b526ae_Utterance_16,anapita apo ndi kuli konse atakhutilitsidwa kotheratu,Nyanja_NNM_Spk6_U_d434b526ae_Utterance_16_775_800.wav,7.055
NNM,M,Spk6,U_d434b526ae,775_800,Nyanja_NNM_Spk6_U_d434b526ae_Utterance_17,nafa koma ndikudandaula ndipo palibe amene akunva mau angaaaa,Nyanja_NNM_Spk6_U_d434b526ae_Utterance_17_775_800.wav,7.4
NNM,M,Spk6,U_d434b526ae,775_800,Nyanja_NNM_Spk6_U_d434b526ae_Utterance_18,pa nthawi imeneyo wacinyamata analowa atanyamula cinthu ca cikulu cobitsidwa ndi ka dunswa ka cinthu kobiliwira,Nyanja_NNM_Spk6_U_d434b526ae_Utterance_18_775_800.wav,11.99
NNM,M,Spk6,U_d434b526ae,775_800,Nyanja_NNM_Spk6_U_d434b526ae_Utterance_19,angathe kuunguza/kuonetsetsa ma pepalawa mu ofesi yao,Nyanja_NNM_Spk6_U_d434b526ae_Utterance_19_775_800.wav,7.97
NNM,M,Spk6,U_d434b526ae,775_800,Nyanja_NNM_Spk6_U_d434b526ae_Utterance_20,mphepete mwa ka njira kopita mu mzinda anyamata acicepele ali kusekelera anali kupita,Nyanja_NNM_Spk6_U_d434b526ae_Utterance_20_775_800.wav,9.575
NNM,M,Spk6,U_d434b526ae,775_800,Nyanja_NNM_Spk6_U_d434b526ae_Utterance_21,anaima mwamsanga-msanga ndi kusonyeza cizindikilo ndi ziwalo za thupi lao mozikweza cimene cinalengesa alendo ao kukooka mpweeya modabwa,Nyanja_NNM_Spk6_U_d434b526ae_Utterance_21_775_800.wav,14.375
NNM,M,Spk6,U_d434b526ae,775_800,Nyanja_NNM_Spk6_U_d434b526ae_Utterance_22,koma phindu yace yeni=yeni ndi citonthozo ca mau athu pa macimo ao ndiyotaika pakati pao,Nyanja_NNM_Spk6_U_d434b526ae_Utterance_22_775_800.wav,9.575
NNM,M,Spk6,U_d434b526ae,775_800,Nyanja_NNM_Spk6_U_d434b526ae_Utterance_23,kucokera ku zikwi madzana asanu zapakhosi atatu achimwemwe analowa molondolana,Nyanja_NNM_Spk6_U_d434b526ae_Utterance_23_775_800.wav,10.055
NNM,M,Spk6,U_d434b526ae,775_800,Nyanja_NNM_Spk6_U_d434b526ae_Utterance_24,pamene ninali pafupi kufika ku cipinda cako ndinaonetsetsa/ ndinaunguza-unguza dzenera yako,Nyanja_NNM_Spk6_U_d434b526ae_Utterance_24_775_800.wav,10.775
NNM,M,Spk6,U_d434b526ae,775_800,Nyanja_NNM_Spk6_U_d434b526ae_Utterance_25,kodi ncifukwa ninji tingamaletserana mu m'malo momwe ena mwaife akhala-,Nyanja_NNM_Spk6_U_d434b526ae_Utterance_25_775_800.wav,9.305
NNM,M,Spk1,U_93ad850b36,500_525,Nyanja_NNM_Spk1_U_93ad850b36_Utterance_1,otsogolera ndi mfumu ya cipolowe ophunzitsidwa nchito wa nottingham ataunga makofi ace anaophyeza montfichet,Nyanja_NNM_Spk1_U_93ad850b36_Utterance_1_500_525.wav,16.595
NNM,M,Spk1,U_93ad850b36,500_525,Nyanja_NNM_Spk1_U_93ad850b36_Utterance_2,pamene bwato lathu linali kuyenda zinthu zimene zimazunguluka kunsi kwace zinapanga nyimboyi ndi kuiimba m'madzi,Nyanja_NNM_Spk1_U_93ad850b36_Utterance_2_500_525.wav,18.125
NNM,M,Spk1,U_93ad850b36,500_525,Nyanja_NNM_Spk1_U_93ad850b36_Utterance_3,ndilibe cobvala ciliconse anayankha mzimai wozicepetsa uja,Nyanja_NNM_Spk1_U_93ad850b36_Utterance_3_500_525.wav,7.4
NNM,M,Spk1,U_93ad850b36,500_525,Nyanja_NNM_Spk1_U_93ad850b36_Utterance_4,servadaki anazitenga mwa masewela kuti a dobryna anali kufuna kuikamo,Nyanja_NNM_Spk1_U_93ad850b36_Utterance_4_500_525.wav,14.345
NNM,M,Spk1,U_93ad850b36,500_525,Nyanja_NNM_Spk1_U_93ad850b36_Utterance_5,zoipa zace za kugwiritsidwa nchito kopita patsogoro ndi kusagwiritsidwa nchito kwa zisulo,Nyanja_NNM_Spk1_U_93ad850b36_Utterance_5_500_525.wav,13.655
NNM,M,Spk1,U_93ad850b36,500_525,Nyanja_NNM_Spk1_U_93ad850b36_Utterance_6,ndipo mulungu atate maene anamuutsa kwa akufa,Nyanja_NNM_Spk1_U_93ad850b36_Utterance_6_500_525.wav,9.425
NNM,M,Spk1,U_93ad850b36,500_525,Nyanja_NNM_Spk1_U_93ad850b36_Utterance_7,ndipo ndinabwelera nitakalipilidwa kotheratu nizatenga za munjira yoipa zambiri katatu kupotsa zomwe ndagwiritsa nchito,Nyanja_NNM_Spk1_U_93ad850b36_Utterance_7_500_525.wav,25.4
NNM,M,Spk1,U_93ad850b36,500_525,Nyanja_NNM_Spk1_U_93ad850b36_Utterance_8,mwina cinali coyenera kusakufunsani ngati molly anali pano popeza kuti ine ndikumbukira kuti inu simukonda zophikaphika za cizungu,Nyanja_NNM_Spk1_U_93ad850b36_Utterance_8_500_525.wav,27.335
NNM,M,Spk1,U_93ad850b36,500_525,Nyanja_NNM_Spk1_U_93ad850b36_Utterance_9,azoimba imba ogwilira nchito pamodzi kucokera ku maiko onsewa anaimba nyimbo ndipo cakudya cotsekemera ca m' madzulo (mgonero) cinaperekedwa,Nyanja_NNM_Spk1_U_93ad850b36_Utterance_9_500_525.wav,25.235
NNM,M,Spk1,U_93ad850b36,500_525,Nyanja_NNM_Spk1_U_93ad850b36_Utterance_10,iyo ndiyo njira kuli inu iyo ndiye njira imene mufuna nonsenu kutipa healongs kuonongeka,Nyanja_NNM_Spk1_U_93ad850b36_Utterance_10_500_525.wav,22.985
NNM,M,Spk1,U_93ad850b36,500_525,Nyanja_NNM_Spk1_U_93ad850b36_Utterance_11,anali kubvutikilabe ku msokonezo wace wa m'mene anali kucitira zinthu nthawi zonse mwan kacetecete,Nyanja_NNM_Spk1_U_93ad850b36_Utterance_11_500_525.wav,14.3
NNM,M,Spk1,U_93ad850b36,500_525,Nyanja_NNM_Spk1_U_93ad850b36_Utterance_12,maka-maka zipangidwa kucokera ku kuika pamodzi kwa zithunzithunzi zopangidwa kuubwana,Nyanja_NNM_Spk1_U_93ad850b36_Utterance_12_500_525.wav,15.305
NNM,M,Spk1,U_93ad850b36,500_525,Nyanja_NNM_Spk1_U_93ad850b36_Utterance_13,ndizoonekeratu kuti munthu ndiye colankhulidwa ku zinthu zosiyana-siyana,Nyanja_NNM_Spk1_U_93ad850b36_Utterance_13_500_525.wav,11.255
NNM,M,Spk1,U_93ad850b36,500_525,Nyanja_NNM_Spk1_U_93ad850b36_Utterance_14,milligram amene thupi lao ndi lolemela ma kilogilamu okewanira 128 ooo,Nyanja_NNM_Spk1_U_93ad850b36_Utterance_14_500_525.wav,17.975
NNM,M,Spk1,U_93ad850b36,500_525,Nyanja_NNM_Spk1_U_93ad850b36_Utterance_15,koma nkhani imeneyi izakambidwa bwino ndithu titaona pa makhalidwa ya anthu a mitundu yonse(ubadwe) ya anthu,Nyanja_NNM_Spk1_U_93ad850b36_Utterance_15_500_525.wav,12.875
NNM,M,Spk1,U_93ad850b36,500_525,Nyanja_NNM_Spk1_U_93ad850b36_Utterance_16,eliza anatseka citseko kumbuyo kwace ndi cifuniro coti aigunditse mwadala ndipo kiyi inagwirana ndi citseko,Nyanja_NNM_Spk1_U_93ad850b36_Utterance_16_500_525.wav,21.71
NNM,M,Spk1,U_93ad850b36,500_525,Nyanja_NNM_Spk1_U_93ad850b36_Utterance_17,ndife okhutilitsidwa ndithu tsopano anatelo kapitawo battleax anatero akazi anga,Nyanja_NNM_Spk1_U_93ad850b36_Utterance_17_500_525.wav,17.375
NNM,M,Spk1,U_93ad850b36,500_525,Nyanja_NNM_Spk1_U_93ad850b36_Utterance_18,ndizapangitsa kuti iwe usandulize mu ci fulunchi ndipo  siuyenera kuopa ngati mwina ndakupeza ndi bvuto,Nyanja_NNM_Spk1_U_93ad850b36_Utterance_18_500_525.wav,18.815
NNM,M,Spk1,U_93ad850b36,500_525,Nyanja_NNM_Spk1_U_93ad850b36_Utterance_19,ndipo unabweleranso mosasamala kwambiri koma izo sizinasinthe ciliconse,Nyanja_NNM_Spk1_U_93ad850b36_Utterance_19_500_525.wav,11.495
NNM,M,Spk1,U_93ad850b36,500_525,Nyanja_NNM_Spk1_U_93ad850b36_Utterance_20,mu dziko lino ndicodziwikilatu kuti kacipinda ka panja ca kunyumba ya malamulo kudulikila mwinanso kulibeali ndi mwai,Nyanja_NNM_Spk1_U_93ad850b36_Utterance_20_500_525.wav,18.545
NNM,M,Spk1,U_93ad850b36,500_525,Nyanja_NNM_Spk1_U_93ad850b36_Utterance_21,ai ndakuyamikilani ndine wokondwera pokupatsani cimwemwe cotere mosabvutikila,Nyanja_NNM_Spk1_U_93ad850b36_Utterance_21_500_525.wav,10.325
NNM,M,Spk1,U_93ad850b36,500_525,Nyanja_NNM_Spk1_U_93ad850b36_Utterance_22,izo ndizo ufuna kumacita eti,Nyanja_NNM_Spk1_U_93ad850b36_Utterance_22_500_525.wav,5.165
NNM,M,Spk1,U_93ad850b36,500_525,Nyanja_NNM_Spk1_U_93ad850b36_Utterance_23,mzimai osadziwika uja ndi zonena zace za kumtima zimene zinanenedwa mwacangu anaopyeza onsewo,Nyanja_NNM_Spk1_U_93ad850b36_Utterance_23_500_525.wav,15.965
NNM,M,Spk1,U_93ad850b36,500_525,Nyanja_NNM_Spk1_U_93ad850b36_Utterance_24,ndine wotopa kwambiri kumanghokhala nekha pano,Nyanja_NNM_Spk1_U_93ad850b36_Utterance_24_500_525.wav,6.02
NNM,M,Spk1,U_93ad850b36,500_525,Nyanja_NNM_Spk1_U_93ad850b36_Utterance_25,zambiri monga za mutu wa buku la m'mbaibulo yocedwa episikopo tsopano pakubwera moni wa atumwi mzera wa citatu,Nyanja_NNM_Spk1_U_93ad850b36_Utterance_25_500_525.wav,21.44
NNM,M,Spk1,U_93ad850b36,525_550,Nyanja_NNM_Spk1_U_93ad850b36_Utterance_1,sitizalankhulanso pa iye ngati inu simukufuna indetu,Nyanja_NNM_Spk1_U_93ad850b36_Utterance_1_525_550.wav,5.345
NNM,M,Spk1,U_93ad850b36,525_550,Nyanja_NNM_Spk1_U_93ad850b36_Utterance_2,njira zako lute zimandiyetsa konenetsa ndi azibale ako onse,Nyanja_NNM_Spk1_U_93ad850b36_Utterance_2_525_550.wav,6.245
NNM,M,Spk1,U_93ad850b36,525_550,Nyanja_NNM_Spk1_U_93ad850b36_Utterance_3,tacokelra kumalo oziimilila okha opambana malo ano oziimilila okha,Nyanja_NNM_Spk1_U_93ad850b36_Utterance_3_525_550.wav,5.81
NNM,M,Spk1,U_93ad850b36,525_550,Nyanja_NNM_Spk1_U_93ad850b36_Utterance_4,popanda ma buku ace olembamo zinthu zithunzi-thunzi makemiko ace ndi maonekedwe/mabvalidwe ace osaoneka bwino akunyumba anali munthu osamasuka bwino,Nyanja_NNM_Spk1_U_93ad850b36_Utterance_4_525_550.wav,13.64
NNM,M,Spk1,U_93ad850b36,525_550,Nyanja_NNM_Spk1_U_93ad850b36_Utterance_5,munny ine tould ike ndifuna kucita mu nkhokwe kwa tonny kukaona a whittawd,Nyanja_NNM_Spk1_U_93ad850b36_Utterance_5_525_550.wav,12.905
NNM,M,Spk1,U_93ad850b36,525_550,Nyanja_NNM_Spk1_U_93ad850b36_Utterance_6,anandikondweretsa ine cifukwa cokhala munthu wa cikhulupiliro kwambiri,Nyanja_NNM_Spk1_U_93ad850b36_Utterance_6_525_550.wav,7.535
NNM,M,Spk1,U_93ad850b36,525_550,Nyanja_NNM_Spk1_U_93ad850b36_Utterance_7,ndipo kulibe nzeru za kale zimene ziyenera kutengedwa kupyolera mu kumanva cizolowezi cokha,Nyanja_NNM_Spk1_U_93ad850b36_Utterance_7_525_550.wav,10.745
NNM,M,Spk1,U_93ad850b36,525_550,Nyanja_NNM_Spk1_U_93ad850b36_Utterance_8,pearl anabadwa okanidwa mu calo ca ana ang'ono-ang'ono,Nyanja_NNM_Spk1_U_93ad850b36_Utterance_8_525_550.wav,6.245
NNM,M,Spk1,U_93ad850b36,525_550,Nyanja_NNM_Spk1_U_93ad850b36_Utterance_9,jaki azakhala mwamuna wa eva osangalala ndipo angakhale pakati pa zinchito zimene calo cifunitsitsa,Nyanja_NNM_Spk1_U_93ad850b36_Utterance_9_525_550.wav,11.315
NNM,M,Spk1,U_93ad850b36,525_550,Nyanja_NNM_Spk1_U_93ad850b36_Utterance_10,nciani cimene ndinamuuza bambo kodi ndili ndi mwai wapadera kuti ndingathe kukuonani,Nyanja_NNM_Spk1_U_93ad850b36_Utterance_10_525_550.wav,14.495
NNM,M,Spk1,U_93ad850b36,525_550,Nyanja_NNM_Spk1_U_93ad850b36_Utterance_11,anakhala pansi ali wodabwa/wosokonezeka m'maganizo ndipo cinthu cimozi anali kuganizapo kopotsa cinali zola,Nyanja_NNM_Spk1_U_93ad850b36_Utterance_11_525_550.wav,14.03
NNM,M,Spk1,U_93ad850b36,525_550,Nyanja_NNM_Spk1_U_93ad850b36_Utterance_12,magome anaikidwa pa maudzu  ndipo cakudya cokoma cinali pafupi kuikidwapo,Nyanja_NNM_Spk1_U_93ad850b36_Utterance_12_525_550.wav,13.895
NNM,M,Spk1,U_93ad850b36,525_550,Nyanja_NNM_Spk1_U_93ad850b36_Utterance_13,cobitsira pa gome ndicolinga coti pathumecopangidwa ndi zidunswa za nsalu zosiyana mitundu zitasokedwa bwino zonse,Nyanja_NNM_Spk1_U_93ad850b36_Utterance_13_525_550.wav,24.02
NNM,M,Spk1,U_93ad850b36,525_550,Nyanja_NNM_Spk1_U_93ad850b36_Utterance_14,koma cimpalangondo m'malo moti amverele anakhalilila pa mpando umene anakhala nayamba kulila,Nyanja_NNM_Spk1_U_93ad850b36_Utterance_14_525_550.wav,15.755
NNM,M,Spk1,U_93ad850b36,525_550,Nyanja_NNM_Spk1_U_93ad850b36_Utterance_15,ndine wamtali tsopano ndipo misambo zanga ndizogawanitsika monga m'mene zinalili zija zimene zinatengedwa caka chatha oo,Nyanja_NNM_Spk1_U_93ad850b36_Utterance_15_525_550.wav,25.355
NNM,M,Spk1,U_93ad850b36,525_550,Nyanja_NNM_Spk1_U_93ad850b36_Utterance_16,koma philippo ndi wacilungamo ndipo ali ndi luso yokwanira ngati anghathe kuleka kulemba--lemba pofuna kupeza njira yace,Nyanja_NNM_Spk1_U_93ad850b36_Utterance_16_525_550.wav,16.61
NNM,M,Spk1,U_93ad850b36,525_550,Nyanja_NNM_Spk1_U_93ad850b36_Utterance_17,anaimililabe motsutsana ndi ziimene anali kunena(kumunamidzira) nayankha zonena zao mozemba mogwiritsa nchito mau ofewa,Nyanja_NNM_Spk1_U_93ad850b36_Utterance_17_525_550.wav,19.715
NNM,M,Spk1,U_93ad850b36,525_550,Nyanja_NNM_Spk1_U_93ad850b36_Utterance_18,cingakhale coneka ngati mwina nsomba ya ukulu wotere inali cakudya cokwanira ndithu,Nyanja_NNM_Spk1_U_93ad850b36_Utterance_18_525_550.wav,15.395
NNM,M,Spk1,U_93ad850b36,525_550,Nyanja_NNM_Spk1_U_93ad850b36_Utterance_19,pulumutsa mtima wakowo ku zobvuto zimene zimabwera utakhala mu cikondi ndi mzimai amene amuna ace anamwalira,Nyanja_NNM_Spk1_U_93ad850b36_Utterance_19_525_550.wav,13.46
NNM,M,Spk1,U_93ad850b36,525_550,Nyanja_NNM_Spk1_U_93ad850b36_Utterance_20,ndipo anasamila ku cipupa atatsowa mu mapempero,Nyanja_NNM_Spk1_U_93ad850b36_Utterance_20_525_550.wav,8.075
NNM,M,Spk1,U_93ad850b36,525_550,Nyanja_NNM_Spk1_U_93ad850b36_Utterance_21,koma ndakhala ndikucita zimenezi mwakanthawi pa nthawi zina,Nyanja_NNM_Spk1_U_93ad850b36_Utterance_21_525_550.wav,6.725
NNM,M,Spk1,U_93ad850b36,525_550,Nyanja_NNM_Spk1_U_93ad850b36_Utterance_22,inde koma ico ndico ubwinoo wace wa zofuna zace,Nyanja_NNM_Spk1_U_93ad850b36_Utterance_22_525_550.wav,8.525
NNM,M,Spk1,U_93ad850b36,525_550,Nyanja_NNM_Spk1_U_93ad850b36_Utterance_23,coyamba ca zopeza zathu zimene zili zosamveka bwino koma zosatsutsika ndi cakuti kuli kudziwa za kale,Nyanja_NNM_Spk1_U_93ad850b36_Utterance_23_525_550.wav,19.76
NNM,M,Spk1,U_93ad850b36,525_550,Nyanja_NNM_Spk1_U_93ad850b36_Utterance_24,nga ndi zaichthyosaurus kodi abwelera ku mphako yace ya kumadzi,Nyanja_NNM_Spk1_U_93ad850b36_Utterance_24_525_550.wav,8.405
NNM,M,Spk1,U_0d1ba0cf3c,500_525,Nyanja_NNM_Spk1_U_0d1ba0cf3c_Utterance_1,otsogolera ndi mfumu ya cipolowe ophunzitsidwa nchito wa nottingham ataunga makofi ace anaophyeza montfichet,Nyanja_NNM_Spk1_U_0d1ba0cf3c_Utterance_1_500_525.wav,6.299
NNM,M,Spk1,U_0d1ba0cf3c,500_525,Nyanja_NNM_Spk1_U_0d1ba0cf3c_Utterance_2,pamene bwato lathu linali kuyenda zinthu zimene zimazunguluka kunsi kwace zinapanga nyimboyi ndi kuiimba m'madzi,Nyanja_NNM_Spk1_U_0d1ba0cf3c_Utterance_2_500_525.wav,10.7
NNM,M,Spk1,U_0d1ba0cf3c,500_525,Nyanja_NNM_Spk1_U_0d1ba0cf3c_Utterance_3,ndilibe cobvala ciliconse anayankha mzimai wozicepetsa uja,Nyanja_NNM_Spk1_U_0d1ba0cf3c_Utterance_3_500_525.wav,5.15
NNM,M,Spk1,U_0d1ba0cf3c,500_525,Nyanja_NNM_Spk1_U_0d1ba0cf3c_Utterance_4,servadaki anazitenga mwa masewela kuti a dobryna anali kufuna kuikamo,Nyanja_NNM_Spk1_U_0d1ba0cf3c_Utterance_4_500_525.wav,8.21
NNM,M,Spk1,U_0d1ba0cf3c,500_525,Nyanja_NNM_Spk1_U_0d1ba0cf3c_Utterance_5,zoipa zace za kugwiritsidwa nchito kopita patsogoro ndi kusagwiritsidwa nchito kwa zisulo,Nyanja_NNM_Spk1_U_0d1ba0cf3c_Utterance_5_500_525.wav,10.25
NNM,M,Spk1,U_0d1ba0cf3c,500_525,Nyanja_NNM_Spk1_U_0d1ba0cf3c_Utterance_6,ndipo mulungu atate maene anamuutsa kwa akufa,Nyanja_NNM_Spk1_U_0d1ba0cf3c_Utterance_6_500_525.wav,4.88
NNM,M,Spk1,U_0d1ba0cf3c,500_525,Nyanja_NNM_Spk1_U_0d1ba0cf3c_Utterance_7,ndipo ndinabwelera nitakalipilidwa kotheratu nizatenga za munjira yoipa zambiri katatu kupotsa zomwe ndagwiritsa nchito,Nyanja_NNM_Spk1_U_0d1ba0cf3c_Utterance_7_500_525.wav,8.84
NNM,M,Spk1,U_0d1ba0cf3c,500_525,Nyanja_NNM_Spk1_U_0d1ba0cf3c_Utterance_8,mwina cinali coyenera kusakufunsani ngati molly anali pano popeza kuti ine ndikumbukira kuti inu simukonda zophikaphika za cizungu,Nyanja_NNM_Spk1_U_0d1ba0cf3c_Utterance_8_500_525.wav,7.505
NNM,M,Spk1,U_0d1ba0cf3c,500_525,Nyanja_NNM_Spk1_U_0d1ba0cf3c_Utterance_9,azoimba imba ogwilira nchito pamodzi kucokera ku maiko onsewa anaimba nyimbo ndipo cakudya cotsekemera ca m' madzulo (mgonero) cinaperekedwa,Nyanja_NNM_Spk1_U_0d1ba0cf3c_Utterance_9_500_525.wav,10.895
NNM,M,Spk1,U_0d1ba0cf3c,500_525,Nyanja_NNM_Spk1_U_0d1ba0cf3c_Utterance_10,iyo ndiyo njira kuli inu iyo ndiye njira imene mufuna nonsenu kutipa healongs kuonongeka,Nyanja_NNM_Spk1_U_0d1ba0cf3c_Utterance_10_500_525.wav,9.605
NNM,M,Spk1,U_0d1ba0cf3c,500_525,Nyanja_NNM_Spk1_U_0d1ba0cf3c_Utterance_11,anali kubvutikilabe ku msokonezo wace wa m'mene anali kucitira zinthu nthawi zonse mwan kacetecete,Nyanja_NNM_Spk1_U_0d1ba0cf3c_Utterance_11_500_525.wav,10.807
NNM,M,Spk1,U_0d1ba0cf3c,500_525,Nyanja_NNM_Spk1_U_0d1ba0cf3c_Utterance_12,maka-maka zipangidwa kucokera ku kuika pamodzi kwa zithunzithunzi zopangidwa kuubwana,Nyanja_NNM_Spk1_U_0d1ba0cf3c_Utterance_12_500_525.wav,6.412
NNM,M,Spk1,U_0d1ba0cf3c,500_525,Nyanja_NNM_Spk1_U_0d1ba0cf3c_Utterance_13,ndizoonekeratu kuti munthu ndiye colankhulidwa ku zinthu zosiyana-siyana,Nyanja_NNM_Spk1_U_0d1ba0cf3c_Utterance_13_500_525.wav,5.62
NNM,M,Spk1,U_0d1ba0cf3c,500_525,Nyanja_NNM_Spk1_U_0d1ba0cf3c_Utterance_14,milligram amene thupi lao ndi lolemela ma kilogilamu okewanira 128 ooo,Nyanja_NNM_Spk1_U_0d1ba0cf3c_Utterance_14_500_525.wav,7.694
NNM,M,Spk1,U_0d1ba0cf3c,500_525,Nyanja_NNM_Spk1_U_0d1ba0cf3c_Utterance_15,koma nkhani imeneyi izakambidwa bwino ndithu titaona pa makhalidwa ya anthu a mitundu yonse(ubadwe) ya anthu,Nyanja_NNM_Spk1_U_0d1ba0cf3c_Utterance_15_500_525.wav,11.59
NNM,M,Spk1,U_0d1ba0cf3c,500_525,Nyanja_NNM_Spk1_U_0d1ba0cf3c_Utterance_16,eliza anatseka citseko kumbuyo kwace ndi cifuniro coti aigunditse mwadala ndipo kiyi inagwirana ndi citseko,Nyanja_NNM_Spk1_U_0d1ba0cf3c_Utterance_16_500_525.wav,9.186
NNM,M,Spk1,U_0d1ba0cf3c,500_525,Nyanja_NNM_Spk1_U_0d1ba0cf3c_Utterance_17,ndife okhutilitsidwa ndithu tsopano anatelo kapitawo battleax anatero akazi anga,Nyanja_NNM_Spk1_U_0d1ba0cf3c_Utterance_17_500_525.wav,7.299
NNM,M,Spk1,U_0d1ba0cf3c,500_525,Nyanja_NNM_Spk1_U_0d1ba0cf3c_Utterance_18,ndizapangitsa kuti iwe usandulize mu ci fulunchi ndipo  siuyenera kuopa ngati mwina ndakupeza ndi bvuto,Nyanja_NNM_Spk1_U_0d1ba0cf3c_Utterance_18_500_525.wav,9.02
NNM,M,Spk1,U_0d1ba0cf3c,500_525,Nyanja_NNM_Spk1_U_0d1ba0cf3c_Utterance_19,ndipo unabweleranso mosasamala kwambiri koma izo sizinasinthe ciliconse,Nyanja_NNM_Spk1_U_0d1ba0cf3c_Utterance_19_500_525.wav,7.025
NNM,M,Spk1,U_0d1ba0cf3c,500_525,Nyanja_NNM_Spk1_U_0d1ba0cf3c_Utterance_20,mu dziko lino ndicodziwikilatu kuti kacipinda ka panja ca kunyumba ya malamulo kudulikila mwinanso kulibeali ndi mwai,Nyanja_NNM_Spk1_U_0d1ba0cf3c_Utterance_20_500_525.wav,12.275
NNM,M,Spk1,U_0d1ba0cf3c,500_525,Nyanja_NNM_Spk1_U_0d1ba0cf3c_Utterance_21,ai ndakuyamikilani ndine wokondwera pokupatsani cimwemwe cotere mosabvutikila,Nyanja_NNM_Spk1_U_0d1ba0cf3c_Utterance_21_500_525.wav,6.965
NNM,M,Spk1,U_0d1ba0cf3c,500_525,Nyanja_NNM_Spk1_U_0d1ba0cf3c_Utterance_22,izo ndizo ufuna kumacita eti,Nyanja_NNM_Spk1_U_0d1ba0cf3c_Utterance_22_500_525.wav,3.134
NNM,M,Spk1,U_0d1ba0cf3c,500_525,Nyanja_NNM_Spk1_U_0d1ba0cf3c_Utterance_23,mzimai osadziwika uja ndi zonena zace za kumtima zimene zinanenedwa mwacangu anaopyeza onsewo,Nyanja_NNM_Spk1_U_0d1ba0cf3c_Utterance_23_500_525.wav,9.363
NNM,M,Spk1,U_0d1ba0cf3c,500_525,Nyanja_NNM_Spk1_U_0d1ba0cf3c_Utterance_24,ndine wotopa kwambiri kumanghokhala nekha pano,Nyanja_NNM_Spk1_U_0d1ba0cf3c_Utterance_24_500_525.wav,3.518
NNM,M,Spk1,U_0d1ba0cf3c,500_525,Nyanja_NNM_Spk1_U_0d1ba0cf3c_Utterance_25,zambiri monga za mutu wa buku la m'mbaibulo yocedwa episikopo tsopano pakubwera moni wa atumwi mzera wa citatu,Nyanja_NNM_Spk1_U_0d1ba0cf3c_Utterance_25_500_525.wav,12.455
NNM,M,Spk1,U_0d1ba0cf3c,525_550,Nyanja_NNM_Spk1_U_0d1ba0cf3c_Utterance_1,sitizalankhulanso pa iye ngati inu simukufuna indetu,Nyanja_NNM_Spk1_U_0d1ba0cf3c_Utterance_1_525_550.wav,4.702
NNM,M,Spk1,U_0d1ba0cf3c,525_550,Nyanja_NNM_Spk1_U_0d1ba0cf3c_Utterance_2,njira zako lute zimandiyetsa konenetsa ndi azibale ako onse,Nyanja_NNM_Spk1_U_0d1ba0cf3c_Utterance_2_525_550.wav,5.485
NNM,M,Spk1,U_0d1ba0cf3c,525_550,Nyanja_NNM_Spk1_U_0d1ba0cf3c_Utterance_3,tacokelra kumalo oziimilila okha opambana malo ano oziimilila okha,Nyanja_NNM_Spk1_U_0d1ba0cf3c_Utterance_3_525_550.wav,5.387
NNM,M,Spk1,U_0d1ba0cf3c,525_550,Nyanja_NNM_Spk1_U_0d1ba0cf3c_Utterance_4,popanda ma buku ace olembamo zinthu zithunzi-thunzi makemiko ace ndi maonekedwe/mabvalidwe ace osaoneka bwino akunyumba anali munthu osamasuka bwino,Nyanja_NNM_Spk1_U_0d1ba0cf3c_Utterance_4_525_550.wav,5.921
NNM,M,Spk1,U_0d1ba0cf3c,525_550,Nyanja_NNM_Spk1_U_0d1ba0cf3c_Utterance_5,munny ine tould ike ndifuna kucita mu nkhokwe kwa tonny kukaona a whittawd,Nyanja_NNM_Spk1_U_0d1ba0cf3c_Utterance_5_525_550.wav,6.755
NNM,M,Spk1,U_0d1ba0cf3c,525_550,Nyanja_NNM_Spk1_U_0d1ba0cf3c_Utterance_6,anandikondweretsa ine cifukwa cokhala munthu wa cikhulupiliro kwambiri,Nyanja_NNM_Spk1_U_0d1ba0cf3c_Utterance_6_525_550.wav,5.415
NNM,M,Spk1,U_0d1ba0cf3c,525_550,Nyanja_NNM_Spk1_U_0d1ba0cf3c_Utterance_7,ndipo kulibe nzeru za kale zimene ziyenera kutengedwa kupyolera mu kumanva cizolowezi cokha,Nyanja_NNM_Spk1_U_0d1ba0cf3c_Utterance_7_525_550.wav,8.937
NNM,M,Spk1,U_0d1ba0cf3c,525_550,Nyanja_NNM_Spk1_U_0d1ba0cf3c_Utterance_8,pearl anabadwa okanidwa mu calo ca ana ang'ono-ang'ono,Nyanja_NNM_Spk1_U_0d1ba0cf3c_Utterance_8_525_550.wav,5.19
NNM,M,Spk1,U_0d1ba0cf3c,525_550,Nyanja_NNM_Spk1_U_0d1ba0cf3c_Utterance_9,jaki azakhala mwamuna wa eva osangalala ndipo angakhale pakati pa zinchito zimene calo cifunitsitsa,Nyanja_NNM_Spk1_U_0d1ba0cf3c_Utterance_9_525_550.wav,7.69
NNM,M,Spk1,U_0d1ba0cf3c,525_550,Nyanja_NNM_Spk1_U_0d1ba0cf3c_Utterance_10,nciani cimene ndinamuuza bambo kodi ndili ndi mwai wapadera kuti ndingathe kukuonani,Nyanja_NNM_Spk1_U_0d1ba0cf3c_Utterance_10_525_550.wav,7.678
NNM,M,Spk1,U_0d1ba0cf3c,525_550,Nyanja_NNM_Spk1_U_0d1ba0cf3c_Utterance_11,anakhala pansi ali wodabwa/wosokonezeka m'maganizo ndipo cinthu cimozi anali kuganizapo kopotsa cinali zola,Nyanja_NNM_Spk1_U_0d1ba0cf3c_Utterance_11_525_550.wav,10.321
NNM,M,Spk1,U_0d1ba0cf3c,525_550,Nyanja_NNM_Spk1_U_0d1ba0cf3c_Utterance_12,magome anaikidwa pa maudzu  ndipo cakudya cokoma cinali pafupi kuikidwapo,Nyanja_NNM_Spk1_U_0d1ba0cf3c_Utterance_12_525_550.wav,6.049
NNM,M,Spk1,U_0d1ba0cf3c,525_550,Nyanja_NNM_Spk1_U_0d1ba0cf3c_Utterance_13,cobitsira pa gome ndicolinga coti pathumecopangidwa ndi zidunswa za nsalu zosiyana mitundu zitasokedwa bwino zonse,Nyanja_NNM_Spk1_U_0d1ba0cf3c_Utterance_13_525_550.wav,12.98
NNM,M,Spk1,U_0d1ba0cf3c,525_550,Nyanja_NNM_Spk1_U_0d1ba0cf3c_Utterance_14,koma cimpalangondo m'malo moti amverele anakhalilila pa mpando umene anakhala nayamba kulila,Nyanja_NNM_Spk1_U_0d1ba0cf3c_Utterance_14_525_550.wav,7.339
NNM,M,Spk1,U_0d1ba0cf3c,525_550,Nyanja_NNM_Spk1_U_0d1ba0cf3c_Utterance_15,ndine wamtali tsopano ndipo misambo zanga ndizogawanitsika monga m'mene zinalili zija zimene zinatengedwa caka chatha oo,Nyanja_NNM_Spk1_U_0d1ba0cf3c_Utterance_15_525_550.wav,9.915
NNM,M,Spk1,U_0d1ba0cf3c,525_550,Nyanja_NNM_Spk1_U_0d1ba0cf3c_Utterance_16,koma philippo ndi wacilungamo ndipo ali ndi luso yokwanira ngati anghathe kuleka kulemba--lemba pofuna kupeza njira yace,Nyanja_NNM_Spk1_U_0d1ba0cf3c_Utterance_16_525_550.wav,9.578
NNM,M,Spk1,U_0d1ba0cf3c,525_550,Nyanja_NNM_Spk1_U_0d1ba0cf3c_Utterance_17,anaimililabe motsutsana ndi ziimene anali kunena(kumunamidzira) nayankha zonena zao mozemba mogwiritsa nchito mau ofewa,Nyanja_NNM_Spk1_U_0d1ba0cf3c_Utterance_17_525_550.wav,8.545
NNM,M,Spk1,U_0d1ba0cf3c,525_550,Nyanja_NNM_Spk1_U_0d1ba0cf3c_Utterance_18,cingakhale coneka ngati mwina nsomba ya ukulu wotere inali cakudya cokwanira ndithu,Nyanja_NNM_Spk1_U_0d1ba0cf3c_Utterance_18_525_550.wav,7.581
NNM,M,Spk1,U_0d1ba0cf3c,525_550,Nyanja_NNM_Spk1_U_0d1ba0cf3c_Utterance_19,pulumutsa mtima wakowo ku zobvuto zimene zimabwera utakhala mu cikondi ndi mzimai amene amuna ace anamwalira,Nyanja_NNM_Spk1_U_0d1ba0cf3c_Utterance_19_525_550.wav,8.766
NNM,M,Spk1,U_0d1ba0cf3c,525_550,Nyanja_NNM_Spk1_U_0d1ba0cf3c_Utterance_20,ndipo zisakhileni nokha kunyamuka mwamsanga kapena kucedwako pang'ono,Nyanja_NNM_Spk1_U_0d1ba0cf3c_Utterance_20_525_550.wav,6.896
NNM,M,Spk1,U_0d1ba0cf3c,525_550,Nyanja_NNM_Spk1_U_0d1ba0cf3c_Utterance_21,ndipo anasamila ku cipupa atatsowa mu mapempero,Nyanja_NNM_Spk1_U_0d1ba0cf3c_Utterance_21_525_550.wav,3.813
NNM,M,Spk1,U_0d1ba0cf3c,525_550,Nyanja_NNM_Spk1_U_0d1ba0cf3c_Utterance_22,koma ndakhala ndikucita zimenezi mwakanthawi pa nthawi zina,Nyanja_NNM_Spk1_U_0d1ba0cf3c_Utterance_22_525_550.wav,5.495
NNM,M,Spk1,U_0d1ba0cf3c,525_550,Nyanja_NNM_Spk1_U_0d1ba0cf3c_Utterance_23,inde koma ico ndico ubwinoo wace wa zofuna zace,Nyanja_NNM_Spk1_U_0d1ba0cf3c_Utterance_23_525_550.wav,5.788
NNM,M,Spk1,U_0d1ba0cf3c,525_550,Nyanja_NNM_Spk1_U_0d1ba0cf3c_Utterance_24,coyamba ca zopeza zathu zimene zili zosamveka bwino koma zosatsutsika ndi cakuti kuli kudziwa za kale,Nyanja_NNM_Spk1_U_0d1ba0cf3c_Utterance_24_525_550.wav,10.55
NNM,M,Spk1,U_0d1ba0cf3c,525_550,Nyanja_NNM_Spk1_U_0d1ba0cf3c_Utterance_25,nga ndi zaichthyosaurus kodi abwelera ku mphako yace ya kumadzi,Nyanja_NNM_Spk1_U_0d1ba0cf3c_Utterance_25_525_550.wav,6.425
NNM,M,Spk1,U_067d2e7259,500_525,Nyanja_NNM_Spk1_U_067d2e7259_Utterance_1,otsogolera ndi mfumu ya cipolowe ophunzitsidwa nchito wa nottingham ataunga makofi ace anaophyeza montfichet,Nyanja_NNM_Spk1_U_067d2e7259_Utterance_1_500_525.wav,8.359
NNM,M,Spk1,U_067d2e7259,500_525,Nyanja_NNM_Spk1_U_067d2e7259_Utterance_2,pamene bwato lathu linali kuyenda zinthu zimene zimazunguluka kunsi kwace zinapanga nyimboyi ndi kuiimba m'madzi,Nyanja_NNM_Spk1_U_067d2e7259_Utterance_2_500_525.wav,9.3
NNM,M,Spk1,U_067d2e7259,500_525,Nyanja_NNM_Spk1_U_067d2e7259_Utterance_3,ndilibe cobvala ciliconse anayankha mzimai wozicepetsa uja,Nyanja_NNM_Spk1_U_067d2e7259_Utterance_3_500_525.wav,4.818
NNM,M,Spk1,U_067d2e7259,500_525,Nyanja_NNM_Spk1_U_067d2e7259_Utterance_4,servadaki anazitenga mwa masewela kuti a dobryna anali kufuna kuikamo,Nyanja_NNM_Spk1_U_067d2e7259_Utterance_4_500_525.wav,6.2
NNM,M,Spk1,U_067d2e7259,500_525,Nyanja_NNM_Spk1_U_067d2e7259_Utterance_5,zoipa zace za kugwiritsidwa nchito kopita patsogoro ndi kusagwiritsidwa nchito kwa zisulo,Nyanja_NNM_Spk1_U_067d2e7259_Utterance_5_500_525.wav,7.465
NNM,M,Spk1,U_067d2e7259,500_525,Nyanja_NNM_Spk1_U_067d2e7259_Utterance_6,ndipo mulungu atate maene anamuutsa kwa akufa,Nyanja_NNM_Spk1_U_067d2e7259_Utterance_6_500_525.wav,4.598
NNM,M,Spk1,U_067d2e7259,500_525,Nyanja_NNM_Spk1_U_067d2e7259_Utterance_7,ndipo ndinabwelera nitakalipilidwa kotheratu nizatenga za munjira yoipa zambiri katatu kupotsa zomwe ndagwiritsa nchito,Nyanja_NNM_Spk1_U_067d2e7259_Utterance_7_500_525.wav,8.092
NNM,M,Spk1,U_067d2e7259,500_525,Nyanja_NNM_Spk1_U_067d2e7259_Utterance_8,mwina cinali coyenera kusakufunsani ngati molly anali pano popeza kuti ine ndikumbukira kuti inu simukonda zophikaphika za cizungu,Nyanja_NNM_Spk1_U_067d2e7259_Utterance_8_500_525.wav,10.797
NNM,M,Spk1,U_067d2e7259,500_525,Nyanja_NNM_Spk1_U_067d2e7259_Utterance_9,azoimba imba ogwilira nchito pamodzi kucokera ku maiko onsewa anaimba nyimbo ndipo cakudya cotsekemera ca m' madzulo (mgonero) cinaperekedwa,Nyanja_NNM_Spk1_U_067d2e7259_Utterance_9_500_525.wav,11.831
NNM,M,Spk1,U_067d2e7259,500_525,Nyanja_NNM_Spk1_U_067d2e7259_Utterance_10,iyo ndiyo njira kuli inu iyo ndiye njira imene mufuna nonsenu kutipa healongs kuonongeka,Nyanja_NNM_Spk1_U_067d2e7259_Utterance_10_500_525.wav,9.253
NNM,M,Spk1,U_067d2e7259,500_525,Nyanja_NNM_Spk1_U_067d2e7259_Utterance_11,anali kubvutikilabe ku msokonezo wace wa m'mene anali kucitira zinthu nthawi zonse mwan kacetecete,Nyanja_NNM_Spk1_U_067d2e7259_Utterance_11_500_525.wav,8.208
NNM,M,Spk1,U_067d2e7259,500_525,Nyanja_NNM_Spk1_U_067d2e7259_Utterance_12,maka-maka zipangidwa kucokera ku kuika pamodzi kwa zithunzithunzi zopangidwa kuubwana,Nyanja_NNM_Spk1_U_067d2e7259_Utterance_12_500_525.wav,6.943
NNM,M,Spk1,U_067d2e7259,500_525,Nyanja_NNM_Spk1_U_067d2e7259_Utterance_13,ndizoonekeratu kuti munthu ndiye colankhulidwa ku zinthu zosiyana-siyana,Nyanja_NNM_Spk1_U_067d2e7259_Utterance_13_500_525.wav,6.049
NNM,M,Spk1,U_067d2e7259,500_525,Nyanja_NNM_Spk1_U_067d2e7259_Utterance_14,milligram amene thupi lao ndi lolemela ma kilogilamu okewanira 128 ooo,Nyanja_NNM_Spk1_U_067d2e7259_Utterance_14_500_525.wav,7.883
NNM,M,Spk1,U_067d2e7259,500_525,Nyanja_NNM_Spk1_U_067d2e7259_Utterance_15,koma nkhani imeneyi izakambidwa bwino ndithu titaona pa makhalidwa ya anthu a mitundu yonse(ubadwe) ya anthu,Nyanja_NNM_Spk1_U_067d2e7259_Utterance_15_500_525.wav,10.356
NNM,M,Spk1,U_067d2e7259,500_525,Nyanja_NNM_Spk1_U_067d2e7259_Utterance_16,eliza anatseka citseko kumbuyo kwace ndi cifuniro coti aigunditse mwadala ndipo kiyi inagwirana ndi citseko,Nyanja_NNM_Spk1_U_067d2e7259_Utterance_16_500_525.wav,8.498
NNM,M,Spk1,U_067d2e7259,500_525,Nyanja_NNM_Spk1_U_067d2e7259_Utterance_17,ndife okhutilitsidwa ndithu tsopano anatelo kapitawo battleax anatero akazi anga,Nyanja_NNM_Spk1_U_067d2e7259_Utterance_17_500_525.wav,7.895
NNM,M,Spk1,U_067d2e7259,500_525,Nyanja_NNM_Spk1_U_067d2e7259_Utterance_18,ndizapangitsa kuti iwe usandulize mu ci fulunchi ndipo  siuyenera kuopa ngati mwina ndakupeza ndi bvuto,Nyanja_NNM_Spk1_U_067d2e7259_Utterance_18_500_525.wav,8.568
NNM,M,Spk1,U_067d2e7259,500_525,Nyanja_NNM_Spk1_U_067d2e7259_Utterance_19,ndipo unabweleranso mosasamala kwambiri koma izo sizinasinthe ciliconse,Nyanja_NNM_Spk1_U_067d2e7259_Utterance_19_500_525.wav,6.165
NNM,M,Spk1,U_067d2e7259,500_525,Nyanja_NNM_Spk1_U_067d2e7259_Utterance_20,mu dziko lino ndicodziwikilatu kuti kacipinda ka panja ca kunyumba ya malamulo kudulikila mwinanso kulibeali ndi mwai,Nyanja_NNM_Spk1_U_067d2e7259_Utterance_20_500_525.wav,10.101
NNM,M,Spk1,U_067d2e7259,500_525,Nyanja_NNM_Spk1_U_067d2e7259_Utterance_21,ai ndakuyamikilani ndine wokondwera pokupatsani cimwemwe cotere mosabvutikila,Nyanja_NNM_Spk1_U_067d2e7259_Utterance_21_500_525.wav,5.375
NNM,M,Spk1,U_067d2e7259,500_525,Nyanja_NNM_Spk1_U_067d2e7259_Utterance_22,izo ndizo ufuna kumacita eti,Nyanja_NNM_Spk1_U_067d2e7259_Utterance_22_500_525.wav,2.961
NNM,M,Spk1,U_067d2e7259,500_525,Nyanja_NNM_Spk1_U_067d2e7259_Utterance_23,mzimai osadziwika uja ndi zonena zace za kumtima zimene zinanenedwa mwacangu anaopyeza onsewo,Nyanja_NNM_Spk1_U_067d2e7259_Utterance_23_500_525.wav,8.916
NNM,M,Spk1,U_067d2e7259,500_525,Nyanja_NNM_Spk1_U_067d2e7259_Utterance_24,ndine wotopa kwambiri kumanghokhala nekha pano,Nyanja_NNM_Spk1_U_067d2e7259_Utterance_24_500_525.wav,3.518
NNM,M,Spk1,U_067d2e7259,500_525,Nyanja_NNM_Spk1_U_067d2e7259_Utterance_25,zambiri monga za mutu wa buku la m'mbaibulo yocedwa episikopo tsopano pakubwera moni wa atumwi mzera wa citatu,Nyanja_NNM_Spk1_U_067d2e7259_Utterance_25_500_525.wav,10.217
NNM,M,Spk1,U_067d2e7259,525_550,Nyanja_NNM_Spk1_U_067d2e7259_Utterance_1,sitizalankhulanso pa iye ngati inu simukufuna indetu,Nyanja_NNM_Spk1_U_067d2e7259_Utterance_1_525_550.wav,4.284
NNM,M,Spk1,U_067d2e7259,525_550,Nyanja_NNM_Spk1_U_067d2e7259_Utterance_2,njira zako lute zimandiyetsa konenetsa ndi azibale ako onse,Nyanja_NNM_Spk1_U_067d2e7259_Utterance_2_525_550.wav,5.863
NNM,M,Spk1,U_067d2e7259,525_550,Nyanja_NNM_Spk1_U_067d2e7259_Utterance_3,tacokelra kumalo oziimilila okha opambana malo ano oziimilila okha,Nyanja_NNM_Spk1_U_067d2e7259_Utterance_3_525_550.wav,5.526
NNM,M,Spk1,U_067d2e7259,525_550,Nyanja_NNM_Spk1_U_067d2e7259_Utterance_4,popanda ma buku ace olembamo zinthu zithunzi-thunzi makemiko ace ndi maonekedwe/mabvalidwe ace osaoneka bwino akunyumba anali munthu osamasuka bwino,Nyanja_NNM_Spk1_U_067d2e7259_Utterance_4_525_550.wav,13.224
NNM,M,Spk1,U_067d2e7259,525_550,Nyanja_NNM_Spk1_U_067d2e7259_Utterance_5,munny ine tould ike ndifuna kucita mu nkhokwe kwa tonny kukaona a whittawd,Nyanja_NNM_Spk1_U_067d2e7259_Utterance_5_525_550.wav,7.314
NNM,M,Spk1,U_067d2e7259,525_550,Nyanja_NNM_Spk1_U_067d2e7259_Utterance_6,anandikondweretsa ine cifukwa cokhala munthu wa cikhulupiliro kwambiri,Nyanja_NNM_Spk1_U_067d2e7259_Utterance_6_525_550.wav,4.76
NNM,M,Spk1,U_067d2e7259,525_550,Nyanja_NNM_Spk1_U_067d2e7259_Utterance_7,ndipo kulibe nzeru za kale zimene ziyenera kutengedwa kupyolera mu kumanva cizolowezi cokha,Nyanja_NNM_Spk1_U_067d2e7259_Utterance_7_525_550.wav,6.908
NNM,M,Spk1,U_067d2e7259,525_550,Nyanja_NNM_Spk1_U_067d2e7259_Utterance_8,pearl anabadwa okanidwa mu calo ca ana ang'ono-ang'ono,Nyanja_NNM_Spk1_U_067d2e7259_Utterance_8_525_550.wav,4.644
NNM,M,Spk1,U_067d2e7259,525_550,Nyanja_NNM_Spk1_U_067d2e7259_Utterance_9,jaki azakhala mwamuna wa eva osangalala ndipo angakhale pakati pa zinchito zimene calo cifunitsitsa,Nyanja_NNM_Spk1_U_067d2e7259_Utterance_9_525_550.wav,8.552
NNM,M,Spk1,U_067d2e7259,525_550,Nyanja_NNM_Spk1_U_067d2e7259_Utterance_10,nciani cimene ndinamuuza bambo kodi ndili ndi mwai wapadera kuti ndingathe kukuonani,Nyanja_NNM_Spk1_U_067d2e7259_Utterance_10_525_550.wav,7.314
NNM,M,Spk1,U_067d2e7259,525_550,Nyanja_NNM_Spk1_U_067d2e7259_Utterance_11,anakhala pansi ali wodabwa/wosokonezeka m'maganizo ndipo cinthu cimozi anali kuganizapo kopotsa cinali zola,Nyanja_NNM_Spk1_U_067d2e7259_Utterance_11_525_550.wav,9.353
NNM,M,Spk1,U_067d2e7259,525_550,Nyanja_NNM_Spk1_U_067d2e7259_Utterance_12,magome anaikidwa pa maudzu  ndipo cakudya cokoma cinali pafupi kuikidwapo,Nyanja_NNM_Spk1_U_067d2e7259_Utterance_12_525_550.wav,6.092
NNM,M,Spk1,U_067d2e7259,525_550,Nyanja_NNM_Spk1_U_067d2e7259_Utterance_13,cobitsira pa gome ndicolinga coti pathumecopangidwa ndi zidunswa za nsalu zosiyana mitundu zitasokedwa bwino zonse,Nyanja_NNM_Spk1_U_067d2e7259_Utterance_13_525_550.wav,9.431
NNM,M,Spk1,U_067d2e7259,525_550,Nyanja_NNM_Spk1_U_067d2e7259_Utterance_14,koma cimpalangondo m'malo moti amverele anakhalilila pa mpando umene anakhala nayamba kulila,Nyanja_NNM_Spk1_U_067d2e7259_Utterance_14_525_550.wav,8.708
NNM,M,Spk1,U_067d2e7259,525_550,Nyanja_NNM_Spk1_U_067d2e7259_Utterance_15,ndine wamtali tsopano ndipo misambo zanga ndizogawanitsika monga m'mene zinalili zija zimene zinatengedwa caka chatha oo,Nyanja_NNM_Spk1_U_067d2e7259_Utterance_15_525_550.wav,7.059
NNM,M,Spk1,U_067d2e7259,525_550,Nyanja_NNM_Spk1_U_067d2e7259_Utterance_16,koma philippo ndi wacilungamo ndipo ali ndi luso yokwanira ngati anghathe kuleka kulemba--lemba pofuna kupeza njira yace,Nyanja_NNM_Spk1_U_067d2e7259_Utterance_16_525_550.wav,9.148
NNM,M,Spk1,U_067d2e7259,525_550,Nyanja_NNM_Spk1_U_067d2e7259_Utterance_17,anaimililabe motsutsana ndi ziimene anali kunena(kumunamidzira) nayankha zonena zao mozemba mogwiritsa nchito mau ofewa,Nyanja_NNM_Spk1_U_067d2e7259_Utterance_17_525_550.wav,10.261
NNM,M,Spk1,U_067d2e7259,525_550,Nyanja_NNM_Spk1_U_067d2e7259_Utterance_18,cingakhale coneka ngati mwina nsomba ya ukulu wotere inali cakudya cokwanira ndithu,Nyanja_NNM_Spk1_U_067d2e7259_Utterance_18_525_550.wav,6.277
NNM,M,Spk1,U_067d2e7259,525_550,Nyanja_NNM_Spk1_U_067d2e7259_Utterance_19,pulumutsa mtima wakowo ku zobvuto zimene zimabwera utakhala mu cikondi ndi mzimai amene amuna ace anamwalira,Nyanja_NNM_Spk1_U_067d2e7259_Utterance_19_525_550.wav,9.148
NNM,M,Spk1,U_067d2e7259,525_550,Nyanja_NNM_Spk1_U_067d2e7259_Utterance_20,ndipo zisakhileni nokha kunyamuka mwamsanga kapena kucedwako pang'ono,Nyanja_NNM_Spk1_U_067d2e7259_Utterance_20_525_550.wav,6.277
NNM,M,Spk1,U_067d2e7259,525_550,Nyanja_NNM_Spk1_U_067d2e7259_Utterance_21,ndipo anasamila ku cipupa atatsowa mu mapempero,Nyanja_NNM_Spk1_U_067d2e7259_Utterance_21_525_550.wav,4.208
NNM,M,Spk1,U_067d2e7259,525_550,Nyanja_NNM_Spk1_U_067d2e7259_Utterance_22,koma ndakhala ndikucita zimenezi mwakanthawi pa nthawi zina,Nyanja_NNM_Spk1_U_067d2e7259_Utterance_22_525_550.wav,4.76
NNM,M,Spk1,U_067d2e7259,525_550,Nyanja_NNM_Spk1_U_067d2e7259_Utterance_23,inde koma ico ndico ubwinoo wace wa zofuna zace,Nyanja_NNM_Spk1_U_067d2e7259_Utterance_23_525_550.wav,5.526
NNM,M,Spk1,U_067d2e7259,525_550,Nyanja_NNM_Spk1_U_067d2e7259_Utterance_24,coyamba ca zopeza zathu zimene zili zosamveka bwino koma zosatsutsika ndi cakuti kuli kudziwa za kale,Nyanja_NNM_Spk1_U_067d2e7259_Utterance_24_525_550.wav,9.255
NNM,M,Spk1,U_067d2e7259,525_550,Nyanja_NNM_Spk1_U_067d2e7259_Utterance_25,nga ndi zaichthyosaurus kodi abwelera ku mphako yace ya kumadzi,Nyanja_NNM_Spk1_U_067d2e7259_Utterance_25_525_550.wav,6.971
NNM,M,Spk1,U_ef509981a3,500_525,Nyanja_NNM_Spk1_U_ef509981a3_Utterance_1,otsogolera ndi mfumu ya cipolowe ophunzitsidwa nchito wa nottingham ataunga makofi ace anaophyeza montfichet,Nyanja_NNM_Spk1_U_ef509981a3_Utterance_1_500_525.wav,10.426
NNM,M,Spk1,U_ef509981a3,500_525,Nyanja_NNM_Spk1_U_ef509981a3_Utterance_2,pamene bwato lathu linali kuyenda zinthu zimene zimazunguluka kunsi kwace zinapanga nyimboyi ndi kuiimba m'madzi,Nyanja_NNM_Spk1_U_ef509981a3_Utterance_2_500_525.wav,9.265
NNM,M,Spk1,U_ef509981a3,500_525,Nyanja_NNM_Spk1_U_ef509981a3_Utterance_3,ndilibe cobvala ciliconse anayankha mzimai wozicepetsa uja,Nyanja_NNM_Spk1_U_ef509981a3_Utterance_3_500_525.wav,5.16
NNM,M,Spk1,U_ef509981a3,500_525,Nyanja_NNM_Spk1_U_ef509981a3_Utterance_4,servadaki anazitenga mwa masewela kuti a dobryna anali kufuna kuikamo,Nyanja_NNM_Spk1_U_ef509981a3_Utterance_4_500_525.wav,5.782
NNM,M,Spk1,U_ef509981a3,500_525,Nyanja_NNM_Spk1_U_ef509981a3_Utterance_5,zoipa zace za kugwiritsidwa nchito kopita patsogoro ndi kusagwiritsidwa nchito kwa zisulo,Nyanja_NNM_Spk1_U_ef509981a3_Utterance_5_500_525.wav,7.697
NNM,M,Spk1,U_ef509981a3,500_525,Nyanja_NNM_Spk1_U_ef509981a3_Utterance_6,ndipo mulungu atate maene anamuutsa kwa akufa,Nyanja_NNM_Spk1_U_ef509981a3_Utterance_6_500_525.wav,4.94
NNM,M,Spk1,U_ef509981a3,500_525,Nyanja_NNM_Spk1_U_ef509981a3_Utterance_7,ndipo ndinabwelera nitakalipilidwa kotheratu nizatenga za munjira yoipa zambiri katatu kupotsa zomwe ndagwiritsa nchito,Nyanja_NNM_Spk1_U_ef509981a3_Utterance_7_500_525.wav,14.69
NNM,M,Spk1,U_ef509981a3,500_525,Nyanja_NNM_Spk1_U_ef509981a3_Utterance_8,mwina cinali coyenera kusakufunsani ngati molly anali pano popeza kuti ine ndikumbukira kuti inu simukonda zophikaphika za cizungu,Nyanja_NNM_Spk1_U_ef509981a3_Utterance_8_500_525.wav,14.465
NNM,M,Spk1,U_ef509981a3,500_525,Nyanja_NNM_Spk1_U_ef509981a3_Utterance_9,azoimba imba ogwilira nchito pamodzi kucokera ku maiko onsewa anaimba nyimbo ndipo cakudya cotsekemera ca m' madzulo (mgonero) cinaperekedwa,Nyanja_NNM_Spk1_U_ef509981a3_Utterance_9_500_525.wav,16.811
NNM,M,Spk1,U_ef509981a3,500_525,Nyanja_NNM_Spk1_U_ef509981a3_Utterance_10,iyo ndiyo njira kuli inu iyo ndiye njira imene mufuna nonsenu kutipa healongs kuonongeka,Nyanja_NNM_Spk1_U_ef509981a3_Utterance_10_500_525.wav,10.88
NNM,M,Spk1,U_ef509981a3,500_525,Nyanja_NNM_Spk1_U_ef509981a3_Utterance_11,anali kubvutikilabe ku msokonezo wace wa m'mene anali kucitira zinthu nthawi zonse mwan kacetecete,Nyanja_NNM_Spk1_U_ef509981a3_Utterance_11_500_525.wav,10.101
NNM,M,Spk1,U_ef509981a3,500_525,Nyanja_NNM_Spk1_U_ef509981a3_Utterance_12,maka-maka zipangidwa kucokera ku kuika pamodzi kwa zithunzithunzi zopangidwa kuubwana,Nyanja_NNM_Spk1_U_ef509981a3_Utterance_12_500_525.wav,9.381
NNM,M,Spk1,U_ef509981a3,500_525,Nyanja_NNM_Spk1_U_ef509981a3_Utterance_13,ndizoonekeratu kuti munthu ndiye colankhulidwa ku zinthu zosiyana-siyana,Nyanja_NNM_Spk1_U_ef509981a3_Utterance_13_500_525.wav,7.291
NNM,M,Spk1,U_ef509981a3,500_525,Nyanja_NNM_Spk1_U_ef509981a3_Utterance_14,milligram amene thupi lao ndi lolemela ma kilogilamu okewanira 128 ooo,Nyanja_NNM_Spk1_U_ef509981a3_Utterance_14_500_525.wav,9.995
NNM,M,Spk1,U_ef509981a3,500_525,Nyanja_NNM_Spk1_U_ef509981a3_Utterance_15,koma nkhani imeneyi izakambidwa bwino ndithu titaona pa makhalidwa ya anthu a mitundu yonse(ubadwe) ya anthu,Nyanja_NNM_Spk1_U_ef509981a3_Utterance_15_500_525.wav,10.333
NNM,M,Spk1,U_ef509981a3,500_525,Nyanja_NNM_Spk1_U_ef509981a3_Utterance_16,eliza anatseka citseko kumbuyo kwace ndi cifuniro coti aigunditse mwadala ndipo kiyi inagwirana ndi citseko,Nyanja_NNM_Spk1_U_ef509981a3_Utterance_16_500_525.wav,12.74
NNM,M,Spk1,U_ef509981a3,500_525,Nyanja_NNM_Spk1_U_ef509981a3_Utterance_17,ndife okhutilitsidwa ndithu tsopano anatelo kapitawo battleax anatero akazi anga,Nyanja_NNM_Spk1_U_ef509981a3_Utterance_17_500_525.wav,9.59
NNM,M,Spk1,U_ef509981a3,500_525,Nyanja_NNM_Spk1_U_ef509981a3_Utterance_18,ndizapangitsa kuti iwe usandulize mu ci fulunchi ndipo  siuyenera kuopa ngati mwina ndakupeza ndi bvuto,Nyanja_NNM_Spk1_U_ef509981a3_Utterance_18_500_525.wav,11.42
NNM,M,Spk1,U_ef509981a3,500_525,Nyanja_NNM_Spk1_U_ef509981a3_Utterance_19,ndipo unabweleranso mosasamala kwambiri koma izo sizinasinthe ciliconse,Nyanja_NNM_Spk1_U_ef509981a3_Utterance_19_500_525.wav,7.94
NNM,M,Spk1,U_ef509981a3,500_525,Nyanja_NNM_Spk1_U_ef509981a3_Utterance_20,mu dziko lino ndicodziwikilatu kuti kacipinda ka panja ca kunyumba ya malamulo kudulikila mwinanso kulibeali ndi mwai,Nyanja_NNM_Spk1_U_ef509981a3_Utterance_20_500_525.wav,15.26
NNM,M,Spk1,U_ef509981a3,500_525,Nyanja_NNM_Spk1_U_ef509981a3_Utterance_21,ai ndakuyamikilani ndine wokondwera pokupatsani cimwemwe cotere mosabvutikila,Nyanja_NNM_Spk1_U_ef509981a3_Utterance_21_500_525.wav,8.045
NNM,M,Spk1,U_ef509981a3,500_525,Nyanja_NNM_Spk1_U_ef509981a3_Utterance_22,izo ndizo ufuna kumacita eti,Nyanja_NNM_Spk1_U_ef509981a3_Utterance_22_500_525.wav,3.245
NNM,M,Spk1,U_ef509981a3,500_525,Nyanja_NNM_Spk1_U_ef509981a3_Utterance_23,mzimai osadziwika uja ndi zonena zace za kumtima zimene zinanenedwa mwacangu anaopyeza onsewo,Nyanja_NNM_Spk1_U_ef509981a3_Utterance_23_500_525.wav,13.625
NNM,M,Spk1,U_ef509981a3,500_525,Nyanja_NNM_Spk1_U_ef509981a3_Utterance_24,ndine wotopa kwambiri kumanghokhala nekha pano,Nyanja_NNM_Spk1_U_ef509981a3_Utterance_24_500_525.wav,5.36
NNM,M,Spk1,U_ef509981a3,500_525,Nyanja_NNM_Spk1_U_ef509981a3_Utterance_25,zambiri monga za mutu wa buku la m'mbaibulo yocedwa episikopo tsopano pakubwera moni wa atumwi mzera wa citatu,Nyanja_NNM_Spk1_U_ef509981a3_Utterance_25_500_525.wav,14.495
NNM,M,Spk1,U_ef509981a3,525_550,Nyanja_NNM_Spk1_U_ef509981a3_Utterance_1,sitizalankhulanso pa iye ngati inu simukufuna indetu,Nyanja_NNM_Spk1_U_ef509981a3_Utterance_1_525_550.wav,4.644
NNM,M,Spk1,U_ef509981a3,525_550,Nyanja_NNM_Spk1_U_ef509981a3_Utterance_2,njira zako lute zimandiyetsa konenetsa ndi azibale ako onse,Nyanja_NNM_Spk1_U_ef509981a3_Utterance_2_525_550.wav,5.352
NNM,M,Spk1,U_ef509981a3,525_550,Nyanja_NNM_Spk1_U_ef509981a3_Utterance_3,tacokelra kumalo oziimilila okha opambana malo ano oziimilila okha,Nyanja_NNM_Spk1_U_ef509981a3_Utterance_3_525_550.wav,7.221
NNM,M,Spk1,U_ef509981a3,525_550,Nyanja_NNM_Spk1_U_ef509981a3_Utterance_4,popanda ma buku ace olembamo zinthu zithunzi-thunzi makemiko ace ndi maonekedwe/mabvalidwe ace osaoneka bwino akunyumba anali munthu osamasuka bwino,Nyanja_NNM_Spk1_U_ef509981a3_Utterance_4_525_550.wav,12.156
NNM,M,Spk1,U_ef509981a3,525_550,Nyanja_NNM_Spk1_U_ef509981a3_Utterance_5,munny ine tould ike ndifuna kucita mu nkhokwe kwa tonny kukaona a whittawd,Nyanja_NNM_Spk1_U_ef509981a3_Utterance_5_525_550.wav,8.185
NNM,M,Spk1,U_ef509981a3,525_550,Nyanja_NNM_Spk1_U_ef509981a3_Utterance_6,anandikondweretsa ine cifukwa cokhala munthu wa cikhulupiliro kwambiri,Nyanja_NNM_Spk1_U_ef509981a3_Utterance_6_525_550.wav,4.981
NNM,M,Spk1,U_ef509981a3,525_550,Nyanja_NNM_Spk1_U_ef509981a3_Utterance_7,ndipo kulibe nzeru za kale zimene ziyenera kutengedwa kupyolera mu kumanva cizolowezi cokha,Nyanja_NNM_Spk1_U_ef509981a3_Utterance_7_525_550.wav,8.44
NNM,M,Spk1,U_ef509981a3,525_550,Nyanja_NNM_Spk1_U_ef509981a3_Utterance_8,pearl anabadwa okanidwa mu calo ca ana ang'ono-ang'ono,Nyanja_NNM_Spk1_U_ef509981a3_Utterance_8_525_550.wav,4.447
NNM,M,Spk1,U_ef509981a3,525_550,Nyanja_NNM_Spk1_U_ef509981a3_Utterance_9,jaki azakhala mwamuna wa eva osangalala ndipo angakhale pakati pa zinchito zimene calo cifunitsitsa,Nyanja_NNM_Spk1_U_ef509981a3_Utterance_9_525_550.wav,8.324
NNM,M,Spk1,U_ef509981a3,525_550,Nyanja_NNM_Spk1_U_ef509981a3_Utterance_10,nciani cimene ndinamuuza bambo kodi ndili ndi mwai wapadera kuti ndingathe kukuonani,Nyanja_NNM_Spk1_U_ef509981a3_Utterance_10_525_550.wav,7.558
NNM,M,Spk1,U_ef509981a3,525_550,Nyanja_NNM_Spk1_U_ef509981a3_Utterance_11,anakhala pansi ali wodabwa/wosokonezeka m'maganizo ndipo cinthu cimozi anali kuganizapo kopotsa cinali zola,Nyanja_NNM_Spk1_U_ef509981a3_Utterance_11_525_550.wav,8.057
NNM,M,Spk1,U_ef509981a3,525_550,Nyanja_NNM_Spk1_U_ef509981a3_Utterance_12,magome anaikidwa pa maudzu  ndipo cakudya cokoma cinali pafupi kuikidwapo,Nyanja_NNM_Spk1_U_ef509981a3_Utterance_12_525_550.wav,6.769
NNM,M,Spk1,U_ef509981a3,525_550,Nyanja_NNM_Spk1_U_ef509981a3_Utterance_13,cobitsira pa gome ndicolinga coti pathumecopangidwa ndi zidunswa za nsalu zosiyana mitundu zitasokedwa bwino zonse,Nyanja_NNM_Spk1_U_ef509981a3_Utterance_13_525_550.wav,8.44
NNM,M,Spk1,U_ef509981a3,525_550,Nyanja_NNM_Spk1_U_ef509981a3_Utterance_14,koma cimpalangondo m'malo moti amverele anakhalilila pa mpando umene anakhala nayamba kulila,Nyanja_NNM_Spk1_U_ef509981a3_Utterance_14_525_550.wav,8.429
NNM,M,Spk1,U_ef509981a3,525_550,Nyanja_NNM_Spk1_U_ef509981a3_Utterance_15,ndine wamtali tsopano ndipo misambo zanga ndizogawanitsika monga m'mene zinalili zija zimene zinatengedwa caka chatha oo,Nyanja_NNM_Spk1_U_ef509981a3_Utterance_15_525_550.wav,10.077
NNM,M,Spk1,U_ef509981a3,525_550,Nyanja_NNM_Spk1_U_ef509981a3_Utterance_16,koma philippo ndi wacilungamo ndipo ali ndi luso yokwanira ngati anghathe kuleka kulemba--lemba pofuna kupeza njira yace,Nyanja_NNM_Spk1_U_ef509981a3_Utterance_16_525_550.wav,9.462
NNM,M,Spk1,U_ef509981a3,525_550,Nyanja_NNM_Spk1_U_ef509981a3_Utterance_17,anaimililabe motsutsana ndi ziimene anali kunena(kumunamidzira) nayankha zonena zao mozemba mogwiritsa nchito mau ofewa,Nyanja_NNM_Spk1_U_ef509981a3_Utterance_17_525_550.wav,9.462
NNM,M,Spk1,U_ef509981a3,525_550,Nyanja_NNM_Spk1_U_ef509981a3_Utterance_18,cingakhale coneka ngati mwina nsomba ya ukulu wotere inali cakudya cokwanira ndithu,Nyanja_NNM_Spk1_U_ef509981a3_Utterance_18_525_550.wav,7.256
NNM,M,Spk1,U_ef509981a3,525_550,Nyanja_NNM_Spk1_U_ef509981a3_Utterance_19,pulumutsa mtima wakowo ku zobvuto zimene zimabwera utakhala mu cikondi ndi mzimai amene amuna ace anamwalira,Nyanja_NNM_Spk1_U_ef509981a3_Utterance_19_525_550.wav,10.24
NNM,M,Spk1,U_ef509981a3,525_550,Nyanja_NNM_Spk1_U_ef509981a3_Utterance_20,ndipo zisakhileni nokha kunyamuka mwamsanga kapena kucedwako pang'ono,Nyanja_NNM_Spk1_U_ef509981a3_Utterance_20_525_550.wav,6.699
NNM,M,Spk1,U_ef509981a3,525_550,Nyanja_NNM_Spk1_U_ef509981a3_Utterance_21,ndipo anasamila ku cipupa atatsowa mu mapempero,Nyanja_NNM_Spk1_U_ef509981a3_Utterance_21_525_550.wav,4.505
NNM,M,Spk1,U_ef509981a3,525_550,Nyanja_NNM_Spk1_U_ef509981a3_Utterance_22,koma ndakhala ndikucita zimenezi mwakanthawi pa nthawi zina,Nyanja_NNM_Spk1_U_ef509981a3_Utterance_22_525_550.wav,4.772
NNM,M,Spk1,U_ef509981a3,525_550,Nyanja_NNM_Spk1_U_ef509981a3_Utterance_23,inde koma ico ndico ubwinoo wace wa zofuna zace,Nyanja_NNM_Spk1_U_ef509981a3_Utterance_23_525_550.wav,4.865
NNM,M,Spk1,U_ef509981a3,525_550,Nyanja_NNM_Spk1_U_ef509981a3_Utterance_24,coyamba ca zopeza zathu zimene zili zosamveka bwino koma zosatsutsika ndi cakuti kuli kudziwa za kale,Nyanja_NNM_Spk1_U_ef509981a3_Utterance_24_525_550.wav,8.057
NNM,M,Spk1,U_ef509981a3,525_550,Nyanja_NNM_Spk1_U_ef509981a3_Utterance_25,nga ndi zaichthyosaurus kodi abwelera ku mphako yace ya kumadzi,Nyanja_NNM_Spk1_U_ef509981a3_Utterance_25_525_550.wav,6.2
NNM,M,Spk1,U_24f207065a,500_525,Nyanja_NNM_Spk1_U_24f207065a_Utterance_1,otsogolera ndi mfumu ya cipolowe ophunzitsidwa nchito wa nottingham ataunga makofi ace anaophyeza montfichet,Nyanja_NNM_Spk1_U_24f207065a_Utterance_1_500_525.wav,8.21
NNM,M,Spk1,U_24f207065a,500_525,Nyanja_NNM_Spk1_U_24f207065a_Utterance_2,pamene bwato lathu linali kuyenda zinthu zimene zimazunguluka kunsi kwace zinapanga nyimboyi ndi kuiimba m'madzi,Nyanja_NNM_Spk1_U_24f207065a_Utterance_2_500_525.wav,7.745
NNM,M,Spk1,U_24f207065a,500_525,Nyanja_NNM_Spk1_U_24f207065a_Utterance_3,ndilibe cobvala ciliconse anayankha mzimai wozicepetsa uja,Nyanja_NNM_Spk1_U_24f207065a_Utterance_3_500_525.wav,4.22
NNM,M,Spk1,U_24f207065a,500_525,Nyanja_NNM_Spk1_U_24f207065a_Utterance_4,servadaki anazitenga mwa masewela kuti a dobryna anali kufuna kuikamo,Nyanja_NNM_Spk1_U_24f207065a_Utterance_4_500_525.wav,5.585
NNM,M,Spk1,U_24f207065a,500_525,Nyanja_NNM_Spk1_U_24f207065a_Utterance_5,zoipa zace za kugwiritsidwa nchito kopita patsogoro ndi kusagwiritsidwa nchito kwa zisulo,Nyanja_NNM_Spk1_U_24f207065a_Utterance_5_500_525.wav,8.06
NNM,M,Spk1,U_24f207065a,500_525,Nyanja_NNM_Spk1_U_24f207065a_Utterance_6,ndipo mulungu atate maene anamuutsa kwa akufa,Nyanja_NNM_Spk1_U_24f207065a_Utterance_6_500_525.wav,4.925
NNM,M,Spk1,U_24f207065a,500_525,Nyanja_NNM_Spk1_U_24f207065a_Utterance_7,ndipo ndinabwelera nitakalipilidwa kotheratu nizatenga za munjira yoipa zambiri katatu kupotsa zomwe ndagwiritsa nchito,Nyanja_NNM_Spk1_U_24f207065a_Utterance_7_500_525.wav,11.96
NNM,M,Spk1,U_24f207065a,500_525,Nyanja_NNM_Spk1_U_24f207065a_Utterance_8,mwina cinali coyenera kusakufunsani ngati molly anali pano popeza kuti ine ndikumbukira kuti inu simukonda zophikaphika za cizungu,Nyanja_NNM_Spk1_U_24f207065a_Utterance_8_500_525.wav,11.57
NNM,M,Spk1,U_24f207065a,500_525,Nyanja_NNM_Spk1_U_24f207065a_Utterance_9,azoimba imba ogwilira nchito pamodzi kucokera ku maiko onsewa anaimba nyimbo ndipo cakudya cotsekemera ca m' madzulo (mgonero) cinaperekedwa,Nyanja_NNM_Spk1_U_24f207065a_Utterance_9_500_525.wav,18.77
NNM,M,Spk1,U_24f207065a,500_525,Nyanja_NNM_Spk1_U_24f207065a_Utterance_10,iyo ndiyo njira kuli inu iyo ndiye njira imene mufuna nonsenu kutipa healongs kuonongeka,Nyanja_NNM_Spk1_U_24f207065a_Utterance_10_500_525.wav,9.77
NNM,M,Spk1,U_24f207065a,500_525,Nyanja_NNM_Spk1_U_24f207065a_Utterance_11,anali kubvutikilabe ku msokonezo wace wa m'mene anali kucitira zinthu nthawi zonse mwan kacetecete,Nyanja_NNM_Spk1_U_24f207065a_Utterance_11_500_525.wav,16.805
NNM,M,Spk1,U_24f207065a,500_525,Nyanja_NNM_Spk1_U_24f207065a_Utterance_12,maka-maka zipangidwa kucokera ku kuika pamodzi kwa zithunzithunzi zopangidwa kuubwana,Nyanja_NNM_Spk1_U_24f207065a_Utterance_12_500_525.wav,11.81
NNM,M,Spk1,U_24f207065a,500_525,Nyanja_NNM_Spk1_U_24f207065a_Utterance_13,ndizoonekeratu kuti munthu ndiye colankhulidwa ku zinthu zosiyana-siyana,Nyanja_NNM_Spk1_U_24f207065a_Utterance_13_500_525.wav,8.585
NNM,M,Spk1,U_24f207065a,500_525,Nyanja_NNM_Spk1_U_24f207065a_Utterance_14,milligram amene thupi lao ndi lolemela ma kilogilamu okewanira 128 ooo,Nyanja_NNM_Spk1_U_24f207065a_Utterance_14_500_525.wav,10.67
NNM,M,Spk1,U_24f207065a,500_525,Nyanja_NNM_Spk1_U_24f207065a_Utterance_15,koma nkhani imeneyi izakambidwa bwino ndithu titaona pa makhalidwa ya anthu a mitundu yonse(ubadwe) ya anthu,Nyanja_NNM_Spk1_U_24f207065a_Utterance_15_500_525.wav,15.575
NNM,M,Spk1,U_24f207065a,500_525,Nyanja_NNM_Spk1_U_24f207065a_Utterance_16,eliza anatseka citseko kumbuyo kwace ndi cifuniro coti aigunditse mwadala ndipo kiyi inagwirana ndi citseko,Nyanja_NNM_Spk1_U_24f207065a_Utterance_16_500_525.wav,11.045
NNM,M,Spk1,U_24f207065a,500_525,Nyanja_NNM_Spk1_U_24f207065a_Utterance_17,ndife okhutilitsidwa ndithu tsopano anatelo kapitawo battleax anatero akazi anga,Nyanja_NNM_Spk1_U_24f207065a_Utterance_17_500_525.wav,8.36
NNM,M,Spk1,U_24f207065a,500_525,Nyanja_NNM_Spk1_U_24f207065a_Utterance_18,ndizapangitsa kuti iwe usandulize mu ci fulunchi ndipo  siuyenera kuopa ngati mwina ndakupeza ndi bvuto,Nyanja_NNM_Spk1_U_24f207065a_Utterance_18_500_525.wav,13.88
NNM,M,Spk1,U_24f207065a,500_525,Nyanja_NNM_Spk1_U_24f207065a_Utterance_19,ndipo unabweleranso mosasamala kwambiri koma izo sizinasinthe ciliconse,Nyanja_NNM_Spk1_U_24f207065a_Utterance_19_500_525.wav,9.44
NNM,M,Spk1,U_24f207065a,500_525,Nyanja_NNM_Spk1_U_24f207065a_Utterance_20,mu dziko lino ndicodziwikilatu kuti kacipinda ka panja ca kunyumba ya malamulo kudulikila mwinanso kulibeali ndi mwai,Nyanja_NNM_Spk1_U_24f207065a_Utterance_20_500_525.wav,17.03
NNM,M,Spk1,U_24f207065a,500_525,Nyanja_NNM_Spk1_U_24f207065a_Utterance_21,ai ndakuyamikilani ndine wokondwera pokupatsani cimwemwe cotere mosabvutikila,Nyanja_NNM_Spk1_U_24f207065a_Utterance_21_500_525.wav,14.495
NNM,M,Spk1,U_24f207065a,500_525,Nyanja_NNM_Spk1_U_24f207065a_Utterance_22,izo ndizo ufuna kumacita eti,Nyanja_NNM_Spk1_U_24f207065a_Utterance_22_500_525.wav,3.935
NNM,M,Spk1,U_24f207065a,500_525,Nyanja_NNM_Spk1_U_24f207065a_Utterance_23,mzimai osadziwika uja ndi zonena zace za kumtima zimene zinanenedwa mwacangu anaopyeza onsewo,Nyanja_NNM_Spk1_U_24f207065a_Utterance_23_500_525.wav,14.66
NNM,M,Spk1,U_24f207065a,500_525,Nyanja_NNM_Spk1_U_24f207065a_Utterance_24,ndine wotopa kwambiri kumanghokhala nekha pano,Nyanja_NNM_Spk1_U_24f207065a_Utterance_24_500_525.wav,4.58
NNM,M,Spk1,U_24f207065a,500_525,Nyanja_NNM_Spk1_U_24f207065a_Utterance_25,zambiri monga za mutu wa buku la m'mbaibulo yocedwa episikopo tsopano pakubwera moni wa atumwi mzera wa citatu,Nyanja_NNM_Spk1_U_24f207065a_Utterance_25_500_525.wav,19.265
NNM,M,Spk1,U_24f207065a,525_550,Nyanja_NNM_Spk1_U_24f207065a_Utterance_1,sitizalankhulanso pa iye ngati inu simukufuna indetu,Nyanja_NNM_Spk1_U_24f207065a_Utterance_1_525_550.wav,6.785
NNM,M,Spk1,U_24f207065a,525_550,Nyanja_NNM_Spk1_U_24f207065a_Utterance_2,njira zako lute zimandiyetsa konenetsa ndi azibale ako onse,Nyanja_NNM_Spk1_U_24f207065a_Utterance_2_525_550.wav,10.775
NNM,M,Spk1,U_24f207065a,525_550,Nyanja_NNM_Spk1_U_24f207065a_Utterance_3,tacokelra kumalo oziimilila okha opambana malo ano oziimilila okha,Nyanja_NNM_Spk1_U_24f207065a_Utterance_3_525_550.wav,9.68
NNM,M,Spk1,U_24f207065a,525_550,Nyanja_NNM_Spk1_U_24f207065a_Utterance_4,popanda ma buku ace olembamo zinthu zithunzi-thunzi makemiko ace ndi maonekedwe/mabvalidwe ace osaoneka bwino akunyumba anali munthu osamasuka bwino,Nyanja_NNM_Spk1_U_24f207065a_Utterance_4_525_550.wav,25.535
NNM,M,Spk1,U_24f207065a,525_550,Nyanja_NNM_Spk1_U_24f207065a_Utterance_5,munny ine tould ike ndifuna kucita mu nkhokwe kwa tonny kukaona a whittawd,Nyanja_NNM_Spk1_U_24f207065a_Utterance_5_525_550.wav,10.58
NNM,M,Spk1,U_24f207065a,525_550,Nyanja_NNM_Spk1_U_24f207065a_Utterance_6,anandikondweretsa ine cifukwa cokhala munthu wa cikhulupiliro kwambiri,Nyanja_NNM_Spk1_U_24f207065a_Utterance_6_525_550.wav,9.11
NNM,M,Spk1,U_24f207065a,525_550,Nyanja_NNM_Spk1_U_24f207065a_Utterance_7,ndipo kulibe nzeru za kale zimene ziyenera kutengedwa kupyolera mu kumanva cizolowezi cokha,Nyanja_NNM_Spk1_U_24f207065a_Utterance_7_525_550.wav,17.225
NNM,M,Spk1,U_24f207065a,525_550,Nyanja_NNM_Spk1_U_24f207065a_Utterance_8,pearl anabadwa okanidwa mu calo ca ana ang'ono-ang'ono,Nyanja_NNM_Spk1_U_24f207065a_Utterance_8_525_550.wav,4.88
NNM,M,Spk1,U_24f207065a,525_550,Nyanja_NNM_Spk1_U_24f207065a_Utterance_9,jaki azakhala mwamuna wa eva osangalala ndipo angakhale pakati pa zinchito zimene calo cifunitsitsa,Nyanja_NNM_Spk1_U_24f207065a_Utterance_9_525_550.wav,10.28
NNM,M,Spk1,U_24f207065a,525_550,Nyanja_NNM_Spk1_U_24f207065a_Utterance_10,nciani cimene ndinamuuza bambo kodi ndili ndi mwai wapadera kuti ndingathe kukuonani,Nyanja_NNM_Spk1_U_24f207065a_Utterance_10_525_550.wav,17.525
NNM,M,Spk1,U_24f207065a,525_550,Nyanja_NNM_Spk1_U_24f207065a_Utterance_11,anakhala pansi ali wodabwa/wosokonezeka m'maganizo ndipo cinthu cimozi anali kuganizapo kopotsa cinali zola,Nyanja_NNM_Spk1_U_24f207065a_Utterance_11_525_550.wav,14.765
NNM,M,Spk1,U_24f207065a,525_550,Nyanja_NNM_Spk1_U_24f207065a_Utterance_12,magome anaikidwa pa maudzu  ndipo cakudya cokoma cinali pafupi kuikidwapo,Nyanja_NNM_Spk1_U_24f207065a_Utterance_12_525_550.wav,15.74
NNM,M,Spk1,U_24f207065a,525_550,Nyanja_NNM_Spk1_U_24f207065a_Utterance_13,cobitsira pa gome ndicolinga coti pathumecopangidwa ndi zidunswa za nsalu zosiyana mitundu zitasokedwa bwino zonse,Nyanja_NNM_Spk1_U_24f207065a_Utterance_13_525_550.wav,10.7
NNM,M,Spk1,U_24f207065a,525_550,Nyanja_NNM_Spk1_U_24f207065a_Utterance_14,koma cimpalangondo m'malo moti amverele anakhalilila pa mpando umene anakhala nayamba kulila,Nyanja_NNM_Spk1_U_24f207065a_Utterance_14_525_550.wav,22.865
NNM,M,Spk1,U_24f207065a,525_550,Nyanja_NNM_Spk1_U_24f207065a_Utterance_15,ndine wamtali tsopano ndipo misambo zanga ndizogawanitsika monga m'mene zinalili zija zimene zinatengedwa caka chatha oo,Nyanja_NNM_Spk1_U_24f207065a_Utterance_15_525_550.wav,14.525
NNM,M,Spk1,U_24f207065a,525_550,Nyanja_NNM_Spk1_U_24f207065a_Utterance_16,koma philippo ndi wacilungamo ndipo ali ndi luso yokwanira ngati anghathe kuleka kulemba--lemba pofuna kupeza njira yace,Nyanja_NNM_Spk1_U_24f207065a_Utterance_16_525_550.wav,13.25
NNM,M,Spk1,U_24f207065a,525_550,Nyanja_NNM_Spk1_U_24f207065a_Utterance_17,anaimililabe motsutsana ndi ziimene anali kunena(kumunamidzira) nayankha zonena zao mozemba mogwiritsa nchito mau ofewa,Nyanja_NNM_Spk1_U_24f207065a_Utterance_17_525_550.wav,10.775
NNM,M,Spk1,U_24f207065a,525_550,Nyanja_NNM_Spk1_U_24f207065a_Utterance_18,cingakhale coneka ngati mwina nsomba ya ukulu wotere inali cakudya cokwanira ndithu,Nyanja_NNM_Spk1_U_24f207065a_Utterance_18_525_550.wav,14.645
NNM,M,Spk1,U_24f207065a,525_550,Nyanja_NNM_Spk1_U_24f207065a_Utterance_19,pulumutsa mtima wakowo ku zobvuto zimene zimabwera utakhala mu cikondi ndi mzimai amene amuna ace anamwalira,Nyanja_NNM_Spk1_U_24f207065a_Utterance_19_525_550.wav,8.33
NNM,M,Spk1,U_24f207065a,525_550,Nyanja_NNM_Spk1_U_24f207065a_Utterance_20,ndipo zisakhileni nokha kunyamuka mwamsanga kapena kucedwako pang'ono,Nyanja_NNM_Spk1_U_24f207065a_Utterance_20_525_550.wav,6.14
NNM,M,Spk1,U_24f207065a,525_550,Nyanja_NNM_Spk1_U_24f207065a_Utterance_21,ndipo anasamila ku cipupa atatsowa mu mapempero,Nyanja_NNM_Spk1_U_24f207065a_Utterance_21_525_550.wav,9.005
NNM,M,Spk1,U_24f207065a,525_550,Nyanja_NNM_Spk1_U_24f207065a_Utterance_22,koma ndakhala ndikucita zimenezi mwakanthawi pa nthawi zina,Nyanja_NNM_Spk1_U_24f207065a_Utterance_22_525_550.wav,7.31
NNM,M,Spk1,U_24f207065a,525_550,Nyanja_NNM_Spk1_U_24f207065a_Utterance_23,inde koma ico ndico ubwinoo wace wa zofuna zace,Nyanja_NNM_Spk1_U_24f207065a_Utterance_23_525_550.wav,15.245
NNM,M,Spk1,U_24f207065a,525_550,Nyanja_NNM_Spk1_U_24f207065a_Utterance_24,coyamba ca zopeza zathu zimene zili zosamveka bwino koma zosatsutsika ndi cakuti kuli kudziwa za kale,Nyanja_NNM_Spk1_U_24f207065a_Utterance_24_525_550.wav,9.305
NNM,M,Spk1,U_24f207065a,525_550,Nyanja_NNM_Spk1_U_24f207065a_Utterance_25,nga ndi zaichthyosaurus kodi abwelera ku mphako yace ya kumadzi,Nyanja_NNM_Spk1_U_24f207065a_Utterance_25_525_550.wav,9.665
NNM,M,Spk1,U_0be58d339e,500_525,Nyanja_NNM_Spk1_U_0be58d339e_Utterance_1,otsogolera ndi mfumu ya cipolowe ophunzitsidwa nchito wa nottingham ataunga makofi ace anaophyeza montfichet,Nyanja_NNM_Spk1_U_0be58d339e_Utterance_1_500_525.wav,13.925
NNM,M,Spk1,U_0be58d339e,500_525,Nyanja_NNM_Spk1_U_0be58d339e_Utterance_2,pamene bwato lathu linali kuyenda zinthu zimene zimazunguluka kunsi kwace zinapanga nyimboyi ndi kuiimba m'madzi,Nyanja_NNM_Spk1_U_0be58d339e_Utterance_2_500_525.wav,11.87
NNM,M,Spk1,U_0be58d339e,500_525,Nyanja_NNM_Spk1_U_0be58d339e_Utterance_3,ndilibe cobvala ciliconse anayankha mzimai wozicepetsa uja,Nyanja_NNM_Spk1_U_0be58d339e_Utterance_3_500_525.wav,7.085
NNM,M,Spk1,U_0be58d339e,500_525,Nyanja_NNM_Spk1_U_0be58d339e_Utterance_4,servadaki anazitenga mwa masewela kuti a dobryna anali kufuna kuikamo,Nyanja_NNM_Spk1_U_0be58d339e_Utterance_4_500_525.wav,8.6
NNM,M,Spk1,U_0be58d339e,500_525,Nyanja_NNM_Spk1_U_0be58d339e_Utterance_5,zoipa zace za kugwiritsidwa nchito kopita patsogoro ndi kusagwiritsidwa nchito kwa zisulo,Nyanja_NNM_Spk1_U_0be58d339e_Utterance_5_500_525.wav,10.73
NNM,M,Spk1,U_0be58d339e,500_525,Nyanja_NNM_Spk1_U_0be58d339e_Utterance_6,ndipo mulungu atate maene anamuutsa kwa akufa,Nyanja_NNM_Spk1_U_0be58d339e_Utterance_6_500_525.wav,7.745
NNM,M,Spk1,U_0be58d339e,500_525,Nyanja_NNM_Spk1_U_0be58d339e_Utterance_7,ndipo ndinabwelera nitakalipilidwa kotheratu nizatenga za munjira yoipa zambiri katatu kupotsa zomwe ndagwiritsa nchito,Nyanja_NNM_Spk1_U_0be58d339e_Utterance_7_500_525.wav,16.64
NNM,M,Spk1,U_0be58d339e,500_525,Nyanja_NNM_Spk1_U_0be58d339e_Utterance_8,mwina cinali coyenera kusakufunsani ngati molly anali pano popeza kuti ine ndikumbukira kuti inu simukonda zophikaphika za cizungu,Nyanja_NNM_Spk1_U_0be58d339e_Utterance_8_500_525.wav,13.584
NNM,M,Spk1,U_0be58d339e,500_525,Nyanja_NNM_Spk1_U_0be58d339e_Utterance_9,azoimba imba ogwilira nchito pamodzi kucokera ku maiko onsewa anaimba nyimbo ndipo cakudya cotsekemera ca m' madzulo (mgonero) cinaperekedwa,Nyanja_NNM_Spk1_U_0be58d339e_Utterance_9_500_525.wav,19.61
NNM,M,Spk1,U_0be58d339e,500_525,Nyanja_NNM_Spk1_U_0be58d339e_Utterance_10,iyo ndiyo njira kuli inu iyo ndiye njira imene mufuna nonsenu kutipa healongs kuonongeka,Nyanja_NNM_Spk1_U_0be58d339e_Utterance_10_500_525.wav,14.09
NNM,M,Spk1,U_0be58d339e,500_525,Nyanja_NNM_Spk1_U_0be58d339e_Utterance_11,anali kubvutikilabe ku msokonezo wace wa m'mene anali kucitira zinthu nthawi zonse mwan kacetecete,Nyanja_NNM_Spk1_U_0be58d339e_Utterance_11_500_525.wav,14.12
NNM,M,Spk1,U_0be58d339e,500_525,Nyanja_NNM_Spk1_U_0be58d339e_Utterance_12,maka-maka zipangidwa kucokera ku kuika pamodzi kwa zithunzithunzi zopangidwa kuubwana,Nyanja_NNM_Spk1_U_0be58d339e_Utterance_12_500_525.wav,11.645
NNM,M,Spk1,U_0be58d339e,500_525,Nyanja_NNM_Spk1_U_0be58d339e_Utterance_13,ndizoonekeratu kuti munthu ndiye colankhulidwa ku zinthu zosiyana-siyana,Nyanja_NNM_Spk1_U_0be58d339e_Utterance_13_500_525.wav,8.39
NNM,M,Spk1,U_0be58d339e,500_525,Nyanja_NNM_Spk1_U_0be58d339e_Utterance_14,milligram amene thupi lao ndi lolemela ma kilogilamu okewanira 128 ooo,Nyanja_NNM_Spk1_U_0be58d339e_Utterance_14_500_525.wav,11.09
NNM,M,Spk1,U_0be58d339e,500_525,Nyanja_NNM_Spk1_U_0be58d339e_Utterance_15,koma nkhani imeneyi izakambidwa bwino ndithu titaona pa makhalidwa ya anthu a mitundu yonse(ubadwe) ya anthu,Nyanja_NNM_Spk1_U_0be58d339e_Utterance_15_500_525.wav,14.075
NNM,M,Spk1,U_0be58d339e,500_525,Nyanja_NNM_Spk1_U_0be58d339e_Utterance_16,eliza anatseka citseko kumbuyo kwace ndi cifuniro coti aigunditse mwadala ndipo kiyi inagwirana ndi citseko,Nyanja_NNM_Spk1_U_0be58d339e_Utterance_16_500_525.wav,14.945
NNM,M,Spk1,U_0be58d339e,500_525,Nyanja_NNM_Spk1_U_0be58d339e_Utterance_17,ndife okhutilitsidwa ndithu tsopano anatelo kapitawo battleax anatero akazi anga,Nyanja_NNM_Spk1_U_0be58d339e_Utterance_17_500_525.wav,16.175
NNM,M,Spk1,U_0be58d339e,500_525,Nyanja_NNM_Spk1_U_0be58d339e_Utterance_18,ndizapangitsa kuti iwe usandulize mu ci fulunchi ndipo  siuyenera kuopa ngati mwina ndakupeza ndi bvuto,Nyanja_NNM_Spk1_U_0be58d339e_Utterance_18_500_525.wav,15.575
NNM,M,Spk1,U_0be58d339e,500_525,Nyanja_NNM_Spk1_U_0be58d339e_Utterance_19,ndipo unabweleranso mosasamala kwambiri koma izo sizinasinthe ciliconse,Nyanja_NNM_Spk1_U_0be58d339e_Utterance_19_500_525.wav,8.485
NNM,M,Spk1,U_0be58d339e,500_525,Nyanja_NNM_Spk1_U_0be58d339e_Utterance_20,mu dziko lino ndicodziwikilatu kuti kacipinda ka panja ca kunyumba ya malamulo kudulikila mwinanso kulibeali ndi mwai,Nyanja_NNM_Spk1_U_0be58d339e_Utterance_20_500_525.wav,16.883
NNM,M,Spk1,U_0be58d339e,500_525,Nyanja_NNM_Spk1_U_0be58d339e_Utterance_21,izo ndizo ufuna kumacita eti,Nyanja_NNM_Spk1_U_0be58d339e_Utterance_21_500_525.wav,4.511
NNM,M,Spk1,U_0be58d339e,500_525,Nyanja_NNM_Spk1_U_0be58d339e_Utterance_22,mzimai osadziwika uja ndi zonena zace za kumtima zimene zinanenedwa mwacangu anaopyeza onsewo,Nyanja_NNM_Spk1_U_0be58d339e_Utterance_22_500_525.wav,12.038
NNM,M,Spk1,U_0be58d339e,500_525,Nyanja_NNM_Spk1_U_0be58d339e_Utterance_23,ndine wotopa kwambiri kumanghokhala nekha pano,Nyanja_NNM_Spk1_U_0be58d339e_Utterance_23_500_525.wav,5.078
NNM,M,Spk1,U_0be58d339e,500_525,Nyanja_NNM_Spk1_U_0be58d339e_Utterance_24,zambiri monga za mutu wa buku la m'mbaibulo yocedwa episikopo tsopano pakubwera moni wa atumwi mzera wa citatu,Nyanja_NNM_Spk1_U_0be58d339e_Utterance_24_500_525.wav,12.26
NNM,M,Spk1,U_0be58d339e,525_550,Nyanja_NNM_Spk1_U_0be58d339e_Utterance_1,sitizalankhulanso pa iye ngati inu simukufuna indetu,Nyanja_NNM_Spk1_U_0be58d339e_Utterance_1_525_550.wav,5.315
NNM,M,Spk1,U_0be58d339e,525_550,Nyanja_NNM_Spk1_U_0be58d339e_Utterance_2,njira zako lute zimandiyetsa konenetsa ndi azibale ako onse,Nyanja_NNM_Spk1_U_0be58d339e_Utterance_2_525_550.wav,7.37
NNM,M,Spk1,U_0be58d339e,525_550,Nyanja_NNM_Spk1_U_0be58d339e_Utterance_3,tacokelra kumalo oziimilila okha opambana malo ano oziimilila okha,Nyanja_NNM_Spk1_U_0be58d339e_Utterance_3_525_550.wav,7.325
NNM,M,Spk1,U_0be58d339e,525_550,Nyanja_NNM_Spk1_U_0be58d339e_Utterance_4,popanda ma buku ace olembamo zinthu zithunzi-thunzi makemiko ace ndi maonekedwe/mabvalidwe ace osaoneka bwino akunyumba anali munthu osamasuka bwino,Nyanja_NNM_Spk1_U_0be58d339e_Utterance_4_525_550.wav,16.235
NNM,M,Spk1,U_0be58d339e,525_550,Nyanja_NNM_Spk1_U_0be58d339e_Utterance_5,munny ine tould ike ndifuna kucita mu nkhokwe kwa tonny kukaona a whittawd,Nyanja_NNM_Spk1_U_0be58d339e_Utterance_5_525_550.wav,7.91
NNM,M,Spk1,U_0be58d339e,525_550,Nyanja_NNM_Spk1_U_0be58d339e_Utterance_6,anandikondweretsa ine cifukwa cokhala munthu wa cikhulupiliro kwambiri,Nyanja_NNM_Spk1_U_0be58d339e_Utterance_6_525_550.wav,6.17
NNM,M,Spk1,U_0be58d339e,525_550,Nyanja_NNM_Spk1_U_0be58d339e_Utterance_7,ndipo kulibe nzeru za kale zimene ziyenera kutengedwa kupyolera mu kumanva cizolowezi cokha,Nyanja_NNM_Spk1_U_0be58d339e_Utterance_7_525_550.wav,11.105
NNM,M,Spk1,U_0be58d339e,525_550,Nyanja_NNM_Spk1_U_0be58d339e_Utterance_8,pearl anabadwa okanidwa mu calo ca ana ang'ono-ang'ono,Nyanja_NNM_Spk1_U_0be58d339e_Utterance_8_525_550.wav,4.205
NNM,M,Spk1,U_0be58d339e,525_550,Nyanja_NNM_Spk1_U_0be58d339e_Utterance_9,jaki azakhala mwamuna wa eva osangalala ndipo angakhale pakati pa zinchito zimene calo cifunitsitsa,Nyanja_NNM_Spk1_U_0be58d339e_Utterance_9_525_550.wav,10.791
NNM,M,Spk1,U_0be58d339e,525_550,Nyanja_NNM_Spk1_U_0be58d339e_Utterance_10,nciani cimene ndinamuuza bambo kodi ndili ndi mwai wapadera kuti ndingathe kukuonani,Nyanja_NNM_Spk1_U_0be58d339e_Utterance_10_525_550.wav,12.065
NNM,M,Spk1,U_0be58d339e,525_550,Nyanja_NNM_Spk1_U_0be58d339e_Utterance_11,anakhala pansi ali wodabwa/wosokonezeka m'maganizo ndipo cinthu cimozi anali kuganizapo kopotsa cinali zola,Nyanja_NNM_Spk1_U_0be58d339e_Utterance_11_525_550.wav,9.831
NNM,M,Spk1,U_0be58d339e,525_550,Nyanja_NNM_Spk1_U_0be58d339e_Utterance_12,magome anaikidwa pa maudzu  ndipo cakudya cokoma cinali pafupi kuikidwapo,Nyanja_NNM_Spk1_U_0be58d339e_Utterance_12_525_550.wav,7.55
NNM,M,Spk1,U_0be58d339e,525_550,Nyanja_NNM_Spk1_U_0be58d339e_Utterance_13,cobitsira pa gome ndicolinga coti pathumecopangidwa ndi zidunswa za nsalu zosiyana mitundu zitasokedwa bwino zonse,Nyanja_NNM_Spk1_U_0be58d339e_Utterance_13_525_550.wav,19.855
NNM,M,Spk1,U_0be58d339e,525_550,Nyanja_NNM_Spk1_U_0be58d339e_Utterance_14,koma cimpalangondo m'malo moti amverele anakhalilila pa mpando umene anakhala nayamba kulila,Nyanja_NNM_Spk1_U_0be58d339e_Utterance_14_525_550.wav,11.615
NNM,M,Spk1,U_0be58d339e,525_550,Nyanja_NNM_Spk1_U_0be58d339e_Utterance_15,ndine wamtali tsopano ndipo misambo zanga ndizogawanitsika monga m'mene zinalili zija zimene zinatengedwa caka chatha oo,Nyanja_NNM_Spk1_U_0be58d339e_Utterance_15_525_550.wav,12.665
NNM,M,Spk1,U_0be58d339e,525_550,Nyanja_NNM_Spk1_U_0be58d339e_Utterance_16,koma philippo ndi wacilungamo ndipo ali ndi luso yokwanira ngati anghathe kuleka kulemba--lemba pofuna kupeza njira yace,Nyanja_NNM_Spk1_U_0be58d339e_Utterance_16_525_550.wav,12.065
NNM,M,Spk1,U_0be58d339e,525_550,Nyanja_NNM_Spk1_U_0be58d339e_Utterance_17,anaimililabe motsutsana ndi ziimene anali kunena(kumunamidzira) nayankha zonena zao mozemba mogwiritsa nchito mau ofewa,Nyanja_NNM_Spk1_U_0be58d339e_Utterance_17_525_550.wav,14.18
NNM,M,Spk1,U_0be58d339e,525_550,Nyanja_NNM_Spk1_U_0be58d339e_Utterance_18,cingakhale coneka ngati mwina nsomba ya ukulu wotere inali cakudya cokwanira ndithu,Nyanja_NNM_Spk1_U_0be58d339e_Utterance_18_525_550.wav,9.275
NNM,M,Spk1,U_0be58d339e,525_550,Nyanja_NNM_Spk1_U_0be58d339e_Utterance_19,pulumutsa mtima wakowo ku zobvuto zimene zimabwera utakhala mu cikondi ndi mzimai amene amuna ace anamwalira,Nyanja_NNM_Spk1_U_0be58d339e_Utterance_19_525_550.wav,12.665
NNM,M,Spk1,U_0be58d339e,525_550,Nyanja_NNM_Spk1_U_0be58d339e_Utterance_20,ndipo zisakhileni nokha kunyamuka mwamsanga kapena kucedwako pang'ono,Nyanja_NNM_Spk1_U_0be58d339e_Utterance_20_525_550.wav,5.615
NNM,M,Spk1,U_0be58d339e,525_550,Nyanja_NNM_Spk1_U_0be58d339e_Utterance_21,ndipo anasamila ku cipupa atatsowa mu mapempero,Nyanja_NNM_Spk1_U_0be58d339e_Utterance_21_525_550.wav,5.12
NNM,M,Spk1,U_0be58d339e,525_550,Nyanja_NNM_Spk1_U_0be58d339e_Utterance_22,koma ndakhala ndikucita zimenezi mwakanthawi pa nthawi zina,Nyanja_NNM_Spk1_U_0be58d339e_Utterance_22_525_550.wav,6.23
NNM,M,Spk1,U_0be58d339e,525_550,Nyanja_NNM_Spk1_U_0be58d339e_Utterance_23,inde koma ico ndico ubwinoo wace wa zofuna zace,Nyanja_NNM_Spk1_U_0be58d339e_Utterance_23_525_550.wav,6.8
NNM,M,Spk1,U_0be58d339e,525_550,Nyanja_NNM_Spk1_U_0be58d339e_Utterance_24,coyamba ca zopeza zathu zimene zili zosamveka bwino koma zosatsutsika ndi cakuti kuli kudziwa za kale,Nyanja_NNM_Spk1_U_0be58d339e_Utterance_24_525_550.wav,11.615
NNM,M,Spk1,U_0be58d339e,525_550,Nyanja_NNM_Spk1_U_0be58d339e_Utterance_25,nga ndi zaichthyosaurus kodi abwelera ku mphako yace ya kumadzi,Nyanja_NNM_Spk1_U_0be58d339e_Utterance_25_525_550.wav,7.205
NNM,M,Spk9,U_0c01c2158a,925_950,Nyanja_NNM_Spk9_U_0c01c2158a_Utterance_1,ninacita kuwerengamo mosamala kwambiri cifukwa zolembazo zili za zoona,Nyanja_NNM_Spk9_U_0c01c2158a_Utterance_1_925_950.wav,225.875
NNM,M,Spk9,U_0c01c2158a,925_950,Nyanja_NNM_Spk9_U_0c01c2158a_Utterance_2,iye anabwelera atanyamula nsapato zace zo jumpila zimene zipelekedwa monga m'mene mudziwira ndi zinthu zina zace zosongoka kunsiku,Nyanja_NNM_Spk9_U_0c01c2158a_Utterance_2_925_950.wav,225.875
NNM,M,Spk9,U_0c01c2158a,925_950,Nyanja_NNM_Spk9_U_0c01c2158a_Utterance_3,cinthu cokhaco cimene cinali cofunikila cinali kukonza a seth reymolds ndikuyetsetsa kuika moyenera bambo hopings,Nyanja_NNM_Spk9_U_0c01c2158a_Utterance_3_925_950.wav,225.875
NNM,M,Spk9,U_0c01c2158a,925_950,Nyanja_NNM_Spk9_U_0c01c2158a_Utterance_4,kodi ndani mzakoyo amene ali kubudula kono wa manja (zobvara zako) ako,Nyanja_NNM_Spk9_U_0c01c2158a_Utterance_4_925_950.wav,225.875
NNM,M,Spk9,U_0c01c2158a,925_950,Nyanja_NNM_Spk9_U_0c01c2158a_Utterance_5,ambrose anakumana ndi ine munsi mwa matanda okwerera mnyumba nandionetsa njira kumene ca kudya ca m'madzulo cinali kudyedwera,Nyanja_NNM_Spk9_U_0c01c2158a_Utterance_5_925_950.wav,225.875
NNM,M,Spk9,U_0c01c2158a,925_950,Nyanja_NNM_Spk9_U_0c01c2158a_Utterance_6,wina aliyense sangafune kumangoganizira ngati palibe umboni,Nyanja_NNM_Spk9_U_0c01c2158a_Utterance_6_925_950.wav,225.875
NNM,M,Spk9,U_0c01c2158a,925_950,Nyanja_NNM_Spk9_U_0c01c2158a_Utterance_7,anafunsa phronsie mofunitsitsa kudziwa ali kucoka m'manja mwa polli ali kufuna kutseka mbali ya jasper,Nyanja_NNM_Spk9_U_0c01c2158a_Utterance_7_925_950.wav,225.875
NNM,M,Spk9,U_0c01c2158a,925_950,Nyanja_NNM_Spk9_U_0c01c2158a_Utterance_8,ncifukwa ninji tsiku lina m'mawa kunabwere anthu ambviri ndipo anayamba kugwirita nchito mwa ulova,Nyanja_NNM_Spk9_U_0c01c2158a_Utterance_8_925_950.wav,225.875
NNM,M,Spk9,U_0c01c2158a,925_950,Nyanja_NNM_Spk9_U_0c01c2158a_Utterance_9,anali kulankhuzana ndi kalaliki pamene analowa mu holo atamgwira pa dzanja,Nyanja_NNM_Spk9_U_0c01c2158a_Utterance_9_925_950.wav,225.875
NNM,M,Spk9,U_0c01c2158a,925_950,Nyanja_NNM_Spk9_U_0c01c2158a_Utterance_10,olowa mcibwenzi ca banja lathu wa tsopano amene anatenga maganizo anga pomwepo analowa mcipinda,Nyanja_NNM_Spk9_U_0c01c2158a_Utterance_10_925_950.wav,225.875
NNM,M,Spk9,U_0c01c2158a,925_950,Nyanja_NNM_Spk9_U_0c01c2158a_Utterance_11,m'mene sizinayenere kukhalira anayenera kuikidwa ngati mwana wa mfumu wa cimuna pamene anaona cisote cace ca bwino,Nyanja_NNM_Spk9_U_0c01c2158a_Utterance_11_925_950.wav,225.875
NNM,M,Spk9,U_0c01c2158a,925_950,Nyanja_NNM_Spk9_U_0c01c2158a_Utterance_12,sindizagwiritsa ncito zimene ndidziwa mosayenera iye anayankha mosimikidzira ndithu ndikhulupilira inu mfumu yanga,Nyanja_NNM_Spk9_U_0c01c2158a_Utterance_12_925_950.wav,225.875
NNM,M,Spk9,U_0c01c2158a,925_950,Nyanja_NNM_Spk9_U_0c01c2158a_Utterance_13,utsi uli kutuluka ndi mokonzekera zobvuta zakutsogolo sitima inaima nayamba kupita ca kummawa,Nyanja_NNM_Spk9_U_0c01c2158a_Utterance_13_925_950.wav,225.875
NNM,M,Spk9,U_0c01c2158a,925_950,Nyanja_NNM_Spk9_U_0c01c2158a_Utterance_14,izo sizizakhalitsa zizatha ndipo zinthu zizakhala momwe zinalili kale,Nyanja_NNM_Spk9_U_0c01c2158a_Utterance_14_925_950.wav,225.875
NNM,M,Spk9,U_0c01c2158a,925_950,Nyanja_NNM_Spk9_U_0c01c2158a_Utterance_15,kodi simunadabwe nazo onani myenda kangaude m'mene mwaikidwa m'maudzu monsemu,Nyanja_NNM_Spk9_U_0c01c2158a_Utterance_15_925_950.wav,225.875
NNM,M,Spk9,U_0c01c2158a,925_950,Nyanja_NNM_Spk9_U_0c01c2158a_Utterance_16,nthawi imineyo inatilodzera ku dera kumene kunali sitima ya atate ako,Nyanja_NNM_Spk9_U_0c01c2158a_Utterance_16_925_950.wav,225.875
NNM,M,Spk9,U_0c01c2158a,925_950,Nyanja_NNM_Spk9_U_0c01c2158a_Utterance_17,pamene ninaitanidwa  nisananene m'mene nidataila maluwa mwamsangamsanga kapena kuleka kutengako mbali ku ma sewera,Nyanja_NNM_Spk9_U_0c01c2158a_Utterance_17_925_950.wav,225.875
NNM,M,Spk9,U_0c01c2158a,925_950,Nyanja_NNM_Spk9_U_0c01c2158a_Utterance_18,sindikudandaula kuti zikuyenda mocedwa koma kuti nyanjai ndi yaikulu kwabasi,Nyanja_NNM_Spk9_U_0c01c2158a_Utterance_18_925_950.wav,225.875
NNM,M,Spk9,U_0c01c2158a,925_950,Nyanja_NNM_Spk9_U_0c01c2158a_Utterance_19,ndicoyenera kuti acite m'mene ayenera kucita mfumu inatero mokwiiya,Nyanja_NNM_Spk9_U_0c01c2158a_Utterance_19_925_950.wav,225.875
NNM,M,Spk9,U_0c01c2158a,925_950,Nyanja_NNM_Spk9_U_0c01c2158a_Utterance_20,sicinathe kugwedezeka kapena kuyendako mwapang'ono cinali citango imilira njii ngati dzanja la imfa,Nyanja_NNM_Spk9_U_0c01c2158a_Utterance_20_925_950.wav,225.875
NNM,M,Spk9,U_0c01c2158a,925_950,Nyanja_NNM_Spk9_U_0c01c2158a_Utterance_21,oho koma ndine okondwera kuona kuti malo awa atsetsedwa,Nyanja_NNM_Spk9_U_0c01c2158a_Utterance_21_925_950.wav,225.875
NNM,M,Spk9,U_0c01c2158a,925_950,Nyanja_NNM_Spk9_U_0c01c2158a_Utterance_22,atate aja amane ndi osakhulupililika kwa a philipo ali kupita ku za malonda,Nyanja_NNM_Spk9_U_0c01c2158a_Utterance_22_925_950.wav,225.875
NNM,M,Spk9,U_0c01c2158a,925_950,Nyanja_NNM_Spk9_U_0c01c2158a_Utterance_23,macokedwa a anthu kupita kumalo ena kuka khala chirimwe cija  ngakhale  kuti  makamak anthu  anali kucokera ku ngondya za calo zimene zinali zomatsuka kunasintha kwakukulu mphanvu za zipani ziwirizi,Nyanja_NNM_Spk9_U_0c01c2158a_Utterance_23_925_950.wav,225.875
NNM,M,Spk9,U_0c01c2158a,925_950,Nyanja_NNM_Spk9_U_0c01c2158a_Utterance_24,pamenepo mfumukazi sanaikileko wina aliyense nzeru ndipo panalibenso wina aliyense amene anawaikilako nzeru,Nyanja_NNM_Spk9_U_0c01c2158a_Utterance_24_925_950.wav,225.875
NNM,M,Spk9,U_0c01c2158a,925_950,Nyanja_NNM_Spk9_U_0c01c2158a_Utterance_25,inali tsiku yothera mu mwezi wa kapalepale pamene zokonza konza za sitima zidatha,Nyanja_NNM_Spk9_U_0c01c2158a_Utterance_25_925_950.wav,225.875
NNM,M,Spk9,U_3b3b910689,900_925,Nyanja_NNM_Spk9_U_3b3b910689_Utterance_1,iye anawelamuka napenya kumene kunali naomi mokaika kucokela pa mbale yace napenyanso [pansi mocedwa moonetsa ukwiyo pa maso,Nyanja_NNM_Spk9_U_3b3b910689_Utterance_1_900_925.wav,10.371
NNM,M,Spk9,U_3b3b910689,900_925,Nyanja_NNM_Spk9_U_3b3b910689_Utterance_2,patsogoro pa sitima ndinasema mutu wace ndi kamwa kotseguka ndi lilime lamphanda litatuluka pabwalo,Nyanja_NNM_Spk9_U_3b3b910689_Utterance_2_900_925.wav,8.661
NNM,M,Spk9,U_3b3b910689,900_925,Nyanja_NNM_Spk9_U_3b3b910689_Utterance_3,unatelo mtengo wa mkuyu kuganizira zomwe anali nazo iye anadzindikila,Nyanja_NNM_Spk9_U_3b3b910689_Utterance_3_900_925.wav,6.014
NNM,M,Spk9,U_3b3b910689,900_925,Nyanja_NNM_Spk9_U_3b3b910689_Utterance_4,ndine okhutilitsidwa ndi zime ndinanena  anatero owerenga,Nyanja_NNM_Spk9_U_3b3b910689_Utterance_4_900_925.wav,5.085
NNM,M,Spk9,U_3b3b910689,900_925,Nyanja_NNM_Spk9_U_3b3b910689_Utterance_5,anaitanitsa nsika z okwanira zisanu ndi imodzi kuti amsatire mu zimene anali kucita ndipo nzikazi zinamsatira zinakonka zofuna zace ndi kumthandiza,Nyanja_NNM_Spk9_U_3b3b910689_Utterance_5_900_925.wav,14.211
NNM,M,Spk9,U_3b3b910689,900_925,Nyanja_NNM_Spk9_U_3b3b910689_Utterance_6,tiyenela kukhala ndi otengako mbali ambiri anatero beti louise akayandikana ndi msuweni wace,Nyanja_NNM_Spk9_U_3b3b910689_Utterance_6_900_925.wav,8.719
NNM,M,Spk9,U_3b3b910689,900_925,Nyanja_NNM_Spk9_U_3b3b910689_Utterance_7,sindili kucionera m'mene muli kucionera inu anatero loya wacikulire,Nyanja_NNM_Spk9_U_3b3b910689_Utterance_7_900_925.wav,5.979
NNM,M,Spk9,U_3b3b910689,900_925,Nyanja_NNM_Spk9_U_3b3b910689_Utterance_8,pa mbale zazikulu za siliva panali ma pilamidi ya zakudya zophikidwandi ma keke ndi vinyo wofilira utanyenzimira itaikidwa mu zonyezimira,Nyanja_NNM_Spk9_U_3b3b910689_Utterance_8_900_925.wav,13.909
NNM,M,Spk9,U_3b3b910689,900_925,Nyanja_NNM_Spk9_U_3b3b910689_Utterance_9,ndithudi maganizo awa anabvutitsa hester prynne mwapang'ono ciyembekezo kopotsa kuzindikira kulakwa kwace,Nyanja_NNM_Spk9_U_3b3b910689_Utterance_9_900_925.wav,9.992
NNM,M,Spk9,U_3b3b910689,900_925,Nyanja_NNM_Spk9_U_3b3b910689_Utterance_10,ndipo bambo ferdinando anatikulibe cake ciliconse koma ayenera kuti apite nanu,Nyanja_NNM_Spk9_U_3b3b910689_Utterance_10_900_925.wav,8.301
NNM,M,Spk9,U_3b3b910689,900_925,Nyanja_NNM_Spk9_U_3b3b910689_Utterance_11,ici calengetsa kuti nditaye ndalama zanga kawili zokwanira ma dola makhumu asaninndi imodzi cifukwa ca mkwiyo,Nyanja_NNM_Spk9_U_3b3b910689_Utterance_11_900_925.wav,11.24
NNM,M,Spk9,U_3b3b910689,900_925,Nyanja_NNM_Spk9_U_3b3b910689_Utterance_12,titayendako mtunda wautali pang'ono mayendedwa a hawkeye amene anatsogolera gulu anakhala adala ndipo osamala ndithu,Nyanja_NNM_Spk9_U_3b3b910689_Utterance_12_900_925.wav,12.19
NNM,M,Spk9,U_3b3b910689,900_925,Nyanja_NNM_Spk9_U_3b3b910689_Utterance_13,mibadwo zimene wanena mobweleza kwa ife kuchokera mu mbiri zako soloni ndi nthano cabe za ana,Nyanja_NNM_Spk9_U_3b3b910689_Utterance_13_900_925.wav,9.295
NNM,M,Spk9,U_3b3b910689,900_925,Nyanja_NNM_Spk9_U_3b3b910689_Utterance_14,cawatengera  nthawi yaitali amai anga kumasitolo kupeza magalasi olingana ndendende ndi  cisote cao,Nyanja_NNM_Spk9_U_3b3b910689_Utterance_14_900_925.wav,9.292
NNM,M,Spk9,U_3b3b910689,900_925,Nyanja_NNM_Spk9_U_3b3b910689_Utterance_15,monsieur anali iye yekha amene sananvetse ciriconse pa nkhani imeneyi,Nyanja_NNM_Spk9_U_3b3b910689_Utterance_15_900_925.wav,4.923
NNM,M,Spk9,U_3b3b910689,900_925,Nyanja_NNM_Spk9_U_3b3b910689_Utterance_16,anandidziwitsa ku alendo ace onse ndipo anandiuza zambiri pali iwo ngati njira yoonetseramo wina mwa onsewo,Nyanja_NNM_Spk9_U_3b3b910689_Utterance_16_900_925.wav,10.426
NNM,M,Spk9,U_3b3b910689,900_925,Nyanja_NNM_Spk9_U_3b3b910689_Utterance_17,ndi cifunilo cabwino kopotsa kotero kuti ndiconvetsa cisoni kuti mayambidwe ace amakhala osakondweretsa poyamba,Nyanja_NNM_Spk9_U_3b3b910689_Utterance_17_900_925.wav,12.376
NNM,M,Spk9,U_3b3b910689,900_925,Nyanja_NNM_Spk9_U_3b3b910689_Utterance_18,ndizaimilila ngati membala woimililako cipani pa tikiti ya republican anatero kenneth,Nyanja_NNM_Spk9_U_3b3b910689_Utterance_18_900_925.wav,7.976
NNM,M,Spk9,U_3b3b910689,900_925,Nyanja_NNM_Spk9_U_3b3b910689_Utterance_19,kodi ziliko kwa ine analankhura sandfodi monyodola,Nyanja_NNM_Spk9_U_3b3b910689_Utterance_19_900_925.wav,5.735
NNM,M,Spk9,U_3b3b910689,900_925,Nyanja_NNM_Spk9_U_3b3b910689_Utterance_20,ndinakusiyani pa kontinent ndipo ndiyenera kukupezani pa chithukuthuku,Nyanja_NNM_Spk9_U_3b3b910689_Utterance_20_900_925.wav,6.536
NNM,M,Spk9,U_3b3b910689,900_925,Nyanja_NNM_Spk9_U_3b3b910689_Utterance_21,atate ako anaganiza mwakanthawi  napenya amako nasekelera,Nyanja_NNM_Spk9_U_3b3b910689_Utterance_21_900_925.wav,5.91
NNM,M,Spk9,U_3b3b910689,900_925,Nyanja_NNM_Spk9_U_3b3b910689_Utterance_22,tinali ndi ma mita m'mene munapezeka mabotolo awiri a zinthub za madzi,Nyanja_NNM_Spk9_U_3b3b910689_Utterance_22_900_925.wav,7.616
NNM,M,Spk9,U_3b3b910689,900_925,Nyanja_NNM_Spk9_U_3b3b910689_Utterance_23,kuli cilankhulo ca mzimai amene ali ndi bvuto ndi a precieuses,Nyanja_NNM_Spk9_U_3b3b910689_Utterance_23_900_925.wav,6.037
NNM,M,Spk9,U_3b3b910689,900_925,Nyanja_NNM_Spk9_U_3b3b910689_Utterance_24,kuli zonse zofunsidwa izi amene anali kuwerenga anafunsa,Nyanja_NNM_Spk9_U_3b3b910689_Utterance_24_900_925.wav,5.383
NNM,M,Spk9,U_3b3b910689,900_925,Nyanja_NNM_Spk9_U_3b3b910689_Utterance_25,ai zikomo ndizangoona phonda (ana) za agalu zimenezo nasiya uthenga pali ana agalu omweo kwa,Nyanja_NNM_Spk9_U_3b3b910689_Utterance_25_900_925.wav,10.895
NNM,M,Spk9,U_3b3b910689,925_950,Nyanja_NNM_Spk9_U_3b3b910689_Utterance_1,ninacita kuwerengamo mosamala kwambiri cifukwa zolembazo zili za zoona,Nyanja_NNM_Spk9_U_3b3b910689_Utterance_1_925_950.wav,7.128
NNM,M,Spk9,U_3b3b910689,925_950,Nyanja_NNM_Spk9_U_3b3b910689_Utterance_2,iye anabwelera atanyamula nsapato zace zo jumpila zimene zipelekedwa monga m'mene mudziwira ndi zinthu zina zace zosongoka kunsiku,Nyanja_NNM_Spk9_U_3b3b910689_Utterance_2_925_950.wav,11.761
NNM,M,Spk9,U_3b3b910689,925_950,Nyanja_NNM_Spk9_U_3b3b910689_Utterance_3,cinthu cokhaco cimene cinali cofunikila cinali kukonza a seth reymolds ndikuyetsetsa kuika moyenera bambo hopings,Nyanja_NNM_Spk9_U_3b3b910689_Utterance_3_925_950.wav,11.668
NNM,M,Spk9,U_3b3b910689,925_950,Nyanja_NNM_Spk9_U_3b3b910689_Utterance_4,kodi ndani mzakoyo amene ali kubudula kono wa manja (zobvara zako) ako,Nyanja_NNM_Spk9_U_3b3b910689_Utterance_4_925_950.wav,9.033
NNM,M,Spk9,U_3b3b910689,925_950,Nyanja_NNM_Spk9_U_3b3b910689_Utterance_5,ambrose anakumana ndi ine munsi mwa matanda okwerera mnyumba nandionetsa njira kumene ca kudya ca m'madzulo cinali kudyedwera,Nyanja_NNM_Spk9_U_3b3b910689_Utterance_5_925_950.wav,14.99
NNM,M,Spk9,U_3b3b910689,925_950,Nyanja_NNM_Spk9_U_3b3b910689_Utterance_6,wina aliyense sangafune kumangoganizira ngati palibe umboni,Nyanja_NNM_Spk9_U_3b3b910689_Utterance_6_925_950.wav,6.49
NNM,M,Spk9,U_3b3b910689,925_950,Nyanja_NNM_Spk9_U_3b3b910689_Utterance_7,anafunsa phronsie mofunitsitsa kudziwa ali kucoka m'manja mwa polli ali kufuna kutseka mbali ya jasper,Nyanja_NNM_Spk9_U_3b3b910689_Utterance_7_925_950.wav,10.31
NNM,M,Spk9,U_3b3b910689,925_950,Nyanja_NNM_Spk9_U_3b3b910689_Utterance_8,ncifukwa ninji tsiku lina m'mawa kunabwere anthu ambviri ndipo anayamba kugwirita nchito mwa ulova,Nyanja_NNM_Spk9_U_3b3b910689_Utterance_8_925_950.wav,9.076
NNM,M,Spk9,U_3b3b910689,925_950,Nyanja_NNM_Spk9_U_3b3b910689_Utterance_9,anali kulankhuzana ndi kalaliki pamene analowa mu holo atamgwira pa dzanja,Nyanja_NNM_Spk9_U_3b3b910689_Utterance_9_925_950.wav,8.092
NNM,M,Spk9,U_3b3b910689,925_950,Nyanja_NNM_Spk9_U_3b3b910689_Utterance_10,olowa mcibwenzi ca banja lathu wa tsopano amene anatenga maganizo anga pomwepo analowa mcipinda,Nyanja_NNM_Spk9_U_3b3b910689_Utterance_10_925_950.wav,10.775
NNM,M,Spk9,U_3b3b910689,925_950,Nyanja_NNM_Spk9_U_3b3b910689_Utterance_11,m'mene sizinayenere kukhalira anayenera kuikidwa ngati mwana wa mfumu wa cimuna pamene anaona cisote cace ca bwino,Nyanja_NNM_Spk9_U_3b3b910689_Utterance_11_925_950.wav,12.11
NNM,M,Spk9,U_3b3b910689,925_950,Nyanja_NNM_Spk9_U_3b3b910689_Utterance_12,sindizagwiritsa ncito zimene ndidziwa mosayenera iye anayankha mosimikidzira ndithu ndikhulupilira inu mfumu yanga,Nyanja_NNM_Spk9_U_3b3b910689_Utterance_12_925_950.wav,12.307
NNM,M,Spk9,U_3b3b910689,925_950,Nyanja_NNM_Spk9_U_3b3b910689_Utterance_13,utsi uli kutuluka ndi mokonzekera zobvuta zakutsogolo sitima inaima nayamba kupita ca kummawa,Nyanja_NNM_Spk9_U_3b3b910689_Utterance_13_925_950.wav,9.892
NNM,M,Spk9,U_3b3b910689,925_950,Nyanja_NNM_Spk9_U_3b3b910689_Utterance_14,izo sizizakhalitsa zizatha ndipo zinthu zizakhala momwe zinalili kale,Nyanja_NNM_Spk9_U_3b3b910689_Utterance_14_925_950.wav,7.844
NNM,M,Spk9,U_3b3b910689,925_950,Nyanja_NNM_Spk9_U_3b3b910689_Utterance_15,kodi simunadabwe nazo onani myenda kangaude m'mene mwaikidwa m'maudzu monsemu,Nyanja_NNM_Spk9_U_3b3b910689_Utterance_15_925_950.wav,8.998
NNM,M,Spk9,U_3b3b910689,925_950,Nyanja_NNM_Spk9_U_3b3b910689_Utterance_16,nthawi imineyo inatilodzera ku dera kumene kunali sitima ya atate ako,Nyanja_NNM_Spk9_U_3b3b910689_Utterance_16_925_950.wav,7.047
NNM,M,Spk9,U_3b3b910689,925_950,Nyanja_NNM_Spk9_U_3b3b910689_Utterance_17,pamene ninaitanidwa  nisananene m'mene nidataila maluwa mwamsangamsanga kapena kuleka kutengako mbali ku ma sewera,Nyanja_NNM_Spk9_U_3b3b910689_Utterance_17_925_950.wav,11.106
NNM,M,Spk9,U_3b3b910689,925_950,Nyanja_NNM_Spk9_U_3b3b910689_Utterance_18,sindikudandaula kuti zikuyenda mocedwa koma kuti nyanjai ndi yaikulu kwabasi,Nyanja_NNM_Spk9_U_3b3b910689_Utterance_18_925_950.wav,6.444
NNM,M,Spk9,U_3b3b910689,925_950,Nyanja_NNM_Spk9_U_3b3b910689_Utterance_19,ndicoyenera kuti acite m'mene ayenera kucita mfumu inatero mokwiiya,Nyanja_NNM_Spk9_U_3b3b910689_Utterance_19_925_950.wav,6.757
NNM,M,Spk9,U_3b3b910689,925_950,Nyanja_NNM_Spk9_U_3b3b910689_Utterance_20,sicinathe kugwedezeka kapena kuyendako mwapang'ono cinali citango imilira njii ngati dzanja la imfa,Nyanja_NNM_Spk9_U_3b3b910689_Utterance_20_925_950.wav,9.52
NNM,M,Spk9,U_3b3b910689,925_950,Nyanja_NNM_Spk9_U_3b3b910689_Utterance_21,oho koma ndine okondwera kuona kuti malo awa atsetsedwa,Nyanja_NNM_Spk9_U_3b3b910689_Utterance_21_925_950.wav,7.233
NNM,M,Spk9,U_3b3b910689,925_950,Nyanja_NNM_Spk9_U_3b3b910689_Utterance_22,atate aja amane ndi osakhulupililika kwa a philipo ali kupita ku za malonda,Nyanja_NNM_Spk9_U_3b3b910689_Utterance_22_925_950.wav,7.535
NNM,M,Spk9,U_3b3b910689,925_950,Nyanja_NNM_Spk9_U_3b3b910689_Utterance_23,macokedwa a anthu kupita kumalo ena kuka khala chirimwe cija  ngakhale  kuti  makamak anthu  anali kucokera ku ngondya za calo zimene zinali zomatsuka kunasintha kwakukulu mphanvu za zipani ziwirizi,Nyanja_NNM_Spk9_U_3b3b910689_Utterance_23_925_950.wav,21.206
NNM,M,Spk9,U_3b3b910689,925_950,Nyanja_NNM_Spk9_U_3b3b910689_Utterance_24,pamenepo mfumukazi sanaikileko wina aliyense nzeru ndipo panalibenso wina aliyense amene anawaikilako nzeru,Nyanja_NNM_Spk9_U_3b3b910689_Utterance_24_925_950.wav,11.122
NNM,M,Spk9,U_3b3b910689,925_950,Nyanja_NNM_Spk9_U_3b3b910689_Utterance_25,inali tsiku yothera mu mwezi wa kapalepale pamene zokonza konza za sitima zidatha,Nyanja_NNM_Spk9_U_3b3b910689_Utterance_25_925_950.wav,6.953
NNM,M,Spk7,U_1bd8fb98e8,800_825,Nyanja_NNM_Spk7_U_1bd8fb98e8_Utterance_1,nthawi imene anali kumwa tiii anali osakondwa ndipo analinso cete kotero kuti cakudya cinangopita cosagwirida/cosadyedwa ndi wina mwa iwo atatu,Nyanja_NNM_Spk7_U_1bd8fb98e8_Utterance_1_800_825.wav,18.251
NNM,M,Spk7,U_1bd8fb98e8,800_825,Nyanja_NNM_Spk7_U_1bd8fb98e8_Utterance_2,ndipo izi zonse zizatsatira ukapolo wanu mu njira imodzi-modzi,Nyanja_NNM_Spk7_U_1bd8fb98e8_Utterance_2_800_825.wav,7.825
NNM,M,Spk7,U_1bd8fb98e8,800_825,Nyanja_NNM_Spk7_U_1bd8fb98e8_Utterance_3,koma ngati zili tero kusankha kwa amuna kwa mai milner sikuzapangitsa ine kusanka anga,Nyanja_NNM_Spk7_U_1bd8fb98e8_Utterance_3_800_825.wav,9.172
NNM,M,Spk7,U_1bd8fb98e8,800_825,Nyanja_NNM_Spk7_U_1bd8fb98e8_Utterance_4,tsika iwe khumbi laling'ono ndipo ukhale mumlengalenga pa maso pa thelo,Nyanja_NNM_Spk7_U_1bd8fb98e8_Utterance_4_800_825.wav,8.777
NNM,M,Spk7,U_1bd8fb98e8,800_825,Nyanja_NNM_Spk7_U_1bd8fb98e8_Utterance_5,atagwiridwa ndi za kumtima kwace leocadi anapanga cizindikiro ku makolo ace kuti iye anafunisisa kuti akhale nao ekha,Nyanja_NNM_Spk7_U_1bd8fb98e8_Utterance_5_800_825.wav,12.968
NNM,M,Spk7,U_1bd8fb98e8,800_825,Nyanja_NNM_Spk7_U_1bd8fb98e8_Utterance_6,sitero mosiyana ndi zimene muganiza ndinu amene mubvomerezana kwambiri ndi ine,Nyanja_NNM_Spk7_U_1bd8fb98e8_Utterance_6_800_825.wav,9.462
NNM,M,Spk7,U_1bd8fb98e8,800_825,Nyanja_NNM_Spk7_U_1bd8fb98e8_Utterance_7,atsilikari anapeza anthu mu umphawi nawasiya ndi cuuma ca mbiri,Nyanja_NNM_Spk7_U_1bd8fb98e8_Utterance_7_800_825.wav,7.953
NNM,M,Spk7,U_1bd8fb98e8,800_825,Nyanja_NNM_Spk7_U_1bd8fb98e8_Utterance_8,kapitawo martini anati ndizakupatsa mfuti yaing'ono kuti ikuthandize kuziteteza ngati zinthu zafika pobvuta,Nyanja_NNM_Spk7_U_1bd8fb98e8_Utterance_8_800_825.wav,11.25
NNM,M,Spk7,U_1bd8fb98e8,800_825,Nyanja_NNM_Spk7_U_1bd8fb98e8_Utterance_9,ndithudi zimene sizingatheke ndi kukhala opanda mantha pa nkhondo ziyenera kucitidwa mozungulila adani,Nyanja_NNM_Spk7_U_1bd8fb98e8_Utterance_9_800_825.wav,11.413
NNM,M,Spk7,U_1bd8fb98e8,800_825,Nyanja_NNM_Spk7_U_1bd8fb98e8_Utterance_10,akaucita zinthu ngati mwina sanali kutiyembekezera,Nyanja_NNM_Spk7_U_1bd8fb98e8_Utterance_10_800_825.wav,5.004
NNM,M,Spk7,U_1bd8fb98e8,800_825,Nyanja_NNM_Spk7_U_1bd8fb98e8_Utterance_11,ali kucita ngati mwina sanali kutiyembekezera,Nyanja_NNM_Spk7_U_1bd8fb98e8_Utterance_11_800_825.wav,5.48
NNM,M,Spk7,U_1bd8fb98e8,800_825,Nyanja_NNM_Spk7_U_1bd8fb98e8_Utterance_12,ndikuopa poti pano palibe zizindikiro zace,Nyanja_NNM_Spk7_U_1bd8fb98e8_Utterance_12_800_825.wav,5.526
NNM,M,Spk7,U_1bd8fb98e8,800_825,Nyanja_NNM_Spk7_U_1bd8fb98e8_Utterance_13,bwato idakwedzedwa pa maphiri a madzi naponyedwa pansi pa mtunda wa ma fathomu makhumi awiri,Nyanja_NNM_Spk7_U_1bd8fb98e8_Utterance_13_800_825.wav,10.333
NNM,M,Spk7,U_1bd8fb98e8,800_825,Nyanja_NNM_Spk7_U_1bd8fb98e8_Utterance_14,akazi ace anaikidwa pa mbali yamanda ace ndipo ci malata coyera cimene adalembapo zodziwitsira manda ao cimaoneka mong'animira m'minda ya tiligu,Nyanja_NNM_Spk7_U_1bd8fb98e8_Utterance_14_800_825.wav,12.444
NNM,M,Spk7,U_1bd8fb98e8,800_825,Nyanja_NNM_Spk7_U_1bd8fb98e8_Utterance_15,mwina dinso ya mphatso ndi cifundo kuwonetsa zipatso ndi golide opangidwa,Nyanja_NNM_Spk7_U_1bd8fb98e8_Utterance_15_800_825.wav,8.753
NNM,M,Spk7,U_1bd8fb98e8,800_825,Nyanja_NNM_Spk7_U_1bd8fb98e8_Utterance_16,kambirimbiri ndinali kunva iye akulankhula pa inu mu njira imodzi-modziyi,Nyanja_NNM_Spk7_U_1bd8fb98e8_Utterance_16_800_825.wav,8.436
NNM,M,Spk7,U_1bd8fb98e8,800_825,Nyanja_NNM_Spk7_U_1bd8fb98e8_Utterance_17,mbuya wanga kalawidwe k/zosanka za mai milner sizoipa koma ndi zabwino/kwabwino kopoosa,Nyanja_NNM_Spk7_U_1bd8fb98e8_Utterance_17_800_825.wav,11.501
NNM,M,Spk7,U_1bd8fb98e8,800_825,Nyanja_NNM_Spk7_U_1bd8fb98e8_Utterance_18,iye anali ndi mtima wabwino ndipo wacikondi anatero beti ndipo ku khala mcikondi naye sicinaletse kuona/kuwerenga zoipa zimene angacite,Nyanja_NNM_Spk7_U_1bd8fb98e8_Utterance_18_800_825.wav,15.008
NNM,M,Spk7,U_1bd8fb98e8,800_825,Nyanja_NNM_Spk7_U_1bd8fb98e8_Utterance_19,mwadzidzidzi gulu la ichthyosaurus ndi plesiosarus inangosowa pansipo itangosiya kabvumba/msokonezo ukuoneka m'madzi,Nyanja_NNM_Spk7_U_1bd8fb98e8_Utterance_19_800_825.wav,13.453
NNM,M,Spk7,U_1bd8fb98e8,800_825,Nyanja_NNM_Spk7_U_1bd8fb98e8_Utterance_20,unali utalankhula za zoona pamene siunabvomereze ambrose anayamba usamakoka ndi yohane jago fodya wace uzakupha,Nyanja_NNM_Spk7_U_1bd8fb98e8_Utterance_20_800_825.wav,13.213
NNM,M,Spk7,U_1bd8fb98e8,800_825,Nyanja_NNM_Spk7_U_1bd8fb98e8_Utterance_21,watisoni ndakhala ndikukucitila coipa/cosayenera  nthawi zonse alipo ena,Nyanja_NNM_Spk7_U_1bd8fb98e8_Utterance_21_800_825.wav,9.734
NNM,M,Spk7,U_1bd8fb98e8,800_825,Nyanja_NNM_Spk7_U_1bd8fb98e8_Utterance_22,ndicinthu cosayeenera kunena zambiri za iwo pano,Nyanja_NNM_Spk7_U_1bd8fb98e8_Utterance_22_800_825.wav,6.489
NNM,M,Spk7,U_1bd8fb98e8,800_825,Nyanja_NNM_Spk7_U_1bd8fb98e8_Utterance_23,koma kuli nkhokwe atate ngati angafune kuigwiritsa nchito,Nyanja_NNM_Spk7_U_1bd8fb98e8_Utterance_23_800_825.wav,6.406
NNM,M,Spk7,U_1bd8fb98e8,800_825,Nyanja_NNM_Spk7_U_1bd8fb98e8_Utterance_24,holmes anaigwira poyera m'manja mwace pomwe panali kufika kuwala kwa magetsi,Nyanja_NNM_Spk7_U_1bd8fb98e8_Utterance_24_800_825.wav,8.809
NNM,M,Spk7,U_1bd8fb98e8,800_825,Nyanja_NNM_Spk7_U_1bd8fb98e8_Utterance_25,iye anapenya pamwambapo mosakondwera nawauza kuti akhale pansi,Nyanja_NNM_Spk7_U_1bd8fb98e8_Utterance_25_800_825.wav,8.367
NNM,M,Spk7,U_1bd8fb98e8,825_850,Nyanja_NNM_Spk7_U_1bd8fb98e8_Utterance_1,ndinaonapo mitunndi ndi mitundu ya zimenezo mu umoyo wanga,Nyanja_NNM_Spk7_U_1bd8fb98e8_Utterance_1_825_850.wav,7.69
NNM,M,Spk7,U_1bd8fb98e8,825_850,Nyanja_NNM_Spk7_U_1bd8fb98e8_Utterance_2,ndinenetsa sindizapita kutali kweni kweni koma pa atatuwa iye ndiye amane siangathe,Nyanja_NNM_Spk7_U_1bd8fb98e8_Utterance_2_825_850.wav,11.183
NNM,M,Spk7,U_1bd8fb98e8,825_850,Nyanja_NNM_Spk7_U_1bd8fb98e8_Utterance_3,koma pa nthawi imeneyo mu nmadzi amene ali ndi mphanvu cinali cosatheka kuthala pansi,Nyanja_NNM_Spk7_U_1bd8fb98e8_Utterance_3_825_850.wav,11.957
NNM,M,Spk7,U_1bd8fb98e8,825_850,Nyanja_NNM_Spk7_U_1bd8fb98e8_Utterance_4,ici mzanga iwe tenga ndipo anaciponya m'manja mwa mlimi,Nyanja_NNM_Spk7_U_1bd8fb98e8_Utterance_4_825_850.wav,7.483
NNM,M,Spk7,U_1bd8fb98e8,825_850,Nyanja_NNM_Spk7_U_1bd8fb98e8_Utterance_5,kodi unawaona ma pepala awa pa thebulo,Nyanja_NNM_Spk7_U_1bd8fb98e8_Utterance_5_825_850.wav,5.895
NNM,M,Spk7,U_1bd8fb98e8,825_850,Nyanja_NNM_Spk7_U_1bd8fb98e8_Utterance_6,ndizanene kwa iye kuti andipatsek koffi ngati ndi yabwino,Nyanja_NNM_Spk7_U_1bd8fb98e8_Utterance_6_825_850.wav,7.0
NNM,M,Spk7,U_1bd8fb98e8,825_850,Nyanja_NNM_Spk7_U_1bd8fb98e8_Utterance_7,osati golide kapena siliva kapena nkhosa kapena mngelo koma iye mwini ndi zaciani,Nyanja_NNM_Spk7_U_1bd8fb98e8_Utterance_7_825_850.wav,12.426
NNM,M,Spk7,U_1bd8fb98e8,825_850,Nyanja_NNM_Spk7_U_1bd8fb98e8_Utterance_8,bwezani okupelekezani robini ndipo mundisanzike e e e n,Nyanja_NNM_Spk7_U_1bd8fb98e8_Utterance_8_825_850.wav,7.097
NNM,M,Spk7,U_1bd8fb98e8,825_850,Nyanja_NNM_Spk7_U_1bd8fb98e8_Utterance_9,kuli ndondomeko yaikulu kapena ya ing'ono mogwirizana ndi ma lanki/nthepe  ndi ma giledi,Nyanja_NNM_Spk7_U_1bd8fb98e8_Utterance_9_825_850.wav,11.128
NNM,M,Spk7,U_1bd8fb98e8,825_850,Nyanja_NNM_Spk7_U_1bd8fb98e8_Utterance_10,kumangotsala pang'ono kuganiza kuti ndizakumbukira  ntangonvera kusiyana pang'ono,Nyanja_NNM_Spk7_U_1bd8fb98e8_Utterance_10_825_850.wav,10.051
NNM,M,Spk7,U_1bd8fb98e8,825_850,Nyanja_NNM_Spk7_U_1bd8fb98e8_Utterance_11,ndipo ndizazigulira famu ndipo ndizalima pa malowo tsopano ndaniazanditsatira,Nyanja_NNM_Spk7_U_1bd8fb98e8_Utterance_11_825_850.wav,8.671
NNM,M,Spk7,U_1bd8fb98e8,825_850,Nyanja_NNM_Spk7_U_1bd8fb98e8_Utterance_12,ku mpoto ndi ku m'mwela zinakambidwa kale kodi ncifukwa ninji sikungaikidwenso ku m'madzulo,Nyanja_NNM_Spk7_U_1bd8fb98e8_Utterance_12_825_850.wav,10.189
NNM,M,Spk7,U_1bd8fb98e8,825_850,Nyanja_NNM_Spk7_U_1bd8fb98e8_Utterance_13,kuzitukumula kwace atakwanilitsa kunapangitsa kuti aikidwe pa mwamba mwapang'ono pang'ono ngati mabala (malawi) amadzi,Nyanja_NNM_Spk7_U_1bd8fb98e8_Utterance_13_825_850.wav,18.225
NNM,M,Spk7,U_1bd8fb98e8,825_850,Nyanja_NNM_Spk7_U_1bd8fb98e8_Utterance_14,pearl ataona thengo ya maluwa anayamba kulira pofuna duwa lofilira ndipo sanathe kunyengereredwa,Nyanja_NNM_Spk7_U_1bd8fb98e8_Utterance_14_825_850.wav,13.213
NNM,M,Spk7,U_1bd8fb98e8,825_850,Nyanja_NNM_Spk7_U_1bd8fb98e8_Utterance_15,iimfa yace yace mu izi zonse inali cinthu conetsa cisoni,Nyanja_NNM_Spk7_U_1bd8fb98e8_Utterance_15_825_850.wav,7.801
NNM,M,Spk7,U_1bd8fb98e8,825_850,Nyanja_NNM_Spk7_U_1bd8fb98e8_Utterance_16,kudulidwa kwace kwa kunja kunaonetsa ndipo sikunaonetse kokwanira zinthu zosiyana siyana za mkati wa umoyo wace,Nyanja_NNM_Spk7_U_1bd8fb98e8_Utterance_16_825_850.wav,16.099
NNM,M,Spk7,U_1bd8fb98e8,825_850,Nyanja_NNM_Spk7_U_1bd8fb98e8_Utterance_17,madzana ndi madzana a nzika zosalakwa (azibambo) zinayankha kuitanidwa kwao kubwalo ya milandu  (ma saimoni) mwansangamsanga,Nyanja_NNM_Spk7_U_1bd8fb98e8_Utterance_17_825_850.wav,15.836
NNM,M,Spk7,U_1bd8fb98e8,825_850,Nyanja_NNM_Spk7_U_1bd8fb98e8_Utterance_18,ind amai anatero mphunzi wacicepele akuoneka ndi mtima wosadikhira,Nyanja_NNM_Spk7_U_1bd8fb98e8_Utterance_18_825_850.wav,9.278
NNM,M,Spk7,U_1bd8fb98e8,825_850,Nyanja_NNM_Spk7_U_1bd8fb98e8_Utterance_19,inde inde musabvutike ndi mayankho nvetsani ndipo muona kuti sindikunyengelerani kapena kukucitilanizooipa,Nyanja_NNM_Spk7_U_1bd8fb98e8_Utterance_19_825_850.wav,14.014
NNM,M,Spk7,U_1bd8fb98e8,825_850,Nyanja_NNM_Spk7_U_1bd8fb98e8_Utterance_20,ma buku awiri aja a semoni oculidwa mu khuphunzitsana  koyamba sizikugwirizana  ndi zoyenera kudziwa za cikumbutso nghakhale pang'ono,Nyanja_NNM_Spk7_U_1bd8fb98e8_Utterance_20_825_850.wav,17.824
NNM,M,Spk7,U_1bd8fb98e8,825_850,Nyanja_NNM_Spk7_U_1bd8fb98e8_Utterance_21,ici ndiye cifukwa cake ucedwa ojo munthu amene alibe mwai anatero mzimai  ndi mau acifundo,Nyanja_NNM_Spk7_U_1bd8fb98e8_Utterance_21_825_850.wav,13.393
NNM,M,Spk7,U_1bd8fb98e8,825_850,Nyanja_NNM_Spk7_U_1bd8fb98e8_Utterance_22,inali kalata yofiilira mu njira ina kalata yofiira inadzadzidwa ndi umoyo,Nyanja_NNM_Spk7_U_1bd8fb98e8_Utterance_22_825_850.wav,11.018
NNM,M,Spk7,U_1bd8fb98e8,825_850,Nyanja_NNM_Spk7_U_1bd8fb98e8_Utterance_23,mitengo za kale za cisoni monga zazikulu ndi zacisinsi muyenge wa kuda ndi woipa,Nyanja_NNM_Spk7_U_1bd8fb98e8_Utterance_23_825_850.wav,13.558
NNM,M,Spk7,U_1bd8fb98e8,825_850,Nyanja_NNM_Spk7_U_1bd8fb98e8_Utterance_24,kacenjeda wanga anatsidwa wa umphawi kotheratu koma ndi wanzeru andiponso walunta azacitanso bwino,Nyanja_NNM_Spk7_U_1bd8fb98e8_Utterance_24_825_850.wav,15.049
NNM,M,Spk7,U_1bd8fb98e8,825_850,Nyanja_NNM_Spk7_U_1bd8fb98e8_Utterance_25,ici cinali  chida cabwinodi nthawi imineyo,Nyanja_NNM_Spk7_U_1bd8fb98e8_Utterance_25_825_850.wav,6.779
NNM,M,Spk7,U_32c825bb65,800_825,Nyanja_NNM_Spk7_U_32c825bb65_Utterance_1,nthawi imene anali kumwa tiii anali osakondwa ndipo analinso cete kotero kuti cakudya cinangopita cosagwirida/cosadyedwa ndi wina mwa iwo atatu,Nyanja_NNM_Spk7_U_32c825bb65_Utterance_1_800_825.wav,14.466
NNM,M,Spk7,U_32c825bb65,800_825,Nyanja_NNM_Spk7_U_32c825bb65_Utterance_2,ndipo izi zonse zizatsatira ukapolo wanu mu njira imodzi-modzi,Nyanja_NNM_Spk7_U_32c825bb65_Utterance_2_800_825.wav,7.163
NNM,M,Spk7,U_32c825bb65,800_825,Nyanja_NNM_Spk7_U_32c825bb65_Utterance_3,koma ngati zili tero kusankha kwa amuna kwa mai milner sikuzapangitsa ine kusanka anga,Nyanja_NNM_Spk7_U_32c825bb65_Utterance_3_800_825.wav,8.765
NNM,M,Spk7,U_32c825bb65,800_825,Nyanja_NNM_Spk7_U_32c825bb65_Utterance_4,tsika iwe khumbi laling'ono ndipo ukhale mumlengalenga pa maso pa thelo,Nyanja_NNM_Spk7_U_32c825bb65_Utterance_4_800_825.wav,6.095
NNM,M,Spk7,U_32c825bb65,800_825,Nyanja_NNM_Spk7_U_32c825bb65_Utterance_5,atagwiridwa ndi za kumtima kwace leocadi anapanga cizindikiro ku makolo ace kuti iye anafunisisa kuti akhale nao ekha,Nyanja_NNM_Spk7_U_32c825bb65_Utterance_5_800_825.wav,9.543
NNM,M,Spk7,U_32c825bb65,800_825,Nyanja_NNM_Spk7_U_32c825bb65_Utterance_6,sitero mosiyana ndi zimene muganiza ndinu amene mubvomerezana kwambiri ndi ine,Nyanja_NNM_Spk7_U_32c825bb65_Utterance_6_800_825.wav,7.499
NNM,M,Spk7,U_32c825bb65,800_825,Nyanja_NNM_Spk7_U_32c825bb65_Utterance_7,atsilikari anapeza anthu mu umphawi nawasiya ndi cuuma ca mbiri,Nyanja_NNM_Spk7_U_32c825bb65_Utterance_7_800_825.wav,6.188
NNM,M,Spk7,U_32c825bb65,800_825,Nyanja_NNM_Spk7_U_32c825bb65_Utterance_8,kapitawo martini anati ndizakupatsa mfuti yaing'ono kuti ikuthandize kuziteteza ngati zinthu zafika pobvuta,Nyanja_NNM_Spk7_U_32c825bb65_Utterance_8_800_825.wav,9.95
NNM,M,Spk7,U_32c825bb65,800_825,Nyanja_NNM_Spk7_U_32c825bb65_Utterance_9,ndithudi zimene sizingatheke ndi kukhala opanda mantha pa nkhondo ziyenera kucitidwa mozungulila adani,Nyanja_NNM_Spk7_U_32c825bb65_Utterance_9_800_825.wav,10.043
NNM,M,Spk7,U_32c825bb65,800_825,Nyanja_NNM_Spk7_U_32c825bb65_Utterance_10,akaucita zinthu ngati mwina sanali kutiyembekezera,Nyanja_NNM_Spk7_U_32c825bb65_Utterance_10_800_825.wav,4.702
NNM,M,Spk7,U_32c825bb65,800_825,Nyanja_NNM_Spk7_U_32c825bb65_Utterance_11,ali kucita ngati mwina sanali kutiyembekezera,Nyanja_NNM_Spk7_U_32c825bb65_Utterance_11_800_825.wav,3.849
NNM,M,Spk7,U_32c825bb65,800_825,Nyanja_NNM_Spk7_U_32c825bb65_Utterance_12,ndikuopa poti pano palibe zizindikiro zace,Nyanja_NNM_Spk7_U_32c825bb65_Utterance_12_800_825.wav,4.665
NNM,M,Spk7,U_32c825bb65,800_825,Nyanja_NNM_Spk7_U_32c825bb65_Utterance_13,bwato idakwedzedwa pa maphiri a madzi naponyedwa pansi pa mtunda wa ma fathomu makhumi awiri,Nyanja_NNM_Spk7_U_32c825bb65_Utterance_13_800_825.wav,9.694
NNM,M,Spk7,U_32c825bb65,800_825,Nyanja_NNM_Spk7_U_32c825bb65_Utterance_14,akazi ace anaikidwa pa mbali yamanda ace ndipo ci malata coyera cimene adalembapo zodziwitsira manda ao cimaoneka mong'animira m'minda ya tiligu,Nyanja_NNM_Spk7_U_32c825bb65_Utterance_14_800_825.wav,14.489
NNM,M,Spk7,U_32c825bb65,800_825,Nyanja_NNM_Spk7_U_32c825bb65_Utterance_15,mwina dinso ya mphatso ndi cifundo kuwonetsa zipatso ndi golide opangidwa,Nyanja_NNM_Spk7_U_32c825bb65_Utterance_15_800_825.wav,6.815
NNM,M,Spk7,U_32c825bb65,800_825,Nyanja_NNM_Spk7_U_32c825bb65_Utterance_16,kambirimbiri ndinali kunva iye akulankhula pa inu mu njira imodzi-modziyi,Nyanja_NNM_Spk7_U_32c825bb65_Utterance_16_800_825.wav,7.005
NNM,M,Spk7,U_32c825bb65,800_825,Nyanja_NNM_Spk7_U_32c825bb65_Utterance_17,mbuya wanga kalawidwe k/zosanka za mai milner sizoipa koma ndi zabwino/kwabwino kopoosa,Nyanja_NNM_Spk7_U_32c825bb65_Utterance_17_800_825.wav,8.773
NNM,M,Spk7,U_32c825bb65,800_825,Nyanja_NNM_Spk7_U_32c825bb65_Utterance_18,iye anali ndi mtima wabwino ndipo wacikondi anatero beti ndipo ku khala mcikondi naye sicinaletse kuona/kuwerenga zoipa zimene angacite,Nyanja_NNM_Spk7_U_32c825bb65_Utterance_18_800_825.wav,12.087
NNM,M,Spk7,U_32c825bb65,800_825,Nyanja_NNM_Spk7_U_32c825bb65_Utterance_19,mwadzidzidzi gulu la ichthyosaurus ndi plesiosarus inangosowa pansipo itangosiya kabvumba/msokonezo ukuoneka m'madzi,Nyanja_NNM_Spk7_U_32c825bb65_Utterance_19_800_825.wav,13.688
NNM,M,Spk7,U_32c825bb65,800_825,Nyanja_NNM_Spk7_U_32c825bb65_Utterance_20,unali utalankhula za zoona pamene siunabvomereze ambrose anayamba usamakoka ndi yohane jago fodya wace uzakupha,Nyanja_NNM_Spk7_U_32c825bb65_Utterance_20_800_825.wav,15.477
NNM,M,Spk7,U_32c825bb65,800_825,Nyanja_NNM_Spk7_U_32c825bb65_Utterance_21,watisoni ndakhala ndikukucitila coipa/cosayenera  nthawi zonse alipo ena,Nyanja_NNM_Spk7_U_32c825bb65_Utterance_21_800_825.wav,8.368
NNM,M,Spk7,U_32c825bb65,800_825,Nyanja_NNM_Spk7_U_32c825bb65_Utterance_22,ndicinthu cosayeenera kunena zambiri za iwo pano,Nyanja_NNM_Spk7_U_32c825bb65_Utterance_22_800_825.wav,5.422
NNM,M,Spk7,U_32c825bb65,800_825,Nyanja_NNM_Spk7_U_32c825bb65_Utterance_23,koma kuli nkhokwe atate ngati angafune kuigwiritsa nchito,Nyanja_NNM_Spk7_U_32c825bb65_Utterance_23_800_825.wav,5.085
NNM,M,Spk7,U_32c825bb65,800_825,Nyanja_NNM_Spk7_U_32c825bb65_Utterance_24,holmes anaigwira poyera m'manja mwace pomwe panali kufika kuwala kwa magetsi,Nyanja_NNM_Spk7_U_32c825bb65_Utterance_24_800_825.wav,9.455
NNM,M,Spk7,U_32c825bb65,800_825,Nyanja_NNM_Spk7_U_32c825bb65_Utterance_25,iye anapenya pamwambapo mosakondwera nawauza kuti akhale pansi,Nyanja_NNM_Spk7_U_32c825bb65_Utterance_25_800_825.wav,6.455
NNM,M,Spk7,U_32c825bb65,825_850,Nyanja_NNM_Spk7_U_32c825bb65_Utterance_1,ndinaonapo mitunndi ndi mitundu ya zimenezo mu umoyo wanga,Nyanja_NNM_Spk7_U_32c825bb65_Utterance_1_825_850.wav,7.152
NNM,M,Spk7,U_32c825bb65,825_850,Nyanja_NNM_Spk7_U_32c825bb65_Utterance_2,ndinenetsa sindizapita kutali kweni kweni koma pa atatuwa iye ndiye amane siangathe,Nyanja_NNM_Spk7_U_32c825bb65_Utterance_2_825_850.wav,8.719
NNM,M,Spk7,U_32c825bb65,825_850,Nyanja_NNM_Spk7_U_32c825bb65_Utterance_3,koma pa nthawi imeneyo mu nmadzi amene ali ndi mphanvu cinali cosatheka kuthala pansi,Nyanja_NNM_Spk7_U_32c825bb65_Utterance_3_825_850.wav,9.982
NNM,M,Spk7,U_32c825bb65,825_850,Nyanja_NNM_Spk7_U_32c825bb65_Utterance_4,ici mzanga iwe tenga ndipo anaciponya m'manja mwa mlimi,Nyanja_NNM_Spk7_U_32c825bb65_Utterance_4_825_850.wav,7.906
NNM,M,Spk7,U_32c825bb65,825_850,Nyanja_NNM_Spk7_U_32c825bb65_Utterance_5,kodi unawaona ma pepala awa pa thebulo,Nyanja_NNM_Spk7_U_32c825bb65_Utterance_5_825_850.wav,5.319
NNM,M,Spk7,U_32c825bb65,825_850,Nyanja_NNM_Spk7_U_32c825bb65_Utterance_6,ndizanene kwa iye kuti andipatsek koffi ngati ndi yabwino,Nyanja_NNM_Spk7_U_32c825bb65_Utterance_6_825_850.wav,6.893
NNM,M,Spk7,U_32c825bb65,825_850,Nyanja_NNM_Spk7_U_32c825bb65_Utterance_7,osati golide kapena siliva kapena nkhosa kapena mngelo koma iye mwini ndi zaciani,Nyanja_NNM_Spk7_U_32c825bb65_Utterance_7_825_850.wav,10.994
NNM,M,Spk7,U_32c825bb65,825_850,Nyanja_NNM_Spk7_U_32c825bb65_Utterance_8,bwezani okupelekezani robini ndipo mundisanzike e e e n,Nyanja_NNM_Spk7_U_32c825bb65_Utterance_8_825_850.wav,6.374
NNM,M,Spk7,U_32c825bb65,825_850,Nyanja_NNM_Spk7_U_32c825bb65_Utterance_9,kuli ndondomeko yaikulu kapena ya ing'ono mogwirizana ndi ma lanki/nthepe  ndi ma giledi,Nyanja_NNM_Spk7_U_32c825bb65_Utterance_9_825_850.wav,11.447
NNM,M,Spk7,U_32c825bb65,825_850,Nyanja_NNM_Spk7_U_32c825bb65_Utterance_10,kumangotsala pang'ono kuganiza kuti ndizakumbukira  ntangonvera kusiyana pang'ono,Nyanja_NNM_Spk7_U_32c825bb65_Utterance_10_825_850.wav,7.581
NNM,M,Spk7,U_32c825bb65,825_850,Nyanja_NNM_Spk7_U_32c825bb65_Utterance_11,ndipo ndizazigulira famu ndipo ndizalima pa malowo tsopano ndaniazanditsatira,Nyanja_NNM_Spk7_U_32c825bb65_Utterance_11_825_850.wav,8.324
NNM,M,Spk7,U_32c825bb65,825_850,Nyanja_NNM_Spk7_U_32c825bb65_Utterance_12,ku mpoto ndi ku m'mwela zinakambidwa kale kodi ncifukwa ninji sikungaikidwenso ku m'madzulo,Nyanja_NNM_Spk7_U_32c825bb65_Utterance_12_825_850.wav,9.485
NNM,M,Spk7,U_32c825bb65,825_850,Nyanja_NNM_Spk7_U_32c825bb65_Utterance_13,kuzitukumula kwace atakwanilitsa kunapangitsa kuti aikidwe pa mwamba mwapang'ono pang'ono ngati mabala (malawi) amadzi,Nyanja_NNM_Spk7_U_32c825bb65_Utterance_13_825_850.wav,11.819
NNM,M,Spk7,U_32c825bb65,825_850,Nyanja_NNM_Spk7_U_32c825bb65_Utterance_14,pearl ataona thengo ya maluwa anayamba kulira pofuna duwa lofilira ndipo sanathe kunyengereredwa,Nyanja_NNM_Spk7_U_32c825bb65_Utterance_14_825_850.wav,11.092
NNM,M,Spk7,U_32c825bb65,825_850,Nyanja_NNM_Spk7_U_32c825bb65_Utterance_15,iimfa yace yace mu izi zonse inali cinthu conetsa cisoni,Nyanja_NNM_Spk7_U_32c825bb65_Utterance_15_825_850.wav,6.165
NNM,M,Spk7,U_32c825bb65,825_850,Nyanja_NNM_Spk7_U_32c825bb65_Utterance_16,kudulidwa kwace kwa kunja kunaonetsa ndipo sikunaonetse kokwanira zinthu zosiyana siyana za mkati wa umoyo wace,Nyanja_NNM_Spk7_U_32c825bb65_Utterance_16_825_850.wav,12.498
NNM,M,Spk7,U_32c825bb65,825_850,Nyanja_NNM_Spk7_U_32c825bb65_Utterance_17,madzana ndi madzana a nzika zosalakwa (azibambo) zinayankha kuitanidwa kwao kubwalo ya milandu  (ma saimoni) mwansangamsanga,Nyanja_NNM_Spk7_U_32c825bb65_Utterance_17_825_850.wav,11.482
NNM,M,Spk7,U_32c825bb65,825_850,Nyanja_NNM_Spk7_U_32c825bb65_Utterance_18,ind amai anatero mphunzi wacicepele akuoneka ndi mtima wosadikhira,Nyanja_NNM_Spk7_U_32c825bb65_Utterance_18_825_850.wav,7.047
NNM,M,Spk7,U_32c825bb65,825_850,Nyanja_NNM_Spk7_U_32c825bb65_Utterance_19,inde inde musabvutike ndi mayankho nvetsani ndipo muona kuti sindikunyengelerani kapena kukucitilanizooipa,Nyanja_NNM_Spk7_U_32c825bb65_Utterance_19_825_850.wav,10.043
NNM,M,Spk7,U_32c825bb65,825_850,Nyanja_NNM_Spk7_U_32c825bb65_Utterance_20,ma buku awiri aja a semoni oculidwa mu khuphunzitsana  koyamba sizikugwirizana  ndi zoyenera kudziwa za cikumbutso nghakhale pang'ono,Nyanja_NNM_Spk7_U_32c825bb65_Utterance_20_825_850.wav,16.161
NNM,M,Spk7,U_32c825bb65,825_850,Nyanja_NNM_Spk7_U_32c825bb65_Utterance_21,ici ndiye cifukwa cake ucedwa ojo munthu amene alibe mwai anatero mzimai  ndi mau acifundo,Nyanja_NNM_Spk7_U_32c825bb65_Utterance_21_825_850.wav,9.085
NNM,M,Spk7,U_32c825bb65,825_850,Nyanja_NNM_Spk7_U_32c825bb65_Utterance_22,inali kalata yofiilira mu njira ina kalata yofiira inadzadzidwa ndi umoyo,Nyanja_NNM_Spk7_U_32c825bb65_Utterance_22_825_850.wav,6.606
NNM,M,Spk7,U_32c825bb65,825_850,Nyanja_NNM_Spk7_U_32c825bb65_Utterance_23,mitengo za kale za cisoni monga zazikulu ndi zacisinsi muyenge wa kuda ndi woipa,Nyanja_NNM_Spk7_U_32c825bb65_Utterance_23_825_850.wav,8.811
NNM,M,Spk7,U_32c825bb65,825_850,Nyanja_NNM_Spk7_U_32c825bb65_Utterance_24,kacenjeda wanga anatsidwa wa umphawi kotheratu koma ndi wanzeru andiponso walunta azacitanso bwino,Nyanja_NNM_Spk7_U_32c825bb65_Utterance_24_825_850.wav,11.285
NNM,M,Spk7,U_32c825bb65,825_850,Nyanja_NNM_Spk7_U_32c825bb65_Utterance_25,ici cinali  chida cabwinodi nthawi imineyo,Nyanja_NNM_Spk7_U_32c825bb65_Utterance_25_825_850.wav,4.586
NNM,M,Spk7,U_7745725540,800_825,Nyanja_NNM_Spk7_U_7745725540_Utterance_1,nthawi imene anali kumwa tiii anali osakondwa ndipo analinso cete kotero kuti cakudya cinangopita cosagwirida/cosadyedwa ndi wina mwa iwo atatu,Nyanja_NNM_Spk7_U_7745725540_Utterance_1_800_825.wav,18.725
NNM,M,Spk7,U_7745725540,800_825,Nyanja_NNM_Spk7_U_7745725540_Utterance_2,ndipo izi zonse zizatsatira ukapolo wanu mu njira imodzi-modzi,Nyanja_NNM_Spk7_U_7745725540_Utterance_2_800_825.wav,8.72
NNM,M,Spk7,U_7745725540,800_825,Nyanja_NNM_Spk7_U_7745725540_Utterance_3,koma ngati zili tero kusankha kwa amuna kwa mai milner sikuzapangitsa ine kusanka anga,Nyanja_NNM_Spk7_U_7745725540_Utterance_3_800_825.wav,9.455
NNM,M,Spk7,U_7745725540,800_825,Nyanja_NNM_Spk7_U_7745725540_Utterance_4,tsika iwe khumbi laling'ono ndipo ukhale mumlengalenga pa maso pa thelo,Nyanja_NNM_Spk7_U_7745725540_Utterance_4_800_825.wav,8.765
NNM,M,Spk7,U_7745725540,800_825,Nyanja_NNM_Spk7_U_7745725540_Utterance_5,atagwiridwa ndi za kumtima kwace leocadi anapanga cizindikiro ku makolo ace kuti iye anafunisisa kuti akhale nao ekha,Nyanja_NNM_Spk7_U_7745725540_Utterance_5_800_825.wav,14.975
NNM,M,Spk7,U_7745725540,800_825,Nyanja_NNM_Spk7_U_7745725540_Utterance_6,sitero mosiyana ndi zimene muganiza ndinu amene mubvomerezana kwambiri ndi ine,Nyanja_NNM_Spk7_U_7745725540_Utterance_6_800_825.wav,10.775
NNM,M,Spk7,U_7745725540,800_825,Nyanja_NNM_Spk7_U_7745725540_Utterance_7,atsilikari anapeza anthu mu umphawi nawasiya ndi cuuma ca mbiri,Nyanja_NNM_Spk7_U_7745725540_Utterance_7_800_825.wav,8.045
NNM,M,Spk7,U_7745725540,800_825,Nyanja_NNM_Spk7_U_7745725540_Utterance_8,kapitawo martini anati ndizakupatsa mfuti yaing'ono kuti ikuthandize kuziteteza ngati zinthu zafika pobvuta,Nyanja_NNM_Spk7_U_7745725540_Utterance_8_800_825.wav,12.605
NNM,M,Spk7,U_7745725540,800_825,Nyanja_NNM_Spk7_U_7745725540_Utterance_9,ndithudi zimene sizingatheke ndi kukhala opanda mantha pa nkhondo ziyenera kucitidwa mozungulila adani,Nyanja_NNM_Spk7_U_7745725540_Utterance_9_800_825.wav,12.14
NNM,M,Spk7,U_7745725540,800_825,Nyanja_NNM_Spk7_U_7745725540_Utterance_10,akaucita zinthu ngati mwina sanali kutiyembekezera,Nyanja_NNM_Spk7_U_7745725540_Utterance_10_800_825.wav,6.17
NNM,M,Spk7,U_7745725540,800_825,Nyanja_NNM_Spk7_U_7745725540_Utterance_11,ali kucita ngati mwina sanali kutiyembekezera,Nyanja_NNM_Spk7_U_7745725540_Utterance_11_800_825.wav,6.29
NNM,M,Spk7,U_7745725540,800_825,Nyanja_NNM_Spk7_U_7745725540_Utterance_12,ndikuopa poti pano palibe zizindikiro zace,Nyanja_NNM_Spk7_U_7745725540_Utterance_12_800_825.wav,6.5
NNM,M,Spk7,U_7745725540,800_825,Nyanja_NNM_Spk7_U_7745725540_Utterance_13,bwato idakwedzedwa pa maphiri a madzi naponyedwa pansi pa mtunda wa ma fathomu makhumi awiri,Nyanja_NNM_Spk7_U_7745725540_Utterance_13_800_825.wav,10.91
NNM,M,Spk7,U_7745725540,800_825,Nyanja_NNM_Spk7_U_7745725540_Utterance_14,akazi ace anaikidwa pa mbali yamanda ace ndipo ci malata coyera cimene adalembapo zodziwitsira manda ao cimaoneka mong'animira m'minda ya tiligu,Nyanja_NNM_Spk7_U_7745725540_Utterance_14_800_825.wav,18.29
NNM,M,Spk7,U_7745725540,800_825,Nyanja_NNM_Spk7_U_7745725540_Utterance_15,mwina dinso ya mphatso ndi cifundo kuwonetsa zipatso ndi golide opangidwa,Nyanja_NNM_Spk7_U_7745725540_Utterance_15_800_825.wav,9.89
NNM,M,Spk7,U_7745725540,800_825,Nyanja_NNM_Spk7_U_7745725540_Utterance_16,kambirimbiri ndinali kunva iye akulankhula pa inu mu njira imodzi-modziyi,Nyanja_NNM_Spk7_U_7745725540_Utterance_16_800_825.wav,9.2
NNM,M,Spk7,U_7745725540,800_825,Nyanja_NNM_Spk7_U_7745725540_Utterance_17,mbuya wanga kalawidwe k/zosanka za mai milner sizoipa koma ndi zabwino/kwabwino kopoosa,Nyanja_NNM_Spk7_U_7745725540_Utterance_17_800_825.wav,12.44
NNM,M,Spk7,U_7745725540,800_825,Nyanja_NNM_Spk7_U_7745725540_Utterance_18,iye anali ndi mtima wabwino ndipo wacikondi anatero beti ndipo ku khala mcikondi naye sicinaletse kuona/kuwerenga zoipa zimene angacite,Nyanja_NNM_Spk7_U_7745725540_Utterance_18_800_825.wav,13.835
NNM,M,Spk7,U_7745725540,800_825,Nyanja_NNM_Spk7_U_7745725540_Utterance_19,mwadzidzidzi gulu la ichthyosaurus ndi plesiosarus inangosowa pansipo itangosiya kabvumba/msokonezo ukuoneka m'madzi,Nyanja_NNM_Spk7_U_7745725540_Utterance_19_800_825.wav,15.62
NNM,M,Spk7,U_7745725540,800_825,Nyanja_NNM_Spk7_U_7745725540_Utterance_20,unali utalankhula za zoona pamene siunabvomereze ambrose anayamba usamakoka ndi yohane jago fodya wace uzakupha,Nyanja_NNM_Spk7_U_7745725540_Utterance_20_800_825.wav,14.36
NNM,M,Spk7,U_7745725540,800_825,Nyanja_NNM_Spk7_U_7745725540_Utterance_21,watisoni ndakhala ndikukucitila coipa/cosayenera  nthawi zonse alipo ena,Nyanja_NNM_Spk7_U_7745725540_Utterance_21_800_825.wav,8.06
NNM,M,Spk7,U_7745725540,800_825,Nyanja_NNM_Spk7_U_7745725540_Utterance_22,ndicinthu cosayeenera kunena zambiri za iwo pano,Nyanja_NNM_Spk7_U_7745725540_Utterance_22_800_825.wav,6.005
NNM,M,Spk7,U_7745725540,800_825,Nyanja_NNM_Spk7_U_7745725540_Utterance_23,koma kuli nkhokwe atate ngati angafune kuigwiritsa nchito,Nyanja_NNM_Spk7_U_7745725540_Utterance_23_800_825.wav,6.35
NNM,M,Spk7,U_7745725540,800_825,Nyanja_NNM_Spk7_U_7745725540_Utterance_24,holmes anaigwira poyera m'manja mwace pomwe panali kufika kuwala kwa magetsi,Nyanja_NNM_Spk7_U_7745725540_Utterance_24_800_825.wav,8.45
NNM,M,Spk7,U_7745725540,800_825,Nyanja_NNM_Spk7_U_7745725540_Utterance_25,iye anapenya pamwambapo mosakondwera nawauza kuti akhale pansi,Nyanja_NNM_Spk7_U_7745725540_Utterance_25_800_825.wav,8.3
NNM,M,Spk7,U_7745725540,825_850,Nyanja_NNM_Spk7_U_7745725540_Utterance_1,ndinaonapo mitunndi ndi mitundu ya zimenezo mu umoyo wanga,Nyanja_NNM_Spk7_U_7745725540_Utterance_1_825_850.wav,6.455
NNM,M,Spk7,U_7745725540,825_850,Nyanja_NNM_Spk7_U_7745725540_Utterance_2,ndinenetsa sindizapita kutali kweni kweni koma pa atatuwa iye ndiye amane siangathe,Nyanja_NNM_Spk7_U_7745725540_Utterance_2_825_850.wav,8.795
NNM,M,Spk7,U_7745725540,825_850,Nyanja_NNM_Spk7_U_7745725540_Utterance_3,koma pa nthawi imeneyo mu nmadzi amene ali ndi mphanvu cinali cosatheka kuthala pansi,Nyanja_NNM_Spk7_U_7745725540_Utterance_3_825_850.wav,10.205
NNM,M,Spk7,U_7745725540,825_850,Nyanja_NNM_Spk7_U_7745725540_Utterance_4,ici mzanga iwe tenga ndipo anaciponya m'manja mwa mlimi,Nyanja_NNM_Spk7_U_7745725540_Utterance_4_825_850.wav,7.64
NNM,M,Spk7,U_7745725540,825_850,Nyanja_NNM_Spk7_U_7745725540_Utterance_5,kodi unawaona ma pepala awa pa thebulo,Nyanja_NNM_Spk7_U_7745725540_Utterance_5_825_850.wav,5.165
NNM,M,Spk7,U_7745725540,825_850,Nyanja_NNM_Spk7_U_7745725540_Utterance_6,ndizanene kwa iye kuti andipatsek koffi ngati ndi yabwino,Nyanja_NNM_Spk7_U_7745725540_Utterance_6_825_850.wav,7.505
NNM,M,Spk7,U_7745725540,825_850,Nyanja_NNM_Spk7_U_7745725540_Utterance_7,osati golide kapena siliva kapena nkhosa kapena mngelo koma iye mwini ndi zaciani,Nyanja_NNM_Spk7_U_7745725540_Utterance_7_825_850.wav,10.16
NNM,M,Spk7,U_7745725540,825_850,Nyanja_NNM_Spk7_U_7745725540_Utterance_8,bwezani okupelekezani robini ndipo mundisanzike e e e n,Nyanja_NNM_Spk7_U_7745725540_Utterance_8_825_850.wav,5.93
NNM,M,Spk7,U_7745725540,825_850,Nyanja_NNM_Spk7_U_7745725540_Utterance_9,kuli ndondomeko yaikulu kapena ya ing'ono mogwirizana ndi ma lanki/nthepe  ndi ma giledi,Nyanja_NNM_Spk7_U_7745725540_Utterance_9_825_850.wav,9.815
NNM,M,Spk7,U_7745725540,825_850,Nyanja_NNM_Spk7_U_7745725540_Utterance_10,kumangotsala pang'ono kuganiza kuti ndizakumbukira  ntangonvera kusiyana pang'ono,Nyanja_NNM_Spk7_U_7745725540_Utterance_10_825_850.wav,10.97
NNM,M,Spk7,U_7745725540,825_850,Nyanja_NNM_Spk7_U_7745725540_Utterance_11,ndipo ndizazigulira famu ndipo ndizalima pa malowo tsopano ndaniazanditsatira,Nyanja_NNM_Spk7_U_7745725540_Utterance_11_825_850.wav,11.21
NNM,M,Spk7,U_7745725540,825_850,Nyanja_NNM_Spk7_U_7745725540_Utterance_12,ku mpoto ndi ku m'mwela zinakambidwa kale kodi ncifukwa ninji sikungaikidwenso ku m'madzulo,Nyanja_NNM_Spk7_U_7745725540_Utterance_12_825_850.wav,10.64
NNM,M,Spk7,U_7745725540,825_850,Nyanja_NNM_Spk7_U_7745725540_Utterance_13,kuzitukumula kwace atakwanilitsa kunapangitsa kuti aikidwe pa mwamba mwapang'ono pang'ono ngati mabala (malawi) amadzi,Nyanja_NNM_Spk7_U_7745725540_Utterance_13_825_850.wav,13.804
NNM,M,Spk7,U_7745725540,825_850,Nyanja_NNM_Spk7_U_7745725540_Utterance_14,pearl ataona thengo ya maluwa anayamba kulira pofuna duwa lofilira ndipo sanathe kunyengereredwa,Nyanja_NNM_Spk7_U_7745725540_Utterance_14_825_850.wav,12.38
NNM,M,Spk7,U_7745725540,825_850,Nyanja_NNM_Spk7_U_7745725540_Utterance_15,iimfa yace yace mu izi zonse inali cinthu conetsa cisoni,Nyanja_NNM_Spk7_U_7745725540_Utterance_15_825_850.wav,6.65
NNM,M,Spk7,U_7745725540,825_850,Nyanja_NNM_Spk7_U_7745725540_Utterance_16,kudulidwa kwace kwa kunja kunaonetsa ndipo sikunaonetse kokwanira zinthu zosiyana siyana za mkati wa umoyo wace,Nyanja_NNM_Spk7_U_7745725540_Utterance_16_825_850.wav,12.62
NNM,M,Spk7,U_7745725540,825_850,Nyanja_NNM_Spk7_U_7745725540_Utterance_17,madzana ndi madzana a nzika zosalakwa (azibambo) zinayankha kuitanidwa kwao kubwalo ya milandu  (ma saimoni) mwansangamsanga,Nyanja_NNM_Spk7_U_7745725540_Utterance_17_825_850.wav,13.79
NNM,M,Spk7,U_7745725540,825_850,Nyanja_NNM_Spk7_U_7745725540_Utterance_18,ind amai anatero mphunzi wacicepele akuoneka ndi mtima wosadikhira,Nyanja_NNM_Spk7_U_7745725540_Utterance_18_825_850.wav,9.5
NNM,M,Spk7,U_7745725540,825_850,Nyanja_NNM_Spk7_U_7745725540_Utterance_19,inde inde musabvutike ndi mayankho nvetsani ndipo muona kuti sindikunyengelerani kapena kukucitilanizooipa,Nyanja_NNM_Spk7_U_7745725540_Utterance_19_825_850.wav,13.804
NNM,M,Spk7,U_7745725540,825_850,Nyanja_NNM_Spk7_U_7745725540_Utterance_20,ma buku awiri aja a semoni oculidwa mu khuphunzitsana  koyamba sizikugwirizana  ndi zoyenera kudziwa za cikumbutso nghakhale pang'ono,Nyanja_NNM_Spk7_U_7745725540_Utterance_20_825_850.wav,15.65
NNM,M,Spk7,U_7745725540,825_850,Nyanja_NNM_Spk7_U_7745725540_Utterance_21,ici ndiye cifukwa cake ucedwa ojo munthu amene alibe mwai anatero mzimai  ndi mau acifundo,Nyanja_NNM_Spk7_U_7745725540_Utterance_21_825_850.wav,12.65
NNM,M,Spk7,U_7745725540,825_850,Nyanja_NNM_Spk7_U_7745725540_Utterance_22,inali kalata yofiilira mu njira ina kalata yofiira inadzadzidwa ndi umoyo,Nyanja_NNM_Spk7_U_7745725540_Utterance_22_825_850.wav,9.695
NNM,M,Spk7,U_7745725540,825_850,Nyanja_NNM_Spk7_U_7745725540_Utterance_23,mitengo za kale za cisoni monga zazikulu ndi zacisinsi muyenge wa kuda ndi woipa,Nyanja_NNM_Spk7_U_7745725540_Utterance_23_825_850.wav,10.34
NNM,M,Spk7,U_7745725540,825_850,Nyanja_NNM_Spk7_U_7745725540_Utterance_24,kacenjeda wanga anatsidwa wa umphawi kotheratu koma ndi wanzeru andiponso walunta azacitanso bwino,Nyanja_NNM_Spk7_U_7745725540_Utterance_24_825_850.wav,12.02
NNM,M,Spk7,U_7745725540,825_850,Nyanja_NNM_Spk7_U_7745725540_Utterance_25,ici cinali  chida cabwinodi nthawi imineyo,Nyanja_NNM_Spk7_U_7745725540_Utterance_25_825_850.wav,5.945
NNM,M,Spk7,U_48a6ea32bd,825_850,Nyanja_NNM_Spk7_U_48a6ea32bd_Utterance_1,ndinaonapo mitunndi ndi mitundu ya zimenezo mu umoyo wanga,Nyanja_NNM_Spk7_U_48a6ea32bd_Utterance_1_825_850.wav,8.315
NNM,M,Spk7,U_48a6ea32bd,825_850,Nyanja_NNM_Spk7_U_48a6ea32bd_Utterance_2,ndinenetsa sindizapita kutali kweni kweni koma pa atatuwa iye ndiye amane siangathe,Nyanja_NNM_Spk7_U_48a6ea32bd_Utterance_2_825_850.wav,6.695
NNM,M,Spk7,U_48a6ea32bd,825_850,Nyanja_NNM_Spk7_U_48a6ea32bd_Utterance_3,koma pa nthawi imeneyo mu nmadzi amene ali ndi mphanvu cinali cosatheka kuthala pansi,Nyanja_NNM_Spk7_U_48a6ea32bd_Utterance_3_825_850.wav,5.18
NNM,M,Spk7,U_48a6ea32bd,825_850,Nyanja_NNM_Spk7_U_48a6ea32bd_Utterance_4,ici mzanga iwe tenga ndipo anaciponya m'manja mwa mlimi,Nyanja_NNM_Spk7_U_48a6ea32bd_Utterance_4_825_850.wav,5.21
NNM,M,Spk7,U_48a6ea32bd,825_850,Nyanja_NNM_Spk7_U_48a6ea32bd_Utterance_5,kodi unawaona ma pepala awa pa thebulo,Nyanja_NNM_Spk7_U_48a6ea32bd_Utterance_5_825_850.wav,8.435
NNM,M,Spk7,U_48a6ea32bd,825_850,Nyanja_NNM_Spk7_U_48a6ea32bd_Utterance_6,ndizanene kwa iye kuti andipatsek koffi ngati ndi yabwino,Nyanja_NNM_Spk7_U_48a6ea32bd_Utterance_6_825_850.wav,5.42
NNM,M,Spk7,U_48a6ea32bd,825_850,Nyanja_NNM_Spk7_U_48a6ea32bd_Utterance_7,osati golide kapena siliva kapena nkhosa kapena mngelo koma iye mwini ndi zaciani,Nyanja_NNM_Spk7_U_48a6ea32bd_Utterance_7_825_850.wav,7.385
NNM,M,Spk7,U_48a6ea32bd,825_850,Nyanja_NNM_Spk7_U_48a6ea32bd_Utterance_8,bwezani okupelekezani robini ndipo mundisanzike e e e n,Nyanja_NNM_Spk7_U_48a6ea32bd_Utterance_8_825_850.wav,4.895
NNM,M,Spk7,U_48a6ea32bd,825_850,Nyanja_NNM_Spk7_U_48a6ea32bd_Utterance_9,kuli ndondomeko yaikulu kapena ya ing'ono mogwirizana ndi ma lanki/nthepe  ndi ma giledi,Nyanja_NNM_Spk7_U_48a6ea32bd_Utterance_9_825_850.wav,2.013
NNM,M,Spk7,U_48a6ea32bd,825_850,Nyanja_NNM_Spk7_U_48a6ea32bd_Utterance_10,kumangotsala pang'ono kuganiza kuti ndizakumbukira  ntangonvera kusiyana pang'ono,Nyanja_NNM_Spk7_U_48a6ea32bd_Utterance_10_825_850.wav,2.6
NNM,M,Spk7,U_48a6ea32bd,825_850,Nyanja_NNM_Spk7_U_48a6ea32bd_Utterance_11,ndipo ndizazigulira famu ndipo ndizalima pa malowo tsopano ndaniazanditsatira,Nyanja_NNM_Spk7_U_48a6ea32bd_Utterance_11_825_850.wav,5.63
NNM,M,Spk7,U_48a6ea32bd,825_850,Nyanja_NNM_Spk7_U_48a6ea32bd_Utterance_12,ku mpoto ndi ku m'mwela zinakambidwa kale kodi ncifukwa ninji sikungaikidwenso ku m'madzulo,Nyanja_NNM_Spk7_U_48a6ea32bd_Utterance_12_825_850.wav,5.255
NNM,M,Spk7,U_48a6ea32bd,825_850,Nyanja_NNM_Spk7_U_48a6ea32bd_Utterance_13,kuzitukumula kwace atakwanilitsa kunapangitsa kuti aikidwe pa mwamba mwapang'ono pang'ono ngati mabala (malawi) amadzi,Nyanja_NNM_Spk7_U_48a6ea32bd_Utterance_13_825_850.wav,3.065
NNM,M,Spk7,U_48a6ea32bd,825_850,Nyanja_NNM_Spk7_U_48a6ea32bd_Utterance_14,pearl ataona thengo ya maluwa anayamba kulira pofuna duwa lofilira ndipo sanathe kunyengereredwa,Nyanja_NNM_Spk7_U_48a6ea32bd_Utterance_14_825_850.wav,9.65
NNM,M,Spk7,U_48a6ea32bd,825_850,Nyanja_NNM_Spk7_U_48a6ea32bd_Utterance_15,iimfa yace yace mu izi zonse inali cinthu conetsa cisoni,Nyanja_NNM_Spk7_U_48a6ea32bd_Utterance_15_825_850.wav,15.44
NNM,M,Spk7,U_48a6ea32bd,825_850,Nyanja_NNM_Spk7_U_48a6ea32bd_Utterance_16,kudulidwa kwace kwa kunja kunaonetsa ndipo sikunaonetse kokwanira zinthu zosiyana siyana za mkati wa umoyo wace,Nyanja_NNM_Spk7_U_48a6ea32bd_Utterance_16_825_850.wav,7.94
NNM,M,Spk7,U_48a6ea32bd,825_850,Nyanja_NNM_Spk7_U_48a6ea32bd_Utterance_17,madzana ndi madzana a nzika zosalakwa (azibambo) zinayankha kuitanidwa kwao kubwalo ya milandu  (ma saimoni) mwansangamsanga,Nyanja_NNM_Spk7_U_48a6ea32bd_Utterance_17_825_850.wav,6.74
NNM,M,Spk7,U_48a6ea32bd,825_850,Nyanja_NNM_Spk7_U_48a6ea32bd_Utterance_18,ind amai anatero mphunzi wacicepele akuoneka ndi mtima wosadikhira,Nyanja_NNM_Spk7_U_48a6ea32bd_Utterance_18_825_850.wav,8.555
NNM,M,Spk7,U_48a6ea32bd,825_850,Nyanja_NNM_Spk7_U_48a6ea32bd_Utterance_19,inde inde musabvutike ndi mayankho nvetsani ndipo muona kuti sindikunyengelerani kapena kukucitilanizooipa,Nyanja_NNM_Spk7_U_48a6ea32bd_Utterance_19_825_850.wav,11.495
NNM,M,Spk7,U_48a6ea32bd,825_850,Nyanja_NNM_Spk7_U_48a6ea32bd_Utterance_20,ma buku awiri aja a semoni oculidwa mu khuphunzitsana  koyamba sizikugwirizana  ndi zoyenera kudziwa za cikumbutso nghakhale pang'ono,Nyanja_NNM_Spk7_U_48a6ea32bd_Utterance_20_825_850.wav,12.125
NNM,M,Spk7,U_48a6ea32bd,825_850,Nyanja_NNM_Spk7_U_48a6ea32bd_Utterance_21,ici ndiye cifukwa cake ucedwa ojo munthu amene alibe mwai anatero mzimai  ndi mau acifundo,Nyanja_NNM_Spk7_U_48a6ea32bd_Utterance_21_825_850.wav,11.765
NNM,M,Spk7,U_48a6ea32bd,825_850,Nyanja_NNM_Spk7_U_48a6ea32bd_Utterance_22,inali kalata yofiilira mu njira ina kalata yofiira inadzadzidwa ndi umoyo,Nyanja_NNM_Spk7_U_48a6ea32bd_Utterance_22_825_850.wav,6.05
NNM,M,Spk7,U_48a6ea32bd,825_850,Nyanja_NNM_Spk7_U_48a6ea32bd_Utterance_23,mitengo za kale za cisoni monga zazikulu ndi zacisinsi muyenge wa kuda ndi woipa,Nyanja_NNM_Spk7_U_48a6ea32bd_Utterance_23_825_850.wav,4.925
NNM,M,Spk7,U_48a6ea32bd,825_850,Nyanja_NNM_Spk7_U_48a6ea32bd_Utterance_24,kacenjeda wanga anatsidwa wa umphawi kotheratu koma ndi wanzeru andiponso walunta azacitanso bwino,Nyanja_NNM_Spk7_U_48a6ea32bd_Utterance_24_825_850.wav,4.955
NNM,M,Spk7,U_48a6ea32bd,825_850,Nyanja_NNM_Spk7_U_48a6ea32bd_Utterance_25,ici cinali  chida cabwinodi nthawi imineyo,Nyanja_NNM_Spk7_U_48a6ea32bd_Utterance_25_825_850.wav,6.32
NNM,M,Spk7,U_48a6ea32bd,800_825,Nyanja_NNM_Spk7_U_48a6ea32bd_Utterance_1,nthawi imene anali kumwa tiii anali osakondwa ndipo analinso cete kotero kuti cakudya cinangopita cosagwirida/cosadyedwa ndi wina mwa iwo atatu,Nyanja_NNM_Spk7_U_48a6ea32bd_Utterance_1_800_825.wav,6.215
NNM,M,Spk7,U_48a6ea32bd,800_825,Nyanja_NNM_Spk7_U_48a6ea32bd_Utterance_2,ndipo izi zonse zizatsatira ukapolo wanu mu njira imodzi-modzi,Nyanja_NNM_Spk7_U_48a6ea32bd_Utterance_2_800_825.wav,7.745
NNM,M,Spk7,U_48a6ea32bd,800_825,Nyanja_NNM_Spk7_U_48a6ea32bd_Utterance_3,koma ngati zili tero kusankha kwa amuna kwa mai milner sikuzapangitsa ine kusanka anga,Nyanja_NNM_Spk7_U_48a6ea32bd_Utterance_3_800_825.wav,7.895
NNM,M,Spk7,U_48a6ea32bd,800_825,Nyanja_NNM_Spk7_U_48a6ea32bd_Utterance_4,tsika iwe khumbi laling'ono ndipo ukhale mumlengalenga pa maso pa thelo,Nyanja_NNM_Spk7_U_48a6ea32bd_Utterance_4_800_825.wav,5.585
NNM,M,Spk7,U_48a6ea32bd,800_825,Nyanja_NNM_Spk7_U_48a6ea32bd_Utterance_5,atagwiridwa ndi za kumtima kwace leocadi anapanga cizindikiro ku makolo ace kuti iye anafunisisa kuti akhale nao ekha,Nyanja_NNM_Spk7_U_48a6ea32bd_Utterance_5_800_825.wav,4.205
NNM,M,Spk7,U_48a6ea32bd,800_825,Nyanja_NNM_Spk7_U_48a6ea32bd_Utterance_6,sitero mosiyana ndi zimene muganiza ndinu amene mubvomerezana kwambiri ndi ine,Nyanja_NNM_Spk7_U_48a6ea32bd_Utterance_6_800_825.wav,7.805
NNM,M,Spk7,U_48a6ea32bd,800_825,Nyanja_NNM_Spk7_U_48a6ea32bd_Utterance_7,atsilikari anapeza anthu mu umphawi nawasiya ndi cuuma ca mbiri,Nyanja_NNM_Spk7_U_48a6ea32bd_Utterance_7_800_825.wav,7.445
NNM,M,Spk7,U_48a6ea32bd,800_825,Nyanja_NNM_Spk7_U_48a6ea32bd_Utterance_8,kapitawo martini anati ndizakupatsa mfuti yaing'ono kuti ikuthandize kuziteteza ngati zinthu zafika pobvuta,Nyanja_NNM_Spk7_U_48a6ea32bd_Utterance_8_800_825.wav,7.235
NNM,M,Spk7,U_48a6ea32bd,800_825,Nyanja_NNM_Spk7_U_48a6ea32bd_Utterance_9,ndithudi zimene sizingatheke ndi kukhala opanda mantha pa nkhondo ziyenera kucitidwa mozungulila adani,Nyanja_NNM_Spk7_U_48a6ea32bd_Utterance_9_800_825.wav,8.135
NNM,M,Spk7,U_48a6ea32bd,800_825,Nyanja_NNM_Spk7_U_48a6ea32bd_Utterance_10,akaucita zinthu ngati mwina sanali kutiyembekezera,Nyanja_NNM_Spk7_U_48a6ea32bd_Utterance_10_800_825.wav,9.125
NNM,M,Spk7,U_48a6ea32bd,800_825,Nyanja_NNM_Spk7_U_48a6ea32bd_Utterance_11,ali kucita ngati mwina sanali kutiyembekezera,Nyanja_NNM_Spk7_U_48a6ea32bd_Utterance_11_800_825.wav,9.05
NNM,M,Spk7,U_48a6ea32bd,800_825,Nyanja_NNM_Spk7_U_48a6ea32bd_Utterance_12,ndikuopa poti pano palibe zizindikiro zace,Nyanja_NNM_Spk7_U_48a6ea32bd_Utterance_12_800_825.wav,10.55
NNM,M,Spk7,U_48a6ea32bd,800_825,Nyanja_NNM_Spk7_U_48a6ea32bd_Utterance_13,bwato idakwedzedwa pa maphiri a madzi naponyedwa pansi pa mtunda wa ma fathomu makhumi awiri,Nyanja_NNM_Spk7_U_48a6ea32bd_Utterance_13_800_825.wav,12.38
NNM,M,Spk7,U_48a6ea32bd,800_825,Nyanja_NNM_Spk7_U_48a6ea32bd_Utterance_14,akazi ace anaikidwa pa mbali yamanda ace ndipo ci malata coyera cimene adalembapo zodziwitsira manda ao cimaoneka mong'animira m'minda ya tiligu,Nyanja_NNM_Spk7_U_48a6ea32bd_Utterance_14_800_825.wav,6.335
NNM,M,Spk7,U_48a6ea32bd,800_825,Nyanja_NNM_Spk7_U_48a6ea32bd_Utterance_15,mwina dinso ya mphatso ndi cifundo kuwonetsa zipatso ndi golide opangidwa,Nyanja_NNM_Spk7_U_48a6ea32bd_Utterance_15_800_825.wav,10.745
NNM,M,Spk7,U_48a6ea32bd,800_825,Nyanja_NNM_Spk7_U_48a6ea32bd_Utterance_16,kambirimbiri ndinali kunva iye akulankhula pa inu mu njira imodzi-modziyi,Nyanja_NNM_Spk7_U_48a6ea32bd_Utterance_16_800_825.wav,9.545
NNM,M,Spk7,U_48a6ea32bd,800_825,Nyanja_NNM_Spk7_U_48a6ea32bd_Utterance_17,mbuya wanga kalawidwe k/zosanka za mai milner sizoipa koma ndi zabwino/kwabwino kopoosa,Nyanja_NNM_Spk7_U_48a6ea32bd_Utterance_17_800_825.wav,6.14
NNM,M,Spk7,U_48a6ea32bd,800_825,Nyanja_NNM_Spk7_U_48a6ea32bd_Utterance_18,iye anali ndi mtima wabwino ndipo wacikondi anatero beti ndipo ku khala mcikondi naye sicinaletse kuona/kuwerenga zoipa zimene angacite,Nyanja_NNM_Spk7_U_48a6ea32bd_Utterance_18_800_825.wav,9.785
NNM,M,Spk7,U_48a6ea32bd,800_825,Nyanja_NNM_Spk7_U_48a6ea32bd_Utterance_19,mwadzidzidzi gulu la ichthyosaurus ndi plesiosarus inangosowa pansipo itangosiya kabvumba/msokonezo ukuoneka m'madzi,Nyanja_NNM_Spk7_U_48a6ea32bd_Utterance_19_800_825.wav,12.425
NNM,M,Spk7,U_48a6ea32bd,800_825,Nyanja_NNM_Spk7_U_48a6ea32bd_Utterance_20,unali utalankhula za zoona pamene siunabvomereze ambrose anayamba usamakoka ndi yohane jago fodya wace uzakupha,Nyanja_NNM_Spk7_U_48a6ea32bd_Utterance_20_800_825.wav,9.38
NNM,M,Spk7,U_48a6ea32bd,800_825,Nyanja_NNM_Spk7_U_48a6ea32bd_Utterance_21,watisoni ndakhala ndikukucitila coipa/cosayenera  nthawi zonse alipo ena,Nyanja_NNM_Spk7_U_48a6ea32bd_Utterance_21_800_825.wav,7.235
NNM,M,Spk7,U_48a6ea32bd,800_825,Nyanja_NNM_Spk7_U_48a6ea32bd_Utterance_22,ndicinthu cosayeenera kunena zambiri za iwo pano,Nyanja_NNM_Spk7_U_48a6ea32bd_Utterance_22_800_825.wav,7.76
NNM,M,Spk7,U_48a6ea32bd,800_825,Nyanja_NNM_Spk7_U_48a6ea32bd_Utterance_23,koma kuli nkhokwe atate ngati angafune kuigwiritsa nchito,Nyanja_NNM_Spk7_U_48a6ea32bd_Utterance_23_800_825.wav,11.975
NNM,M,Spk7,U_48a6ea32bd,800_825,Nyanja_NNM_Spk7_U_48a6ea32bd_Utterance_24,holmes anaigwira poyera m'manja mwace pomwe panali kufika kuwala kwa magetsi,Nyanja_NNM_Spk7_U_48a6ea32bd_Utterance_24_800_825.wav,3.71
NNM,M,Spk7,U_48a6ea32bd,800_825,Nyanja_NNM_Spk7_U_48a6ea32bd_Utterance_25,iye anapenya pamwambapo mosakondwera nawauza kuti akhale pansi,Nyanja_NNM_Spk7_U_48a6ea32bd_Utterance_25_800_825.wav,7.4
NNM,M,Spk7,U_2c586d9cfc,800_825,Nyanja_NNM_Spk7_U_2c586d9cfc_Utterance_1,nthawi imene anali kumwa tiii anali osakondwa ndipo analinso cete kotero kuti cakudya cinangopita cosagwirida/cosadyedwa ndi wina mwa iwo atatu,Nyanja_NNM_Spk7_U_2c586d9cfc_Utterance_1_800_825.wav,16.535
NNM,M,Spk7,U_2c586d9cfc,800_825,Nyanja_NNM_Spk7_U_2c586d9cfc_Utterance_2,ndipo izi zonse zizatsatira ukapolo wanu mu njira imodzi-modzi,Nyanja_NNM_Spk7_U_2c586d9cfc_Utterance_2_800_825.wav,6.725
NNM,M,Spk7,U_2c586d9cfc,800_825,Nyanja_NNM_Spk7_U_2c586d9cfc_Utterance_3,koma ngati zili tero kusankha kwa amuna kwa mai milner sikuzapangitsa ine kusanka anga,Nyanja_NNM_Spk7_U_2c586d9cfc_Utterance_3_800_825.wav,10.25
NNM,M,Spk7,U_2c586d9cfc,800_825,Nyanja_NNM_Spk7_U_2c586d9cfc_Utterance_4,tsika iwe khumbi laling'ono ndipo ukhale mumlengalenga pa maso pa thelo,Nyanja_NNM_Spk7_U_2c586d9cfc_Utterance_4_800_825.wav,8.87
NNM,M,Spk7,U_2c586d9cfc,800_825,Nyanja_NNM_Spk7_U_2c586d9cfc_Utterance_5,atagwiridwa ndi za kumtima kwace leocadi anapanga cizindikiro ku makolo ace kuti iye anafunisisa kuti akhale nao ekha,Nyanja_NNM_Spk7_U_2c586d9cfc_Utterance_5_800_825.wav,13.88
NNM,M,Spk7,U_2c586d9cfc,800_825,Nyanja_NNM_Spk7_U_2c586d9cfc_Utterance_6,sitero mosiyana ndi zimene muganiza ndinu amene mubvomerezana kwambiri ndi ine,Nyanja_NNM_Spk7_U_2c586d9cfc_Utterance_6_800_825.wav,9.245
NNM,M,Spk7,U_2c586d9cfc,800_825,Nyanja_NNM_Spk7_U_2c586d9cfc_Utterance_7,atsilikari anapeza anthu mu umphawi nawasiya ndi cuuma ca mbiri,Nyanja_NNM_Spk7_U_2c586d9cfc_Utterance_7_800_825.wav,8.915
NNM,M,Spk7,U_2c586d9cfc,800_825,Nyanja_NNM_Spk7_U_2c586d9cfc_Utterance_8,kapitawo martini anati ndizakupatsa mfuti yaing'ono kuti ikuthandize kuziteteza ngati zinthu zafika pobvuta,Nyanja_NNM_Spk7_U_2c586d9cfc_Utterance_8_800_825.wav,15.065
NNM,M,Spk7,U_2c586d9cfc,800_825,Nyanja_NNM_Spk7_U_2c586d9cfc_Utterance_9,ndithudi zimene sizingatheke ndi kukhala opanda mantha pa nkhondo ziyenera kucitidwa mozungulila adani,Nyanja_NNM_Spk7_U_2c586d9cfc_Utterance_9_800_825.wav,13.535
NNM,M,Spk7,U_2c586d9cfc,800_825,Nyanja_NNM_Spk7_U_2c586d9cfc_Utterance_10,akaucita zinthu ngati mwina sanali kutiyembekezera,Nyanja_NNM_Spk7_U_2c586d9cfc_Utterance_10_800_825.wav,7.775
NNM,M,Spk7,U_2c586d9cfc,800_825,Nyanja_NNM_Spk7_U_2c586d9cfc_Utterance_11,ali kucita ngati mwina sanali kutiyembekezera,Nyanja_NNM_Spk7_U_2c586d9cfc_Utterance_11_800_825.wav,6.815
NNM,M,Spk7,U_2c586d9cfc,800_825,Nyanja_NNM_Spk7_U_2c586d9cfc_Utterance_12,ndikuopa poti pano palibe zizindikiro zace,Nyanja_NNM_Spk7_U_2c586d9cfc_Utterance_12_800_825.wav,7.115
NNM,M,Spk7,U_2c586d9cfc,800_825,Nyanja_NNM_Spk7_U_2c586d9cfc_Utterance_13,bwato idakwedzedwa pa maphiri a madzi naponyedwa pansi pa mtunda wa ma fathomu makhumi awiri,Nyanja_NNM_Spk7_U_2c586d9cfc_Utterance_13_800_825.wav,14.24
NNM,M,Spk7,U_2c586d9cfc,800_825,Nyanja_NNM_Spk7_U_2c586d9cfc_Utterance_14,akazi ace anaikidwa pa mbali yamanda ace ndipo ci malata coyera cimene adalembapo zodziwitsira manda ao cimaoneka mong'animira m'minda ya tiligu,Nyanja_NNM_Spk7_U_2c586d9cfc_Utterance_14_800_825.wav,18.335
NNM,M,Spk7,U_2c586d9cfc,800_825,Nyanja_NNM_Spk7_U_2c586d9cfc_Utterance_15,mwina dinso ya mphatso ndi cifundo kuwonetsa zipatso ndi golide opangidwa,Nyanja_NNM_Spk7_U_2c586d9cfc_Utterance_15_800_825.wav,10.625
NNM,M,Spk7,U_2c586d9cfc,800_825,Nyanja_NNM_Spk7_U_2c586d9cfc_Utterance_16,kambirimbiri ndinali kunva iye akulankhula pa inu mu njira imodzi-modziyi,Nyanja_NNM_Spk7_U_2c586d9cfc_Utterance_16_800_825.wav,9.35
NNM,M,Spk7,U_2c586d9cfc,800_825,Nyanja_NNM_Spk7_U_2c586d9cfc_Utterance_17,mbuya wanga kalawidwe k/zosanka za mai milner sizoipa koma ndi zabwino/kwabwino kopoosa,Nyanja_NNM_Spk7_U_2c586d9cfc_Utterance_17_800_825.wav,12.71
NNM,M,Spk7,U_2c586d9cfc,800_825,Nyanja_NNM_Spk7_U_2c586d9cfc_Utterance_18,iye anali ndi mtima wabwino ndipo wacikondi anatero beti ndipo ku khala mcikondi naye sicinaletse kuona/kuwerenga zoipa zimene angacite,Nyanja_NNM_Spk7_U_2c586d9cfc_Utterance_18_800_825.wav,17.72
NNM,M,Spk7,U_2c586d9cfc,800_825,Nyanja_NNM_Spk7_U_2c586d9cfc_Utterance_19,mwadzidzidzi gulu la ichthyosaurus ndi plesiosarus inangosowa pansipo itangosiya kabvumba/msokonezo ukuoneka m'madzi,Nyanja_NNM_Spk7_U_2c586d9cfc_Utterance_19_800_825.wav,19.895
NNM,M,Spk7,U_2c586d9cfc,800_825,Nyanja_NNM_Spk7_U_2c586d9cfc_Utterance_20,unali utalankhula za zoona pamene siunabvomereze ambrose anayamba usamakoka ndi yohane jago fodya wace uzakupha,Nyanja_NNM_Spk7_U_2c586d9cfc_Utterance_20_800_825.wav,16.955
NNM,M,Spk7,U_2c586d9cfc,800_825,Nyanja_NNM_Spk7_U_2c586d9cfc_Utterance_21,watisoni ndakhala ndikukucitila coipa/cosayenera  nthawi zonse alipo ena,Nyanja_NNM_Spk7_U_2c586d9cfc_Utterance_21_800_825.wav,12.815
NNM,M,Spk7,U_2c586d9cfc,800_825,Nyanja_NNM_Spk7_U_2c586d9cfc_Utterance_22,ndicinthu cosayeenera kunena zambiri za iwo pano,Nyanja_NNM_Spk7_U_2c586d9cfc_Utterance_22_800_825.wav,9.14
NNM,M,Spk7,U_2c586d9cfc,800_825,Nyanja_NNM_Spk7_U_2c586d9cfc_Utterance_23,koma kuli nkhokwe atate ngati angafune kuigwiritsa nchito,Nyanja_NNM_Spk7_U_2c586d9cfc_Utterance_23_800_825.wav,7.7
NNM,M,Spk7,U_2c586d9cfc,800_825,Nyanja_NNM_Spk7_U_2c586d9cfc_Utterance_24,holmes anaigwira poyera m'manja mwace pomwe panali kufika kuwala kwa magetsi,Nyanja_NNM_Spk7_U_2c586d9cfc_Utterance_24_800_825.wav,10.565
NNM,M,Spk7,U_2c586d9cfc,800_825,Nyanja_NNM_Spk7_U_2c586d9cfc_Utterance_25,iye anapenya pamwambapo mosakondwera nawauza kuti akhale pansi,Nyanja_NNM_Spk7_U_2c586d9cfc_Utterance_25_800_825.wav,10.085
NNM,M,Spk7,U_2c586d9cfc,825_850,Nyanja_NNM_Spk7_U_2c586d9cfc_Utterance_1,ndinaonapo mitunndi ndi mitundu ya zimenezo mu umoyo wanga,Nyanja_NNM_Spk7_U_2c586d9cfc_Utterance_1_825_850.wav,9.515
NNM,M,Spk7,U_2c586d9cfc,825_850,Nyanja_NNM_Spk7_U_2c586d9cfc_Utterance_2,ndinenetsa sindizapita kutali kweni kweni koma pa atatuwa iye ndiye amane siangathe,Nyanja_NNM_Spk7_U_2c586d9cfc_Utterance_2_825_850.wav,13.955
NNM,M,Spk7,U_2c586d9cfc,825_850,Nyanja_NNM_Spk7_U_2c586d9cfc_Utterance_3,koma pa nthawi imeneyo mu nmadzi amene ali ndi mphanvu cinali cosatheka kuthala pansi,Nyanja_NNM_Spk7_U_2c586d9cfc_Utterance_3_825_850.wav,14.195
NNM,M,Spk7,U_2c586d9cfc,825_850,Nyanja_NNM_Spk7_U_2c586d9cfc_Utterance_4,ici mzanga iwe tenga ndipo anaciponya m'manja mwa mlimi,Nyanja_NNM_Spk7_U_2c586d9cfc_Utterance_4_825_850.wav,8.06
NNM,M,Spk7,U_2c586d9cfc,825_850,Nyanja_NNM_Spk7_U_2c586d9cfc_Utterance_5,kodi unawaona ma pepala awa pa thebulo,Nyanja_NNM_Spk7_U_2c586d9cfc_Utterance_5_825_850.wav,7.28
NNM,M,Spk7,U_2c586d9cfc,825_850,Nyanja_NNM_Spk7_U_2c586d9cfc_Utterance_6,ndizanene kwa iye kuti andipatsek koffi ngati ndi yabwino,Nyanja_NNM_Spk7_U_2c586d9cfc_Utterance_6_825_850.wav,8.87
NNM,M,Spk7,U_2c586d9cfc,825_850,Nyanja_NNM_Spk7_U_2c586d9cfc_Utterance_7,osati golide kapena siliva kapena nkhosa kapena mngelo koma iye mwini ndi zaciani,Nyanja_NNM_Spk7_U_2c586d9cfc_Utterance_7_825_850.wav,11.075
NNM,M,Spk7,U_2c586d9cfc,825_850,Nyanja_NNM_Spk7_U_2c586d9cfc_Utterance_8,bwezani okupelekezani robini ndipo mundisanzike e e e n,Nyanja_NNM_Spk7_U_2c586d9cfc_Utterance_8_825_850.wav,9.56
NNM,M,Spk7,U_2c586d9cfc,825_850,Nyanja_NNM_Spk7_U_2c586d9cfc_Utterance_9,kuli ndondomeko yaikulu kapena ya ing'ono mogwirizana ndi ma lanki/nthepe  ndi ma giledi,Nyanja_NNM_Spk7_U_2c586d9cfc_Utterance_9_825_850.wav,11.93
NNM,M,Spk7,U_2c586d9cfc,825_850,Nyanja_NNM_Spk7_U_2c586d9cfc_Utterance_10,kumangotsala pang'ono kuganiza kuti ndizakumbukira  ntangonvera kusiyana pang'ono,Nyanja_NNM_Spk7_U_2c586d9cfc_Utterance_10_825_850.wav,12.14
NNM,M,Spk7,U_2c586d9cfc,825_850,Nyanja_NNM_Spk7_U_2c586d9cfc_Utterance_11,ndipo ndizazigulira famu ndipo ndizalima pa malowo tsopano ndaniazanditsatira,Nyanja_NNM_Spk7_U_2c586d9cfc_Utterance_11_825_850.wav,13.265
NNM,M,Spk7,U_2c586d9cfc,825_850,Nyanja_NNM_Spk7_U_2c586d9cfc_Utterance_12,ku mpoto ndi ku m'mwela zinakambidwa kale kodi ncifukwa ninji sikungaikidwenso ku m'madzulo,Nyanja_NNM_Spk7_U_2c586d9cfc_Utterance_12_825_850.wav,13.205
NNM,M,Spk7,U_2c586d9cfc,825_850,Nyanja_NNM_Spk7_U_2c586d9cfc_Utterance_13,kuzitukumula kwace atakwanilitsa kunapangitsa kuti aikidwe pa mwamba mwapang'ono pang'ono ngati mabala (malawi) amadzi,Nyanja_NNM_Spk7_U_2c586d9cfc_Utterance_13_825_850.wav,16.04
NNM,M,Spk7,U_2c586d9cfc,825_850,Nyanja_NNM_Spk7_U_2c586d9cfc_Utterance_14,pearl ataona thengo ya maluwa anayamba kulira pofuna duwa lofilira ndipo sanathe kunyengereredwa,Nyanja_NNM_Spk7_U_2c586d9cfc_Utterance_14_825_850.wav,16.355
NNM,M,Spk7,U_2c586d9cfc,825_850,Nyanja_NNM_Spk7_U_2c586d9cfc_Utterance_15,iimfa yace yace mu izi zonse inali cinthu conetsa cisoni,Nyanja_NNM_Spk7_U_2c586d9cfc_Utterance_15_825_850.wav,9.365
NNM,M,Spk7,U_2c586d9cfc,825_850,Nyanja_NNM_Spk7_U_2c586d9cfc_Utterance_16,kudulidwa kwace kwa kunja kunaonetsa ndipo sikunaonetse kokwanira zinthu zosiyana siyana za mkati wa umoyo wace,Nyanja_NNM_Spk7_U_2c586d9cfc_Utterance_16_825_850.wav,15.845
NNM,M,Spk7,U_2c586d9cfc,825_850,Nyanja_NNM_Spk7_U_2c586d9cfc_Utterance_17,madzana ndi madzana a nzika zosalakwa (azibambo) zinayankha kuitanidwa kwao kubwalo ya milandu  (ma saimoni) mwansangamsanga,Nyanja_NNM_Spk7_U_2c586d9cfc_Utterance_17_825_850.wav,15.86
NNM,M,Spk7,U_2c586d9cfc,825_850,Nyanja_NNM_Spk7_U_2c586d9cfc_Utterance_18,ind amai anatero mphunzi wacicepele akuoneka ndi mtima wosadikhira,Nyanja_NNM_Spk7_U_2c586d9cfc_Utterance_18_825_850.wav,12.335
NNM,M,Spk7,U_2c586d9cfc,825_850,Nyanja_NNM_Spk7_U_2c586d9cfc_Utterance_19,inde inde musabvutike ndi mayankho nvetsani ndipo muona kuti sindikunyengelerani kapena kukucitilanizooipa,Nyanja_NNM_Spk7_U_2c586d9cfc_Utterance_19_825_850.wav,13.655
NNM,M,Spk7,U_2c586d9cfc,825_850,Nyanja_NNM_Spk7_U_2c586d9cfc_Utterance_20,ma buku awiri aja a semoni oculidwa mu khuphunzitsana  koyamba sizikugwirizana  ndi zoyenera kudziwa za cikumbutso nghakhale pang'ono,Nyanja_NNM_Spk7_U_2c586d9cfc_Utterance_20_825_850.wav,17.21
NNM,M,Spk7,U_2c586d9cfc,825_850,Nyanja_NNM_Spk7_U_2c586d9cfc_Utterance_21,ici ndiye cifukwa cake ucedwa ojo munthu amene alibe mwai anatero mzimai  ndi mau acifundo,Nyanja_NNM_Spk7_U_2c586d9cfc_Utterance_21_825_850.wav,12.215
NNM,M,Spk7,U_2c586d9cfc,825_850,Nyanja_NNM_Spk7_U_2c586d9cfc_Utterance_22,inali kalata yofiilira mu njira ina kalata yofiira inadzadzidwa ndi umoyo,Nyanja_NNM_Spk7_U_2c586d9cfc_Utterance_22_825_850.wav,11.915
NNM,M,Spk7,U_2c586d9cfc,825_850,Nyanja_NNM_Spk7_U_2c586d9cfc_Utterance_23,mitengo za kale za cisoni monga zazikulu ndi zacisinsi muyenge wa kuda ndi woipa,Nyanja_NNM_Spk7_U_2c586d9cfc_Utterance_23_825_850.wav,12.305
NNM,M,Spk7,U_2c586d9cfc,825_850,Nyanja_NNM_Spk7_U_2c586d9cfc_Utterance_24,kacenjeda wanga anatsidwa wa umphawi kotheratu koma ndi wanzeru andiponso walunta azacitanso bwino,Nyanja_NNM_Spk7_U_2c586d9cfc_Utterance_24_825_850.wav,15.98
NNM,M,Spk7,U_2c586d9cfc,825_850,Nyanja_NNM_Spk7_U_2c586d9cfc_Utterance_25,ici cinali  chida cabwinodi nthawi imineyo,Nyanja_NNM_Spk7_U_2c586d9cfc_Utterance_25_825_850.wav,8.045
NNM,M,Spk7,U_e740081fd6,800_825,Nyanja_NNM_Spk7_U_e740081fd6_Utterance_1,nthawi imene anali kumwa tiii anali osakondwa ndipo analinso cete kotero kuti cakudya cinangopita cosagwirida/cosadyedwa ndi wina mwa iwo atatu,Nyanja_NNM_Spk7_U_e740081fd6_Utterance_1_800_825.wav,19.11
NNM,M,Spk7,U_e740081fd6,800_825,Nyanja_NNM_Spk7_U_e740081fd6_Utterance_2,ndipo izi zonse zizatsatira ukapolo wanu mu njira imodzi-modzi,Nyanja_NNM_Spk7_U_e740081fd6_Utterance_2_800_825.wav,7.094
NNM,M,Spk7,U_e740081fd6,800_825,Nyanja_NNM_Spk7_U_e740081fd6_Utterance_3,koma ngati zili tero kusankha kwa amuna kwa mai milner sikuzapangitsa ine kusanka anga,Nyanja_NNM_Spk7_U_e740081fd6_Utterance_3_800_825.wav,11.401
NNM,M,Spk7,U_e740081fd6,800_825,Nyanja_NNM_Spk7_U_e740081fd6_Utterance_4,tsika iwe khumbi laling'ono ndipo ukhale mumlengalenga pa maso pa thelo,Nyanja_NNM_Spk7_U_e740081fd6_Utterance_4_800_825.wav,10.054
NNM,M,Spk7,U_e740081fd6,800_825,Nyanja_NNM_Spk7_U_e740081fd6_Utterance_5,atagwiridwa ndi za kumtima kwace leocadi anapanga cizindikiro ku makolo ace kuti iye anafunisisa kuti akhale nao ekha,Nyanja_NNM_Spk7_U_e740081fd6_Utterance_5_800_825.wav,15.859
NNM,M,Spk7,U_e740081fd6,800_825,Nyanja_NNM_Spk7_U_e740081fd6_Utterance_6,sitero mosiyana ndi zimene muganiza ndinu amene mubvomerezana kwambiri ndi ine,Nyanja_NNM_Spk7_U_e740081fd6_Utterance_6_800_825.wav,13.305
NNM,M,Spk7,U_e740081fd6,800_825,Nyanja_NNM_Spk7_U_e740081fd6_Utterance_7,atsilikari anapeza anthu mu umphawi nawasiya ndi cuuma ca mbiri,Nyanja_NNM_Spk7_U_e740081fd6_Utterance_7_800_825.wav,7.651
NNM,M,Spk7,U_e740081fd6,800_825,Nyanja_NNM_Spk7_U_e740081fd6_Utterance_8,kapitawo martini anati ndizakupatsa mfuti yaing'ono kuti ikuthandize kuziteteza ngati zinthu zafika pobvuta,Nyanja_NNM_Spk7_U_e740081fd6_Utterance_8_800_825.wav,14.826
NNM,M,Spk7,U_e740081fd6,800_825,Nyanja_NNM_Spk7_U_e740081fd6_Utterance_9,ndithudi zimene sizingatheke ndi kukhala opanda mantha pa nkhondo ziyenera kucitidwa mozungulila adani,Nyanja_NNM_Spk7_U_e740081fd6_Utterance_9_800_825.wav,12.899
NNM,M,Spk7,U_e740081fd6,800_825,Nyanja_NNM_Spk7_U_e740081fd6_Utterance_10,akaucita zinthu ngati mwina sanali kutiyembekezera,Nyanja_NNM_Spk7_U_e740081fd6_Utterance_10_800_825.wav,6.235
NNM,M,Spk7,U_e740081fd6,800_825,Nyanja_NNM_Spk7_U_e740081fd6_Utterance_11,ali kucita ngati mwina sanali kutiyembekezera,Nyanja_NNM_Spk7_U_e740081fd6_Utterance_11_800_825.wav,4.632
NNM,M,Spk7,U_e740081fd6,800_825,Nyanja_NNM_Spk7_U_e740081fd6_Utterance_12,ndikuopa poti pano palibe zizindikiro zace,Nyanja_NNM_Spk7_U_e740081fd6_Utterance_12_800_825.wav,4.899
NNM,M,Spk7,U_e740081fd6,800_825,Nyanja_NNM_Spk7_U_e740081fd6_Utterance_13,bwato idakwedzedwa pa maphiri a madzi naponyedwa pansi pa mtunda wa ma fathomu makhumi awiri,Nyanja_NNM_Spk7_U_e740081fd6_Utterance_13_800_825.wav,12.028
NNM,M,Spk7,U_e740081fd6,800_825,Nyanja_NNM_Spk7_U_e740081fd6_Utterance_14,akazi ace anaikidwa pa mbali yamanda ace ndipo ci malata coyera cimene adalembapo zodziwitsira manda ao cimaoneka mong'animira m'minda ya tiligu,Nyanja_NNM_Spk7_U_e740081fd6_Utterance_14_800_825.wav,21.745
NNM,M,Spk7,U_e740081fd6,800_825,Nyanja_NNM_Spk7_U_e740081fd6_Utterance_15,mwina dinso ya mphatso ndi cifundo kuwonetsa zipatso ndi golide opangidwa,Nyanja_NNM_Spk7_U_e740081fd6_Utterance_15_800_825.wav,10.886
NNM,M,Spk7,U_e740081fd6,800_825,Nyanja_NNM_Spk7_U_e740081fd6_Utterance_16,kambirimbiri ndinali kunva iye akulankhula pa inu mu njira imodzi-modziyi,Nyanja_NNM_Spk7_U_e740081fd6_Utterance_16_800_825.wav,8.649
NNM,M,Spk7,U_e740081fd6,800_825,Nyanja_NNM_Spk7_U_e740081fd6_Utterance_17,mbuya wanga kalawidwe k/zosanka za mai milner sizoipa koma ndi zabwino/kwabwino kopoosa,Nyanja_NNM_Spk7_U_e740081fd6_Utterance_17_800_825.wav,10.112
NNM,M,Spk7,U_e740081fd6,800_825,Nyanja_NNM_Spk7_U_e740081fd6_Utterance_18,iye anali ndi mtima wabwino ndipo wacikondi anatero beti ndipo ku khala mcikondi naye sicinaletse kuona/kuwerenga zoipa zimene angacite,Nyanja_NNM_Spk7_U_e740081fd6_Utterance_18_800_825.wav,18.086
NNM,M,Spk7,U_e740081fd6,800_825,Nyanja_NNM_Spk7_U_e740081fd6_Utterance_19,mwadzidzidzi gulu la ichthyosaurus ndi plesiosarus inangosowa pansipo itangosiya kabvumba/msokonezo ukuoneka m'madzi,Nyanja_NNM_Spk7_U_e740081fd6_Utterance_19_800_825.wav,15.372
NNM,M,Spk7,U_e740081fd6,800_825,Nyanja_NNM_Spk7_U_e740081fd6_Utterance_20,unali utalankhula za zoona pamene siunabvomereze ambrose anayamba usamakoka ndi yohane jago fodya wace uzakupha,Nyanja_NNM_Spk7_U_e740081fd6_Utterance_20_800_825.wav,15.662
NNM,M,Spk7,U_e740081fd6,800_825,Nyanja_NNM_Spk7_U_e740081fd6_Utterance_21,watisoni ndakhala ndikukucitila coipa/cosayenera  nthawi zonse alipo ena,Nyanja_NNM_Spk7_U_e740081fd6_Utterance_21_800_825.wav,7.396
NNM,M,Spk7,U_e740081fd6,800_825,Nyanja_NNM_Spk7_U_e740081fd6_Utterance_22,ndicinthu cosayeenera kunena zambiri za iwo pano,Nyanja_NNM_Spk7_U_e740081fd6_Utterance_22_800_825.wav,5.387
NNM,M,Spk7,U_e740081fd6,800_825,Nyanja_NNM_Spk7_U_e740081fd6_Utterance_23,koma kuli nkhokwe atate ngati angafune kuigwiritsa nchito,Nyanja_NNM_Spk7_U_e740081fd6_Utterance_23_800_825.wav,6.386
NNM,M,Spk7,U_e740081fd6,800_825,Nyanja_NNM_Spk7_U_e740081fd6_Utterance_24,holmes anaigwira poyera m'manja mwace pomwe panali kufika kuwala kwa magetsi,Nyanja_NNM_Spk7_U_e740081fd6_Utterance_24_800_825.wav,9.102
NNM,M,Spk7,U_e740081fd6,800_825,Nyanja_NNM_Spk7_U_e740081fd6_Utterance_25,iye anapenya pamwambapo mosakondwera nawauza kuti akhale pansi,Nyanja_NNM_Spk7_U_e740081fd6_Utterance_25_800_825.wav,7.605
NNM,M,Spk7,U_e740081fd6,825_850,Nyanja_NNM_Spk7_U_e740081fd6_Utterance_1,ndinaonapo mitunndi ndi mitundu ya zimenezo mu umoyo wanga,Nyanja_NNM_Spk7_U_e740081fd6_Utterance_1_825_850.wav,5.201
NNM,M,Spk7,U_e740081fd6,825_850,Nyanja_NNM_Spk7_U_e740081fd6_Utterance_2,ndinenetsa sindizapita kutali kweni kweni koma pa atatuwa iye ndiye amane siangathe,Nyanja_NNM_Spk7_U_e740081fd6_Utterance_2_825_850.wav,10.025
NNM,M,Spk7,U_e740081fd6,825_850,Nyanja_NNM_Spk7_U_e740081fd6_Utterance_3,koma pa nthawi imeneyo mu nmadzi amene ali ndi mphanvu cinali cosatheka kuthala pansi,Nyanja_NNM_Spk7_U_e740081fd6_Utterance_3_825_850.wav,10.702
NNM,M,Spk7,U_e740081fd6,825_850,Nyanja_NNM_Spk7_U_e740081fd6_Utterance_4,ici mzanga iwe tenga ndipo anaciponya m'manja mwa mlimi,Nyanja_NNM_Spk7_U_e740081fd6_Utterance_4_825_850.wav,6.524
NNM,M,Spk7,U_e740081fd6,825_850,Nyanja_NNM_Spk7_U_e740081fd6_Utterance_5,kodi unawaona ma pepala awa pa thebulo,Nyanja_NNM_Spk7_U_e740081fd6_Utterance_5_825_850.wav,5.608
NNM,M,Spk7,U_e740081fd6,825_850,Nyanja_NNM_Spk7_U_e740081fd6_Utterance_6,ndizanene kwa iye kuti andipatsek koffi ngati ndi yabwino,Nyanja_NNM_Spk7_U_e740081fd6_Utterance_6_825_850.wav,6.049
NNM,M,Spk7,U_e740081fd6,825_850,Nyanja_NNM_Spk7_U_e740081fd6_Utterance_7,osati golide kapena siliva kapena nkhosa kapena mngelo koma iye mwini ndi zaciani,Nyanja_NNM_Spk7_U_e740081fd6_Utterance_7_825_850.wav,10.577
NNM,M,Spk7,U_e740081fd6,825_850,Nyanja_NNM_Spk7_U_e740081fd6_Utterance_8,bwezani okupelekezani robini ndipo mundisanzike e e e n,Nyanja_NNM_Spk7_U_e740081fd6_Utterance_8_825_850.wav,6.56
NNM,M,Spk7,U_e740081fd6,825_850,Nyanja_NNM_Spk7_U_e740081fd6_Utterance_9,kuli ndondomeko yaikulu kapena ya ing'ono mogwirizana ndi ma lanki/nthepe  ndi ma giledi,Nyanja_NNM_Spk7_U_e740081fd6_Utterance_9_825_850.wav,10.872
NNM,M,Spk7,U_e740081fd6,825_850,Nyanja_NNM_Spk7_U_e740081fd6_Utterance_10,kumangotsala pang'ono kuganiza kuti ndizakumbukira  ntangonvera kusiyana pang'ono,Nyanja_NNM_Spk7_U_e740081fd6_Utterance_10_825_850.wav,11.262
NNM,M,Spk7,U_e740081fd6,825_850,Nyanja_NNM_Spk7_U_e740081fd6_Utterance_11,ndipo ndizazigulira famu ndipo ndizalima pa malowo tsopano ndaniazanditsatira,Nyanja_NNM_Spk7_U_e740081fd6_Utterance_11_825_850.wav,9.532
NNM,M,Spk7,U_e740081fd6,825_850,Nyanja_NNM_Spk7_U_e740081fd6_Utterance_12,ku mpoto ndi ku m'mwela zinakambidwa kale kodi ncifukwa ninji sikungaikidwenso ku m'madzulo,Nyanja_NNM_Spk7_U_e740081fd6_Utterance_12_825_850.wav,10.082
NNM,M,Spk7,U_e740081fd6,825_850,Nyanja_NNM_Spk7_U_e740081fd6_Utterance_13,kuzitukumula kwace atakwanilitsa kunapangitsa kuti aikidwe pa mwamba mwapang'ono pang'ono ngati mabala (malawi) amadzi,Nyanja_NNM_Spk7_U_e740081fd6_Utterance_13_825_850.wav,11.006
NNM,M,Spk7,U_e740081fd6,825_850,Nyanja_NNM_Spk7_U_e740081fd6_Utterance_14,pearl ataona thengo ya maluwa anayamba kulira pofuna duwa lofilira ndipo sanathe kunyengereredwa,Nyanja_NNM_Spk7_U_e740081fd6_Utterance_14_825_850.wav,15.012
NNM,M,Spk7,U_e740081fd6,825_850,Nyanja_NNM_Spk7_U_e740081fd6_Utterance_15,iimfa yace yace mu izi zonse inali cinthu conetsa cisoni,Nyanja_NNM_Spk7_U_e740081fd6_Utterance_15_825_850.wav,7.163
NNM,M,Spk7,U_e740081fd6,825_850,Nyanja_NNM_Spk7_U_e740081fd6_Utterance_16,kudulidwa kwace kwa kunja kunaonetsa ndipo sikunaonetse kokwanira zinthu zosiyana siyana za mkati wa umoyo wace,Nyanja_NNM_Spk7_U_e740081fd6_Utterance_16_825_850.wav,14.87
NNM,M,Spk7,U_e740081fd6,825_850,Nyanja_NNM_Spk7_U_e740081fd6_Utterance_17,madzana ndi madzana a nzika zosalakwa (azibambo) zinayankha kuitanidwa kwao kubwalo ya milandu  (ma saimoni) mwansangamsanga,Nyanja_NNM_Spk7_U_e740081fd6_Utterance_17_825_850.wav,11.552
NNM,M,Spk7,U_e740081fd6,825_850,Nyanja_NNM_Spk7_U_e740081fd6_Utterance_18,ind amai anatero mphunzi wacicepele akuoneka ndi mtima wosadikhira,Nyanja_NNM_Spk7_U_e740081fd6_Utterance_18_825_850.wav,9.365
NNM,M,Spk7,U_e740081fd6,825_850,Nyanja_NNM_Spk7_U_e740081fd6_Utterance_19,inde inde musabvutike ndi mayankho nvetsani ndipo muona kuti sindikunyengelerani kapena kukucitilanizooipa,Nyanja_NNM_Spk7_U_e740081fd6_Utterance_19_825_850.wav,12.725
NNM,M,Spk7,U_e740081fd6,825_850,Nyanja_NNM_Spk7_U_e740081fd6_Utterance_20,ma buku awiri aja a semoni oculidwa mu khuphunzitsana  koyamba sizikugwirizana  ndi zoyenera kudziwa za cikumbutso nghakhale pang'ono,Nyanja_NNM_Spk7_U_e740081fd6_Utterance_20_825_850.wav,16.184
NNM,M,Spk7,U_e740081fd6,825_850,Nyanja_NNM_Spk7_U_e740081fd6_Utterance_21,ici ndiye cifukwa cake ucedwa ojo munthu amene alibe mwai anatero mzimai  ndi mau acifundo,Nyanja_NNM_Spk7_U_e740081fd6_Utterance_21_825_850.wav,11.842
NNM,M,Spk7,U_e740081fd6,825_850,Nyanja_NNM_Spk7_U_e740081fd6_Utterance_22,inali kalata yofiilira mu njira ina kalata yofiira inadzadzidwa ndi umoyo,Nyanja_NNM_Spk7_U_e740081fd6_Utterance_22_825_850.wav,8.173
NNM,M,Spk7,U_e740081fd6,825_850,Nyanja_NNM_Spk7_U_e740081fd6_Utterance_23,mitengo za kale za cisoni monga zazikulu ndi zacisinsi muyenge wa kuda ndi woipa,Nyanja_NNM_Spk7_U_e740081fd6_Utterance_23_825_850.wav,9.88
NNM,M,Spk7,U_e740081fd6,825_850,Nyanja_NNM_Spk7_U_e740081fd6_Utterance_24,kacenjeda wanga anatsidwa wa umphawi kotheratu koma ndi wanzeru andiponso walunta azacitanso bwino,Nyanja_NNM_Spk7_U_e740081fd6_Utterance_24_825_850.wav,13.618
NNM,M,Spk7,U_e740081fd6,825_850,Nyanja_NNM_Spk7_U_e740081fd6_Utterance_25,ici cinali  chida cabwinodi nthawi imineyo,Nyanja_NNM_Spk7_U_e740081fd6_Utterance_25_825_850.wav,4.342
NNM,M,Spk7,U_c96468ba94,800_825,Nyanja_NNM_Spk7_U_c96468ba94_Utterance_1,nthawi imene anali kumwa tiii anali osakondwa ndipo analinso cete kotero kuti cakudya cinangopita cosagwirida/cosadyedwa ndi wina mwa iwo atatu,Nyanja_NNM_Spk7_U_c96468ba94_Utterance_1_800_825.wav,16.535
NNM,M,Spk7,U_c96468ba94,800_825,Nyanja_NNM_Spk7_U_c96468ba94_Utterance_2,ndipo izi zonse zizatsatira ukapolo wanu mu njira imodzi-modzi,Nyanja_NNM_Spk7_U_c96468ba94_Utterance_2_800_825.wav,6.725
NNM,M,Spk7,U_c96468ba94,800_825,Nyanja_NNM_Spk7_U_c96468ba94_Utterance_3,koma ngati zili tero kusankha kwa amuna kwa mai milner sikuzapangitsa ine kusanka anga,Nyanja_NNM_Spk7_U_c96468ba94_Utterance_3_800_825.wav,10.25
NNM,M,Spk7,U_c96468ba94,800_825,Nyanja_NNM_Spk7_U_c96468ba94_Utterance_4,tsika iwe khumbi laling'ono ndipo ukhale mumlengalenga pa maso pa thelo,Nyanja_NNM_Spk7_U_c96468ba94_Utterance_4_800_825.wav,8.87
NNM,M,Spk7,U_c96468ba94,800_825,Nyanja_NNM_Spk7_U_c96468ba94_Utterance_5,atagwiridwa ndi za kumtima kwace leocadi anapanga cizindikiro ku makolo ace kuti iye anafunisisa kuti akhale nao ekha,Nyanja_NNM_Spk7_U_c96468ba94_Utterance_5_800_825.wav,13.88
NNM,M,Spk7,U_c96468ba94,800_825,Nyanja_NNM_Spk7_U_c96468ba94_Utterance_6,sitero mosiyana ndi zimene muganiza ndinu amene mubvomerezana kwambiri ndi ine,Nyanja_NNM_Spk7_U_c96468ba94_Utterance_6_800_825.wav,9.245
NNM,M,Spk7,U_c96468ba94,800_825,Nyanja_NNM_Spk7_U_c96468ba94_Utterance_7,atsilikari anapeza anthu mu umphawi nawasiya ndi cuuma ca mbiri,Nyanja_NNM_Spk7_U_c96468ba94_Utterance_7_800_825.wav,8.915
NNM,M,Spk7,U_c96468ba94,800_825,Nyanja_NNM_Spk7_U_c96468ba94_Utterance_8,kapitawo martini anati ndizakupatsa mfuti yaing'ono kuti ikuthandize kuziteteza ngati zinthu zafika pobvuta,Nyanja_NNM_Spk7_U_c96468ba94_Utterance_8_800_825.wav,15.065
NNM,M,Spk7,U_c96468ba94,800_825,Nyanja_NNM_Spk7_U_c96468ba94_Utterance_9,ndithudi zimene sizingatheke ndi kukhala opanda mantha pa nkhondo ziyenera kucitidwa mozungulila adani,Nyanja_NNM_Spk7_U_c96468ba94_Utterance_9_800_825.wav,13.535
NNM,M,Spk7,U_c96468ba94,800_825,Nyanja_NNM_Spk7_U_c96468ba94_Utterance_10,akaucita zinthu ngati mwina sanali kutiyembekezera,Nyanja_NNM_Spk7_U_c96468ba94_Utterance_10_800_825.wav,7.775
NNM,M,Spk7,U_c96468ba94,800_825,Nyanja_NNM_Spk7_U_c96468ba94_Utterance_11,ali kucita ngati mwina sanali kutiyembekezera,Nyanja_NNM_Spk7_U_c96468ba94_Utterance_11_800_825.wav,6.815
NNM,M,Spk7,U_c96468ba94,800_825,Nyanja_NNM_Spk7_U_c96468ba94_Utterance_12,ndikuopa poti pano palibe zizindikiro zace,Nyanja_NNM_Spk7_U_c96468ba94_Utterance_12_800_825.wav,7.115
NNM,M,Spk7,U_c96468ba94,800_825,Nyanja_NNM_Spk7_U_c96468ba94_Utterance_13,bwato idakwedzedwa pa maphiri a madzi naponyedwa pansi pa mtunda wa ma fathomu makhumi awiri,Nyanja_NNM_Spk7_U_c96468ba94_Utterance_13_800_825.wav,14.24
NNM,M,Spk7,U_c96468ba94,800_825,Nyanja_NNM_Spk7_U_c96468ba94_Utterance_14,akazi ace anaikidwa pa mbali yamanda ace ndipo ci malata coyera cimene adalembapo zodziwitsira manda ao cimaoneka mong'animira m'minda ya tiligu,Nyanja_NNM_Spk7_U_c96468ba94_Utterance_14_800_825.wav,18.335
NNM,M,Spk7,U_c96468ba94,800_825,Nyanja_NNM_Spk7_U_c96468ba94_Utterance_15,mwina dinso ya mphatso ndi cifundo kuwonetsa zipatso ndi golide opangidwa,Nyanja_NNM_Spk7_U_c96468ba94_Utterance_15_800_825.wav,10.625
NNM,M,Spk7,U_c96468ba94,800_825,Nyanja_NNM_Spk7_U_c96468ba94_Utterance_16,kambirimbiri ndinali kunva iye akulankhula pa inu mu njira imodzi-modziyi,Nyanja_NNM_Spk7_U_c96468ba94_Utterance_16_800_825.wav,9.35
NNM,M,Spk7,U_c96468ba94,800_825,Nyanja_NNM_Spk7_U_c96468ba94_Utterance_17,mbuya wanga kalawidwe k/zosanka za mai milner sizoipa koma ndi zabwino/kwabwino kopoosa,Nyanja_NNM_Spk7_U_c96468ba94_Utterance_17_800_825.wav,12.71
NNM,M,Spk7,U_c96468ba94,800_825,Nyanja_NNM_Spk7_U_c96468ba94_Utterance_18,iye anali ndi mtima wabwino ndipo wacikondi anatero beti ndipo ku khala mcikondi naye sicinaletse kuona/kuwerenga zoipa zimene angacite,Nyanja_NNM_Spk7_U_c96468ba94_Utterance_18_800_825.wav,17.72
NNM,M,Spk7,U_c96468ba94,800_825,Nyanja_NNM_Spk7_U_c96468ba94_Utterance_19,mwadzidzidzi gulu la ichthyosaurus ndi plesiosarus inangosowa pansipo itangosiya kabvumba/msokonezo ukuoneka m'madzi,Nyanja_NNM_Spk7_U_c96468ba94_Utterance_19_800_825.wav,19.895
NNM,M,Spk7,U_c96468ba94,800_825,Nyanja_NNM_Spk7_U_c96468ba94_Utterance_20,unali utalankhula za zoona pamene siunabvomereze ambrose anayamba usamakoka ndi yohane jago fodya wace uzakupha,Nyanja_NNM_Spk7_U_c96468ba94_Utterance_20_800_825.wav,16.955
NNM,M,Spk7,U_c96468ba94,800_825,Nyanja_NNM_Spk7_U_c96468ba94_Utterance_21,watisoni ndakhala ndikukucitila coipa/cosayenera  nthawi zonse alipo ena,Nyanja_NNM_Spk7_U_c96468ba94_Utterance_21_800_825.wav,12.815
NNM,M,Spk7,U_c96468ba94,800_825,Nyanja_NNM_Spk7_U_c96468ba94_Utterance_22,ndicinthu cosayeenera kunena zambiri za iwo pano,Nyanja_NNM_Spk7_U_c96468ba94_Utterance_22_800_825.wav,9.14
NNM,M,Spk7,U_c96468ba94,800_825,Nyanja_NNM_Spk7_U_c96468ba94_Utterance_23,koma kuli nkhokwe atate ngati angafune kuigwiritsa nchito,Nyanja_NNM_Spk7_U_c96468ba94_Utterance_23_800_825.wav,7.7
NNM,M,Spk7,U_c96468ba94,800_825,Nyanja_NNM_Spk7_U_c96468ba94_Utterance_24,holmes anaigwira poyera m'manja mwace pomwe panali kufika kuwala kwa magetsi,Nyanja_NNM_Spk7_U_c96468ba94_Utterance_24_800_825.wav,10.565
NNM,M,Spk7,U_c96468ba94,800_825,Nyanja_NNM_Spk7_U_c96468ba94_Utterance_25,iye anapenya pamwambapo mosakondwera nawauza kuti akhale pansi,Nyanja_NNM_Spk7_U_c96468ba94_Utterance_25_800_825.wav,10.085
NNM,M,Spk7,U_c96468ba94,825_850,Nyanja_NNM_Spk7_U_c96468ba94_Utterance_1,ndinaonapo mitunndi ndi mitundu ya zimenezo mu umoyo wanga,Nyanja_NNM_Spk7_U_c96468ba94_Utterance_1_825_850.wav,9.515
NNM,M,Spk7,U_c96468ba94,825_850,Nyanja_NNM_Spk7_U_c96468ba94_Utterance_2,ndinenetsa sindizapita kutali kweni kweni koma pa atatuwa iye ndiye amane siangathe,Nyanja_NNM_Spk7_U_c96468ba94_Utterance_2_825_850.wav,13.955
NNM,M,Spk7,U_c96468ba94,825_850,Nyanja_NNM_Spk7_U_c96468ba94_Utterance_3,koma pa nthawi imeneyo mu nmadzi amene ali ndi mphanvu cinali cosatheka kuthala pansi,Nyanja_NNM_Spk7_U_c96468ba94_Utterance_3_825_850.wav,14.195
NNM,M,Spk7,U_c96468ba94,825_850,Nyanja_NNM_Spk7_U_c96468ba94_Utterance_4,ici mzanga iwe tenga ndipo anaciponya m'manja mwa mlimi,Nyanja_NNM_Spk7_U_c96468ba94_Utterance_4_825_850.wav,8.06
NNM,M,Spk7,U_c96468ba94,825_850,Nyanja_NNM_Spk7_U_c96468ba94_Utterance_5,kodi unawaona ma pepala awa pa thebulo,Nyanja_NNM_Spk7_U_c96468ba94_Utterance_5_825_850.wav,7.28
NNM,M,Spk7,U_c96468ba94,825_850,Nyanja_NNM_Spk7_U_c96468ba94_Utterance_6,ndizanene kwa iye kuti andipatsek koffi ngati ndi yabwino,Nyanja_NNM_Spk7_U_c96468ba94_Utterance_6_825_850.wav,8.87
NNM,M,Spk7,U_c96468ba94,825_850,Nyanja_NNM_Spk7_U_c96468ba94_Utterance_7,osati golide kapena siliva kapena nkhosa kapena mngelo koma iye mwini ndi zaciani,Nyanja_NNM_Spk7_U_c96468ba94_Utterance_7_825_850.wav,11.075
NNM,M,Spk7,U_c96468ba94,825_850,Nyanja_NNM_Spk7_U_c96468ba94_Utterance_8,bwezani okupelekezani robini ndipo mundisanzike e e e n,Nyanja_NNM_Spk7_U_c96468ba94_Utterance_8_825_850.wav,9.56
NNM,M,Spk7,U_c96468ba94,825_850,Nyanja_NNM_Spk7_U_c96468ba94_Utterance_9,kuli ndondomeko yaikulu kapena ya ing'ono mogwirizana ndi ma lanki/nthepe  ndi ma giledi,Nyanja_NNM_Spk7_U_c96468ba94_Utterance_9_825_850.wav,11.93
NNM,M,Spk7,U_c96468ba94,825_850,Nyanja_NNM_Spk7_U_c96468ba94_Utterance_10,kumangotsala pang'ono kuganiza kuti ndizakumbukira  ntangonvera kusiyana pang'ono,Nyanja_NNM_Spk7_U_c96468ba94_Utterance_10_825_850.wav,12.14
NNM,M,Spk7,U_c96468ba94,825_850,Nyanja_NNM_Spk7_U_c96468ba94_Utterance_11,ndipo ndizazigulira famu ndipo ndizalima pa malowo tsopano ndaniazanditsatira,Nyanja_NNM_Spk7_U_c96468ba94_Utterance_11_825_850.wav,13.265
NNM,M,Spk7,U_c96468ba94,825_850,Nyanja_NNM_Spk7_U_c96468ba94_Utterance_12,ku mpoto ndi ku m'mwela zinakambidwa kale kodi ncifukwa ninji sikungaikidwenso ku m'madzulo,Nyanja_NNM_Spk7_U_c96468ba94_Utterance_12_825_850.wav,13.205
NNM,M,Spk7,U_c96468ba94,825_850,Nyanja_NNM_Spk7_U_c96468ba94_Utterance_13,kuzitukumula kwace atakwanilitsa kunapangitsa kuti aikidwe pa mwamba mwapang'ono pang'ono ngati mabala (malawi) amadzi,Nyanja_NNM_Spk7_U_c96468ba94_Utterance_13_825_850.wav,16.04
NNM,M,Spk7,U_c96468ba94,825_850,Nyanja_NNM_Spk7_U_c96468ba94_Utterance_14,pearl ataona thengo ya maluwa anayamba kulira pofuna duwa lofilira ndipo sanathe kunyengereredwa,Nyanja_NNM_Spk7_U_c96468ba94_Utterance_14_825_850.wav,16.355
NNM,M,Spk7,U_c96468ba94,825_850,Nyanja_NNM_Spk7_U_c96468ba94_Utterance_15,iimfa yace yace mu izi zonse inali cinthu conetsa cisoni,Nyanja_NNM_Spk7_U_c96468ba94_Utterance_15_825_850.wav,9.365
NNM,M,Spk7,U_c96468ba94,825_850,Nyanja_NNM_Spk7_U_c96468ba94_Utterance_16,kudulidwa kwace kwa kunja kunaonetsa ndipo sikunaonetse kokwanira zinthu zosiyana siyana za mkati wa umoyo wace,Nyanja_NNM_Spk7_U_c96468ba94_Utterance_16_825_850.wav,15.845
NNM,M,Spk7,U_c96468ba94,825_850,Nyanja_NNM_Spk7_U_c96468ba94_Utterance_17,madzana ndi madzana a nzika zosalakwa (azibambo) zinayankha kuitanidwa kwao kubwalo ya milandu  (ma saimoni) mwansangamsanga,Nyanja_NNM_Spk7_U_c96468ba94_Utterance_17_825_850.wav,15.86
NNM,M,Spk7,U_c96468ba94,825_850,Nyanja_NNM_Spk7_U_c96468ba94_Utterance_18,ind amai anatero mphunzi wacicepele akuoneka ndi mtima wosadikhira,Nyanja_NNM_Spk7_U_c96468ba94_Utterance_18_825_850.wav,12.335
NNM,M,Spk7,U_c96468ba94,825_850,Nyanja_NNM_Spk7_U_c96468ba94_Utterance_19,inde inde musabvutike ndi mayankho nvetsani ndipo muona kuti sindikunyengelerani kapena kukucitilanizooipa,Nyanja_NNM_Spk7_U_c96468ba94_Utterance_19_825_850.wav,13.655
NNM,M,Spk7,U_c96468ba94,825_850,Nyanja_NNM_Spk7_U_c96468ba94_Utterance_20,ma buku awiri aja a semoni oculidwa mu khuphunzitsana  koyamba sizikugwirizana  ndi zoyenera kudziwa za cikumbutso nghakhale pang'ono,Nyanja_NNM_Spk7_U_c96468ba94_Utterance_20_825_850.wav,17.21
NNM,M,Spk7,U_c96468ba94,825_850,Nyanja_NNM_Spk7_U_c96468ba94_Utterance_21,ici ndiye cifukwa cake ucedwa ojo munthu amene alibe mwai anatero mzimai  ndi mau acifundo,Nyanja_NNM_Spk7_U_c96468ba94_Utterance_21_825_850.wav,12.215
NNM,M,Spk7,U_c96468ba94,825_850,Nyanja_NNM_Spk7_U_c96468ba94_Utterance_22,inali kalata yofiilira mu njira ina kalata yofiira inadzadzidwa ndi umoyo,Nyanja_NNM_Spk7_U_c96468ba94_Utterance_22_825_850.wav,11.915
NNM,M,Spk7,U_c96468ba94,825_850,Nyanja_NNM_Spk7_U_c96468ba94_Utterance_23,mitengo za kale za cisoni monga zazikulu ndi zacisinsi muyenge wa kuda ndi woipa,Nyanja_NNM_Spk7_U_c96468ba94_Utterance_23_825_850.wav,12.305
NNM,M,Spk7,U_c96468ba94,825_850,Nyanja_NNM_Spk7_U_c96468ba94_Utterance_24,kacenjeda wanga anatsidwa wa umphawi kotheratu koma ndi wanzeru andiponso walunta azacitanso bwino,Nyanja_NNM_Spk7_U_c96468ba94_Utterance_24_825_850.wav,15.98
NNM,M,Spk7,U_c96468ba94,825_850,Nyanja_NNM_Spk7_U_c96468ba94_Utterance_25,ici cinali  chida cabwinodi nthawi imineyo,Nyanja_NNM_Spk7_U_c96468ba94_Utterance_25_825_850.wav,8.045
NNM,M,Spk7,U_88debe7630,800_825,Nyanja_NNM_Spk7_U_88debe7630_Utterance_1,nthawi imene anali kumwa tiii anali osakondwa ndipo analinso cete kotero kuti cakudya cinangopita cosagwirida/cosadyedwa ndi wina mwa iwo atatu,Nyanja_NNM_Spk7_U_88debe7630_Utterance_1_800_825.wav,13.787
NNM,M,Spk7,U_88debe7630,800_825,Nyanja_NNM_Spk7_U_88debe7630_Utterance_2,ndipo izi zonse zizatsatira ukapolo wanu mu njira imodzi-modzi,Nyanja_NNM_Spk7_U_88debe7630_Utterance_2_800_825.wav,6.04
NNM,M,Spk7,U_88debe7630,800_825,Nyanja_NNM_Spk7_U_88debe7630_Utterance_3,koma ngati zili tero kusankha kwa amuna kwa mai milner sikuzapangitsa ine kusanka anga,Nyanja_NNM_Spk7_U_88debe7630_Utterance_3_800_825.wav,8.701
NNM,M,Spk7,U_88debe7630,800_825,Nyanja_NNM_Spk7_U_88debe7630_Utterance_4,tsika iwe khumbi laling'ono ndipo ukhale mumlengalenga pa maso pa thelo,Nyanja_NNM_Spk7_U_88debe7630_Utterance_4_800_825.wav,6.53
NNM,M,Spk7,U_88debe7630,800_825,Nyanja_NNM_Spk7_U_88debe7630_Utterance_5,atagwiridwa ndi za kumtima kwace leocadi anapanga cizindikiro ku makolo ace kuti iye anafunisisa kuti akhale nao ekha,Nyanja_NNM_Spk7_U_88debe7630_Utterance_5_800_825.wav,10.841
NNM,M,Spk7,U_88debe7630,800_825,Nyanja_NNM_Spk7_U_88debe7630_Utterance_6,sitero mosiyana ndi zimene muganiza ndinu amene mubvomerezana kwambiri ndi ine,Nyanja_NNM_Spk7_U_88debe7630_Utterance_6_800_825.wav,9.186
NNM,M,Spk7,U_88debe7630,800_825,Nyanja_NNM_Spk7_U_88debe7630_Utterance_7,atsilikari anapeza anthu mu umphawi nawasiya ndi cuuma ca mbiri,Nyanja_NNM_Spk7_U_88debe7630_Utterance_7_800_825.wav,6.791
NNM,M,Spk7,U_88debe7630,800_825,Nyanja_NNM_Spk7_U_88debe7630_Utterance_8,kapitawo martini anati ndizakupatsa mfuti yaing'ono kuti ikuthandize kuziteteza ngati zinthu zafika pobvuta,Nyanja_NNM_Spk7_U_88debe7630_Utterance_8_800_825.wav,9.854
NNM,M,Spk7,U_88debe7630,800_825,Nyanja_NNM_Spk7_U_88debe7630_Utterance_9,ndithudi zimene sizingatheke ndi kukhala opanda mantha pa nkhondo ziyenera kucitidwa mozungulila adani,Nyanja_NNM_Spk7_U_88debe7630_Utterance_9_800_825.wav,9.716
NNM,M,Spk7,U_88debe7630,800_825,Nyanja_NNM_Spk7_U_88debe7630_Utterance_10,akaucita zinthu ngati mwina sanali kutiyembekezera,Nyanja_NNM_Spk7_U_88debe7630_Utterance_10_800_825.wav,4.563
NNM,M,Spk7,U_88debe7630,800_825,Nyanja_NNM_Spk7_U_88debe7630_Utterance_11,ali kucita ngati mwina sanali kutiyembekezera,Nyanja_NNM_Spk7_U_88debe7630_Utterance_11_800_825.wav,4.621
NNM,M,Spk7,U_88debe7630,800_825,Nyanja_NNM_Spk7_U_88debe7630_Utterance_12,ndikuopa poti pano palibe zizindikiro zace,Nyanja_NNM_Spk7_U_88debe7630_Utterance_12_800_825.wav,4.63
NNM,M,Spk7,U_88debe7630,800_825,Nyanja_NNM_Spk7_U_88debe7630_Utterance_13,bwato idakwedzedwa pa maphiri a madzi naponyedwa pansi pa mtunda wa ma fathomu makhumi awiri,Nyanja_NNM_Spk7_U_88debe7630_Utterance_13_800_825.wav,10.624
NNM,M,Spk7,U_88debe7630,800_825,Nyanja_NNM_Spk7_U_88debe7630_Utterance_14,akazi ace anaikidwa pa mbali yamanda ace ndipo ci malata coyera cimene adalembapo zodziwitsira manda ao cimaoneka mong'animira m'minda ya tiligu,Nyanja_NNM_Spk7_U_88debe7630_Utterance_14_800_825.wav,17.335
NNM,M,Spk7,U_88debe7630,800_825,Nyanja_NNM_Spk7_U_88debe7630_Utterance_15,mwina dinso ya mphatso ndi cifundo kuwonetsa zipatso ndi golide opangidwa,Nyanja_NNM_Spk7_U_88debe7630_Utterance_15_800_825.wav,8.192
NNM,M,Spk7,U_88debe7630,800_825,Nyanja_NNM_Spk7_U_88debe7630_Utterance_16,kambirimbiri ndinali kunva iye akulankhula pa inu mu njira imodzi-modziyi,Nyanja_NNM_Spk7_U_88debe7630_Utterance_16_800_825.wav,7.86
NNM,M,Spk7,U_88debe7630,800_825,Nyanja_NNM_Spk7_U_88debe7630_Utterance_17,mbuya wanga kalawidwe k/zosanka za mai milner sizoipa koma ndi zabwino/kwabwino kopoosa,Nyanja_NNM_Spk7_U_88debe7630_Utterance_17_800_825.wav,8.638
NNM,M,Spk7,U_88debe7630,800_825,Nyanja_NNM_Spk7_U_88debe7630_Utterance_18,iye anali ndi mtima wabwino ndipo wacikondi anatero beti ndipo ku khala mcikondi naye sicinaletse kuona/kuwerenga zoipa zimene angacite,Nyanja_NNM_Spk7_U_88debe7630_Utterance_18_800_825.wav,13.708
NNM,M,Spk7,U_88debe7630,800_825,Nyanja_NNM_Spk7_U_88debe7630_Utterance_19,mwadzidzidzi gulu la ichthyosaurus ndi plesiosarus inangosowa pansipo itangosiya kabvumba/msokonezo ukuoneka m'madzi,Nyanja_NNM_Spk7_U_88debe7630_Utterance_19_800_825.wav,14.083
NNM,M,Spk7,U_88debe7630,800_825,Nyanja_NNM_Spk7_U_88debe7630_Utterance_20,unali utalankhula za zoona pamene siunabvomereze ambrose anayamba usamakoka ndi yohane jago fodya wace uzakupha,Nyanja_NNM_Spk7_U_88debe7630_Utterance_20_800_825.wav,14.163
NNM,M,Spk7,U_88debe7630,800_825,Nyanja_NNM_Spk7_U_88debe7630_Utterance_21,watisoni ndakhala ndikukucitila coipa/cosayenera  nthawi zonse alipo ena,Nyanja_NNM_Spk7_U_88debe7630_Utterance_21_800_825.wav,8.686
NNM,M,Spk7,U_88debe7630,800_825,Nyanja_NNM_Spk7_U_88debe7630_Utterance_22,ndicinthu cosayeenera kunena zambiri za iwo pano,Nyanja_NNM_Spk7_U_88debe7630_Utterance_22_800_825.wav,5.116
NNM,M,Spk7,U_88debe7630,800_825,Nyanja_NNM_Spk7_U_88debe7630_Utterance_23,koma kuli nkhokwe atate ngati angafune kuigwiritsa nchito,Nyanja_NNM_Spk7_U_88debe7630_Utterance_23_800_825.wav,6.276
NNM,M,Spk7,U_88debe7630,800_825,Nyanja_NNM_Spk7_U_88debe7630_Utterance_24,holmes anaigwira poyera m'manja mwace pomwe panali kufika kuwala kwa magetsi,Nyanja_NNM_Spk7_U_88debe7630_Utterance_24_800_825.wav,8.657
NNM,M,Spk7,U_88debe7630,800_825,Nyanja_NNM_Spk7_U_88debe7630_Utterance_25,iye anapenya pamwambapo mosakondwera nawauza kuti akhale pansi,Nyanja_NNM_Spk7_U_88debe7630_Utterance_25_800_825.wav,7.221
NNM,M,Spk7,U_88debe7630,825_850,Nyanja_NNM_Spk7_U_88debe7630_Utterance_1,ndinaonapo mitunndi ndi mitundu ya zimenezo mu umoyo wanga,Nyanja_NNM_Spk7_U_88debe7630_Utterance_1_825_850.wav,4.524
NNM,M,Spk7,U_88debe7630,825_850,Nyanja_NNM_Spk7_U_88debe7630_Utterance_2,ndinenetsa sindizapita kutali kweni kweni koma pa atatuwa iye ndiye amane siangathe,Nyanja_NNM_Spk7_U_88debe7630_Utterance_2_825_850.wav,7.371
NNM,M,Spk7,U_88debe7630,825_850,Nyanja_NNM_Spk7_U_88debe7630_Utterance_3,koma pa nthawi imeneyo mu nmadzi amene ali ndi mphanvu cinali cosatheka kuthala pansi,Nyanja_NNM_Spk7_U_88debe7630_Utterance_3_825_850.wav,7.184
NNM,M,Spk7,U_88debe7630,825_850,Nyanja_NNM_Spk7_U_88debe7630_Utterance_4,ici mzanga iwe tenga ndipo anaciponya m'manja mwa mlimi,Nyanja_NNM_Spk7_U_88debe7630_Utterance_4_825_850.wav,5.143
NNM,M,Spk7,U_88debe7630,825_850,Nyanja_NNM_Spk7_U_88debe7630_Utterance_5,kodi unawaona ma pepala awa pa thebulo,Nyanja_NNM_Spk7_U_88debe7630_Utterance_5_825_850.wav,3.596
NNM,M,Spk7,U_88debe7630,825_850,Nyanja_NNM_Spk7_U_88debe7630_Utterance_6,ndizanene kwa iye kuti andipatsek koffi ngati ndi yabwino,Nyanja_NNM_Spk7_U_88debe7630_Utterance_6_825_850.wav,5.83
NNM,M,Spk7,U_88debe7630,825_850,Nyanja_NNM_Spk7_U_88debe7630_Utterance_7,osati golide kapena siliva kapena nkhosa kapena mngelo koma iye mwini ndi zaciani,Nyanja_NNM_Spk7_U_88debe7630_Utterance_7_825_850.wav,7.745
NNM,M,Spk7,U_88debe7630,825_850,Nyanja_NNM_Spk7_U_88debe7630_Utterance_8,bwezani okupelekezani robini ndipo mundisanzike e e e n,Nyanja_NNM_Spk7_U_88debe7630_Utterance_8_825_850.wav,4.252
NNM,M,Spk7,U_88debe7630,825_850,Nyanja_NNM_Spk7_U_88debe7630_Utterance_9,kuli ndondomeko yaikulu kapena ya ing'ono mogwirizana ndi ma lanki/nthepe  ndi ma giledi,Nyanja_NNM_Spk7_U_88debe7630_Utterance_9_825_850.wav,8.404
NNM,M,Spk7,U_88debe7630,825_850,Nyanja_NNM_Spk7_U_88debe7630_Utterance_10,kumangotsala pang'ono kuganiza kuti ndizakumbukira  ntangonvera kusiyana pang'ono,Nyanja_NNM_Spk7_U_88debe7630_Utterance_10_825_850.wav,8.753
NNM,M,Spk7,U_88debe7630,825_850,Nyanja_NNM_Spk7_U_88debe7630_Utterance_11,ndipo ndizazigulira famu ndipo ndizalima pa malowo tsopano ndaniazanditsatira,Nyanja_NNM_Spk7_U_88debe7630_Utterance_11_825_850.wav,8.012
NNM,M,Spk7,U_88debe7630,825_850,Nyanja_NNM_Spk7_U_88debe7630_Utterance_12,ku mpoto ndi ku m'mwela zinakambidwa kale kodi ncifukwa ninji sikungaikidwenso ku m'madzulo,Nyanja_NNM_Spk7_U_88debe7630_Utterance_12_825_850.wav,9.316
NNM,M,Spk7,U_88debe7630,825_850,Nyanja_NNM_Spk7_U_88debe7630_Utterance_13,kuzitukumula kwace atakwanilitsa kunapangitsa kuti aikidwe pa mwamba mwapang'ono pang'ono ngati mabala (malawi) amadzi,Nyanja_NNM_Spk7_U_88debe7630_Utterance_13_825_850.wav,9.971
NNM,M,Spk7,U_88debe7630,825_850,Nyanja_NNM_Spk7_U_88debe7630_Utterance_14,pearl ataona thengo ya maluwa anayamba kulira pofuna duwa lofilira ndipo sanathe kunyengereredwa,Nyanja_NNM_Spk7_U_88debe7630_Utterance_14_825_850.wav,10.035
NNM,M,Spk7,U_88debe7630,825_850,Nyanja_NNM_Spk7_U_88debe7630_Utterance_15,iimfa yace yace mu izi zonse inali cinthu conetsa cisoni,Nyanja_NNM_Spk7_U_88debe7630_Utterance_15_825_850.wav,5.53
NNM,M,Spk7,U_88debe7630,825_850,Nyanja_NNM_Spk7_U_88debe7630_Utterance_16,kudulidwa kwace kwa kunja kunaonetsa ndipo sikunaonetse kokwanira zinthu zosiyana siyana za mkati wa umoyo wace,Nyanja_NNM_Spk7_U_88debe7630_Utterance_16_825_850.wav,10.678
NNM,M,Spk7,U_88debe7630,825_850,Nyanja_NNM_Spk7_U_88debe7630_Utterance_17,madzana ndi madzana a nzika zosalakwa (azibambo) zinayankha kuitanidwa kwao kubwalo ya milandu  (ma saimoni) mwansangamsanga,Nyanja_NNM_Spk7_U_88debe7630_Utterance_17_825_850.wav,11.232
NNM,M,Spk7,U_88debe7630,825_850,Nyanja_NNM_Spk7_U_88debe7630_Utterance_18,ind amai anatero mphunzi wacicepele akuoneka ndi mtima wosadikhira,Nyanja_NNM_Spk7_U_88debe7630_Utterance_18_825_850.wav,7.835
NNM,M,Spk7,U_88debe7630,825_850,Nyanja_NNM_Spk7_U_88debe7630_Utterance_19,inde inde musabvutike ndi mayankho nvetsani ndipo muona kuti sindikunyengelerani kapena kukucitilanizooipa,Nyanja_NNM_Spk7_U_88debe7630_Utterance_19_825_850.wav,11.727
NNM,M,Spk7,U_88debe7630,825_850,Nyanja_NNM_Spk7_U_88debe7630_Utterance_20,ma buku awiri aja a semoni oculidwa mu khuphunzitsana  koyamba sizikugwirizana  ndi zoyenera kudziwa za cikumbutso nghakhale pang'ono,Nyanja_NNM_Spk7_U_88debe7630_Utterance_20_825_850.wav,12.296
NNM,M,Spk7,U_88debe7630,825_850,Nyanja_NNM_Spk7_U_88debe7630_Utterance_21,ici ndiye cifukwa cake ucedwa ojo munthu amene alibe mwai anatero mzimai  ndi mau acifundo,Nyanja_NNM_Spk7_U_88debe7630_Utterance_21_825_850.wav,10.543
NNM,M,Spk7,U_88debe7630,825_850,Nyanja_NNM_Spk7_U_88debe7630_Utterance_22,inali kalata yofiilira mu njira ina kalata yofiira inadzadzidwa ndi umoyo,Nyanja_NNM_Spk7_U_88debe7630_Utterance_22_825_850.wav,8.691
NNM,M,Spk7,U_88debe7630,825_850,Nyanja_NNM_Spk7_U_88debe7630_Utterance_23,mitengo za kale za cisoni monga zazikulu ndi zacisinsi muyenge wa kuda ndi woipa,Nyanja_NNM_Spk7_U_88debe7630_Utterance_23_825_850.wav,7.759
NNM,M,Spk7,U_88debe7630,825_850,Nyanja_NNM_Spk7_U_88debe7630_Utterance_24,kacenjeda wanga anatsidwa wa umphawi kotheratu koma ndi wanzeru andiponso walunta azacitanso bwino,Nyanja_NNM_Spk7_U_88debe7630_Utterance_24_825_850.wav,10.907
NNM,M,Spk7,U_88debe7630,825_850,Nyanja_NNM_Spk7_U_88debe7630_Utterance_25,ici cinali  chida cabwinodi nthawi imineyo,Nyanja_NNM_Spk7_U_88debe7630_Utterance_25_825_850.wav,4.22
NNM,M,Spk2,U_dbcbb072d5,550_575,Nyanja_NNM_Spk2_U_dbcbb072d5_Utterance_1,ndi zakuda m'nthawi ya tsoka kapena zobvuta ndizodelatu cimodzi-modzi ngati uli mu milandu uku kuda kuwiri kulumikizana napanga cilankhulo cina,Nyanja_NNM_Spk2_U_dbcbb072d5_Utterance_1_550_575.wav,18.245
NNM,M,Spk2,U_dbcbb072d5,550_575,Nyanja_NNM_Spk2_U_dbcbb072d5_Utterance_2,koma kuculuka kwa kuiwalilila kunkacitika kunalenga kuti iye azikhala okumbukira kwambiri atauka,Nyanja_NNM_Spk2_U_dbcbb072d5_Utterance_2_550_575.wav,14.885
NNM,M,Spk2,U_dbcbb072d5,550_575,Nyanja_NNM_Spk2_U_dbcbb072d5_Utterance_3,ganizo ili silinalowe mu mitu ya aja awiri achimwemwe,Nyanja_NNM_Spk2_U_dbcbb072d5_Utterance_3_550_575.wav,8.39
NNM,M,Spk2,U_dbcbb072d5,550_575,Nyanja_NNM_Spk2_U_dbcbb072d5_Utterance_4,ndifuna kucita zinthu pa ndekha,Nyanja_NNM_Spk2_U_dbcbb072d5_Utterance_4_550_575.wav,5.06
NNM,M,Spk2,U_dbcbb072d5,550_575,Nyanja_NNM_Spk2_U_dbcbb072d5_Utterance_5,koma ncifukwa ninji sunandiuze pamene unali kuno nthawi ya chirimwe,Nyanja_NNM_Spk2_U_dbcbb072d5_Utterance_5_550_575.wav,8.585
NNM,M,Spk2,U_dbcbb072d5,550_575,Nyanja_NNM_Spk2_U_dbcbb072d5_Utterance_6,atango siliza kuika atsilikali m'malo mwao msilikali anaceukila kumene kunali davide namuuza zimene anayenera kucita asanapite,Nyanja_NNM_Spk2_U_dbcbb072d5_Utterance_6_550_575.wav,17.615
NNM,M,Spk2,U_dbcbb072d5,550_575,Nyanja_NNM_Spk2_U_dbcbb072d5_Utterance_7,koma cresswell anaonjedza mwakukulu kukwanilitsa kumasiyana kwambiri pakati pa mitundu/mbadwa,Nyanja_NNM_Spk2_U_dbcbb072d5_Utterance_7_550_575.wav,14.225
NNM,M,Spk2,U_dbcbb072d5,550_575,Nyanja_NNM_Spk2_U_dbcbb072d5_Utterance_8,kopanda kudera nkhawa iye anakulandirani bwino poti inu munabwelera kopanda cilolezo,Nyanja_NNM_Spk2_U_dbcbb072d5_Utterance_8_550_575.wav,10.7
NNM,M,Spk2,U_dbcbb072d5,550_575,Nyanja_NNM_Spk2_U_dbcbb072d5_Utterance_9,ndipo henule angabwelere ku mangalande nthawi iliyonse,Nyanja_NNM_Spk2_U_dbcbb072d5_Utterance_9_550_575.wav,7.055
NNM,M,Spk2,U_dbcbb072d5,550_575,Nyanja_NNM_Spk2_U_dbcbb072d5_Utterance_10,kodi nciani cimene ndingacitire dzimbiri (nguwe) ndi kukhala opusa pokhala osacita kanthu kalikonse cifukwa ndine mkazi,Nyanja_NNM_Spk2_U_dbcbb072d5_Utterance_10_550_575.wav,15.995
NNM,M,Spk2,U_dbcbb072d5,550_575,Nyanja_NNM_Spk2_U_dbcbb072d5_Utterance_11,chifundo citengera ku khululukila macimo mtendere ndi maganizo osangalala,Nyanja_NNM_Spk2_U_dbcbb072d5_Utterance_11_550_575.wav,9.125
NNM,M,Spk2,U_dbcbb072d5,550_575,Nyanja_NNM_Spk2_U_dbcbb072d5_Utterance_12,poikapo ganizo pa zokambirana izi ndizanena cimodzimwa izi motheratu,Nyanja_NNM_Spk2_U_dbcbb072d5_Utterance_12_550_575.wav,9.035
NNM,M,Spk2,U_dbcbb072d5,550_575,Nyanja_NNM_Spk2_U_dbcbb072d5_Utterance_13,pamenepo mtolo unatseguka(unamasuka) mwazizizi ndipo momwemo munatuluka phronsie,Nyanja_NNM_Spk2_U_dbcbb072d5_Utterance_13_550_575.wav,10.295
NNM,M,Spk2,U_dbcbb072d5,550_575,Nyanja_NNM_Spk2_U_dbcbb072d5_Utterance_14,cifungo coipa ca nayitrogeni cidzadza m'mphepo nalowa kukhosi(ku nkwiko) nazaza mapwapwa,Nyanja_NNM_Spk2_U_dbcbb072d5_Utterance_14_550_575.wav,14.255
NNM,M,Spk2,U_dbcbb072d5,550_575,Nyanja_NNM_Spk2_U_dbcbb072d5_Utterance_15,m'mubutsa analeka kulankhula mwapang'ono ndipo ali kugwedeza manja ace ogwirana patsogolo pace anapitiliza,Nyanja_NNM_Spk2_U_dbcbb072d5_Utterance_15_550_575.wav,13.685
NNM,M,Spk2,U_dbcbb072d5,550_575,Nyanja_NNM_Spk2_U_dbcbb072d5_Utterance_16,ici kopanda kukumbukira mu zowawa za mtima ni momwemo zikuyenda,Nyanja_NNM_Spk2_U_dbcbb072d5_Utterance_16_550_575.wav,8.12
NNM,M,Spk2,U_dbcbb072d5,550_575,Nyanja_NNM_Spk2_U_dbcbb072d5_Utterance_17,iye anadziwa kuti gomeza wace wa siliva  ndi wa zola unali utaonongeka,Nyanja_NNM_Spk2_U_dbcbb072d5_Utterance_17_550_575.wav,10.295
NNM,M,Spk2,U_dbcbb072d5,550_575,Nyanja_NNM_Spk2_U_dbcbb072d5_Utterance_18,ndiye tsopano ennis ndinenetsa kuti uli ndi mutu ndi conco ndi ka mtengo kanga,Nyanja_NNM_Spk2_U_dbcbb072d5_Utterance_18_550_575.wav,11.9
NNM,M,Spk2,U_dbcbb072d5,550_575,Nyanja_NNM_Spk2_U_dbcbb072d5_Utterance_19,mwamwai anatero bambo vanderpool ocokera ca kumpoto ndi a kumwera alipafupi kufika kugwirizana mzolankhula zao pa zambiri mwa nkhani zimenezi,Nyanja_NNM_Spk2_U_dbcbb072d5_Utterance_19_550_575.wav,21.425
NNM,M,Spk2,U_dbcbb072d5,550_575,Nyanja_NNM_Spk2_U_dbcbb072d5_Utterance_20,ngati mwa nthawi zonse palibe cimene cinacitika mu njira ya cilango,Nyanja_NNM_Spk2_U_dbcbb072d5_Utterance_20_550_575.wav,6.95
NNM,M,Spk2,U_dbcbb072d5,550_575,Nyanja_NNM_Spk2_U_dbcbb072d5_Utterance_21,rodolfo anafika panyumba yace kopanda,Nyanja_NNM_Spk2_U_dbcbb072d5_Utterance_21_550_575.wav,4.175
NNM,M,Spk2,U_dbcbb072d5,550_575,Nyanja_NNM_Spk2_U_dbcbb072d5_Utterance_22,koma sicimtengo ca moto cimene anali kulankhulapo,Nyanja_NNM_Spk2_U_dbcbb072d5_Utterance_22_550_575.wav,5.72
NNM,M,Spk2,U_dbcbb072d5,550_575,Nyanja_NNM_Spk2_U_dbcbb072d5_Utterance_23,patsogoro pao woyendayo anathawa ali ana ace amuna atatu opanda zitsote ndiponso ali ndi mantha,Nyanja_NNM_Spk2_U_dbcbb072d5_Utterance_23_550_575.wav,13.49
NNM,M,Spk2,U_dbcbb072d5,550_575,Nyanja_NNM_Spk2_U_dbcbb072d5_Utterance_24,komabe iye amene anena kuti kuunika sikuyelekezera cimwemwe,Nyanja_NNM_Spk2_U_dbcbb072d5_Utterance_24_550_575.wav,7.265
NNM,M,Spk2,U_dbcbb072d5,550_575,Nyanja_NNM_Spk2_U_dbcbb072d5_Utterance_25,chiliconse cimende mfumu chelford ananena mai brandon anacilandira bwino ndi cimwemwe nthawi imeneyo,Nyanja_NNM_Spk2_U_dbcbb072d5_Utterance_25_550_575.wav,9.575
NNM,M,Spk2,U_dbcbb072d5,575_600,Nyanja_NNM_Spk2_U_dbcbb072d5_Utterance_1,kabungwe koimilira anthu kanapeza njira yocitiramo zimenezi,Nyanja_NNM_Spk2_U_dbcbb072d5_Utterance_1_575_600.wav,5.93
NNM,M,Spk2,U_dbcbb072d5,575_600,Nyanja_NNM_Spk2_U_dbcbb072d5_Utterance_2,iye anadzima moto nagweranso mu mpando wace,Nyanja_NNM_Spk2_U_dbcbb072d5_Utterance_2_575_600.wav,5.435
NNM,M,Spk2,U_dbcbb072d5,575_600,Nyanja_NNM_Spk2_U_dbcbb072d5_Utterance_3,kodi cinabwera bwanji inu kusiya maki kucitseko,Nyanja_NNM_Spk2_U_dbcbb072d5_Utterance_3_575_600.wav,6.65
NNM,M,Spk2,U_dbcbb072d5,575_600,Nyanja_NNM_Spk2_U_dbcbb072d5_Utterance_4,mnjira iliyonse ndi cokondweletsa kwambiri ndipo ndinghathe kucita kukambisana kopanda bvuto ili yonse,Nyanja_NNM_Spk2_U_dbcbb072d5_Utterance_4_575_600.wav,10.445
NNM,M,Spk2,U_dbcbb072d5,575_600,Nyanja_NNM_Spk2_U_dbcbb072d5_Utterance_5,kufewa ko kongola kwa maudzu ya mu mitengo cimwemwe cimene cibwenzi cako cibweletsa pa ine,Nyanja_NNM_Spk2_U_dbcbb072d5_Utterance_5_575_600.wav,8.255
NNM,M,Spk2,U_dbcbb072d5,575_600,Nyanja_NNM_Spk2_U_dbcbb072d5_Utterance_6,cifundu ca mulungu cikhale nanu ndi mtendere wa mulungu atate ndi wa ambuye yesu kristu,Nyanja_NNM_Spk2_U_dbcbb072d5_Utterance_6_575_600.wav,8.195
NNM,M,Spk2,U_dbcbb072d5,575_600,Nyanja_NNM_Spk2_U_dbcbb072d5_Utterance_7,kupyolera mu kupalasa kwa asilikali kupitila m'maphiri amene anali kubvuta kupitamo mtsilikali wamkulu ocedwa genilo anazimasula nathawa  atsilikali amphamvu a dzipangano za mpanvu za ku scotland,Nyanja_NNM_Spk2_U_dbcbb072d5_Utterance_7_575_600.wav,25.535
NNM,M,Spk2,U_dbcbb072d5,575_600,Nyanja_NNM_Spk2_U_dbcbb072d5_Utterance_8,mwadzidzidzi ndi colinga cokhazikitsa batha ndi mtendere bambo spring anadulikira ndi  bwaro ya milandu yace  yonse,Nyanja_NNM_Spk2_U_dbcbb072d5_Utterance_8_575_600.wav,15.17
NNM,M,Spk2,U_dbcbb072d5,575_600,Nyanja_NNM_Spk2_U_dbcbb072d5_Utterance_9,nyanja inali italingana ndenende ndi zomangidwa zimene ziletsa kutaikira kwa madzi a mnyanja mulungu wathau mpaka lero,Nyanja_NNM_Spk2_U_dbcbb072d5_Utterance_9_575_600.wav,13.97
NNM,M,Spk2,U_dbcbb072d5,575_600,Nyanja_NNM_Spk2_U_dbcbb072d5_Utterance_10,sindili mu njira ili yonse wokalamba unatero mtengo wa nkhuyu,Nyanja_NNM_Spk2_U_dbcbb072d5_Utterance_10_575_600.wav,7.4
NNM,M,Spk2,U_dbcbb072d5,575_600,Nyanja_NNM_Spk2_U_dbcbb072d5_Utterance_11,zonse pa iye zinali msokonedzo wa kuwala ndi mitundu yomwadzikana mu kukankidwa momwazidwa,Nyanja_NNM_Spk2_U_dbcbb072d5_Utterance_11_575_600.wav,14.63
NNM,M,Spk2,U_dbcbb072d5,575_600,Nyanja_NNM_Spk2_U_dbcbb072d5_Utterance_12,kwa nthawi yaitali panalibe amene analankhula pakati pa hilda ndi bartley,Nyanja_NNM_Spk2_U_dbcbb072d5_Utterance_12_575_600.wav,8.345
NNM,M,Spk2,U_dbcbb072d5,575_600,Nyanja_NNM_Spk2_U_dbcbb072d5_Utterance_13,ndimakukondabe lakele ndikhulupilira nzakukondabe,Nyanja_NNM_Spk2_U_dbcbb072d5_Utterance_13_575_600.wav,6.74
NNM,M,Spk2,U_dbcbb072d5,575_600,Nyanja_NNM_Spk2_U_dbcbb072d5_Utterance_14,m'madzulo ndimaulula ndimaganizira koma sindimabvutitsa wina aliyense ndi maganizo anga,Nyanja_NNM_Spk2_U_dbcbb072d5_Utterance_14_575_600.wav,10.28
NNM,M,Spk2,U_dbcbb072d5,575_600,Nyanja_NNM_Spk2_U_dbcbb072d5_Utterance_15,sidzidzakhala zambiri koma ndine wothokodza kupedza mzanga,Nyanja_NNM_Spk2_U_dbcbb072d5_Utterance_15_575_600.wav,6.635
NNM,M,Spk2,U_dbcbb072d5,575_600,Nyanja_NNM_Spk2_U_dbcbb072d5_Utterance_16,atsikana acicepele anali atazicepetsadi indedi osagonjetsedwa,Nyanja_NNM_Spk2_U_dbcbb072d5_Utterance_16_575_600.wav,10.055
NNM,M,Spk2,U_dbcbb072d5,575_600,Nyanja_NNM_Spk2_U_dbcbb072d5_Utterance_17,anthu ambiri amalankhula kwambiri kotero kuti ndi cinthu cabwino kupedza muntu amene salankhulitsa,Nyanja_NNM_Spk2_U_dbcbb072d5_Utterance_17_575_600.wav,9.125
NNM,M,Spk2,U_dbcbb072d5,575_600,Nyanja_NNM_Spk2_U_dbcbb072d5_Utterance_18,kodi ndinali mcipinda cothuma ndithu mmene mulii zabwino ndi zotsekemera zonse,Nyanja_NNM_Spk2_U_dbcbb072d5_Utterance_18_575_600.wav,10.82
NNM,M,Spk2,U_dbcbb072d5,575_600,Nyanja_NNM_Spk2_U_dbcbb072d5_Utterance_19,nga muntu wina aliyense ku ma ngalandeninganene tero anatero gamewell modzinva cimene cinali mu tsiku lace,Nyanja_NNM_Spk2_U_dbcbb072d5_Utterance_19_575_600.wav,15.485
NNM,M,Spk2,U_dbcbb072d5,575_600,Nyanja_NNM_Spk2_U_dbcbb072d5_Utterance_20,sianali ndi pafupi komwe ndi kupeza yankho ya mabvuto ao,Nyanja_NNM_Spk2_U_dbcbb072d5_Utterance_20_575_600.wav,5.54
NNM,M,Spk2,U_dbcbb072d5,575_600,Nyanja_NNM_Spk2_U_dbcbb072d5_Utterance_21,sindinafune kuti ndicite tero ananena kapitawo ocedwa dzina loti battleax polankhulapo pa nkhani zodziwika pa nthawi ngati iyi,Nyanja_NNM_Spk2_U_dbcbb072d5_Utterance_21_575_600.wav,15.05
NNM,M,Spk2,U_dbcbb072d5,575_600,Nyanja_NNM_Spk2_U_dbcbb072d5_Utterance_22,kuli ndithu cifukwa cabwino colekera kucita mwapang'ono ndi kuganiza ngakhale ndi munthu osatengeka mtima padziko,Nyanja_NNM_Spk2_U_dbcbb072d5_Utterance_22_575_600.wav,11.36
NNM,M,Spk2,U_dbcbb072d5,575_600,Nyanja_NNM_Spk2_U_dbcbb072d5_Utterance_23,zizakhala zilibe nchito kugwetsa mitu yao pansi nanena bweraninso pano pamwamba okondedwa anga,Nyanja_NNM_Spk2_U_dbcbb072d5_Utterance_23_575_600.wav,11.84
NNM,M,Spk2,U_dbcbb072d5,575_600,Nyanja_NNM_Spk2_U_dbcbb072d5_Utterance_24,mkhalidwe wao wosiyana nawonso uonetsa ukulu ndi kutsiyana kosalepheleka,Nyanja_NNM_Spk2_U_dbcbb072d5_Utterance_24_575_600.wav,8.645
NNM,M,Spk2,U_0339273d0a,550_575,Nyanja_NNM_Spk2_U_0339273d0a_Utterance_1,ndi zakuda m'nthawi ya tsoka kapena zobvuta ndizodelatu cimodzi-modzi ngati uli mu milandu uku kuda kuwiri kulumikizana napanga cilankhulo cina,Nyanja_NNM_Spk2_U_0339273d0a_Utterance_1_550_575.wav,15.79
NNM,M,Spk2,U_0339273d0a,550_575,Nyanja_NNM_Spk2_U_0339273d0a_Utterance_2,koma kuculuka kwa kuiwalilila kunkacitika kunalenga kuti iye azikhala okumbukira kwambiri atauka,Nyanja_NNM_Spk2_U_0339273d0a_Utterance_2_550_575.wav,9.985
NNM,M,Spk2,U_0339273d0a,550_575,Nyanja_NNM_Spk2_U_0339273d0a_Utterance_3,ganizo ili silinalowe mu mitu ya aja awiri achimwemwe,Nyanja_NNM_Spk2_U_0339273d0a_Utterance_3_550_575.wav,5.805
NNM,M,Spk2,U_0339273d0a,550_575,Nyanja_NNM_Spk2_U_0339273d0a_Utterance_4,ndifuna kucita zinthu pa ndekha,Nyanja_NNM_Spk2_U_0339273d0a_Utterance_4_550_575.wav,3.135
NNM,M,Spk2,U_0339273d0a,550_575,Nyanja_NNM_Spk2_U_0339273d0a_Utterance_5,koma ncifukwa ninji sunandiuze pamene unali kuno nthawi ya chirimwe,Nyanja_NNM_Spk2_U_0339273d0a_Utterance_5_550_575.wav,6.118
NNM,M,Spk2,U_0339273d0a,550_575,Nyanja_NNM_Spk2_U_0339273d0a_Utterance_6,atango siliza kuika atsilikali m'malo mwao msilikali anaceukila kumene kunali davide namuuza zimene anayenera kucita asanapite,Nyanja_NNM_Spk2_U_0339273d0a_Utterance_6_550_575.wav,15.238
NNM,M,Spk2,U_0339273d0a,550_575,Nyanja_NNM_Spk2_U_0339273d0a_Utterance_7,koma cresswell anaonjedza mwakukulu kukwanilitsa kumasiyana kwambiri pakati pa mitundu/mbadwa,Nyanja_NNM_Spk2_U_0339273d0a_Utterance_7_550_575.wav,9.24
NNM,M,Spk2,U_0339273d0a,550_575,Nyanja_NNM_Spk2_U_0339273d0a_Utterance_8,kopanda kudera nkhawa iye anakulandirani bwino poti inu munabwelera kopanda cilolezo,Nyanja_NNM_Spk2_U_0339273d0a_Utterance_8_550_575.wav,10.202
NNM,M,Spk2,U_0339273d0a,550_575,Nyanja_NNM_Spk2_U_0339273d0a_Utterance_9,ndipo henule angabwelere ku mangalande nthawi iliyonse,Nyanja_NNM_Spk2_U_0339273d0a_Utterance_9_550_575.wav,5.422
NNM,M,Spk2,U_0339273d0a,550_575,Nyanja_NNM_Spk2_U_0339273d0a_Utterance_10,kodi nciani cimene ndingacitire dzimbiri (nguwe) ndi kukhala opusa pokhala osacita kanthu kalikonse cifukwa ndine mkazi,Nyanja_NNM_Spk2_U_0339273d0a_Utterance_10_550_575.wav,10.495
NNM,M,Spk2,U_0339273d0a,550_575,Nyanja_NNM_Spk2_U_0339273d0a_Utterance_11,chifundo citengera ku khululukila macimo mtendere ndi maganizo osangalala,Nyanja_NNM_Spk2_U_0339273d0a_Utterance_11_550_575.wav,7.512
NNM,M,Spk2,U_0339273d0a,550_575,Nyanja_NNM_Spk2_U_0339273d0a_Utterance_12,poikapo ganizo pa zokambirana izi ndizanena cimodzimwa izi motheratu,Nyanja_NNM_Spk2_U_0339273d0a_Utterance_12_550_575.wav,7.404
NNM,M,Spk2,U_0339273d0a,550_575,Nyanja_NNM_Spk2_U_0339273d0a_Utterance_13,pamenepo mtolo unatseguka(unamasuka) mwazizizi ndipo momwemo munatuluka phronsie,Nyanja_NNM_Spk2_U_0339273d0a_Utterance_13_550_575.wav,4.748
NNM,M,Spk2,U_0339273d0a,550_575,Nyanja_NNM_Spk2_U_0339273d0a_Utterance_14,cifungo coipa ca nayitrogeni cidzadza m'mphepo nalowa kukhosi(ku nkwiko) nazaza mapwapwa,Nyanja_NNM_Spk2_U_0339273d0a_Utterance_14_550_575.wav,8.197
NNM,M,Spk2,U_0339273d0a,550_575,Nyanja_NNM_Spk2_U_0339273d0a_Utterance_15,m'mubutsa analeka kulankhula mwapang'ono ndipo ali kugwedeza manja ace ogwirana patsogolo pace anapitiliza,Nyanja_NNM_Spk2_U_0339273d0a_Utterance_15_550_575.wav,10.934
NNM,M,Spk2,U_0339273d0a,550_575,Nyanja_NNM_Spk2_U_0339273d0a_Utterance_16,ici kopanda kukumbukira mu zowawa za mtima ni momwemo zikuyenda,Nyanja_NNM_Spk2_U_0339273d0a_Utterance_16_550_575.wav,7.265
NNM,M,Spk2,U_0339273d0a,550_575,Nyanja_NNM_Spk2_U_0339273d0a_Utterance_17,iye anadziwa kuti gomeza wace wa siliva  ndi wa zola unali utaonongeka,Nyanja_NNM_Spk2_U_0339273d0a_Utterance_17_550_575.wav,7.639
NNM,M,Spk2,U_0339273d0a,550_575,Nyanja_NNM_Spk2_U_0339273d0a_Utterance_18,ndiye tsopano ennis ndinenetsa kuti uli ndi mutu ndi conco ndi ka mtengo kanga,Nyanja_NNM_Spk2_U_0339273d0a_Utterance_18_550_575.wav,7.937
NNM,M,Spk2,U_0339273d0a,550_575,Nyanja_NNM_Spk2_U_0339273d0a_Utterance_19,mwamwai anatero bambo vanderpool ocokera ca kumpoto ndi a kumwera alipafupi kufika kugwirizana mzolankhula zao pa zambiri mwa nkhani zimenezi,Nyanja_NNM_Spk2_U_0339273d0a_Utterance_19_550_575.wav,12.676
NNM,M,Spk2,U_0339273d0a,550_575,Nyanja_NNM_Spk2_U_0339273d0a_Utterance_20,ngati mwa nthawi zonse palibe cimene cinacitika mu njira ya cilango,Nyanja_NNM_Spk2_U_0339273d0a_Utterance_20_550_575.wav,6.06
NNM,M,Spk2,U_0339273d0a,550_575,Nyanja_NNM_Spk2_U_0339273d0a_Utterance_21,rodolfo anafika panyumba yace kopanda,Nyanja_NNM_Spk2_U_0339273d0a_Utterance_21_550_575.wav,3.506
NNM,M,Spk2,U_0339273d0a,550_575,Nyanja_NNM_Spk2_U_0339273d0a_Utterance_22,koma sicimtengo ca moto cimene anali kulankhulapo,Nyanja_NNM_Spk2_U_0339273d0a_Utterance_22_550_575.wav,4.609
NNM,M,Spk2,U_0339273d0a,550_575,Nyanja_NNM_Spk2_U_0339273d0a_Utterance_23,patsogoro pao woyendayo anathawa ali ana ace amuna atatu opanda zitsote ndiponso ali ndi mantha,Nyanja_NNM_Spk2_U_0339273d0a_Utterance_23_550_575.wav,9.062
NNM,M,Spk2,U_0339273d0a,550_575,Nyanja_NNM_Spk2_U_0339273d0a_Utterance_24,komabe iye amene anena kuti kuunika sikuyelekezera cimwemwe,Nyanja_NNM_Spk2_U_0339273d0a_Utterance_24_550_575.wav,7.558
NNM,M,Spk2,U_0339273d0a,550_575,Nyanja_NNM_Spk2_U_0339273d0a_Utterance_25,chiliconse cimende mfumu chelford ananena mai brandon anacilandira bwino ndi cimwemwe nthawi imeneyo,Nyanja_NNM_Spk2_U_0339273d0a_Utterance_25_550_575.wav,8.905
NNM,M,Spk2,U_0339273d0a,575_600,Nyanja_NNM_Spk2_U_0339273d0a_Utterance_1,kabungwe koimilira anthu kanapeza njira yocitiramo zimenezi,Nyanja_NNM_Spk2_U_0339273d0a_Utterance_1_575_600.wav,5.851
NNM,M,Spk2,U_0339273d0a,575_600,Nyanja_NNM_Spk2_U_0339273d0a_Utterance_2,iye anadzima moto nagweranso mu mpando wace,Nyanja_NNM_Spk2_U_0339273d0a_Utterance_2_575_600.wav,4.911
NNM,M,Spk2,U_0339273d0a,575_600,Nyanja_NNM_Spk2_U_0339273d0a_Utterance_3,kodi cinabwera bwanji inu kusiya maki kucitseko,Nyanja_NNM_Spk2_U_0339273d0a_Utterance_3_575_600.wav,5.294
NNM,M,Spk2,U_0339273d0a,575_600,Nyanja_NNM_Spk2_U_0339273d0a_Utterance_4,mnjira iliyonse ndi cokondweletsa kwambiri ndipo ndinghathe kucita kukambisana kopanda bvuto ili yonse,Nyanja_NNM_Spk2_U_0339273d0a_Utterance_4_575_600.wav,10.879
NNM,M,Spk2,U_0339273d0a,575_600,Nyanja_NNM_Spk2_U_0339273d0a_Utterance_5,kufewa ko kongola kwa maudzu ya mu mitengo cimwemwe cimene cibwenzi cako cibweletsa pa ine,Nyanja_NNM_Spk2_U_0339273d0a_Utterance_5_575_600.wav,9.265
NNM,M,Spk2,U_0339273d0a,575_600,Nyanja_NNM_Spk2_U_0339273d0a_Utterance_6,cifundu ca mulungu cikhale nanu ndi mtendere wa mulungu atate ndi wa ambuye yesu kristu,Nyanja_NNM_Spk2_U_0339273d0a_Utterance_6_575_600.wav,8.139
NNM,M,Spk2,U_0339273d0a,575_600,Nyanja_NNM_Spk2_U_0339273d0a_Utterance_7,kupyolera mu kupalasa kwa asilikali kupitila m'maphiri amene anali kubvuta kupitamo mtsilikali wamkulu ocedwa genilo anazimasula nathawa  atsilikali amphamvu a dzipangano za mpanvu za ku scotland,Nyanja_NNM_Spk2_U_0339273d0a_Utterance_7_575_600.wav,23.456
NNM,M,Spk2,U_0339273d0a,575_600,Nyanja_NNM_Spk2_U_0339273d0a_Utterance_8,mwadzidzidzi ndi colinga cokhazikitsa batha ndi mtendere bambo spring anadulikira ndi  bwaro ya milandu yace  yonse,Nyanja_NNM_Spk2_U_0339273d0a_Utterance_8_575_600.wav,1.059
NNM,M,Spk2,U_0339273d0a,575_600,Nyanja_NNM_Spk2_U_0339273d0a_Utterance_9,nyanja inali italingana ndenende ndi zomangidwa zimene ziletsa kutaikira kwa madzi a mnyanja mulungu wathau mpaka lero,Nyanja_NNM_Spk2_U_0339273d0a_Utterance_9_575_600.wav,1.418
NNM,M,Spk2,U_0339273d0a,575_600,Nyanja_NNM_Spk2_U_0339273d0a_Utterance_10,sindili mu njira ili yonse wokalamba unatero mtengo wa nkhuyu,Nyanja_NNM_Spk2_U_0339273d0a_Utterance_10_575_600.wav,6.362
NNM,M,Spk2,U_0339273d0a,575_600,Nyanja_NNM_Spk2_U_0339273d0a_Utterance_11,zonse pa iye zinali msokonedzo wa kuwala ndi mitundu yomwadzikana mu kukankidwa momwazidwa,Nyanja_NNM_Spk2_U_0339273d0a_Utterance_11_575_600.wav,11.422
NNM,M,Spk2,U_0339273d0a,575_600,Nyanja_NNM_Spk2_U_0339273d0a_Utterance_12,kwa nthawi yaitali panalibe amene analankhula pakati pa hilda ndi bartley,Nyanja_NNM_Spk2_U_0339273d0a_Utterance_12_575_600.wav,6.763
NNM,M,Spk2,U_0339273d0a,575_600,Nyanja_NNM_Spk2_U_0339273d0a_Utterance_13,ndimakukondabe lakele ndikhulupilira nzakukondabe,Nyanja_NNM_Spk2_U_0339273d0a_Utterance_13_575_600.wav,4.609
NNM,M,Spk2,U_0339273d0a,575_600,Nyanja_NNM_Spk2_U_0339273d0a_Utterance_14,m'madzulo ndimaulula ndimaganizira koma sindimabvutitsa wina aliyense ndi maganizo anga,Nyanja_NNM_Spk2_U_0339273d0a_Utterance_14_575_600.wav,10.437
NNM,M,Spk2,U_0339273d0a,575_600,Nyanja_NNM_Spk2_U_0339273d0a_Utterance_15,sidzidzakhala zambiri koma ndine wothokodza kupedza mzanga,Nyanja_NNM_Spk2_U_0339273d0a_Utterance_15_575_600.wav,5.689
NNM,M,Spk2,U_0339273d0a,575_600,Nyanja_NNM_Spk2_U_0339273d0a_Utterance_16,atsikana acicepele anali atazicepetsadi indedi osagonjetsedwa,Nyanja_NNM_Spk2_U_0339273d0a_Utterance_16_575_600.wav,7.721
NNM,M,Spk2,U_0339273d0a,575_600,Nyanja_NNM_Spk2_U_0339273d0a_Utterance_17,anthu ambiri amalankhula kwambiri kotero kuti ndi cinthu cabwino kupedza muntu amene salankhulitsa,Nyanja_NNM_Spk2_U_0339273d0a_Utterance_17_575_600.wav,10.061
NNM,M,Spk2,U_0339273d0a,575_600,Nyanja_NNM_Spk2_U_0339273d0a_Utterance_18,kodi ndinali mcipinda cothuma ndithu mmene mulii zabwino ndi zotsekemera zonse,Nyanja_NNM_Spk2_U_0339273d0a_Utterance_18_575_600.wav,8.72
NNM,M,Spk2,U_0339273d0a,575_600,Nyanja_NNM_Spk2_U_0339273d0a_Utterance_19,nga muntu wina aliyense ku ma ngalandeninganene tero anatero gamewell modzinva cimene cinali mu tsiku lace,Nyanja_NNM_Spk2_U_0339273d0a_Utterance_19_575_600.wav,12.399
NNM,M,Spk2,U_0339273d0a,575_600,Nyanja_NNM_Spk2_U_0339273d0a_Utterance_20,sianali ndi pafupi komwe ndi kupeza yankho ya mabvuto ao,Nyanja_NNM_Spk2_U_0339273d0a_Utterance_20_575_600.wav,6.362
NNM,M,Spk2,U_0339273d0a,575_600,Nyanja_NNM_Spk2_U_0339273d0a_Utterance_21,sindinafune kuti ndicite tero ananena kapitawo ocedwa dzina loti battleax polankhulapo pa nkhani zodziwika pa nthawi ngati iyi,Nyanja_NNM_Spk2_U_0339273d0a_Utterance_21_575_600.wav,14.478
NNM,M,Spk2,U_0339273d0a,575_600,Nyanja_NNM_Spk2_U_0339273d0a_Utterance_22,kuli ndithu cifukwa cabwino colekera kucita mwapang'ono ndi kuganiza ngakhale ndi munthu osatengeka mtima padziko,Nyanja_NNM_Spk2_U_0339273d0a_Utterance_22_575_600.wav,0.998
NNM,M,Spk2,U_0339273d0a,575_600,Nyanja_NNM_Spk2_U_0339273d0a_Utterance_23,zizakhala zilibe nchito kugwetsa mitu yao pansi nanena bweraninso pano pamwamba okondedwa anga,Nyanja_NNM_Spk2_U_0339273d0a_Utterance_23_575_600.wav,9.799
NNM,M,Spk2,U_0339273d0a,575_600,Nyanja_NNM_Spk2_U_0339273d0a_Utterance_24,mkhalidwe wao wosiyana nawonso uonetsa ukulu ndi kutsiyana kosalepheleka,Nyanja_NNM_Spk2_U_0339273d0a_Utterance_24_575_600.wav,8.266
NNM,M,Spk2,U_0339273d0a,575_600,Nyanja_NNM_Spk2_U_0339273d0a_Utterance_25,koma a kapitao bill sanayese mpang'ono ponse cifukwa iye anazindikira kuti kutero kunali kungotaya nthawi,Nyanja_NNM_Spk2_U_0339273d0a_Utterance_25_575_600.wav,10.306
NNM,M,Spk2,U_8e2ba3c40b,550_575,Nyanja_NNM_Spk2_U_8e2ba3c40b_Utterance_1,ndi zakuda m'nthawi ya tsoka kapena zobvuta ndizodelatu cimodzi-modzi ngati uli mu milandu uku kuda kuwiri kulumikizana napanga cilankhulo cina,Nyanja_NNM_Spk2_U_8e2ba3c40b_Utterance_1_550_575.wav,15.859
NNM,M,Spk2,U_8e2ba3c40b,550_575,Nyanja_NNM_Spk2_U_8e2ba3c40b_Utterance_2,koma kuculuka kwa kuiwalilila kunkacitika kunalenga kuti iye azikhala okumbukira kwambiri atauka,Nyanja_NNM_Spk2_U_8e2ba3c40b_Utterance_2_550_575.wav,11.308
NNM,M,Spk2,U_8e2ba3c40b,550_575,Nyanja_NNM_Spk2_U_8e2ba3c40b_Utterance_3,ganizo ili silinalowe mu mitu ya aja awiri achimwemwe,Nyanja_NNM_Spk2_U_8e2ba3c40b_Utterance_3_550_575.wav,5.921
NNM,M,Spk2,U_8e2ba3c40b,550_575,Nyanja_NNM_Spk2_U_8e2ba3c40b_Utterance_4,ndifuna kucita zinthu pa ndekha,Nyanja_NNM_Spk2_U_8e2ba3c40b_Utterance_4_550_575.wav,2.833
NNM,M,Spk2,U_8e2ba3c40b,550_575,Nyanja_NNM_Spk2_U_8e2ba3c40b_Utterance_5,koma ncifukwa ninji sunandiuze pamene unali kuno nthawi ya chirimwe,Nyanja_NNM_Spk2_U_8e2ba3c40b_Utterance_5_550_575.wav,6.467
NNM,M,Spk2,U_8e2ba3c40b,550_575,Nyanja_NNM_Spk2_U_8e2ba3c40b_Utterance_6,atango siliza kuika atsilikali m'malo mwao msilikali anaceukila kumene kunali davide namuuza zimene anayenera kucita asanapite,Nyanja_NNM_Spk2_U_8e2ba3c40b_Utterance_6_550_575.wav,15.557
NNM,M,Spk2,U_8e2ba3c40b,550_575,Nyanja_NNM_Spk2_U_8e2ba3c40b_Utterance_7,koma cresswell anaonjedza mwakukulu kukwanilitsa kumasiyana kwambiri pakati pa mitundu/mbadwa,Nyanja_NNM_Spk2_U_8e2ba3c40b_Utterance_7_550_575.wav,9.671
NNM,M,Spk2,U_8e2ba3c40b,550_575,Nyanja_NNM_Spk2_U_8e2ba3c40b_Utterance_8,kopanda kudera nkhawa iye anakulandirani bwino poti inu munabwelera kopanda cilolezo,Nyanja_NNM_Spk2_U_8e2ba3c40b_Utterance_8_550_575.wav,9.543
NNM,M,Spk2,U_8e2ba3c40b,550_575,Nyanja_NNM_Spk2_U_8e2ba3c40b_Utterance_9,ndipo henule angabwelere ku mangalande nthawi iliyonse,Nyanja_NNM_Spk2_U_8e2ba3c40b_Utterance_9_550_575.wav,5.573
NNM,M,Spk2,U_8e2ba3c40b,550_575,Nyanja_NNM_Spk2_U_8e2ba3c40b_Utterance_10,kodi nciani cimene ndingacitire dzimbiri (nguwe) ndi kukhala opusa pokhala osacita kanthu kalikonse cifukwa ndine mkazi,Nyanja_NNM_Spk2_U_8e2ba3c40b_Utterance_10_550_575.wav,11.018
NNM,M,Spk2,U_8e2ba3c40b,550_575,Nyanja_NNM_Spk2_U_8e2ba3c40b_Utterance_11,chifundo citengera ku khululukila macimo mtendere ndi maganizo osangalala,Nyanja_NNM_Spk2_U_8e2ba3c40b_Utterance_11_550_575.wav,7.361
NNM,M,Spk2,U_8e2ba3c40b,550_575,Nyanja_NNM_Spk2_U_8e2ba3c40b_Utterance_12,poikapo ganizo pa zokambirana izi ndizanena cimodzimwa izi motheratu,Nyanja_NNM_Spk2_U_8e2ba3c40b_Utterance_12_550_575.wav,8.266
NNM,M,Spk2,U_8e2ba3c40b,550_575,Nyanja_NNM_Spk2_U_8e2ba3c40b_Utterance_13,pamenepo mtolo unatseguka(unamasuka) mwazizizi ndipo momwemo munatuluka phronsie,Nyanja_NNM_Spk2_U_8e2ba3c40b_Utterance_13_550_575.wav,7.86
NNM,M,Spk2,U_8e2ba3c40b,550_575,Nyanja_NNM_Spk2_U_8e2ba3c40b_Utterance_14,cifungo coipa ca nayitrogeni cidzadza m'mphepo nalowa kukhosi(ku nkwiko) nazaza mapwapwa,Nyanja_NNM_Spk2_U_8e2ba3c40b_Utterance_14_550_575.wav,8.847
NNM,M,Spk2,U_8e2ba3c40b,550_575,Nyanja_NNM_Spk2_U_8e2ba3c40b_Utterance_15,m'mubutsa analeka kulankhula mwapang'ono ndipo ali kugwedeza manja ace ogwirana patsogolo pace anapitiliza,Nyanja_NNM_Spk2_U_8e2ba3c40b_Utterance_15_550_575.wav,12.585
NNM,M,Spk2,U_8e2ba3c40b,550_575,Nyanja_NNM_Spk2_U_8e2ba3c40b_Utterance_16,ici kopanda kukumbukira mu zowawa za mtima ni momwemo zikuyenda,Nyanja_NNM_Spk2_U_8e2ba3c40b_Utterance_16_550_575.wav,6.327
NNM,M,Spk2,U_8e2ba3c40b,550_575,Nyanja_NNM_Spk2_U_8e2ba3c40b_Utterance_17,iye anadziwa kuti gomeza wace wa siliva  ndi wa zola unali utaonongeka,Nyanja_NNM_Spk2_U_8e2ba3c40b_Utterance_17_550_575.wav,6.966
NNM,M,Spk2,U_8e2ba3c40b,550_575,Nyanja_NNM_Spk2_U_8e2ba3c40b_Utterance_18,ndiye tsopano ennis ndinenetsa kuti uli ndi mutu ndi conco ndi ka mtengo kanga,Nyanja_NNM_Spk2_U_8e2ba3c40b_Utterance_18_550_575.wav,7.314
NNM,M,Spk2,U_8e2ba3c40b,550_575,Nyanja_NNM_Spk2_U_8e2ba3c40b_Utterance_19,mwamwai anatero bambo vanderpool ocokera ca kumpoto ndi a kumwera alipafupi kufika kugwirizana mzolankhula zao pa zambiri mwa nkhani zimenezi,Nyanja_NNM_Spk2_U_8e2ba3c40b_Utterance_19_550_575.wav,13.41
NNM,M,Spk2,U_8e2ba3c40b,550_575,Nyanja_NNM_Spk2_U_8e2ba3c40b_Utterance_20,ngati mwa nthawi zonse palibe cimene cinacitika mu njira ya cilango,Nyanja_NNM_Spk2_U_8e2ba3c40b_Utterance_20_550_575.wav,5.55
NNM,M,Spk2,U_8e2ba3c40b,550_575,Nyanja_NNM_Spk2_U_8e2ba3c40b_Utterance_21,rodolfo anafika panyumba yace kopanda,Nyanja_NNM_Spk2_U_8e2ba3c40b_Utterance_21_550_575.wav,3.274
NNM,M,Spk2,U_8e2ba3c40b,550_575,Nyanja_NNM_Spk2_U_8e2ba3c40b_Utterance_22,koma sicimtengo ca moto cimene anali kulankhulapo,Nyanja_NNM_Spk2_U_8e2ba3c40b_Utterance_22_550_575.wav,3.796
NNM,M,Spk2,U_8e2ba3c40b,550_575,Nyanja_NNM_Spk2_U_8e2ba3c40b_Utterance_23,patsogoro pao woyendayo anathawa ali ana ace amuna atatu opanda zitsote ndiponso ali ndi mantha,Nyanja_NNM_Spk2_U_8e2ba3c40b_Utterance_23_550_575.wav,9.392
NNM,M,Spk2,U_8e2ba3c40b,550_575,Nyanja_NNM_Spk2_U_8e2ba3c40b_Utterance_24,komabe iye amene anena kuti kuunika sikuyelekezera cimwemwe,Nyanja_NNM_Spk2_U_8e2ba3c40b_Utterance_24_550_575.wav,6.235
NNM,M,Spk2,U_8e2ba3c40b,550_575,Nyanja_NNM_Spk2_U_8e2ba3c40b_Utterance_25,chiliconse cimende mfumu chelford ananena mai brandon anacilandira bwino ndi cimwemwe nthawi imeneyo,Nyanja_NNM_Spk2_U_8e2ba3c40b_Utterance_25_550_575.wav,8.522
NNM,M,Spk2,U_8e2ba3c40b,575_600,Nyanja_NNM_Spk2_U_8e2ba3c40b_Utterance_1,kabungwe koimilira anthu kanapeza njira yocitiramo zimenezi,Nyanja_NNM_Spk2_U_8e2ba3c40b_Utterance_1_575_600.wav,4.691
NNM,M,Spk2,U_8e2ba3c40b,575_600,Nyanja_NNM_Spk2_U_8e2ba3c40b_Utterance_2,iye anadzima moto nagweranso mu mpando wace,Nyanja_NNM_Spk2_U_8e2ba3c40b_Utterance_2_575_600.wav,3.471
NNM,M,Spk2,U_8e2ba3c40b,575_600,Nyanja_NNM_Spk2_U_8e2ba3c40b_Utterance_3,kodi cinabwera bwanji inu kusiya maki kucitseko,Nyanja_NNM_Spk2_U_8e2ba3c40b_Utterance_3_575_600.wav,3.564
NNM,M,Spk2,U_8e2ba3c40b,575_600,Nyanja_NNM_Spk2_U_8e2ba3c40b_Utterance_4,mnjira iliyonse ndi cokondweletsa kwambiri ndipo ndinghathe kucita kukambisana kopanda bvuto ili yonse,Nyanja_NNM_Spk2_U_8e2ba3c40b_Utterance_4_575_600.wav,7.988
NNM,M,Spk2,U_8e2ba3c40b,575_600,Nyanja_NNM_Spk2_U_8e2ba3c40b_Utterance_5,kufewa ko kongola kwa maudzu ya mu mitengo cimwemwe cimene cibwenzi cako cibweletsa pa ine,Nyanja_NNM_Spk2_U_8e2ba3c40b_Utterance_5_575_600.wav,7.558
NNM,M,Spk2,U_8e2ba3c40b,575_600,Nyanja_NNM_Spk2_U_8e2ba3c40b_Utterance_6,cifundu ca mulungu cikhale nanu ndi mtendere wa mulungu atate ndi wa ambuye yesu kristu,Nyanja_NNM_Spk2_U_8e2ba3c40b_Utterance_6_575_600.wav,6.92
NNM,M,Spk2,U_8e2ba3c40b,575_600,Nyanja_NNM_Spk2_U_8e2ba3c40b_Utterance_7,kupyolera mu kupalasa kwa asilikali kupitila m'maphiri amene anali kubvuta kupitamo mtsilikali wamkulu ocedwa genilo anazimasula nathawa  atsilikali amphamvu a dzipangano za mpanvu za ku scotland,Nyanja_NNM_Spk2_U_8e2ba3c40b_Utterance_7_575_600.wav,19.296
NNM,M,Spk2,U_8e2ba3c40b,575_600,Nyanja_NNM_Spk2_U_8e2ba3c40b_Utterance_8,mwadzidzidzi ndi colinga cokhazikitsa batha ndi mtendere bambo spring anadulikira ndi  bwaro ya milandu yace  yonse,Nyanja_NNM_Spk2_U_8e2ba3c40b_Utterance_8_575_600.wav,9.311
NNM,M,Spk2,U_8e2ba3c40b,575_600,Nyanja_NNM_Spk2_U_8e2ba3c40b_Utterance_9,nyanja inali italingana ndenende ndi zomangidwa zimene ziletsa kutaikira kwa madzi a mnyanja mulungu wathau mpaka lero,Nyanja_NNM_Spk2_U_8e2ba3c40b_Utterance_9_575_600.wav,10.391
NNM,M,Spk2,U_8e2ba3c40b,575_600,Nyanja_NNM_Spk2_U_8e2ba3c40b_Utterance_10,sindili mu njira ili yonse wokalamba unatero mtengo wa nkhuyu,Nyanja_NNM_Spk2_U_8e2ba3c40b_Utterance_10_575_600.wav,5.631
NNM,M,Spk2,U_8e2ba3c40b,575_600,Nyanja_NNM_Spk2_U_8e2ba3c40b_Utterance_11,zonse pa iye zinali msokonedzo wa kuwala ndi mitundu yomwadzikana mu kukankidwa momwazidwa,Nyanja_NNM_Spk2_U_8e2ba3c40b_Utterance_11_575_600.wav,10.136
NNM,M,Spk2,U_8e2ba3c40b,575_600,Nyanja_NNM_Spk2_U_8e2ba3c40b_Utterance_12,kwa nthawi yaitali panalibe amene analankhula pakati pa hilda ndi bartley,Nyanja_NNM_Spk2_U_8e2ba3c40b_Utterance_12_575_600.wav,6.966
NNM,M,Spk2,U_8e2ba3c40b,575_600,Nyanja_NNM_Spk2_U_8e2ba3c40b_Utterance_13,ndimakukondabe lakele ndikhulupilira nzakukondabe,Nyanja_NNM_Spk2_U_8e2ba3c40b_Utterance_13_575_600.wav,4.957
NNM,M,Spk2,U_8e2ba3c40b,575_600,Nyanja_NNM_Spk2_U_8e2ba3c40b_Utterance_14,m'madzulo ndimaulula ndimaganizira koma sindimabvutitsa wina aliyense ndi maganizo anga,Nyanja_NNM_Spk2_U_8e2ba3c40b_Utterance_14_575_600.wav,7.43
NNM,M,Spk2,U_8e2ba3c40b,575_600,Nyanja_NNM_Spk2_U_8e2ba3c40b_Utterance_15,sidzidzakhala zambiri koma ndine wothokodza kupedza mzanga,Nyanja_NNM_Spk2_U_8e2ba3c40b_Utterance_15_575_600.wav,4.911
NNM,M,Spk2,U_8e2ba3c40b,575_600,Nyanja_NNM_Spk2_U_8e2ba3c40b_Utterance_16,atsikana acicepele anali atazicepetsadi indedi osagonjetsedwa,Nyanja_NNM_Spk2_U_8e2ba3c40b_Utterance_16_575_600.wav,7.012
NNM,M,Spk2,U_8e2ba3c40b,575_600,Nyanja_NNM_Spk2_U_8e2ba3c40b_Utterance_17,anthu ambiri amalankhula kwambiri kotero kuti ndi cinthu cabwino kupedza muntu amene salankhulitsa,Nyanja_NNM_Spk2_U_8e2ba3c40b_Utterance_17_575_600.wav,9.114
NNM,M,Spk2,U_8e2ba3c40b,575_600,Nyanja_NNM_Spk2_U_8e2ba3c40b_Utterance_18,kodi ndinali mcipinda cothuma ndithu mmene mulii zabwino ndi zotsekemera zonse,Nyanja_NNM_Spk2_U_8e2ba3c40b_Utterance_18_575_600.wav,7.872
NNM,M,Spk2,U_8e2ba3c40b,575_600,Nyanja_NNM_Spk2_U_8e2ba3c40b_Utterance_19,nga muntu wina aliyense ku ma ngalandeninganene tero anatero gamewell modzinva cimene cinali mu tsiku lace,Nyanja_NNM_Spk2_U_8e2ba3c40b_Utterance_19_575_600.wav,10.879
NNM,M,Spk2,U_8e2ba3c40b,575_600,Nyanja_NNM_Spk2_U_8e2ba3c40b_Utterance_20,sianali ndi pafupi komwe ndi kupeza yankho ya mabvuto ao,Nyanja_NNM_Spk2_U_8e2ba3c40b_Utterance_20_575_600.wav,4.807
NNM,M,Spk2,U_8e2ba3c40b,575_600,Nyanja_NNM_Spk2_U_8e2ba3c40b_Utterance_21,sindinafune kuti ndicite tero ananena kapitawo ocedwa dzina loti battleax polankhulapo pa nkhani zodziwika pa nthawi ngati iyi,Nyanja_NNM_Spk2_U_8e2ba3c40b_Utterance_21_575_600.wav,12.516
NNM,M,Spk2,U_8e2ba3c40b,575_600,Nyanja_NNM_Spk2_U_8e2ba3c40b_Utterance_22,kuli ndithu cifukwa cabwino colekera kucita mwapang'ono ndi kuganiza ngakhale ndi munthu osatengeka mtima padziko,Nyanja_NNM_Spk2_U_8e2ba3c40b_Utterance_22_575_600.wav,10.368
NNM,M,Spk2,U_8e2ba3c40b,575_600,Nyanja_NNM_Spk2_U_8e2ba3c40b_Utterance_23,zizakhala zilibe nchito kugwetsa mitu yao pansi nanena bweraninso pano pamwamba okondedwa anga,Nyanja_NNM_Spk2_U_8e2ba3c40b_Utterance_23_575_600.wav,8.429
NNM,M,Spk2,U_8e2ba3c40b,575_600,Nyanja_NNM_Spk2_U_8e2ba3c40b_Utterance_24,mkhalidwe wao wosiyana nawonso uonetsa ukulu ndi kutsiyana kosalepheleka,Nyanja_NNM_Spk2_U_8e2ba3c40b_Utterance_24_575_600.wav,7.697
NNM,M,Spk2,U_8e2ba3c40b,575_600,Nyanja_NNM_Spk2_U_8e2ba3c40b_Utterance_25,koma a kapitao bill sanayese mpang'ono ponse cifukwa iye anazindikira kuti kutero kunali kungotaya nthawi,Nyanja_NNM_Spk2_U_8e2ba3c40b_Utterance_25_575_600.wav,8.777
