group,gender,spk_id,user_id,batch_id,audio_id,sentence,audio,duration_seconds
NM,M,Spk4,U_9392e120e7,150_175,Nyanja_NM_Spk4_U_9392e120e7_Utterance_1,pa nali pa kona pemene anagona pakati pa zomera zosayenera ndi maluwa a minga,Nyanja_NM_Spk4_U_9392e120e7_Utterance_1_150_175.wav,9.14
NM,M,Spk4,U_9392e120e7,150_175,Nyanja_NM_Spk4_U_9392e120e7_Utterance_2,sindingakhale odabwa kuti angathe kuseka nndi ine pali nthawi ino,Nyanja_NM_Spk4_U_9392e120e7_Utterance_2_150_175.wav,8.39
NM,M,Spk4,U_9392e120e7,150_175,Nyanja_NM_Spk4_U_9392e120e7_Utterance_3,iye anali pan'gono kuiwalako kuti cinali pafupi ndi poonekera,Nyanja_NM_Spk4_U_9392e120e7_Utterance_3_150_175.wav,8.001
NM,M,Spk4,U_9392e120e7,150_175,Nyanja_NM_Spk4_U_9392e120e7_Utterance_4,azibambo nonsenu bwelerani  ku maalo kumene mukugwirira nchito pamene saint aigani ndi villeroy anali kupita,Nyanja_NM_Spk4_U_9392e120e7_Utterance_4_150_175.wav,12.545
NM,M,Spk4,U_9392e120e7,150_175,Nyanja_NM_Spk4_U_9392e120e7_Utterance_5,momwemo sire koma ndiyenera kukhala ndi ndalama zocitila zomwezo,Nyanja_NM_Spk4_U_9392e120e7_Utterance_5_150_175.wav,8.375
NM,M,Spk4,U_9392e120e7,150_175,Nyanja_NM_Spk4_U_9392e120e7_Utterance_6,ici ciyenera kupita patali mukulekatsa atumwi aboza  kulankhula,Nyanja_NM_Spk4_U_9392e120e7_Utterance_6_150_175.wav,8.66
NM,M,Spk4,U_9392e120e7,150_175,Nyanja_NM_Spk4_U_9392e120e7_Utterance_7,uyu ndiye amene anacita zosayenera kulingana ndi nkhani yothawa,Nyanja_NM_Spk4_U_9392e120e7_Utterance_7_150_175.wav,6.875
NM,M,Spk4,U_9392e120e7,150_175,Nyanja_NM_Spk4_U_9392e120e7_Utterance_8,ndinali kuganiza kuti mwina mlongo wanga kate mwina msuweni wanga maiko ali kunvana,Nyanja_NM_Spk4_U_9392e120e7_Utterance_8_150_175.wav,10.19
NM,M,Spk4,U_9392e120e7,150_175,Nyanja_NM_Spk4_U_9392e120e7_Utterance_9,kodi ndi miyendo ya yani imene ili ngati miyenda ya phunzi pansi pace ngati manja ya muyayayaya,Nyanja_NM_Spk4_U_9392e120e7_Utterance_9_150_175.wav,11.0
NM,M,Spk4,U_9392e120e7,150_175,Nyanja_NM_Spk4_U_9392e120e7_Utterance_10,kodi uganiza kuti mulungu cifukwa ca ma calichi otsutsa chalichi ya lutheran (a chikunja) ochepa angathe ku kaana ndi chalichi yake yonse,Nyanja_NM_Spk4_U_9392e120e7_Utterance_10_150_175.wav,15.485
NM,M,Spk4,U_9392e120e7,150_175,Nyanja_NM_Spk4_U_9392e120e7_Utterance_11,anali kuyendayenda mozungulira mu cipinda cace,Nyanja_NM_Spk4_U_9392e120e7_Utterance_11_150_175.wav,7.34
NM,M,Spk4,U_9392e120e7,150_175,Nyanja_NM_Spk4_U_9392e120e7_Utterance_12,m'cipinda muno ndi mothuma kwambiri kotero kuti sitingathe kuimbiramo kodi simuli kunva kuthumako,Nyanja_NM_Spk4_U_9392e120e7_Utterance_12_150_175.wav,10.82
NM,M,Spk4,U_9392e120e7,150_175,Nyanja_NM_Spk4_U_9392e120e7_Utterance_13,kulingana ndi kukhulupilira kwanga iwowa anatengedwa,Nyanja_NM_Spk4_U_9392e120e7_Utterance_13_150_175.wav,9.08
NM,M,Spk4,U_9392e120e7,150_175,Nyanja_NM_Spk4_U_9392e120e7_Utterance_14,alexanda anapita namsegulira dzenera,Nyanja_NM_Spk4_U_9392e120e7_Utterance_14_150_175.wav,6.455
NM,M,Spk4,U_9392e120e7,150_175,Nyanja_NM_Spk4_U_9392e120e7_Utterance_15,kodi ndi ciani cingacitike ku mfuti yako nitakutenga mwakamkole,Nyanja_NM_Spk4_U_9392e120e7_Utterance_15_150_175.wav,7.82
NM,M,Spk4,U_9392e120e7,150_175,Nyanja_NM_Spk4_U_9392e120e7_Utterance_16,nthaka singaleke kulingana mumaonekedwe ndi ndende,Nyanja_NM_Spk4_U_9392e120e7_Utterance_16_150_175.wav,7.79
NM,M,Spk4,U_9392e120e7,150_175,Nyanja_NM_Spk4_U_9392e120e7_Utterance_17,margaret bolton anali pafupi kutaya mwapa nthawi yocepa mkhalidwe wace woleza mtima,Nyanja_NM_Spk4_U_9392e120e7_Utterance_17_150_175.wav,10.34
NM,M,Spk4,U_9392e120e7,150_175,Nyanja_NM_Spk4_U_9392e120e7_Utterance_18,atchison amene anali kulankhula ndi gulu ya ocita ciwawa mwapatali anaika mfuti zace ziwiri ndi kuwaphunzitsa pa zimenezo,Nyanja_NM_Spk4_U_9392e120e7_Utterance_18_150_175.wav,14.75
NM,M,Spk4,U_9392e120e7,150_175,Nyanja_NM_Spk4_U_9392e120e7_Utterance_19,koma ndinakhala mu nyengo ya masika ndipo ndinakonzanso  bwato,Nyanja_NM_Spk4_U_9392e120e7_Utterance_19_150_175.wav,8.42
NM,M,Spk4,U_9392e120e7,150_175,Nyanja_NM_Spk4_U_9392e120e7_Utterance_20,usade nkhawa nazo pali lero anatero kapitawo tizalankhuzana pa izo nthawi ina,Nyanja_NM_Spk4_U_9392e120e7_Utterance_20_150_175.wav,12.98
NM,M,Spk4,U_9392e120e7,150_175,Nyanja_NM_Spk4_U_9392e120e7_Utterance_21,ai lekani iyeyo abwere nayenso anatero mopempha ndikonda kwambiri kumuona pafupi ndi nyumba yakale ija,Nyanja_NM_Spk4_U_9392e120e7_Utterance_21_150_175.wav,15.095
NM,M,Spk4,U_9392e120e7,150_175,Nyanja_NM_Spk4_U_9392e120e7_Utterance_22,kumapeto kwace anawatulukamo na pukuta kumaso kwace mwamphanvu,Nyanja_NM_Spk4_U_9392e120e7_Utterance_22_150_175.wav,9.05
NM,M,Spk4,U_9392e120e7,150_175,Nyanja_NM_Spk4_U_9392e120e7_Utterance_23,usayesa ndi kuganizira pang'ono kuti mwina sukulu ya ci gothic ndiyopusa/ndiyopweeka,Nyanja_NM_Spk4_U_9392e120e7_Utterance_23_150_175.wav,11.45
NM,M,Spk4,U_9392e120e7,150_175,Nyanja_NM_Spk4_U_9392e120e7_Utterance_24,pangopita cabe masabata awiri ndipo ndakhalako kwa ka nthawi ndithu,Nyanja_NM_Spk4_U_9392e120e7_Utterance_24_150_175.wav,8.75
NM,M,Spk4,U_9392e120e7,150_175,Nyanja_NM_Spk4_U_9392e120e7_Utterance_25,koma ndinena kuti ndiyenera kupatsidwa njedza wanga pasanapite nthawi,Nyanja_NM_Spk4_U_9392e120e7_Utterance_25_150_175.wav,10.61
NM,M,Spk4,U_9392e120e7,175_200,Nyanja_NM_Spk4_U_9392e120e7_Utterance_1,pa mpando mu kona pataliko panali anthu owerengeka ali ataungikana pamodzi,Nyanja_NM_Spk4_U_9392e120e7_Utterance_1_175_200.wav,11.3
NM,M,Spk4,U_9392e120e7,175_200,Nyanja_NM_Spk4_U_9392e120e7_Utterance_2,ngakhale zinali tero ndinali ntango bwelera ku ulendo wautali ntatopa ndiponso ndili ofuna kupuuma konenetsa,Nyanja_NM_Spk4_U_9392e120e7_Utterance_2_175_200.wav,14.03
NM,M,Spk4,U_9392e120e7,175_200,Nyanja_NM_Spk4_U_9392e120e7_Utterance_3,ka dzuwa kowalako ndi kuunika uku ndizokongola ndipo zoyenerera zonvera zathu za mthupi,Nyanja_NM_Spk4_U_9392e120e7_Utterance_3_175_200.wav,13.595
NM,M,Spk4,U_9392e120e7,175_200,Nyanja_NM_Spk4_U_9392e120e7_Utterance_4,sindiganiza kuti  kuyerekedza kotero ndi kololedwa,Nyanja_NM_Spk4_U_9392e120e7_Utterance_4_175_200.wav,10.88
NM,M,Spk4,U_9392e120e7,175_200,Nyanja_NM_Spk4_U_9392e120e7_Utterance_5,motero maonekedwe ace zingathe kubisa umboni wa mantha manja awa anasimba nkhani ina,Nyanja_NM_Spk4_U_9392e120e7_Utterance_5_175_200.wav,12.035
NM,M,Spk4,U_9392e120e7,175_200,Nyanja_NM_Spk4_U_9392e120e7_Utterance_6,aoneka ngati tatsowa koma sindikutsimikidza,Nyanja_NM_Spk4_U_9392e120e7_Utterance_6_175_200.wav,8.15
NM,M,Spk4,U_9392e120e7,175_200,Nyanja_NM_Spk4_U_9392e120e7_Utterance_7,anali ndi zoganiza zina zobvuta khilisimisi imeneyi,Nyanja_NM_Spk4_U_9392e120e7_Utterance_7_175_200.wav,9.725
NM,M,Spk4,U_9392e120e7,175_200,Nyanja_NM_Spk4_U_9392e120e7_Utterance_8,ali ndi mwana wa cinyamata kawalala ndi mwana wacikazi njala,Nyanja_NM_Spk4_U_9392e120e7_Utterance_8_175_200.wav,7.955
NM,M,Spk4,U_9392e120e7,175_200,Nyanja_NM_Spk4_U_9392e120e7_Utterance_9,zocitika zinazace za mu ukapolo wa dziko lanu zili mkati mwa kudziwab kwa olamulila anu,Nyanja_NM_Spk4_U_9392e120e7_Utterance_9_175_200.wav,12.14
NM,M,Spk4,U_9392e120e7,175_200,Nyanja_NM_Spk4_U_9392e120e7_Utterance_10,bwana monceux ogwira ncito ku ndende anakwiya kopotsa ataudzidwa za cipolowe cimene cinacitika,Nyanja_NM_Spk4_U_9392e120e7_Utterance_10_175_200.wav,13.97
NM,M,Spk4,U_9392e120e7,175_200,Nyanja_NM_Spk4_U_9392e120e7_Utterance_11,tsopano khalani ziii pa umoyo wanu iye anayamba kulankhula koma amene anali kuphunzitsidwa nchito wogwidwa anayamba ku fuula mokuuwa,Nyanja_NM_Spk4_U_9392e120e7_Utterance_11_175_200.wav,16.235
NM,M,Spk4,U_9392e120e7,175_200,Nyanja_NM_Spk4_U_9392e120e7_Utterance_12,ndinasinya ndondomeko ya zoyenera kucitidwa poyendetsa nyama zanga ndi zomela zouma pa sitima kupita ku paris mu dziko la france,Nyanja_NM_Spk4_U_9392e120e7_Utterance_12_175_200.wav,15.935
NM,M,Spk4,U_9392e120e7,175_200,Nyanja_NM_Spk4_U_9392e120e7_Utterance_13,koma muli nkhani yocotsedwa mu turner uli ndi ziphunzitso zaphindu ziwiri zimene zabweretsedwa /zaphunzitsidwa bwino kopotsa,Nyanja_NM_Spk4_U_9392e120e7_Utterance_13_175_200.wav,14.255
NM,M,Spk4,U_9392e120e7,175_200,Nyanja_NM_Spk4_U_9392e120e7_Utterance_14,kadyedwa kamatengako mbali kwambiri mu makhalidwe a m'mizinda kopotsa mu maiko,Nyanja_NM_Spk4_U_9392e120e7_Utterance_14_175_200.wav,11.75
NM,M,Spk4,U_9392e120e7,175_200,Nyanja_NM_Spk4_U_9392e120e7_Utterance_15,will anawelewetsa robin alikusegula citseko nafunsa kodi mwakonzekera,Nyanja_NM_Spk4_U_9392e120e7_Utterance_15_175_200.wav,9.89
NM,M,Spk4,U_9392e120e7,175_200,Nyanja_NM_Spk4_U_9392e120e7_Utterance_16,atagundidwa mwapang'ono ndi mnyamata wa mtali uja mu mpandao kumbuyo kunapangisa stefani kuti afunse funso yobvuta kuyankha,Nyanja_NM_Spk4_U_9392e120e7_Utterance_16_175_200.wav,13.25
NM,M,Spk4,U_9392e120e7,175_200,Nyanja_NM_Spk4_U_9392e120e7_Utterance_17,ndinalota ciloto coipa pa iye usiku wathau,Nyanja_NM_Spk4_U_9392e120e7_Utterance_17_175_200.wav,6.155
NM,M,Spk4,U_9392e120e7,175_200,Nyanja_NM_Spk4_U_9392e120e7_Utterance_18,khala pansi anatero gates ndi mau okondwera ndi abwino pali mpando wokhalapo pano,Nyanja_NM_Spk4_U_9392e120e7_Utterance_18_175_200.wav,8.855
NM,M,Spk4,U_9392e120e7,175_200,Nyanja_NM_Spk4_U_9392e120e7_Utterance_19,iwo analandilidwa mu kaofesi kakang'ono ndi mzibambo ocedwa marham amene anali kaidi wa mundende,Nyanja_NM_Spk4_U_9392e120e7_Utterance_19_175_200.wav,13.85
NM,M,Spk4,U_9392e120e7,175_200,Nyanja_NM_Spk4_U_9392e120e7_Utterance_20,mai griffin mwinamwace anaonetsa kufuna kwa kuunika moongezera,Nyanja_NM_Spk4_U_9392e120e7_Utterance_20_175_200.wav,8.96
NM,M,Spk4,U_9392e120e7,175_200,Nyanja_NM_Spk4_U_9392e120e7_Utterance_21,mfumu yohane akutulusa moika ndudu za golide kucookera ku dzanja yace ya manzere mu thumba ya pamwamba khoti yace,Nyanja_NM_Spk4_U_9392e120e7_Utterance_21_175_200.wav,16.925
NM,M,Spk4,U_9392e120e7,175_200,Nyanja_NM_Spk4_U_9392e120e7_Utterance_22,anali mnyamata wa mkulu kotero kuti anabvara nsapata za ma buti zazitali atanyamula mpeni wa jaki,Nyanja_NM_Spk4_U_9392e120e7_Utterance_22_175_200.wav,11.015
NM,M,Spk4,U_9392e120e7,175_200,Nyanja_NM_Spk4_U_9392e120e7_Utterance_23,mwezi owala ndi odzidzila unali kuwala ndi kuunika kowala ndi zithunzi-thunzi,Nyanja_NM_Spk4_U_9392e120e7_Utterance_23_175_200.wav,8.315
NM,M,Spk4,U_9392e120e7,175_200,Nyanja_NM_Spk4_U_9392e120e7_Utterance_24,iwo anatenganso nyumba yao tsopano kopanda kusokoneza mtendre wa pa nyumba ya gamewell,Nyanja_NM_Spk4_U_9392e120e7_Utterance_24_175_200.wav,9.725
NM,M,Spk4,U_9392e120e7,175_200,Nyanja_NM_Spk4_U_9392e120e7_Utterance_25,paulo anayankha munthu omwe dzina lace ndi yesu kristu ndiponso mwana wa mulungu anadzipereka  yekha cifukwa ca macimo athu,Nyanja_NM_Spk4_U_9392e120e7_Utterance_25_175_200.wav,12.455
NM,M,Spk4,U_70dd2ea1f6,150_175,Nyanja_NM_Spk4_U_70dd2ea1f6_Utterance_1,pa nali pa kona pemene anagona pakati pa zomera zosayenera ndi maluwa a minga,Nyanja_NM_Spk4_U_70dd2ea1f6_Utterance_1_150_175.wav,9.875
NM,M,Spk4,U_70dd2ea1f6,150_175,Nyanja_NM_Spk4_U_70dd2ea1f6_Utterance_2,sindingakhale odabwa kuti angathe kuseka nndi ine pali nthawi ino,Nyanja_NM_Spk4_U_70dd2ea1f6_Utterance_2_150_175.wav,7.685
NM,M,Spk4,U_70dd2ea1f6,150_175,Nyanja_NM_Spk4_U_70dd2ea1f6_Utterance_3,iye anali pan'gono kuiwalako kuti cinali pafupi ndi poonekera,Nyanja_NM_Spk4_U_70dd2ea1f6_Utterance_3_150_175.wav,7.475
NM,M,Spk4,U_70dd2ea1f6,150_175,Nyanja_NM_Spk4_U_70dd2ea1f6_Utterance_4,azibambo nonsenu bwelerani  ku maalo kumene mukugwirira nchito pamene saint aigani ndi villeroy anali kupita,Nyanja_NM_Spk4_U_70dd2ea1f6_Utterance_4_150_175.wav,11.915
NM,M,Spk4,U_70dd2ea1f6,150_175,Nyanja_NM_Spk4_U_70dd2ea1f6_Utterance_5,momwemo sire koma ndiyenera kukhala ndi ndalama zocitila zomwezo,Nyanja_NM_Spk4_U_70dd2ea1f6_Utterance_5_150_175.wav,7.685
NM,M,Spk4,U_70dd2ea1f6,150_175,Nyanja_NM_Spk4_U_70dd2ea1f6_Utterance_6,ici ciyenera kupita patali mukulekatsa atumwi aboza  kulankhula,Nyanja_NM_Spk4_U_70dd2ea1f6_Utterance_6_150_175.wav,8.975
NM,M,Spk4,U_70dd2ea1f6,150_175,Nyanja_NM_Spk4_U_70dd2ea1f6_Utterance_7,uyu ndiye amene anacita zosayenera kulingana ndi nkhani yothawa,Nyanja_NM_Spk4_U_70dd2ea1f6_Utterance_7_150_175.wav,7.445
NM,M,Spk4,U_70dd2ea1f6,150_175,Nyanja_NM_Spk4_U_70dd2ea1f6_Utterance_8,ndinali kuganiza kuti mwina mlongo wanga kate mwina msuweni wanga maiko ali kunvana,Nyanja_NM_Spk4_U_70dd2ea1f6_Utterance_8_150_175.wav,11.735
NM,M,Spk4,U_70dd2ea1f6,150_175,Nyanja_NM_Spk4_U_70dd2ea1f6_Utterance_9,kodi ndi miyendo ya yani imene ili ngati miyenda ya phunzi pansi pace ngati manja ya muyayayaya,Nyanja_NM_Spk4_U_70dd2ea1f6_Utterance_9_150_175.wav,12.125
NM,M,Spk4,U_70dd2ea1f6,150_175,Nyanja_NM_Spk4_U_70dd2ea1f6_Utterance_10,kodi uganiza kuti mulungu cifukwa ca ma calichi otsutsa chalichi ya lutheran (a chikunja) ochepa angathe ku kaana ndi chalichi yake yonse,Nyanja_NM_Spk4_U_70dd2ea1f6_Utterance_10_150_175.wav,17.255
NM,M,Spk4,U_70dd2ea1f6,150_175,Nyanja_NM_Spk4_U_70dd2ea1f6_Utterance_11,anali kuyendayenda mozungulira mu cipinda cace,Nyanja_NM_Spk4_U_70dd2ea1f6_Utterance_11_150_175.wav,8.285
NM,M,Spk4,U_70dd2ea1f6,150_175,Nyanja_NM_Spk4_U_70dd2ea1f6_Utterance_12,m'cipinda muno ndi mothuma kwambiri kotero kuti sitingathe kuimbiramo kodi simuli kunva kuthumako,Nyanja_NM_Spk4_U_70dd2ea1f6_Utterance_12_150_175.wav,11.345
NM,M,Spk4,U_70dd2ea1f6,150_175,Nyanja_NM_Spk4_U_70dd2ea1f6_Utterance_13,kulingana ndi kukhulupilira kwanga iwowa anatengedwa,Nyanja_NM_Spk4_U_70dd2ea1f6_Utterance_13_150_175.wav,6.62
NM,M,Spk4,U_70dd2ea1f6,150_175,Nyanja_NM_Spk4_U_70dd2ea1f6_Utterance_14,alexanda anapita namsegulira dzenera,Nyanja_NM_Spk4_U_70dd2ea1f6_Utterance_14_150_175.wav,5.45
NM,M,Spk4,U_70dd2ea1f6,150_175,Nyanja_NM_Spk4_U_70dd2ea1f6_Utterance_15,kodi ndi ciani cingacitike ku mfuti yako nitakutenga mwakamkole,Nyanja_NM_Spk4_U_70dd2ea1f6_Utterance_15_150_175.wav,9.47
NM,M,Spk4,U_70dd2ea1f6,150_175,Nyanja_NM_Spk4_U_70dd2ea1f6_Utterance_16,nthaka singaleke kulingana mumaonekedwe ndi ndende,Nyanja_NM_Spk4_U_70dd2ea1f6_Utterance_16_150_175.wav,7.55
NM,M,Spk4,U_70dd2ea1f6,150_175,Nyanja_NM_Spk4_U_70dd2ea1f6_Utterance_17,margaret bolton anali pafupi kutaya mwapa nthawi yocepa mkhalidwe wace woleza mtima,Nyanja_NM_Spk4_U_70dd2ea1f6_Utterance_17_150_175.wav,9.785
NM,M,Spk4,U_70dd2ea1f6,150_175,Nyanja_NM_Spk4_U_70dd2ea1f6_Utterance_18,atchison amene anali kulankhula ndi gulu ya ocita ciwawa mwapatali anaika mfuti zace ziwiri ndi kuwaphunzitsa pa zimenezo,Nyanja_NM_Spk4_U_70dd2ea1f6_Utterance_18_150_175.wav,12.785
NM,M,Spk4,U_70dd2ea1f6,150_175,Nyanja_NM_Spk4_U_70dd2ea1f6_Utterance_19,koma ndinakhala mu nyengo ya masika ndipo ndinakonzanso  bwato,Nyanja_NM_Spk4_U_70dd2ea1f6_Utterance_19_150_175.wav,8.975
NM,M,Spk4,U_70dd2ea1f6,150_175,Nyanja_NM_Spk4_U_70dd2ea1f6_Utterance_20,usade nkhawa nazo pali lero anatero kapitawo tizalankhuzana pa izo nthawi ina,Nyanja_NM_Spk4_U_70dd2ea1f6_Utterance_20_150_175.wav,10.865
NM,M,Spk4,U_70dd2ea1f6,150_175,Nyanja_NM_Spk4_U_70dd2ea1f6_Utterance_21,ai lekani iyeyo abwere nayenso anatero mopempha ndikonda kwambiri kumuona pafupi ndi nyumba yakale ija,Nyanja_NM_Spk4_U_70dd2ea1f6_Utterance_21_150_175.wav,11.99
NM,M,Spk4,U_70dd2ea1f6,150_175,Nyanja_NM_Spk4_U_70dd2ea1f6_Utterance_22,kumapeto kwace anawatulukamo na pukuta kumaso kwace mwamphanvu,Nyanja_NM_Spk4_U_70dd2ea1f6_Utterance_22_150_175.wav,9.98
NM,M,Spk4,U_70dd2ea1f6,150_175,Nyanja_NM_Spk4_U_70dd2ea1f6_Utterance_23,usayesa ndi kuganizira pang'ono kuti mwina sukulu ya ci gothic ndiyopusa/ndiyopweeka,Nyanja_NM_Spk4_U_70dd2ea1f6_Utterance_23_150_175.wav,9.395
NM,M,Spk4,U_70dd2ea1f6,150_175,Nyanja_NM_Spk4_U_70dd2ea1f6_Utterance_24,pangopita cabe masabata awiri ndipo ndakhalako kwa ka nthawi ndithu,Nyanja_NM_Spk4_U_70dd2ea1f6_Utterance_24_150_175.wav,8.3
NM,M,Spk4,U_70dd2ea1f6,150_175,Nyanja_NM_Spk4_U_70dd2ea1f6_Utterance_25,koma ndinena kuti ndiyenera kupatsidwa njedza wanga pasanapite nthawi,Nyanja_NM_Spk4_U_70dd2ea1f6_Utterance_25_150_175.wav,9.71
NM,M,Spk4,U_70dd2ea1f6,175_200,Nyanja_NM_Spk4_U_70dd2ea1f6_Utterance_1,pa mpando mu kona pataliko panali anthu owerengeka ali ataungikana pamodzi,Nyanja_NM_Spk4_U_70dd2ea1f6_Utterance_1_175_200.wav,9.71
NM,M,Spk4,U_70dd2ea1f6,175_200,Nyanja_NM_Spk4_U_70dd2ea1f6_Utterance_2,ngakhale zinali tero ndinali ntango bwelera ku ulendo wautali ntatopa ndiponso ndili ofuna kupuuma konenetsa,Nyanja_NM_Spk4_U_70dd2ea1f6_Utterance_2_175_200.wav,13.385
NM,M,Spk4,U_70dd2ea1f6,175_200,Nyanja_NM_Spk4_U_70dd2ea1f6_Utterance_3,ka dzuwa kowalako ndi kuunika uku ndizokongola ndipo zoyenerera zonvera zathu za mthupi,Nyanja_NM_Spk4_U_70dd2ea1f6_Utterance_3_175_200.wav,11.765
NM,M,Spk4,U_70dd2ea1f6,175_200,Nyanja_NM_Spk4_U_70dd2ea1f6_Utterance_4,sindiganiza kuti  kuyerekedza kotero ndi kololedwa,Nyanja_NM_Spk4_U_70dd2ea1f6_Utterance_4_175_200.wav,7.34
NM,M,Spk4,U_70dd2ea1f6,175_200,Nyanja_NM_Spk4_U_70dd2ea1f6_Utterance_5,motero maonekedwe ace zingathe kubisa umboni wa mantha manja awa anasimba nkhani ina,Nyanja_NM_Spk4_U_70dd2ea1f6_Utterance_5_175_200.wav,10.865
NM,M,Spk4,U_70dd2ea1f6,175_200,Nyanja_NM_Spk4_U_70dd2ea1f6_Utterance_6,aoneka ngati tatsowa koma sindikutsimikidza,Nyanja_NM_Spk4_U_70dd2ea1f6_Utterance_6_175_200.wav,6.68
NM,M,Spk4,U_70dd2ea1f6,175_200,Nyanja_NM_Spk4_U_70dd2ea1f6_Utterance_7,anali ndi zoganiza zina zobvuta khilisimisi imeneyi,Nyanja_NM_Spk4_U_70dd2ea1f6_Utterance_7_175_200.wav,7.235
NM,M,Spk4,U_70dd2ea1f6,175_200,Nyanja_NM_Spk4_U_70dd2ea1f6_Utterance_8,ali ndi mwana wa cinyamata kawalala ndi mwana wacikazi njala,Nyanja_NM_Spk4_U_70dd2ea1f6_Utterance_8_175_200.wav,6.275
NM,M,Spk4,U_70dd2ea1f6,175_200,Nyanja_NM_Spk4_U_70dd2ea1f6_Utterance_9,zocitika zinazace za mu ukapolo wa dziko lanu zili mkati mwa kudziwab kwa olamulila anu,Nyanja_NM_Spk4_U_70dd2ea1f6_Utterance_9_175_200.wav,12.125
NM,M,Spk4,U_70dd2ea1f6,175_200,Nyanja_NM_Spk4_U_70dd2ea1f6_Utterance_10,bwana monceux ogwira ncito ku ndende anakwiya kopotsa ataudzidwa za cipolowe cimene cinacitika,Nyanja_NM_Spk4_U_70dd2ea1f6_Utterance_10_175_200.wav,11.795
NM,M,Spk4,U_70dd2ea1f6,175_200,Nyanja_NM_Spk4_U_70dd2ea1f6_Utterance_11,tsopano khalani ziii pa umoyo wanu iye anayamba kulankhula koma amene anali kuphunzitsidwa nchito wogwidwa anayamba ku fuula mokuuwa,Nyanja_NM_Spk4_U_70dd2ea1f6_Utterance_11_175_200.wav,14.495
NM,M,Spk4,U_70dd2ea1f6,175_200,Nyanja_NM_Spk4_U_70dd2ea1f6_Utterance_12,ndinasinya ndondomeko ya zoyenera kucitidwa poyendetsa nyama zanga ndi zomela zouma pa sitima kupita ku paris mu dziko la france,Nyanja_NM_Spk4_U_70dd2ea1f6_Utterance_12_175_200.wav,13.895
NM,M,Spk4,U_70dd2ea1f6,175_200,Nyanja_NM_Spk4_U_70dd2ea1f6_Utterance_13,koma muli nkhani yocotsedwa mu turner uli ndi ziphunzitso zaphindu ziwiri zimene zabweretsedwa /zaphunzitsidwa bwino kopotsa,Nyanja_NM_Spk4_U_70dd2ea1f6_Utterance_13_175_200.wav,11.885
NM,M,Spk4,U_70dd2ea1f6,175_200,Nyanja_NM_Spk4_U_70dd2ea1f6_Utterance_14,kadyedwa kamatengako mbali kwambiri mu makhalidwe a m'mizinda kopotsa mu maiko,Nyanja_NM_Spk4_U_70dd2ea1f6_Utterance_14_175_200.wav,9.845
NM,M,Spk4,U_70dd2ea1f6,175_200,Nyanja_NM_Spk4_U_70dd2ea1f6_Utterance_15,will anawelewetsa robin alikusegula citseko nafunsa kodi mwakonzekera,Nyanja_NM_Spk4_U_70dd2ea1f6_Utterance_15_175_200.wav,9.215
NM,M,Spk4,U_70dd2ea1f6,175_200,Nyanja_NM_Spk4_U_70dd2ea1f6_Utterance_16,atagundidwa mwapang'ono ndi mnyamata wa mtali uja mu mpandao kumbuyo kunapangisa stefani kuti afunse funso yobvuta kuyankha,Nyanja_NM_Spk4_U_70dd2ea1f6_Utterance_16_175_200.wav,15.14
NM,M,Spk4,U_70dd2ea1f6,175_200,Nyanja_NM_Spk4_U_70dd2ea1f6_Utterance_17,ndinalota ciloto coipa pa iye usiku wathau,Nyanja_NM_Spk4_U_70dd2ea1f6_Utterance_17_175_200.wav,6.725
NM,M,Spk4,U_70dd2ea1f6,175_200,Nyanja_NM_Spk4_U_70dd2ea1f6_Utterance_18,khala pansi anatero gates ndi mau okondwera ndi abwino pali mpando wokhalapo pano,Nyanja_NM_Spk4_U_70dd2ea1f6_Utterance_18_175_200.wav,10.37
NM,M,Spk4,U_70dd2ea1f6,175_200,Nyanja_NM_Spk4_U_70dd2ea1f6_Utterance_19,iwo analandilidwa mu kaofesi kakang'ono ndi mzibambo ocedwa marham amene anali kaidi wa mundende,Nyanja_NM_Spk4_U_70dd2ea1f6_Utterance_19_175_200.wav,12.44
NM,M,Spk4,U_70dd2ea1f6,175_200,Nyanja_NM_Spk4_U_70dd2ea1f6_Utterance_20,mai griffin mwinamwace anaonetsa kufuna kwa kuunika moongezera,Nyanja_NM_Spk4_U_70dd2ea1f6_Utterance_20_175_200.wav,7.445
NM,M,Spk4,U_70dd2ea1f6,175_200,Nyanja_NM_Spk4_U_70dd2ea1f6_Utterance_21,mfumu yohane akutulusa moika ndudu za golide kucookera ku dzanja yace ya manzere mu thumba ya pamwamba khoti yace,Nyanja_NM_Spk4_U_70dd2ea1f6_Utterance_21_175_200.wav,13.265
NM,M,Spk4,U_70dd2ea1f6,175_200,Nyanja_NM_Spk4_U_70dd2ea1f6_Utterance_22,anali mnyamata wa mkulu kotero kuti anabvara nsapata za ma buti zazitali atanyamula mpeni wa jaki,Nyanja_NM_Spk4_U_70dd2ea1f6_Utterance_22_175_200.wav,13.16
NM,M,Spk4,U_70dd2ea1f6,175_200,Nyanja_NM_Spk4_U_70dd2ea1f6_Utterance_23,mwezi owala ndi odzidzila unali kuwala ndi kuunika kowala ndi zithunzi-thunzi,Nyanja_NM_Spk4_U_70dd2ea1f6_Utterance_23_175_200.wav,10.025
NM,M,Spk4,U_70dd2ea1f6,175_200,Nyanja_NM_Spk4_U_70dd2ea1f6_Utterance_24,iwo anatenganso nyumba yao tsopano kopanda kusokoneza mtendre wa pa nyumba ya gamewell,Nyanja_NM_Spk4_U_70dd2ea1f6_Utterance_24_175_200.wav,10.835
NM,M,Spk4,U_70dd2ea1f6,175_200,Nyanja_NM_Spk4_U_70dd2ea1f6_Utterance_25,paulo anayankha munthu omwe dzina lace ndi yesu kristu ndiponso mwana wa mulungu anadzipereka  yekha cifukwa ca macimo athu,Nyanja_NM_Spk4_U_70dd2ea1f6_Utterance_25_175_200.wav,12.425
NM,M,Spk4,U_3887d3440a,150_175,Nyanja_NM_Spk4_U_3887d3440a_Utterance_1,pa nali pa kona pemene anagona pakati pa zomera zosayenera ndi maluwa a minga,Nyanja_NM_Spk4_U_3887d3440a_Utterance_1_150_175.wav,11.345
NM,M,Spk4,U_3887d3440a,150_175,Nyanja_NM_Spk4_U_3887d3440a_Utterance_2,sindingakhale odabwa kuti angathe kuseka nndi ine pali nthawi ino,Nyanja_NM_Spk4_U_3887d3440a_Utterance_2_150_175.wav,7.384
NM,M,Spk4,U_3887d3440a,150_175,Nyanja_NM_Spk4_U_3887d3440a_Utterance_3,iye anali pan'gono kuiwalako kuti cinali pafupi ndi poonekera,Nyanja_NM_Spk4_U_3887d3440a_Utterance_3_150_175.wav,9.021
NM,M,Spk4,U_3887d3440a,150_175,Nyanja_NM_Spk4_U_3887d3440a_Utterance_4,azibambo nonsenu bwelerani  ku maalo kumene mukugwirira nchito pamene saint aigani ndi villeroy anali kupita,Nyanja_NM_Spk4_U_3887d3440a_Utterance_4_150_175.wav,15.174
NM,M,Spk4,U_3887d3440a,150_175,Nyanja_NM_Spk4_U_3887d3440a_Utterance_5,momwemo sire koma ndiyenera kukhala ndi ndalama zocitila zomwezo,Nyanja_NM_Spk4_U_3887d3440a_Utterance_5_150_175.wav,10.043
NM,M,Spk4,U_3887d3440a,150_175,Nyanja_NM_Spk4_U_3887d3440a_Utterance_6,ici ciyenera kupita patali mukulekatsa atumwi aboza  kulankhula,Nyanja_NM_Spk4_U_3887d3440a_Utterance_6_150_175.wav,8.15
NM,M,Spk4,U_3887d3440a,150_175,Nyanja_NM_Spk4_U_3887d3440a_Utterance_7,uyu ndiye amene anacita zosayenera kulingana ndi nkhani yothawa,Nyanja_NM_Spk4_U_3887d3440a_Utterance_7_150_175.wav,8.96
NM,M,Spk4,U_3887d3440a,150_175,Nyanja_NM_Spk4_U_3887d3440a_Utterance_8,ndinali kuganiza kuti mwina mlongo wanga kate mwina msuweni wanga maiko ali kunvana,Nyanja_NM_Spk4_U_3887d3440a_Utterance_8_150_175.wav,12.86
NM,M,Spk4,U_3887d3440a,150_175,Nyanja_NM_Spk4_U_3887d3440a_Utterance_9,kodi ndi miyendo ya yani imene ili ngati miyenda ya phunzi pansi pace ngati manja ya muyayayaya,Nyanja_NM_Spk4_U_3887d3440a_Utterance_9_150_175.wav,16.04
NM,M,Spk4,U_3887d3440a,150_175,Nyanja_NM_Spk4_U_3887d3440a_Utterance_10,kodi uganiza kuti mulungu cifukwa ca ma calichi otsutsa chalichi ya lutheran (a chikunja) ochepa angathe ku kaana ndi chalichi yake yonse,Nyanja_NM_Spk4_U_3887d3440a_Utterance_10_150_175.wav,6.14
NM,M,Spk4,U_3887d3440a,150_175,Nyanja_NM_Spk4_U_3887d3440a_Utterance_11,anali kuyendayenda mozungulira mu cipinda cace,Nyanja_NM_Spk4_U_3887d3440a_Utterance_11_150_175.wav,6.35
NM,M,Spk4,U_3887d3440a,150_175,Nyanja_NM_Spk4_U_3887d3440a_Utterance_12,m'cipinda muno ndi mothuma kwambiri kotero kuti sitingathe kuimbiramo kodi simuli kunva kuthumako,Nyanja_NM_Spk4_U_3887d3440a_Utterance_12_150_175.wav,18.755
NM,M,Spk4,U_3887d3440a,150_175,Nyanja_NM_Spk4_U_3887d3440a_Utterance_13,kulingana ndi kukhulupilira kwanga iwowa anatengedwa,Nyanja_NM_Spk4_U_3887d3440a_Utterance_13_150_175.wav,8.089
NM,M,Spk4,U_3887d3440a,150_175,Nyanja_NM_Spk4_U_3887d3440a_Utterance_14,alexanda anapita namsegulira dzenera,Nyanja_NM_Spk4_U_3887d3440a_Utterance_14_150_175.wav,6.67
NM,M,Spk4,U_3887d3440a,150_175,Nyanja_NM_Spk4_U_3887d3440a_Utterance_15,kodi ndi ciani cingacitike ku mfuti yako nitakutenga mwakamkole,Nyanja_NM_Spk4_U_3887d3440a_Utterance_15_150_175.wav,11.563
NM,M,Spk4,U_3887d3440a,150_175,Nyanja_NM_Spk4_U_3887d3440a_Utterance_16,nthaka singaleke kulingana mumaonekedwe ndi ndende,Nyanja_NM_Spk4_U_3887d3440a_Utterance_16_150_175.wav,6.803
NM,M,Spk4,U_3887d3440a,150_175,Nyanja_NM_Spk4_U_3887d3440a_Utterance_17,margaret bolton anali pafupi kutaya mwapa nthawi yocepa mkhalidwe wace woleza mtima,Nyanja_NM_Spk4_U_3887d3440a_Utterance_17_150_175.wav,15.605
NM,M,Spk4,U_3887d3440a,150_175,Nyanja_NM_Spk4_U_3887d3440a_Utterance_18,atchison amene anali kulankhula ndi gulu ya ocita ciwawa mwapatali anaika mfuti zace ziwiri ndi kuwaphunzitsa pa zimenezo,Nyanja_NM_Spk4_U_3887d3440a_Utterance_18_150_175.wav,4.445
NM,M,Spk4,U_3887d3440a,150_175,Nyanja_NM_Spk4_U_3887d3440a_Utterance_19,koma ndinakhala mu nyengo ya masika ndipo ndinakonzanso  bwato,Nyanja_NM_Spk4_U_3887d3440a_Utterance_19_150_175.wav,11.482
NM,M,Spk4,U_3887d3440a,150_175,Nyanja_NM_Spk4_U_3887d3440a_Utterance_20,usade nkhawa nazo pali lero anatero kapitawo tizalankhuzana pa izo nthawi ina,Nyanja_NM_Spk4_U_3887d3440a_Utterance_20_150_175.wav,17.915
NM,M,Spk4,U_3887d3440a,150_175,Nyanja_NM_Spk4_U_3887d3440a_Utterance_21,ai lekani iyeyo abwere nayenso anatero mopempha ndikonda kwambiri kumuona pafupi ndi nyumba yakale ija,Nyanja_NM_Spk4_U_3887d3440a_Utterance_21_150_175.wav,17.915
NM,M,Spk4,U_3887d3440a,150_175,Nyanja_NM_Spk4_U_3887d3440a_Utterance_22,kumapeto kwace anawatulukamo na pukuta kumaso kwace mwamphanvu,Nyanja_NM_Spk4_U_3887d3440a_Utterance_22_150_175.wav,14.385
NM,M,Spk4,U_3887d3440a,150_175,Nyanja_NM_Spk4_U_3887d3440a_Utterance_23,usayesa ndi kuganizira pang'ono kuti mwina sukulu ya ci gothic ndiyopusa/ndiyopweeka,Nyanja_NM_Spk4_U_3887d3440a_Utterance_23_150_175.wav,18.02
NM,M,Spk4,U_3887d3440a,150_175,Nyanja_NM_Spk4_U_3887d3440a_Utterance_24,pangopita cabe masabata awiri ndipo ndakhalako kwa ka nthawi ndithu,Nyanja_NM_Spk4_U_3887d3440a_Utterance_24_150_175.wav,14.12
NM,M,Spk4,U_3887d3440a,150_175,Nyanja_NM_Spk4_U_3887d3440a_Utterance_25,koma ndinena kuti ndiyenera kupatsidwa njedza wanga pasanapite nthawi,Nyanja_NM_Spk4_U_3887d3440a_Utterance_25_150_175.wav,15.65
NM,M,Spk4,U_3887d3440a,175_200,Nyanja_NM_Spk4_U_3887d3440a_Utterance_1,pa mpando mu kona pataliko panali anthu owerengeka ali ataungikana pamodzi,Nyanja_NM_Spk4_U_3887d3440a_Utterance_1_175_200.wav,12.841
NM,M,Spk4,U_3887d3440a,175_200,Nyanja_NM_Spk4_U_3887d3440a_Utterance_2,ngakhale zinali tero ndinali ntango bwelera ku ulendo wautali ntatopa ndiponso ndili ofuna kupuuma konenetsa,Nyanja_NM_Spk4_U_3887d3440a_Utterance_2_175_200.wav,21.07
NM,M,Spk4,U_3887d3440a,175_200,Nyanja_NM_Spk4_U_3887d3440a_Utterance_3,ka dzuwa kowalako ndi kuunika uku ndizokongola ndipo zoyenerera zonvera zathu za mthupi,Nyanja_NM_Spk4_U_3887d3440a_Utterance_3_175_200.wav,16.797
NM,M,Spk4,U_3887d3440a,175_200,Nyanja_NM_Spk4_U_3887d3440a_Utterance_4,sindiganiza kuti  kuyerekedza kotero ndi kololedwa,Nyanja_NM_Spk4_U_3887d3440a_Utterance_4_175_200.wav,9.404
NM,M,Spk4,U_3887d3440a,175_200,Nyanja_NM_Spk4_U_3887d3440a_Utterance_5,motero maonekedwe ace zingathe kubisa umboni wa mantha manja awa anasimba nkhani ina,Nyanja_NM_Spk4_U_3887d3440a_Utterance_5_175_200.wav,16.08
NM,M,Spk4,U_3887d3440a,175_200,Nyanja_NM_Spk4_U_3887d3440a_Utterance_6,aoneka ngati tatsowa koma sindikutsimikidza,Nyanja_NM_Spk4_U_3887d3440a_Utterance_6_175_200.wav,8.875
NM,M,Spk4,U_3887d3440a,175_200,Nyanja_NM_Spk4_U_3887d3440a_Utterance_7,anali ndi zoganiza zina zobvuta khilisimisi imeneyi,Nyanja_NM_Spk4_U_3887d3440a_Utterance_7_175_200.wav,9.137
NM,M,Spk4,U_3887d3440a,175_200,Nyanja_NM_Spk4_U_3887d3440a_Utterance_8,ali ndi mwana wa cinyamata kawalala ndi mwana wacikazi njala,Nyanja_NM_Spk4_U_3887d3440a_Utterance_8_175_200.wav,9.253
NM,M,Spk4,U_3887d3440a,175_200,Nyanja_NM_Spk4_U_3887d3440a_Utterance_9,zocitika zinazace za mu ukapolo wa dziko lanu zili mkati mwa kudziwab kwa olamulila anu,Nyanja_NM_Spk4_U_3887d3440a_Utterance_9_175_200.wav,19.31
NM,M,Spk4,U_3887d3440a,175_200,Nyanja_NM_Spk4_U_3887d3440a_Utterance_10,bwana monceux ogwira ncito ku ndende anakwiya kopotsa ataudzidwa za cipolowe cimene cinacitika,Nyanja_NM_Spk4_U_3887d3440a_Utterance_10_175_200.wav,18.355
NM,M,Spk4,U_3887d3440a,175_200,Nyanja_NM_Spk4_U_3887d3440a_Utterance_11,tsopano khalani ziii pa umoyo wanu iye anayamba kulankhula koma amene anali kuphunzitsidwa nchito wogwidwa anayamba ku fuula mokuuwa,Nyanja_NM_Spk4_U_3887d3440a_Utterance_11_175_200.wav,23.96
NM,M,Spk4,U_3887d3440a,175_200,Nyanja_NM_Spk4_U_3887d3440a_Utterance_12,ndinasinya ndondomeko ya zoyenera kucitidwa poyendetsa nyama zanga ndi zomela zouma pa sitima kupita ku paris mu dziko la france,Nyanja_NM_Spk4_U_3887d3440a_Utterance_12_175_200.wav,22.955
NM,M,Spk4,U_3887d3440a,175_200,Nyanja_NM_Spk4_U_3887d3440a_Utterance_13,koma muli nkhani yocotsedwa mu turner uli ndi ziphunzitso zaphindu ziwiri zimene zabweretsedwa /zaphunzitsidwa bwino kopotsa,Nyanja_NM_Spk4_U_3887d3440a_Utterance_13_175_200.wav,26.84
NM,M,Spk4,U_3887d3440a,175_200,Nyanja_NM_Spk4_U_3887d3440a_Utterance_14,kadyedwa kamatengako mbali kwambiri mu makhalidwe a m'mizinda kopotsa mu maiko,Nyanja_NM_Spk4_U_3887d3440a_Utterance_14_175_200.wav,15.43
NM,M,Spk4,U_3887d3440a,175_200,Nyanja_NM_Spk4_U_3887d3440a_Utterance_15,will anawelewetsa robin alikusegula citseko nafunsa kodi mwakonzekera,Nyanja_NM_Spk4_U_3887d3440a_Utterance_15_175_200.wav,14.668
NM,M,Spk4,U_3887d3440a,175_200,Nyanja_NM_Spk4_U_3887d3440a_Utterance_16,atagundidwa mwapang'ono ndi mnyamata wa mtali uja mu mpandao kumbuyo kunapangisa stefani kuti afunse funso yobvuta kuyankha,Nyanja_NM_Spk4_U_3887d3440a_Utterance_16_175_200.wav,9.08
NM,M,Spk4,U_3887d3440a,175_200,Nyanja_NM_Spk4_U_3887d3440a_Utterance_17,ndinalota ciloto coipa pa iye usiku wathau,Nyanja_NM_Spk4_U_3887d3440a_Utterance_17_175_200.wav,9.659
NM,M,Spk4,U_3887d3440a,175_200,Nyanja_NM_Spk4_U_3887d3440a_Utterance_18,khala pansi anatero gates ndi mau okondwera ndi abwino pali mpando wokhalapo pano,Nyanja_NM_Spk4_U_3887d3440a_Utterance_18_175_200.wav,16.951
NM,M,Spk4,U_3887d3440a,175_200,Nyanja_NM_Spk4_U_3887d3440a_Utterance_19,iwo analandilidwa mu kaofesi kakang'ono ndi mzibambo ocedwa marham amene anali kaidi wa mundende,Nyanja_NM_Spk4_U_3887d3440a_Utterance_19_175_200.wav,21.065
NM,M,Spk4,U_3887d3440a,175_200,Nyanja_NM_Spk4_U_3887d3440a_Utterance_20,mai griffin mwinamwace anaonetsa kufuna kwa kuunika moongezera,Nyanja_NM_Spk4_U_3887d3440a_Utterance_20_175_200.wav,11.9
NM,M,Spk4,U_3887d3440a,175_200,Nyanja_NM_Spk4_U_3887d3440a_Utterance_21,mfumu yohane akutulusa moika ndudu za golide kucookera ku dzanja yace ya manzere mu thumba ya pamwamba khoti yace,Nyanja_NM_Spk4_U_3887d3440a_Utterance_21_175_200.wav,28.865
NM,M,Spk4,U_3887d3440a,175_200,Nyanja_NM_Spk4_U_3887d3440a_Utterance_22,anali mnyamata wa mkulu kotero kuti anabvara nsapata za ma buti zazitali atanyamula mpeni wa jaki,Nyanja_NM_Spk4_U_3887d3440a_Utterance_22_175_200.wav,21.281
NM,M,Spk4,U_3887d3440a,175_200,Nyanja_NM_Spk4_U_3887d3440a_Utterance_23,mwezi owala ndi odzidzila unali kuwala ndi kuunika kowala ndi zithunzi-thunzi,Nyanja_NM_Spk4_U_3887d3440a_Utterance_23_175_200.wav,16.393
NM,M,Spk4,U_3887d3440a,175_200,Nyanja_NM_Spk4_U_3887d3440a_Utterance_24,iwo anatenganso nyumba yao tsopano kopanda kusokoneza mtendre wa pa nyumba ya gamewell,Nyanja_NM_Spk4_U_3887d3440a_Utterance_24_175_200.wav,18.611
NM,M,Spk4,U_3887d3440a,175_200,Nyanja_NM_Spk4_U_3887d3440a_Utterance_25,paulo anayankha munthu omwe dzina lace ndi yesu kristu ndiponso mwana wa mulungu anadzipereka  yekha cifukwa ca macimo athu,Nyanja_NM_Spk4_U_3887d3440a_Utterance_25_175_200.wav,26.255
NM,M,Spk4,U_a38180a971,150_175,Nyanja_NM_Spk4_U_a38180a971_Utterance_1,pa nali pa kona pemene anagona pakati pa zomera zosayenera ndi maluwa a minga,Nyanja_NM_Spk4_U_a38180a971_Utterance_1_150_175.wav,6.695
NM,M,Spk4,U_a38180a971,150_175,Nyanja_NM_Spk4_U_a38180a971_Utterance_2,sindingakhale odabwa kuti angathe kuseka nndi ine pali nthawi ino,Nyanja_NM_Spk4_U_a38180a971_Utterance_2_150_175.wav,5.435
NM,M,Spk4,U_a38180a971,150_175,Nyanja_NM_Spk4_U_a38180a971_Utterance_3,iye anali pan'gono kuiwalako kuti cinali pafupi ndi poonekera,Nyanja_NM_Spk4_U_a38180a971_Utterance_3_150_175.wav,5.33
NM,M,Spk4,U_a38180a971,150_175,Nyanja_NM_Spk4_U_a38180a971_Utterance_4,azibambo nonsenu bwelerani  ku maalo kumene mukugwirira nchito pamene saint aigani ndi villeroy anali kupita,Nyanja_NM_Spk4_U_a38180a971_Utterance_4_150_175.wav,10.775
NM,M,Spk4,U_a38180a971,150_175,Nyanja_NM_Spk4_U_a38180a971_Utterance_5,momwemo sire koma ndiyenera kukhala ndi ndalama zocitila zomwezo,Nyanja_NM_Spk4_U_a38180a971_Utterance_5_150_175.wav,6.095
NM,M,Spk4,U_a38180a971,150_175,Nyanja_NM_Spk4_U_a38180a971_Utterance_6,ici ciyenera kupita patali mukulekatsa atumwi aboza  kulankhula,Nyanja_NM_Spk4_U_a38180a971_Utterance_6_150_175.wav,6.395
NM,M,Spk4,U_a38180a971,150_175,Nyanja_NM_Spk4_U_a38180a971_Utterance_7,uyu ndiye amene anacita zosayenera kulingana ndi nkhani yothawa,Nyanja_NM_Spk4_U_a38180a971_Utterance_7_150_175.wav,5.255
NM,M,Spk4,U_a38180a971,150_175,Nyanja_NM_Spk4_U_a38180a971_Utterance_8,ndinali kuganiza kuti mwina mlongo wanga kate mwina msuweni wanga maiko ali kunvana,Nyanja_NM_Spk4_U_a38180a971_Utterance_8_150_175.wav,7.055
NM,M,Spk4,U_a38180a971,150_175,Nyanja_NM_Spk4_U_a38180a971_Utterance_9,kodi ndi miyendo ya yani imene ili ngati miyenda ya phunzi pansi pace ngati manja ya muyayayaya,Nyanja_NM_Spk4_U_a38180a971_Utterance_9_150_175.wav,10.07
NM,M,Spk4,U_a38180a971,150_175,Nyanja_NM_Spk4_U_a38180a971_Utterance_10,kodi uganiza kuti mulungu cifukwa ca ma calichi otsutsa chalichi ya lutheran (a chikunja) ochepa angathe ku kaana ndi chalichi yake yonse,Nyanja_NM_Spk4_U_a38180a971_Utterance_10_150_175.wav,10.955
NM,M,Spk4,U_a38180a971,150_175,Nyanja_NM_Spk4_U_a38180a971_Utterance_11,anali kuyendayenda mozungulira mu cipinda cace,Nyanja_NM_Spk4_U_a38180a971_Utterance_11_150_175.wav,3.515
NM,M,Spk4,U_a38180a971,150_175,Nyanja_NM_Spk4_U_a38180a971_Utterance_12,m'cipinda muno ndi mothuma kwambiri kotero kuti sitingathe kuimbiramo kodi simuli kunva kuthumako,Nyanja_NM_Spk4_U_a38180a971_Utterance_12_150_175.wav,8.57
NM,M,Spk4,U_a38180a971,150_175,Nyanja_NM_Spk4_U_a38180a971_Utterance_13,kulingana ndi kukhulupilira kwanga iwowa anatengedwa,Nyanja_NM_Spk4_U_a38180a971_Utterance_13_150_175.wav,5.705
NM,M,Spk4,U_a38180a971,150_175,Nyanja_NM_Spk4_U_a38180a971_Utterance_14,alexanda anapita namsegulira dzenera,Nyanja_NM_Spk4_U_a38180a971_Utterance_14_150_175.wav,2.975
NM,M,Spk4,U_a38180a971,150_175,Nyanja_NM_Spk4_U_a38180a971_Utterance_15,kodi ndi ciani cingacitike ku mfuti yako nitakutenga mwakamkole,Nyanja_NM_Spk4_U_a38180a971_Utterance_15_150_175.wav,7.265
NM,M,Spk4,U_a38180a971,150_175,Nyanja_NM_Spk4_U_a38180a971_Utterance_16,nthaka singaleke kulingana mumaonekedwe ndi ndende,Nyanja_NM_Spk4_U_a38180a971_Utterance_16_150_175.wav,5.63
NM,M,Spk4,U_a38180a971,150_175,Nyanja_NM_Spk4_U_a38180a971_Utterance_17,margaret bolton anali pafupi kutaya mwapa nthawi yocepa mkhalidwe wace woleza mtima,Nyanja_NM_Spk4_U_a38180a971_Utterance_17_150_175.wav,6.935
NM,M,Spk4,U_a38180a971,150_175,Nyanja_NM_Spk4_U_a38180a971_Utterance_18,atchison amene anali kulankhula ndi gulu ya ocita ciwawa mwapatali anaika mfuti zace ziwiri ndi kuwaphunzitsa pa zimenezo,Nyanja_NM_Spk4_U_a38180a971_Utterance_18_150_175.wav,11.24
NM,M,Spk4,U_a38180a971,150_175,Nyanja_NM_Spk4_U_a38180a971_Utterance_19,koma ndinakhala mu nyengo ya masika ndipo ndinakonzanso  bwato,Nyanja_NM_Spk4_U_a38180a971_Utterance_19_150_175.wav,5.66
NM,M,Spk4,U_a38180a971,150_175,Nyanja_NM_Spk4_U_a38180a971_Utterance_20,usade nkhawa nazo pali lero anatero kapitawo tizalankhuzana pa izo nthawi ina,Nyanja_NM_Spk4_U_a38180a971_Utterance_20_150_175.wav,8.435
NM,M,Spk4,U_a38180a971,150_175,Nyanja_NM_Spk4_U_a38180a971_Utterance_21,ai lekani iyeyo abwere nayenso anatero mopempha ndikonda kwambiri kumuona pafupi ndi nyumba yakale ija,Nyanja_NM_Spk4_U_a38180a971_Utterance_21_150_175.wav,8.39
NM,M,Spk4,U_a38180a971,150_175,Nyanja_NM_Spk4_U_a38180a971_Utterance_22,kumapeto kwace anawatulukamo na pukuta kumaso kwace mwamphanvu,Nyanja_NM_Spk4_U_a38180a971_Utterance_22_150_175.wav,6.125
NM,M,Spk4,U_a38180a971,150_175,Nyanja_NM_Spk4_U_a38180a971_Utterance_23,usayesa ndi kuganizira pang'ono kuti mwina sukulu ya ci gothic ndiyopusa/ndiyopweeka,Nyanja_NM_Spk4_U_a38180a971_Utterance_23_150_175.wav,5.45
NM,M,Spk4,U_a38180a971,150_175,Nyanja_NM_Spk4_U_a38180a971_Utterance_24,pangopita cabe masabata awiri ndipo ndakhalako kwa ka nthawi ndithu,Nyanja_NM_Spk4_U_a38180a971_Utterance_24_150_175.wav,5.915
NM,M,Spk4,U_a38180a971,150_175,Nyanja_NM_Spk4_U_a38180a971_Utterance_25,koma ndinena kuti ndiyenera kupatsidwa njedza wanga pasanapite nthawi,Nyanja_NM_Spk4_U_a38180a971_Utterance_25_150_175.wav,5.735
NM,M,Spk4,U_a38180a971,175_200,Nyanja_NM_Spk4_U_a38180a971_Utterance_1,pa mpando mu kona pataliko panali anthu owerengeka ali ataungikana pamodzi,Nyanja_NM_Spk4_U_a38180a971_Utterance_1_175_200.wav,6.995
NM,M,Spk4,U_a38180a971,175_200,Nyanja_NM_Spk4_U_a38180a971_Utterance_2,ngakhale zinali tero ndinali ntango bwelera ku ulendo wautali ntatopa ndiponso ndili ofuna kupuuma konenetsa,Nyanja_NM_Spk4_U_a38180a971_Utterance_2_175_200.wav,10.67
NM,M,Spk4,U_a38180a971,175_200,Nyanja_NM_Spk4_U_a38180a971_Utterance_3,ka dzuwa kowalako ndi kuunika uku ndizokongola ndipo zoyenerera zonvera zathu za mthupi,Nyanja_NM_Spk4_U_a38180a971_Utterance_3_175_200.wav,6.395
NM,M,Spk4,U_a38180a971,175_200,Nyanja_NM_Spk4_U_a38180a971_Utterance_4,sindiganiza kuti  kuyerekedza kotero ndi kololedwa,Nyanja_NM_Spk4_U_a38180a971_Utterance_4_175_200.wav,4.22
NM,M,Spk4,U_a38180a971,175_200,Nyanja_NM_Spk4_U_a38180a971_Utterance_5,motero maonekedwe ace zingathe kubisa umboni wa mantha manja awa anasimba nkhani ina,Nyanja_NM_Spk4_U_a38180a971_Utterance_5_175_200.wav,6.095
NM,M,Spk4,U_a38180a971,175_200,Nyanja_NM_Spk4_U_a38180a971_Utterance_6,aoneka ngati tatsowa koma sindikutsimikidza,Nyanja_NM_Spk4_U_a38180a971_Utterance_6_175_200.wav,3.305
NM,M,Spk4,U_a38180a971,175_200,Nyanja_NM_Spk4_U_a38180a971_Utterance_7,anali ndi zoganiza zina zobvuta khilisimisi imeneyi,Nyanja_NM_Spk4_U_a38180a971_Utterance_7_175_200.wav,3.905
NM,M,Spk4,U_a38180a971,175_200,Nyanja_NM_Spk4_U_a38180a971_Utterance_8,ali ndi mwana wa cinyamata kawalala ndi mwana wacikazi njala,Nyanja_NM_Spk4_U_a38180a971_Utterance_8_175_200.wav,4.25
NM,M,Spk4,U_a38180a971,175_200,Nyanja_NM_Spk4_U_a38180a971_Utterance_9,zocitika zinazace za mu ukapolo wa dziko lanu zili mkati mwa kudziwab kwa olamulila anu,Nyanja_NM_Spk4_U_a38180a971_Utterance_9_175_200.wav,6.74
NM,M,Spk4,U_a38180a971,175_200,Nyanja_NM_Spk4_U_a38180a971_Utterance_10,bwana monceux ogwira ncito ku ndende anakwiya kopotsa ataudzidwa za cipolowe cimene cinacitika,Nyanja_NM_Spk4_U_a38180a971_Utterance_10_175_200.wav,7.22
NM,M,Spk4,U_a38180a971,175_200,Nyanja_NM_Spk4_U_a38180a971_Utterance_11,tsopano khalani ziii pa umoyo wanu iye anayamba kulankhula koma amene anali kuphunzitsidwa nchito wogwidwa anayamba ku fuula mokuuwa,Nyanja_NM_Spk4_U_a38180a971_Utterance_11_175_200.wav,9.455
NM,M,Spk4,U_a38180a971,175_200,Nyanja_NM_Spk4_U_a38180a971_Utterance_12,ndinasinya ndondomeko ya zoyenera kucitidwa poyendetsa nyama zanga ndi zomela zouma pa sitima kupita ku paris mu dziko la france,Nyanja_NM_Spk4_U_a38180a971_Utterance_12_175_200.wav,10.055
NM,M,Spk4,U_a38180a971,175_200,Nyanja_NM_Spk4_U_a38180a971_Utterance_13,koma muli nkhani yocotsedwa mu turner uli ndi ziphunzitso zaphindu ziwiri zimene zabweretsedwa /zaphunzitsidwa bwino kopotsa,Nyanja_NM_Spk4_U_a38180a971_Utterance_13_175_200.wav,8.795
NM,M,Spk4,U_a38180a971,175_200,Nyanja_NM_Spk4_U_a38180a971_Utterance_14,kadyedwa kamatengako mbali kwambiri mu makhalidwe a m'mizinda kopotsa mu maiko,Nyanja_NM_Spk4_U_a38180a971_Utterance_14_175_200.wav,6.215
NM,M,Spk4,U_a38180a971,175_200,Nyanja_NM_Spk4_U_a38180a971_Utterance_15,will anawelewetsa robin alikusegula citseko nafunsa kodi mwakonzekera,Nyanja_NM_Spk4_U_a38180a971_Utterance_15_175_200.wav,4.955
NM,M,Spk4,U_a38180a971,175_200,Nyanja_NM_Spk4_U_a38180a971_Utterance_16,atagundidwa mwapang'ono ndi mnyamata wa mtali uja mu mpandao kumbuyo kunapangisa stefani kuti afunse funso yobvuta kuyankha,Nyanja_NM_Spk4_U_a38180a971_Utterance_16_175_200.wav,9.95
NM,M,Spk4,U_a38180a971,175_200,Nyanja_NM_Spk4_U_a38180a971_Utterance_17,ndinalota ciloto coipa pa iye usiku wathau,Nyanja_NM_Spk4_U_a38180a971_Utterance_17_175_200.wav,4.07
NM,M,Spk4,U_a38180a971,175_200,Nyanja_NM_Spk4_U_a38180a971_Utterance_18,khala pansi anatero gates ndi mau okondwera ndi abwino pali mpando wokhalapo pano,Nyanja_NM_Spk4_U_a38180a971_Utterance_18_175_200.wav,5.435
NM,M,Spk4,U_a38180a971,175_200,Nyanja_NM_Spk4_U_a38180a971_Utterance_19,iwo analandilidwa mu kaofesi kakang'ono ndi mzibambo ocedwa marham amene anali kaidi wa mundende,Nyanja_NM_Spk4_U_a38180a971_Utterance_19_175_200.wav,7.67
NM,M,Spk4,U_a38180a971,175_200,Nyanja_NM_Spk4_U_a38180a971_Utterance_20,mai griffin mwinamwace anaonetsa kufuna kwa kuunika moongezera,Nyanja_NM_Spk4_U_a38180a971_Utterance_20_175_200.wav,4.415
NM,M,Spk4,U_a38180a971,175_200,Nyanja_NM_Spk4_U_a38180a971_Utterance_21,mfumu yohane akutulusa moika ndudu za golide kucookera ku dzanja yace ya manzere mu thumba ya pamwamba khoti yace,Nyanja_NM_Spk4_U_a38180a971_Utterance_21_175_200.wav,8.57
NM,M,Spk4,U_a38180a971,175_200,Nyanja_NM_Spk4_U_a38180a971_Utterance_22,anali mnyamata wa mkulu kotero kuti anabvara nsapata za ma buti zazitali atanyamula mpeni wa jaki,Nyanja_NM_Spk4_U_a38180a971_Utterance_22_175_200.wav,8.045
NM,M,Spk4,U_a38180a971,175_200,Nyanja_NM_Spk4_U_a38180a971_Utterance_23,mwezi owala ndi odzidzila unali kuwala ndi kuunika kowala ndi zithunzi-thunzi,Nyanja_NM_Spk4_U_a38180a971_Utterance_23_175_200.wav,5.735
NM,M,Spk4,U_a38180a971,175_200,Nyanja_NM_Spk4_U_a38180a971_Utterance_24,iwo anatenganso nyumba yao tsopano kopanda kusokoneza mtendre wa pa nyumba ya gamewell,Nyanja_NM_Spk4_U_a38180a971_Utterance_24_175_200.wav,6.455
NM,M,Spk4,U_a38180a971,175_200,Nyanja_NM_Spk4_U_a38180a971_Utterance_25,paulo anayankha munthu omwe dzina lace ndi yesu kristu ndiponso mwana wa mulungu anadzipereka  yekha cifukwa ca macimo athu,Nyanja_NM_Spk4_U_a38180a971_Utterance_25_175_200.wav,8.18
NM,M,Spk4,U_aeb336b877,150_175,Nyanja_NM_Spk4_U_aeb336b877_Utterance_1,pa nali pa kona pemene anagona pakati pa zomera zosayenera ndi maluwa a minga,Nyanja_NM_Spk4_U_aeb336b877_Utterance_1_150_175.wav,9.5
NM,M,Spk4,U_aeb336b877,150_175,Nyanja_NM_Spk4_U_aeb336b877_Utterance_2,sindingakhale odabwa kuti angathe kuseka nndi ine pali nthawi ino,Nyanja_NM_Spk4_U_aeb336b877_Utterance_2_150_175.wav,9.125
NM,M,Spk4,U_aeb336b877,150_175,Nyanja_NM_Spk4_U_aeb336b877_Utterance_3,iye anali pan'gono kuiwalako kuti cinali pafupi ndi poonekera,Nyanja_NM_Spk4_U_aeb336b877_Utterance_3_150_175.wav,9.005
NM,M,Spk4,U_aeb336b877,150_175,Nyanja_NM_Spk4_U_aeb336b877_Utterance_4,azibambo nonsenu bwelerani  ku maalo kumene mukugwirira nchito pamene saint aigani ndi villeroy anali kupita,Nyanja_NM_Spk4_U_aeb336b877_Utterance_4_150_175.wav,12.395
NM,M,Spk4,U_aeb336b877,150_175,Nyanja_NM_Spk4_U_aeb336b877_Utterance_5,momwemo sire koma ndiyenera kukhala ndi ndalama zocitila zomwezo,Nyanja_NM_Spk4_U_aeb336b877_Utterance_5_150_175.wav,14.585
NM,M,Spk4,U_aeb336b877,150_175,Nyanja_NM_Spk4_U_aeb336b877_Utterance_6,ici ciyenera kupita patali mukulekatsa atumwi aboza  kulankhula,Nyanja_NM_Spk4_U_aeb336b877_Utterance_6_150_175.wav,15.305
NM,M,Spk4,U_aeb336b877,150_175,Nyanja_NM_Spk4_U_aeb336b877_Utterance_7,uyu ndiye amene anacita zosayenera kulingana ndi nkhani yothawa,Nyanja_NM_Spk4_U_aeb336b877_Utterance_7_150_175.wav,8.855
NM,M,Spk4,U_aeb336b877,150_175,Nyanja_NM_Spk4_U_aeb336b877_Utterance_8,ndinali kuganiza kuti mwina mlongo wanga kate mwina msuweni wanga maiko ali kunvana,Nyanja_NM_Spk4_U_aeb336b877_Utterance_8_150_175.wav,16.19
NM,M,Spk4,U_aeb336b877,150_175,Nyanja_NM_Spk4_U_aeb336b877_Utterance_9,kodi ndi miyendo ya yani imene ili ngati miyenda ya phunzi pansi pace ngati manja ya muyayayaya,Nyanja_NM_Spk4_U_aeb336b877_Utterance_9_150_175.wav,15.68
NM,M,Spk4,U_aeb336b877,150_175,Nyanja_NM_Spk4_U_aeb336b877_Utterance_10,kodi uganiza kuti mulungu cifukwa ca ma calichi otsutsa chalichi ya lutheran (a chikunja) ochepa angathe ku kaana ndi chalichi yake yonse,Nyanja_NM_Spk4_U_aeb336b877_Utterance_10_150_175.wav,23.03
NM,M,Spk4,U_aeb336b877,150_175,Nyanja_NM_Spk4_U_aeb336b877_Utterance_11,anali kuyendayenda mozungulira mu cipinda cace,Nyanja_NM_Spk4_U_aeb336b877_Utterance_11_150_175.wav,5.33
NM,M,Spk4,U_aeb336b877,150_175,Nyanja_NM_Spk4_U_aeb336b877_Utterance_12,m'cipinda muno ndi mothuma kwambiri kotero kuti sitingathe kuimbiramo kodi simuli kunva kuthumako,Nyanja_NM_Spk4_U_aeb336b877_Utterance_12_150_175.wav,14.81
NM,M,Spk4,U_aeb336b877,150_175,Nyanja_NM_Spk4_U_aeb336b877_Utterance_13,kulingana ndi kukhulupilira kwanga iwowa anatengedwa,Nyanja_NM_Spk4_U_aeb336b877_Utterance_13_150_175.wav,8.405
NM,M,Spk4,U_aeb336b877,150_175,Nyanja_NM_Spk4_U_aeb336b877_Utterance_14,alexanda anapita namsegulira dzenera,Nyanja_NM_Spk4_U_aeb336b877_Utterance_14_150_175.wav,7.67
NM,M,Spk4,U_aeb336b877,150_175,Nyanja_NM_Spk4_U_aeb336b877_Utterance_15,kodi ndi ciani cingacitike ku mfuti yako nitakutenga mwakamkole,Nyanja_NM_Spk4_U_aeb336b877_Utterance_15_150_175.wav,14.255
NM,M,Spk4,U_aeb336b877,150_175,Nyanja_NM_Spk4_U_aeb336b877_Utterance_16,nthaka singaleke kulingana mumaonekedwe ndi ndende,Nyanja_NM_Spk4_U_aeb336b877_Utterance_16_150_175.wav,6.8
NM,M,Spk4,U_aeb336b877,150_175,Nyanja_NM_Spk4_U_aeb336b877_Utterance_17,margaret bolton anali pafupi kutaya mwapa nthawi yocepa mkhalidwe wace woleza mtima,Nyanja_NM_Spk4_U_aeb336b877_Utterance_17_150_175.wav,13.505
NM,M,Spk4,U_aeb336b877,150_175,Nyanja_NM_Spk4_U_aeb336b877_Utterance_18,atchison amene anali kulankhula ndi gulu ya ocita ciwawa mwapatali anaika mfuti zace ziwiri ndi kuwaphunzitsa pa zimenezo,Nyanja_NM_Spk4_U_aeb336b877_Utterance_18_150_175.wav,18.943
NM,M,Spk4,U_aeb336b877,150_175,Nyanja_NM_Spk4_U_aeb336b877_Utterance_19,koma ndinakhala mu nyengo ya masika ndipo ndinakonzanso  bwato,Nyanja_NM_Spk4_U_aeb336b877_Utterance_19_150_175.wav,10.685
NM,M,Spk4,U_aeb336b877,150_175,Nyanja_NM_Spk4_U_aeb336b877_Utterance_20,usade nkhawa nazo pali lero anatero kapitawo tizalankhuzana pa izo nthawi ina,Nyanja_NM_Spk4_U_aeb336b877_Utterance_20_150_175.wav,18.185
NM,M,Spk4,U_aeb336b877,150_175,Nyanja_NM_Spk4_U_aeb336b877_Utterance_21,ai lekani iyeyo abwere nayenso anatero mopempha ndikonda kwambiri kumuona pafupi ndi nyumba yakale ija,Nyanja_NM_Spk4_U_aeb336b877_Utterance_21_150_175.wav,14.735
NM,M,Spk4,U_aeb336b877,150_175,Nyanja_NM_Spk4_U_aeb336b877_Utterance_22,kumapeto kwace anawatulukamo na pukuta kumaso kwace mwamphanvu,Nyanja_NM_Spk4_U_aeb336b877_Utterance_22_150_175.wav,8.63
NM,M,Spk4,U_aeb336b877,150_175,Nyanja_NM_Spk4_U_aeb336b877_Utterance_23,usayesa ndi kuganizira pang'ono kuti mwina sukulu ya ci gothic ndiyopusa/ndiyopweeka,Nyanja_NM_Spk4_U_aeb336b877_Utterance_23_150_175.wav,11.105
NM,M,Spk4,U_aeb336b877,150_175,Nyanja_NM_Spk4_U_aeb336b877_Utterance_24,pangopita cabe masabata awiri ndipo ndakhalako kwa ka nthawi ndithu,Nyanja_NM_Spk4_U_aeb336b877_Utterance_24_150_175.wav,10.085
NM,M,Spk4,U_aeb336b877,150_175,Nyanja_NM_Spk4_U_aeb336b877_Utterance_25,koma ndinena kuti ndiyenera kupatsidwa njedza wanga pasanapite nthawi,Nyanja_NM_Spk4_U_aeb336b877_Utterance_25_150_175.wav,10.64
NM,M,Spk4,U_aeb336b877,175_200,Nyanja_NM_Spk4_U_aeb336b877_Utterance_1,pa mpando mu kona pataliko panali anthu owerengeka ali ataungikana pamodzi,Nyanja_NM_Spk4_U_aeb336b877_Utterance_1_175_200.wav,15.2
NM,M,Spk4,U_aeb336b877,175_200,Nyanja_NM_Spk4_U_aeb336b877_Utterance_2,ngakhale zinali tero ndinali ntango bwelera ku ulendo wautali ntatopa ndiponso ndili ofuna kupuuma konenetsa,Nyanja_NM_Spk4_U_aeb336b877_Utterance_2_175_200.wav,19.4
NM,M,Spk4,U_aeb336b877,175_200,Nyanja_NM_Spk4_U_aeb336b877_Utterance_3,ka dzuwa kowalako ndi kuunika uku ndizokongola ndipo zoyenerera zonvera zathu za mthupi,Nyanja_NM_Spk4_U_aeb336b877_Utterance_3_175_200.wav,12.68
NM,M,Spk4,U_aeb336b877,175_200,Nyanja_NM_Spk4_U_aeb336b877_Utterance_4,sindiganiza kuti  kuyerekedza kotero ndi kololedwa,Nyanja_NM_Spk4_U_aeb336b877_Utterance_4_175_200.wav,8.645
NM,M,Spk4,U_aeb336b877,175_200,Nyanja_NM_Spk4_U_aeb336b877_Utterance_5,motero maonekedwe ace zingathe kubisa umboni wa mantha manja awa anasimba nkhani ina,Nyanja_NM_Spk4_U_aeb336b877_Utterance_5_175_200.wav,6.155
NM,M,Spk4,U_aeb336b877,175_200,Nyanja_NM_Spk4_U_aeb336b877_Utterance_6,aoneka ngati tatsowa koma sindikutsimikidza,Nyanja_NM_Spk4_U_aeb336b877_Utterance_6_175_200.wav,7.22
NM,M,Spk4,U_aeb336b877,175_200,Nyanja_NM_Spk4_U_aeb336b877_Utterance_7,anali ndi zoganiza zina zobvuta khilisimisi imeneyi,Nyanja_NM_Spk4_U_aeb336b877_Utterance_7_175_200.wav,14.3
NM,M,Spk4,U_aeb336b877,175_200,Nyanja_NM_Spk4_U_aeb336b877_Utterance_8,ali ndi mwana wa cinyamata kawalala ndi mwana wacikazi njala,Nyanja_NM_Spk4_U_aeb336b877_Utterance_8_175_200.wav,18.125
NM,M,Spk4,U_aeb336b877,175_200,Nyanja_NM_Spk4_U_aeb336b877_Utterance_9,zocitika zinazace za mu ukapolo wa dziko lanu zili mkati mwa kudziwab kwa olamulila anu,Nyanja_NM_Spk4_U_aeb336b877_Utterance_9_175_200.wav,17.735
NM,M,Spk4,U_aeb336b877,175_200,Nyanja_NM_Spk4_U_aeb336b877_Utterance_10,bwana monceux ogwira ncito ku ndende anakwiya kopotsa ataudzidwa za cipolowe cimene cinacitika,Nyanja_NM_Spk4_U_aeb336b877_Utterance_10_175_200.wav,18.785
NM,M,Spk4,U_aeb336b877,175_200,Nyanja_NM_Spk4_U_aeb336b877_Utterance_11,tsopano khalani ziii pa umoyo wanu iye anayamba kulankhula koma amene anali kuphunzitsidwa nchito wogwidwa anayamba ku fuula mokuuwa,Nyanja_NM_Spk4_U_aeb336b877_Utterance_11_175_200.wav,14.24
NM,M,Spk4,U_aeb336b877,175_200,Nyanja_NM_Spk4_U_aeb336b877_Utterance_12,ndinasinya ndondomeko ya zoyenera kucitidwa poyendetsa nyama zanga ndi zomela zouma pa sitima kupita ku paris mu dziko la france,Nyanja_NM_Spk4_U_aeb336b877_Utterance_12_175_200.wav,10.685
NM,M,Spk4,U_aeb336b877,175_200,Nyanja_NM_Spk4_U_aeb336b877_Utterance_13,koma muli nkhani yocotsedwa mu turner uli ndi ziphunzitso zaphindu ziwiri zimene zabweretsedwa /zaphunzitsidwa bwino kopotsa,Nyanja_NM_Spk4_U_aeb336b877_Utterance_13_175_200.wav,14.435
NM,M,Spk4,U_aeb336b877,175_200,Nyanja_NM_Spk4_U_aeb336b877_Utterance_14,kadyedwa kamatengako mbali kwambiri mu makhalidwe a m'mizinda kopotsa mu maiko,Nyanja_NM_Spk4_U_aeb336b877_Utterance_14_175_200.wav,20.0
NM,M,Spk4,U_aeb336b877,175_200,Nyanja_NM_Spk4_U_aeb336b877_Utterance_15,will anawelewetsa robin alikusegula citseko nafunsa kodi mwakonzekera,Nyanja_NM_Spk4_U_aeb336b877_Utterance_15_175_200.wav,10.055
NM,M,Spk4,U_aeb336b877,175_200,Nyanja_NM_Spk4_U_aeb336b877_Utterance_16,atagundidwa mwapang'ono ndi mnyamata wa mtali uja mu mpandao kumbuyo kunapangisa stefani kuti afunse funso yobvuta kuyankha,Nyanja_NM_Spk4_U_aeb336b877_Utterance_16_175_200.wav,10.715
NM,M,Spk4,U_aeb336b877,175_200,Nyanja_NM_Spk4_U_aeb336b877_Utterance_17,ndinalota ciloto coipa pa iye usiku wathau,Nyanja_NM_Spk4_U_aeb336b877_Utterance_17_175_200.wav,13.565
NM,M,Spk4,U_aeb336b877,175_200,Nyanja_NM_Spk4_U_aeb336b877_Utterance_18,khala pansi anatero gates ndi mau okondwera ndi abwino pali mpando wokhalapo pano,Nyanja_NM_Spk4_U_aeb336b877_Utterance_18_175_200.wav,7.445
NM,M,Spk4,U_aeb336b877,175_200,Nyanja_NM_Spk4_U_aeb336b877_Utterance_19,iwo analandilidwa mu kaofesi kakang'ono ndi mzibambo ocedwa marham amene anali kaidi wa mundende,Nyanja_NM_Spk4_U_aeb336b877_Utterance_19_175_200.wav,18.935
NM,M,Spk4,U_aeb336b877,175_200,Nyanja_NM_Spk4_U_aeb336b877_Utterance_20,mai griffin mwinamwace anaonetsa kufuna kwa kuunika moongezera,Nyanja_NM_Spk4_U_aeb336b877_Utterance_20_175_200.wav,17.405
NM,M,Spk4,U_aeb336b877,175_200,Nyanja_NM_Spk4_U_aeb336b877_Utterance_21,mfumu yohane akutulusa moika ndudu za golide kucookera ku dzanja yace ya manzere mu thumba ya pamwamba khoti yace,Nyanja_NM_Spk4_U_aeb336b877_Utterance_21_175_200.wav,12.005
NM,M,Spk4,U_aeb336b877,175_200,Nyanja_NM_Spk4_U_aeb336b877_Utterance_22,anali mnyamata wa mkulu kotero kuti anabvara nsapata za ma buti zazitali atanyamula mpeni wa jaki,Nyanja_NM_Spk4_U_aeb336b877_Utterance_22_175_200.wav,4.745
NM,M,Spk4,U_aeb336b877,175_200,Nyanja_NM_Spk4_U_aeb336b877_Utterance_23,mwezi owala ndi odzidzila unali kuwala ndi kuunika kowala ndi zithunzi-thunzi,Nyanja_NM_Spk4_U_aeb336b877_Utterance_23_175_200.wav,8.78
NM,M,Spk4,U_aeb336b877,175_200,Nyanja_NM_Spk4_U_aeb336b877_Utterance_24,iwo anatenganso nyumba yao tsopano kopanda kusokoneza mtendre wa pa nyumba ya gamewell,Nyanja_NM_Spk4_U_aeb336b877_Utterance_24_175_200.wav,19.325
NM,M,Spk4,U_aeb336b877,175_200,Nyanja_NM_Spk4_U_aeb336b877_Utterance_25,paulo anayankha munthu omwe dzina lace ndi yesu kristu ndiponso mwana wa mulungu anadzipereka  yekha cifukwa ca macimo athu,Nyanja_NM_Spk4_U_aeb336b877_Utterance_25_175_200.wav,14.195
NM,M,Spk4,U_3ec8db6d87,150_175,Nyanja_NM_Spk4_U_3ec8db6d87_Utterance_1,pa nali pa kona pemene anagona pakati pa zomera zosayenera ndi maluwa a minga,Nyanja_NM_Spk4_U_3ec8db6d87_Utterance_1_150_175.wav,5.169
NM,M,Spk4,U_3ec8db6d87,150_175,Nyanja_NM_Spk4_U_3ec8db6d87_Utterance_2,sindingakhale odabwa kuti angathe kuseka nndi ine pali nthawi ino,Nyanja_NM_Spk4_U_3ec8db6d87_Utterance_2_150_175.wav,5.399
NM,M,Spk4,U_3ec8db6d87,150_175,Nyanja_NM_Spk4_U_3ec8db6d87_Utterance_3,iye anali pan'gono kuiwalako kuti cinali pafupi ndi poonekera,Nyanja_NM_Spk4_U_3ec8db6d87_Utterance_3_150_175.wav,5.143
NM,M,Spk4,U_3ec8db6d87,150_175,Nyanja_NM_Spk4_U_3ec8db6d87_Utterance_4,azibambo nonsenu bwelerani  ku maalo kumene mukugwirira nchito pamene saint aigani ndi villeroy anali kupita,Nyanja_NM_Spk4_U_3ec8db6d87_Utterance_4_150_175.wav,8.315
NM,M,Spk4,U_3ec8db6d87,150_175,Nyanja_NM_Spk4_U_3ec8db6d87_Utterance_5,momwemo sire koma ndiyenera kukhala ndi ndalama zocitila zomwezo,Nyanja_NM_Spk4_U_3ec8db6d87_Utterance_5_150_175.wav,5.19
NM,M,Spk4,U_3ec8db6d87,150_175,Nyanja_NM_Spk4_U_3ec8db6d87_Utterance_6,ici ciyenera kupita patali mukulekatsa atumwi aboza  kulankhula,Nyanja_NM_Spk4_U_3ec8db6d87_Utterance_6_150_175.wav,5.45
NM,M,Spk4,U_3ec8db6d87,150_175,Nyanja_NM_Spk4_U_3ec8db6d87_Utterance_7,uyu ndiye amene anacita zosayenera kulingana ndi nkhani yothawa,Nyanja_NM_Spk4_U_3ec8db6d87_Utterance_7_150_175.wav,5.41
NM,M,Spk4,U_3ec8db6d87,150_175,Nyanja_NM_Spk4_U_3ec8db6d87_Utterance_8,ndinali kuganiza kuti mwina mlongo wanga kate mwina msuweni wanga maiko ali kunvana,Nyanja_NM_Spk4_U_3ec8db6d87_Utterance_8_150_175.wav,7.265
NM,M,Spk4,U_3ec8db6d87,150_175,Nyanja_NM_Spk4_U_3ec8db6d87_Utterance_9,kodi ndi miyendo ya yani imene ili ngati miyenda ya phunzi pansi pace ngati manja ya muyayayaya,Nyanja_NM_Spk4_U_3ec8db6d87_Utterance_9_150_175.wav,7.628
NM,M,Spk4,U_3ec8db6d87,150_175,Nyanja_NM_Spk4_U_3ec8db6d87_Utterance_10,kodi uganiza kuti mulungu cifukwa ca ma calichi otsutsa chalichi ya lutheran (a chikunja) ochepa angathe ku kaana ndi chalichi yake yonse,Nyanja_NM_Spk4_U_3ec8db6d87_Utterance_10_150_175.wav,10.595
NM,M,Spk4,U_3ec8db6d87,150_175,Nyanja_NM_Spk4_U_3ec8db6d87_Utterance_11,anali kuyendayenda mozungulira mu cipinda cace,Nyanja_NM_Spk4_U_3ec8db6d87_Utterance_11_150_175.wav,4.029
NM,M,Spk4,U_3ec8db6d87,150_175,Nyanja_NM_Spk4_U_3ec8db6d87_Utterance_12,m'cipinda muno ndi mothuma kwambiri kotero kuti sitingathe kuimbiramo kodi simuli kunva kuthumako,Nyanja_NM_Spk4_U_3ec8db6d87_Utterance_12_150_175.wav,8.626
NM,M,Spk4,U_3ec8db6d87,150_175,Nyanja_NM_Spk4_U_3ec8db6d87_Utterance_13,kulingana ndi kukhulupilira kwanga iwowa anatengedwa,Nyanja_NM_Spk4_U_3ec8db6d87_Utterance_13_150_175.wav,3.889
NM,M,Spk4,U_3ec8db6d87,150_175,Nyanja_NM_Spk4_U_3ec8db6d87_Utterance_14,alexanda anapita namsegulira dzenera,Nyanja_NM_Spk4_U_3ec8db6d87_Utterance_14_150_175.wav,3.239
NM,M,Spk4,U_3ec8db6d87,150_175,Nyanja_NM_Spk4_U_3ec8db6d87_Utterance_15,kodi ndi ciani cingacitike ku mfuti yako nitakutenga mwakamkole,Nyanja_NM_Spk4_U_3ec8db6d87_Utterance_15_150_175.wav,5.004
NM,M,Spk4,U_3ec8db6d87,150_175,Nyanja_NM_Spk4_U_3ec8db6d87_Utterance_16,nthaka singaleke kulingana mumaonekedwe ndi ndende,Nyanja_NM_Spk4_U_3ec8db6d87_Utterance_16_150_175.wav,4.526
NM,M,Spk4,U_3ec8db6d87,150_175,Nyanja_NM_Spk4_U_3ec8db6d87_Utterance_17,margaret bolton anali pafupi kutaya mwapa nthawi yocepa mkhalidwe wace woleza mtima,Nyanja_NM_Spk4_U_3ec8db6d87_Utterance_17_150_175.wav,8.011
NM,M,Spk4,U_3ec8db6d87,150_175,Nyanja_NM_Spk4_U_3ec8db6d87_Utterance_18,atchison amene anali kulankhula ndi gulu ya ocita ciwawa mwapatali anaika mfuti zace ziwiri ndi kuwaphunzitsa pa zimenezo,Nyanja_NM_Spk4_U_3ec8db6d87_Utterance_18_150_175.wav,11.615
NM,M,Spk4,U_3ec8db6d87,150_175,Nyanja_NM_Spk4_U_3ec8db6d87_Utterance_19,koma ndinakhala mu nyengo ya masika ndipo ndinakonzanso  bwato,Nyanja_NM_Spk4_U_3ec8db6d87_Utterance_19_150_175.wav,5.285
NM,M,Spk4,U_3ec8db6d87,150_175,Nyanja_NM_Spk4_U_3ec8db6d87_Utterance_20,usade nkhawa nazo pali lero anatero kapitawo tizalankhuzana pa izo nthawi ina,Nyanja_NM_Spk4_U_3ec8db6d87_Utterance_20_150_175.wav,7.953
NM,M,Spk4,U_3ec8db6d87,150_175,Nyanja_NM_Spk4_U_3ec8db6d87_Utterance_21,ai lekani iyeyo abwere nayenso anatero mopempha ndikonda kwambiri kumuona pafupi ndi nyumba yakale ija,Nyanja_NM_Spk4_U_3ec8db6d87_Utterance_21_150_175.wav,1.219
NM,M,Spk4,U_3ec8db6d87,150_175,Nyanja_NM_Spk4_U_3ec8db6d87_Utterance_22,kumapeto kwace anawatulukamo na pukuta kumaso kwace mwamphanvu,Nyanja_NM_Spk4_U_3ec8db6d87_Utterance_22_150_175.wav,5.445
NM,M,Spk4,U_3ec8db6d87,150_175,Nyanja_NM_Spk4_U_3ec8db6d87_Utterance_23,usayesa ndi kuganizira pang'ono kuti mwina sukulu ya ci gothic ndiyopusa/ndiyopweeka,Nyanja_NM_Spk4_U_3ec8db6d87_Utterance_23_150_175.wav,6.861
NM,M,Spk4,U_3ec8db6d87,150_175,Nyanja_NM_Spk4_U_3ec8db6d87_Utterance_24,pangopita cabe masabata awiri ndipo ndakhalako kwa ka nthawi ndithu,Nyanja_NM_Spk4_U_3ec8db6d87_Utterance_24_150_175.wav,5.215
NM,M,Spk4,U_3ec8db6d87,150_175,Nyanja_NM_Spk4_U_3ec8db6d87_Utterance_25,koma ndinena kuti ndiyenera kupatsidwa njedza wanga pasanapite nthawi,Nyanja_NM_Spk4_U_3ec8db6d87_Utterance_25_150_175.wav,6.618
NM,M,Spk4,U_3ec8db6d87,175_200,Nyanja_NM_Spk4_U_3ec8db6d87_Utterance_1,pa mpando mu kona pataliko panali anthu owerengeka ali ataungikana pamodzi,Nyanja_NM_Spk4_U_3ec8db6d87_Utterance_1_175_200.wav,6.652
NM,M,Spk4,U_3ec8db6d87,175_200,Nyanja_NM_Spk4_U_3ec8db6d87_Utterance_2,ngakhale zinali tero ndinali ntango bwelera ku ulendo wautali ntatopa ndiponso ndili ofuna kupuuma konenetsa,Nyanja_NM_Spk4_U_3ec8db6d87_Utterance_2_175_200.wav,10.704
NM,M,Spk4,U_3ec8db6d87,175_200,Nyanja_NM_Spk4_U_3ec8db6d87_Utterance_3,ka dzuwa kowalako ndi kuunika uku ndizokongola ndipo zoyenerera zonvera zathu za mthupi,Nyanja_NM_Spk4_U_3ec8db6d87_Utterance_3_175_200.wav,8.406
NM,M,Spk4,U_3ec8db6d87,175_200,Nyanja_NM_Spk4_U_3ec8db6d87_Utterance_4,sindiganiza kuti  kuyerekedza kotero ndi kololedwa,Nyanja_NM_Spk4_U_3ec8db6d87_Utterance_4_175_200.wav,4.415
NM,M,Spk4,U_3ec8db6d87,175_200,Nyanja_NM_Spk4_U_3ec8db6d87_Utterance_5,motero maonekedwe ace zingathe kubisa umboni wa mantha manja awa anasimba nkhani ina,Nyanja_NM_Spk4_U_3ec8db6d87_Utterance_5_175_200.wav,7.767
NM,M,Spk4,U_3ec8db6d87,175_200,Nyanja_NM_Spk4_U_3ec8db6d87_Utterance_6,aoneka ngati tatsowa koma sindikutsimikidza,Nyanja_NM_Spk4_U_3ec8db6d87_Utterance_6_175_200.wav,3.785
NM,M,Spk4,U_3ec8db6d87,175_200,Nyanja_NM_Spk4_U_3ec8db6d87_Utterance_7,anali ndi zoganiza zina zobvuta khilisimisi imeneyi,Nyanja_NM_Spk4_U_3ec8db6d87_Utterance_7_175_200.wav,5.236
NM,M,Spk4,U_3ec8db6d87,175_200,Nyanja_NM_Spk4_U_3ec8db6d87_Utterance_8,ali ndi mwana wa cinyamata kawalala ndi mwana wacikazi njala,Nyanja_NM_Spk4_U_3ec8db6d87_Utterance_8_175_200.wav,5.654
NM,M,Spk4,U_3ec8db6d87,175_200,Nyanja_NM_Spk4_U_3ec8db6d87_Utterance_9,zocitika zinazace za mu ukapolo wa dziko lanu zili mkati mwa kudziwab kwa olamulila anu,Nyanja_NM_Spk4_U_3ec8db6d87_Utterance_9_175_200.wav,8.081
NM,M,Spk4,U_3ec8db6d87,175_200,Nyanja_NM_Spk4_U_3ec8db6d87_Utterance_10,bwana monceux ogwira ncito ku ndende anakwiya kopotsa ataudzidwa za cipolowe cimene cinacitika,Nyanja_NM_Spk4_U_3ec8db6d87_Utterance_10_175_200.wav,8.754
NM,M,Spk4,U_3ec8db6d87,175_200,Nyanja_NM_Spk4_U_3ec8db6d87_Utterance_11,tsopano khalani ziii pa umoyo wanu iye anayamba kulankhula koma amene anali kuphunzitsidwa nchito wogwidwa anayamba ku fuula mokuuwa,Nyanja_NM_Spk4_U_3ec8db6d87_Utterance_11_175_200.wav,12.353
NM,M,Spk4,U_3ec8db6d87,175_200,Nyanja_NM_Spk4_U_3ec8db6d87_Utterance_12,ndinasinya ndondomeko ya zoyenera kucitidwa poyendetsa nyama zanga ndi zomela zouma pa sitima kupita ku paris mu dziko la france,Nyanja_NM_Spk4_U_3ec8db6d87_Utterance_12_175_200.wav,12.515
NM,M,Spk4,U_3ec8db6d87,175_200,Nyanja_NM_Spk4_U_3ec8db6d87_Utterance_13,koma muli nkhani yocotsedwa mu turner uli ndi ziphunzitso zaphindu ziwiri zimene zabweretsedwa /zaphunzitsidwa bwino kopotsa,Nyanja_NM_Spk4_U_3ec8db6d87_Utterance_13_175_200.wav,12.469
NM,M,Spk4,U_3ec8db6d87,175_200,Nyanja_NM_Spk4_U_3ec8db6d87_Utterance_14,kadyedwa kamatengako mbali kwambiri mu makhalidwe a m'mizinda kopotsa mu maiko,Nyanja_NM_Spk4_U_3ec8db6d87_Utterance_14_175_200.wav,6.873
NM,M,Spk4,U_3ec8db6d87,175_200,Nyanja_NM_Spk4_U_3ec8db6d87_Utterance_15,will anawelewetsa robin alikusegula citseko nafunsa kodi mwakonzekera,Nyanja_NM_Spk4_U_3ec8db6d87_Utterance_15_175_200.wav,6.873
NM,M,Spk4,U_3ec8db6d87,175_200,Nyanja_NM_Spk4_U_3ec8db6d87_Utterance_16,atagundidwa mwapang'ono ndi mnyamata wa mtali uja mu mpandao kumbuyo kunapangisa stefani kuti afunse funso yobvuta kuyankha,Nyanja_NM_Spk4_U_3ec8db6d87_Utterance_16_175_200.wav,11.111
NM,M,Spk4,U_3ec8db6d87,175_200,Nyanja_NM_Spk4_U_3ec8db6d87_Utterance_17,ndinalota ciloto coipa pa iye usiku wathau,Nyanja_NM_Spk4_U_3ec8db6d87_Utterance_17_175_200.wav,4.415
NM,M,Spk4,U_3ec8db6d87,175_200,Nyanja_NM_Spk4_U_3ec8db6d87_Utterance_18,khala pansi anatero gates ndi mau okondwera ndi abwino pali mpando wokhalapo pano,Nyanja_NM_Spk4_U_3ec8db6d87_Utterance_18_175_200.wav,7.094
NM,M,Spk4,U_3ec8db6d87,175_200,Nyanja_NM_Spk4_U_3ec8db6d87_Utterance_19,iwo analandilidwa mu kaofesi kakang'ono ndi mzibambo ocedwa marham amene anali kaidi wa mundende,Nyanja_NM_Spk4_U_3ec8db6d87_Utterance_19_175_200.wav,10.008
NM,M,Spk4,U_3ec8db6d87,175_200,Nyanja_NM_Spk4_U_3ec8db6d87_Utterance_20,mai griffin mwinamwace anaonetsa kufuna kwa kuunika moongezera,Nyanja_NM_Spk4_U_3ec8db6d87_Utterance_20_175_200.wav,5.875
NM,M,Spk4,U_3ec8db6d87,175_200,Nyanja_NM_Spk4_U_3ec8db6d87_Utterance_21,mfumu yohane akutulusa moika ndudu za golide kucookera ku dzanja yace ya manzere mu thumba ya pamwamba khoti yace,Nyanja_NM_Spk4_U_3ec8db6d87_Utterance_21_175_200.wav,10.298
NM,M,Spk4,U_3ec8db6d87,175_200,Nyanja_NM_Spk4_U_3ec8db6d87_Utterance_22,anali mnyamata wa mkulu kotero kuti anabvara nsapata za ma buti zazitali atanyamula mpeni wa jaki,Nyanja_NM_Spk4_U_3ec8db6d87_Utterance_22_175_200.wav,8.835
NM,M,Spk4,U_3ec8db6d87,175_200,Nyanja_NM_Spk4_U_3ec8db6d87_Utterance_23,mwezi owala ndi odzidzila unali kuwala ndi kuunika kowala ndi zithunzi-thunzi,Nyanja_NM_Spk4_U_3ec8db6d87_Utterance_23_175_200.wav,7.036
NM,M,Spk4,U_3ec8db6d87,175_200,Nyanja_NM_Spk4_U_3ec8db6d87_Utterance_24,iwo anatenganso nyumba yao tsopano kopanda kusokoneza mtendre wa pa nyumba ya gamewell,Nyanja_NM_Spk4_U_3ec8db6d87_Utterance_24_175_200.wav,7.651
NM,M,Spk4,U_3ec8db6d87,175_200,Nyanja_NM_Spk4_U_3ec8db6d87_Utterance_25,paulo anayankha munthu omwe dzina lace ndi yesu kristu ndiponso mwana wa mulungu anadzipereka  yekha cifukwa ca macimo athu,Nyanja_NM_Spk4_U_3ec8db6d87_Utterance_25_175_200.wav,9.543
NM,M,Spk4,U_028761abec,150_175,Nyanja_NM_Spk4_U_028761abec_Utterance_1,pa nali pa kona pemene anagona pakati pa zomera zosayenera ndi maluwa a minga,Nyanja_NM_Spk4_U_028761abec_Utterance_1_150_175.wav,7.79
NM,M,Spk4,U_028761abec,150_175,Nyanja_NM_Spk4_U_028761abec_Utterance_2,sindingakhale odabwa kuti angathe kuseka nndi ine pali nthawi ino,Nyanja_NM_Spk4_U_028761abec_Utterance_2_150_175.wav,8.705
NM,M,Spk4,U_028761abec,150_175,Nyanja_NM_Spk4_U_028761abec_Utterance_3,iye anali pan'gono kuiwalako kuti cinali pafupi ndi poonekera,Nyanja_NM_Spk4_U_028761abec_Utterance_3_150_175.wav,8.545
NM,M,Spk4,U_028761abec,150_175,Nyanja_NM_Spk4_U_028761abec_Utterance_4,azibambo nonsenu bwelerani  ku maalo kumene mukugwirira nchito pamene saint aigani ndi villeroy anali kupita,Nyanja_NM_Spk4_U_028761abec_Utterance_4_150_175.wav,11.96
NM,M,Spk4,U_028761abec,150_175,Nyanja_NM_Spk4_U_028761abec_Utterance_5,momwemo sire koma ndiyenera kukhala ndi ndalama zocitila zomwezo,Nyanja_NM_Spk4_U_028761abec_Utterance_5_150_175.wav,8.51
NM,M,Spk4,U_028761abec,150_175,Nyanja_NM_Spk4_U_028761abec_Utterance_6,ici ciyenera kupita patali mukulekatsa atumwi aboza  kulankhula,Nyanja_NM_Spk4_U_028761abec_Utterance_6_150_175.wav,9.275
NM,M,Spk4,U_028761abec,150_175,Nyanja_NM_Spk4_U_028761abec_Utterance_7,uyu ndiye amene anacita zosayenera kulingana ndi nkhani yothawa,Nyanja_NM_Spk4_U_028761abec_Utterance_7_150_175.wav,10.248
NM,M,Spk4,U_028761abec,150_175,Nyanja_NM_Spk4_U_028761abec_Utterance_8,ndinali kuganiza kuti mwina mlongo wanga kate mwina msuweni wanga maiko ali kunvana,Nyanja_NM_Spk4_U_028761abec_Utterance_8_150_175.wav,11.36
NM,M,Spk4,U_028761abec,150_175,Nyanja_NM_Spk4_U_028761abec_Utterance_9,kodi ndi miyendo ya yani imene ili ngati miyenda ya phunzi pansi pace ngati manja ya muyayayaya,Nyanja_NM_Spk4_U_028761abec_Utterance_9_150_175.wav,12.95
NM,M,Spk4,U_028761abec,150_175,Nyanja_NM_Spk4_U_028761abec_Utterance_10,kodi uganiza kuti mulungu cifukwa ca ma calichi otsutsa chalichi ya lutheran (a chikunja) ochepa angathe ku kaana ndi chalichi yake yonse,Nyanja_NM_Spk4_U_028761abec_Utterance_10_150_175.wav,15.305
NM,M,Spk4,U_028761abec,150_175,Nyanja_NM_Spk4_U_028761abec_Utterance_11,anali kuyendayenda mozungulira mu cipinda cace,Nyanja_NM_Spk4_U_028761abec_Utterance_11_150_175.wav,7.58
NM,M,Spk4,U_028761abec,150_175,Nyanja_NM_Spk4_U_028761abec_Utterance_12,m'cipinda muno ndi mothuma kwambiri kotero kuti sitingathe kuimbiramo kodi simuli kunva kuthumako,Nyanja_NM_Spk4_U_028761abec_Utterance_12_150_175.wav,11.582
NM,M,Spk4,U_028761abec,150_175,Nyanja_NM_Spk4_U_028761abec_Utterance_13,kulingana ndi kukhulupilira kwanga iwowa anatengedwa,Nyanja_NM_Spk4_U_028761abec_Utterance_13_150_175.wav,7.61
NM,M,Spk4,U_028761abec,150_175,Nyanja_NM_Spk4_U_028761abec_Utterance_14,alexanda anapita namsegulira dzenera,Nyanja_NM_Spk4_U_028761abec_Utterance_14_150_175.wav,6.545
NM,M,Spk4,U_028761abec,150_175,Nyanja_NM_Spk4_U_028761abec_Utterance_15,kodi ndi ciani cingacitike ku mfuti yako nitakutenga mwakamkole,Nyanja_NM_Spk4_U_028761abec_Utterance_15_150_175.wav,7.648
NM,M,Spk4,U_028761abec,150_175,Nyanja_NM_Spk4_U_028761abec_Utterance_16,nthaka singaleke kulingana mumaonekedwe ndi ndende,Nyanja_NM_Spk4_U_028761abec_Utterance_16_150_175.wav,7.49
NM,M,Spk4,U_028761abec,150_175,Nyanja_NM_Spk4_U_028761abec_Utterance_17,margaret bolton anali pafupi kutaya mwapa nthawi yocepa mkhalidwe wace woleza mtima,Nyanja_NM_Spk4_U_028761abec_Utterance_17_150_175.wav,9.648
NM,M,Spk4,U_028761abec,150_175,Nyanja_NM_Spk4_U_028761abec_Utterance_18,atchison amene anali kulankhula ndi gulu ya ocita ciwawa mwapatali anaika mfuti zace ziwiri ndi kuwaphunzitsa pa zimenezo,Nyanja_NM_Spk4_U_028761abec_Utterance_18_150_175.wav,14.9
NM,M,Spk4,U_028761abec,150_175,Nyanja_NM_Spk4_U_028761abec_Utterance_19,koma ndinakhala mu nyengo ya masika ndipo ndinakonzanso  bwato,Nyanja_NM_Spk4_U_028761abec_Utterance_19_150_175.wav,8.96
NM,M,Spk4,U_028761abec,150_175,Nyanja_NM_Spk4_U_028761abec_Utterance_20,usade nkhawa nazo pali lero anatero kapitawo tizalankhuzana pa izo nthawi ina,Nyanja_NM_Spk4_U_028761abec_Utterance_20_150_175.wav,11.195
NM,M,Spk4,U_028761abec,150_175,Nyanja_NM_Spk4_U_028761abec_Utterance_21,ai lekani iyeyo abwere nayenso anatero mopempha ndikonda kwambiri kumuona pafupi ndi nyumba yakale ija,Nyanja_NM_Spk4_U_028761abec_Utterance_21_150_175.wav,14.345
NM,M,Spk4,U_028761abec,150_175,Nyanja_NM_Spk4_U_028761abec_Utterance_22,kumapeto kwace anawatulukamo na pukuta kumaso kwace mwamphanvu,Nyanja_NM_Spk4_U_028761abec_Utterance_22_150_175.wav,9.89
NM,M,Spk4,U_028761abec,150_175,Nyanja_NM_Spk4_U_028761abec_Utterance_23,usayesa ndi kuganizira pang'ono kuti mwina sukulu ya ci gothic ndiyopusa/ndiyopweeka,Nyanja_NM_Spk4_U_028761abec_Utterance_23_150_175.wav,11.36
NM,M,Spk4,U_028761abec,150_175,Nyanja_NM_Spk4_U_028761abec_Utterance_24,pangopita cabe masabata awiri ndipo ndakhalako kwa ka nthawi ndithu,Nyanja_NM_Spk4_U_028761abec_Utterance_24_150_175.wav,10.28
NM,M,Spk4,U_028761abec,150_175,Nyanja_NM_Spk4_U_028761abec_Utterance_25,koma ndinena kuti ndiyenera kupatsidwa njedza wanga pasanapite nthawi,Nyanja_NM_Spk4_U_028761abec_Utterance_25_150_175.wav,11.18
NM,M,Spk4,U_028761abec,175_200,Nyanja_NM_Spk4_U_028761abec_Utterance_1,pa mpando mu kona pataliko panali anthu owerengeka ali ataungikana pamodzi,Nyanja_NM_Spk4_U_028761abec_Utterance_1_175_200.wav,10.895
NM,M,Spk4,U_028761abec,175_200,Nyanja_NM_Spk4_U_028761abec_Utterance_2,ngakhale zinali tero ndinali ntango bwelera ku ulendo wautali ntatopa ndiponso ndili ofuna kupuuma konenetsa,Nyanja_NM_Spk4_U_028761abec_Utterance_2_175_200.wav,15.425
NM,M,Spk4,U_028761abec,175_200,Nyanja_NM_Spk4_U_028761abec_Utterance_3,ka dzuwa kowalako ndi kuunika uku ndizokongola ndipo zoyenerera zonvera zathu za mthupi,Nyanja_NM_Spk4_U_028761abec_Utterance_3_175_200.wav,12.65
NM,M,Spk4,U_028761abec,175_200,Nyanja_NM_Spk4_U_028761abec_Utterance_4,sindiganiza kuti  kuyerekedza kotero ndi kololedwa,Nyanja_NM_Spk4_U_028761abec_Utterance_4_175_200.wav,7.21
NM,M,Spk4,U_028761abec,175_200,Nyanja_NM_Spk4_U_028761abec_Utterance_5,motero maonekedwe ace zingathe kubisa umboni wa mantha manja awa anasimba nkhani ina,Nyanja_NM_Spk4_U_028761abec_Utterance_5_175_200.wav,11.975
NM,M,Spk4,U_028761abec,175_200,Nyanja_NM_Spk4_U_028761abec_Utterance_6,aoneka ngati tatsowa koma sindikutsimikidza,Nyanja_NM_Spk4_U_028761abec_Utterance_6_175_200.wav,6.425
NM,M,Spk4,U_028761abec,175_200,Nyanja_NM_Spk4_U_028761abec_Utterance_7,anali ndi zoganiza zina zobvuta khilisimisi imeneyi,Nyanja_NM_Spk4_U_028761abec_Utterance_7_175_200.wav,7.152
NM,M,Spk4,U_028761abec,175_200,Nyanja_NM_Spk4_U_028761abec_Utterance_8,ali ndi mwana wa cinyamata kawalala ndi mwana wacikazi njala,Nyanja_NM_Spk4_U_028761abec_Utterance_8_175_200.wav,10.31
NM,M,Spk4,U_028761abec,175_200,Nyanja_NM_Spk4_U_028761abec_Utterance_9,zocitika zinazace za mu ukapolo wa dziko lanu zili mkati mwa kudziwab kwa olamulila anu,Nyanja_NM_Spk4_U_028761abec_Utterance_9_175_200.wav,12.95
NM,M,Spk4,U_028761abec,175_200,Nyanja_NM_Spk4_U_028761abec_Utterance_10,bwana monceux ogwira ncito ku ndende anakwiya kopotsa ataudzidwa za cipolowe cimene cinacitika,Nyanja_NM_Spk4_U_028761abec_Utterance_10_175_200.wav,13.595
NM,M,Spk4,U_028761abec,175_200,Nyanja_NM_Spk4_U_028761abec_Utterance_11,tsopano khalani ziii pa umoyo wanu iye anayamba kulankhula koma amene anali kuphunzitsidwa nchito wogwidwa anayamba ku fuula mokuuwa,Nyanja_NM_Spk4_U_028761abec_Utterance_11_175_200.wav,18.815
NM,M,Spk4,U_028761abec,175_200,Nyanja_NM_Spk4_U_028761abec_Utterance_12,ndinasinya ndondomeko ya zoyenera kucitidwa poyendetsa nyama zanga ndi zomela zouma pa sitima kupita ku paris mu dziko la france,Nyanja_NM_Spk4_U_028761abec_Utterance_12_175_200.wav,17.15
NM,M,Spk4,U_028761abec,175_200,Nyanja_NM_Spk4_U_028761abec_Utterance_13,koma muli nkhani yocotsedwa mu turner uli ndi ziphunzitso zaphindu ziwiri zimene zabweretsedwa /zaphunzitsidwa bwino kopotsa,Nyanja_NM_Spk4_U_028761abec_Utterance_13_175_200.wav,14.396
NM,M,Spk4,U_028761abec,175_200,Nyanja_NM_Spk4_U_028761abec_Utterance_14,kadyedwa kamatengako mbali kwambiri mu makhalidwe a m'mizinda kopotsa mu maiko,Nyanja_NM_Spk4_U_028761abec_Utterance_14_175_200.wav,11.405
NM,M,Spk4,U_028761abec,175_200,Nyanja_NM_Spk4_U_028761abec_Utterance_15,will anawelewetsa robin alikusegula citseko nafunsa kodi mwakonzekera,Nyanja_NM_Spk4_U_028761abec_Utterance_15_175_200.wav,10.835
NM,M,Spk4,U_028761abec,175_200,Nyanja_NM_Spk4_U_028761abec_Utterance_16,atagundidwa mwapang'ono ndi mnyamata wa mtali uja mu mpandao kumbuyo kunapangisa stefani kuti afunse funso yobvuta kuyankha,Nyanja_NM_Spk4_U_028761abec_Utterance_16_175_200.wav,18.725
NM,M,Spk4,U_028761abec,175_200,Nyanja_NM_Spk4_U_028761abec_Utterance_17,ndinalota ciloto coipa pa iye usiku wathau,Nyanja_NM_Spk4_U_028761abec_Utterance_17_175_200.wav,7.25
NM,M,Spk4,U_028761abec,175_200,Nyanja_NM_Spk4_U_028761abec_Utterance_18,khala pansi anatero gates ndi mau okondwera ndi abwino pali mpando wokhalapo pano,Nyanja_NM_Spk4_U_028761abec_Utterance_18_175_200.wav,11.66
NM,M,Spk4,U_028761abec,175_200,Nyanja_NM_Spk4_U_028761abec_Utterance_19,iwo analandilidwa mu kaofesi kakang'ono ndi mzibambo ocedwa marham amene anali kaidi wa mundende,Nyanja_NM_Spk4_U_028761abec_Utterance_19_175_200.wav,14.12
NM,M,Spk4,U_028761abec,175_200,Nyanja_NM_Spk4_U_028761abec_Utterance_20,mai griffin mwinamwace anaonetsa kufuna kwa kuunika moongezera,Nyanja_NM_Spk4_U_028761abec_Utterance_20_175_200.wav,11.93
NM,M,Spk4,U_028761abec,175_200,Nyanja_NM_Spk4_U_028761abec_Utterance_21,mfumu yohane akutulusa moika ndudu za golide kucookera ku dzanja yace ya manzere mu thumba ya pamwamba khoti yace,Nyanja_NM_Spk4_U_028761abec_Utterance_21_175_200.wav,16.565
NM,M,Spk4,U_028761abec,175_200,Nyanja_NM_Spk4_U_028761abec_Utterance_22,anali mnyamata wa mkulu kotero kuti anabvara nsapata za ma buti zazitali atanyamula mpeni wa jaki,Nyanja_NM_Spk4_U_028761abec_Utterance_22_175_200.wav,14.81
NM,M,Spk4,U_028761abec,175_200,Nyanja_NM_Spk4_U_028761abec_Utterance_23,mwezi owala ndi odzidzila unali kuwala ndi kuunika kowala ndi zithunzi-thunzi,Nyanja_NM_Spk4_U_028761abec_Utterance_23_175_200.wav,12.5
NM,M,Spk4,U_028761abec,175_200,Nyanja_NM_Spk4_U_028761abec_Utterance_24,iwo anatenganso nyumba yao tsopano kopanda kusokoneza mtendre wa pa nyumba ya gamewell,Nyanja_NM_Spk4_U_028761abec_Utterance_24_175_200.wav,11.48
NM,M,Spk4,U_028761abec,175_200,Nyanja_NM_Spk4_U_028761abec_Utterance_25,paulo anayankha munthu omwe dzina lace ndi yesu kristu ndiponso mwana wa mulungu anadzipereka  yekha cifukwa ca macimo athu,Nyanja_NM_Spk4_U_028761abec_Utterance_25_175_200.wav,15.68
NM,M,Spk4,U_bc9cbcc39d,150_175,Nyanja_NM_Spk4_U_bc9cbcc39d_Utterance_1,pa nali pa kona pemene anagona pakati pa zomera zosayenera ndi maluwa a minga,Nyanja_NM_Spk4_U_bc9cbcc39d_Utterance_1_150_175.wav,7.21
NM,M,Spk4,U_bc9cbcc39d,150_175,Nyanja_NM_Spk4_U_bc9cbcc39d_Utterance_2,sindingakhale odabwa kuti angathe kuseka nndi ine pali nthawi ino,Nyanja_NM_Spk4_U_bc9cbcc39d_Utterance_2_150_175.wav,7.21
NM,M,Spk4,U_bc9cbcc39d,150_175,Nyanja_NM_Spk4_U_bc9cbcc39d_Utterance_3,iye anali pan'gono kuiwalako kuti cinali pafupi ndi poonekera,Nyanja_NM_Spk4_U_bc9cbcc39d_Utterance_3_150_175.wav,7.21
NM,M,Spk4,U_bc9cbcc39d,150_175,Nyanja_NM_Spk4_U_bc9cbcc39d_Utterance_4,azibambo nonsenu bwelerani  ku maalo kumene mukugwirira nchito pamene saint aigani ndi villeroy anali kupita,Nyanja_NM_Spk4_U_bc9cbcc39d_Utterance_4_150_175.wav,7.21
NM,M,Spk4,U_bc9cbcc39d,150_175,Nyanja_NM_Spk4_U_bc9cbcc39d_Utterance_5,momwemo sire koma ndiyenera kukhala ndi ndalama zocitila zomwezo,Nyanja_NM_Spk4_U_bc9cbcc39d_Utterance_5_150_175.wav,7.21
NM,M,Spk4,U_bc9cbcc39d,150_175,Nyanja_NM_Spk4_U_bc9cbcc39d_Utterance_6,ici ciyenera kupita patali mukulekatsa atumwi aboza  kulankhula,Nyanja_NM_Spk4_U_bc9cbcc39d_Utterance_6_150_175.wav,7.21
NM,M,Spk4,U_bc9cbcc39d,150_175,Nyanja_NM_Spk4_U_bc9cbcc39d_Utterance_7,uyu ndiye amene anacita zosayenera kulingana ndi nkhani yothawa,Nyanja_NM_Spk4_U_bc9cbcc39d_Utterance_7_150_175.wav,7.21
NM,M,Spk4,U_bc9cbcc39d,150_175,Nyanja_NM_Spk4_U_bc9cbcc39d_Utterance_8,ndinali kuganiza kuti mwina mlongo wanga kate mwina msuweni wanga maiko ali kunvana,Nyanja_NM_Spk4_U_bc9cbcc39d_Utterance_8_150_175.wav,7.21
NM,M,Spk4,U_bc9cbcc39d,150_175,Nyanja_NM_Spk4_U_bc9cbcc39d_Utterance_9,kodi ndi miyendo ya yani imene ili ngati miyenda ya phunzi pansi pace ngati manja ya muyayayaya,Nyanja_NM_Spk4_U_bc9cbcc39d_Utterance_9_150_175.wav,7.21
NM,M,Spk4,U_bc9cbcc39d,150_175,Nyanja_NM_Spk4_U_bc9cbcc39d_Utterance_10,kodi uganiza kuti mulungu cifukwa ca ma calichi otsutsa chalichi ya lutheran (a chikunja) ochepa angathe ku kaana ndi chalichi yake yonse,Nyanja_NM_Spk4_U_bc9cbcc39d_Utterance_10_150_175.wav,7.21
NM,M,Spk4,U_bc9cbcc39d,150_175,Nyanja_NM_Spk4_U_bc9cbcc39d_Utterance_11,anali kuyendayenda mozungulira mu cipinda cace,Nyanja_NM_Spk4_U_bc9cbcc39d_Utterance_11_150_175.wav,7.21
NM,M,Spk4,U_bc9cbcc39d,150_175,Nyanja_NM_Spk4_U_bc9cbcc39d_Utterance_12,m'cipinda muno ndi mothuma kwambiri kotero kuti sitingathe kuimbiramo kodi simuli kunva kuthumako,Nyanja_NM_Spk4_U_bc9cbcc39d_Utterance_12_150_175.wav,7.21
NM,M,Spk4,U_bc9cbcc39d,150_175,Nyanja_NM_Spk4_U_bc9cbcc39d_Utterance_13,kulingana ndi kukhulupilira kwanga iwowa anatengedwa,Nyanja_NM_Spk4_U_bc9cbcc39d_Utterance_13_150_175.wav,7.21
NM,M,Spk4,U_bc9cbcc39d,150_175,Nyanja_NM_Spk4_U_bc9cbcc39d_Utterance_14,alexanda anapita namsegulira dzenera,Nyanja_NM_Spk4_U_bc9cbcc39d_Utterance_14_150_175.wav,7.21
NM,M,Spk4,U_bc9cbcc39d,150_175,Nyanja_NM_Spk4_U_bc9cbcc39d_Utterance_15,kodi ndi ciani cingacitike ku mfuti yako nitakutenga mwakamkole,Nyanja_NM_Spk4_U_bc9cbcc39d_Utterance_15_150_175.wav,7.21
NM,M,Spk4,U_bc9cbcc39d,150_175,Nyanja_NM_Spk4_U_bc9cbcc39d_Utterance_16,nthaka singaleke kulingana mumaonekedwe ndi ndende,Nyanja_NM_Spk4_U_bc9cbcc39d_Utterance_16_150_175.wav,7.21
NM,M,Spk4,U_bc9cbcc39d,150_175,Nyanja_NM_Spk4_U_bc9cbcc39d_Utterance_17,margaret bolton anali pafupi kutaya mwapa nthawi yocepa mkhalidwe wace woleza mtima,Nyanja_NM_Spk4_U_bc9cbcc39d_Utterance_17_150_175.wav,7.21
NM,M,Spk4,U_bc9cbcc39d,150_175,Nyanja_NM_Spk4_U_bc9cbcc39d_Utterance_18,atchison amene anali kulankhula ndi gulu ya ocita ciwawa mwapatali anaika mfuti zace ziwiri ndi kuwaphunzitsa pa zimenezo,Nyanja_NM_Spk4_U_bc9cbcc39d_Utterance_18_150_175.wav,7.21
NM,M,Spk4,U_bc9cbcc39d,150_175,Nyanja_NM_Spk4_U_bc9cbcc39d_Utterance_19,koma ndinakhala mu nyengo ya masika ndipo ndinakonzanso  bwato,Nyanja_NM_Spk4_U_bc9cbcc39d_Utterance_19_150_175.wav,8.951
NM,M,Spk4,U_bc9cbcc39d,150_175,Nyanja_NM_Spk4_U_bc9cbcc39d_Utterance_20,usade nkhawa nazo pali lero anatero kapitawo tizalankhuzana pa izo nthawi ina,Nyanja_NM_Spk4_U_bc9cbcc39d_Utterance_20_150_175.wav,8.951
NM,M,Spk4,U_bc9cbcc39d,150_175,Nyanja_NM_Spk4_U_bc9cbcc39d_Utterance_21,ai lekani iyeyo abwere nayenso anatero mopempha ndikonda kwambiri kumuona pafupi ndi nyumba yakale ija,Nyanja_NM_Spk4_U_bc9cbcc39d_Utterance_21_150_175.wav,8.951
NM,M,Spk4,U_bc9cbcc39d,150_175,Nyanja_NM_Spk4_U_bc9cbcc39d_Utterance_22,kumapeto kwace anawatulukamo na pukuta kumaso kwace mwamphanvu,Nyanja_NM_Spk4_U_bc9cbcc39d_Utterance_22_150_175.wav,8.951
NM,M,Spk4,U_bc9cbcc39d,150_175,Nyanja_NM_Spk4_U_bc9cbcc39d_Utterance_23,usayesa ndi kuganizira pang'ono kuti mwina sukulu ya ci gothic ndiyopusa/ndiyopweeka,Nyanja_NM_Spk4_U_bc9cbcc39d_Utterance_23_150_175.wav,8.951
NM,M,Spk4,U_bc9cbcc39d,150_175,Nyanja_NM_Spk4_U_bc9cbcc39d_Utterance_24,pangopita cabe masabata awiri ndipo ndakhalako kwa ka nthawi ndithu,Nyanja_NM_Spk4_U_bc9cbcc39d_Utterance_24_150_175.wav,8.951
NM,M,Spk4,U_bc9cbcc39d,150_175,Nyanja_NM_Spk4_U_bc9cbcc39d_Utterance_25,koma ndinena kuti ndiyenera kupatsidwa njedza wanga pasanapite nthawi,Nyanja_NM_Spk4_U_bc9cbcc39d_Utterance_25_150_175.wav,8.951
NM,M,Spk4,U_bc9cbcc39d,175_200,Nyanja_NM_Spk4_U_bc9cbcc39d_Utterance_1,pa mpando mu kona pataliko panali anthu owerengeka ali ataungikana pamodzi,Nyanja_NM_Spk4_U_bc9cbcc39d_Utterance_1_175_200.wav,8.696
NM,M,Spk4,U_bc9cbcc39d,175_200,Nyanja_NM_Spk4_U_bc9cbcc39d_Utterance_2,ngakhale zinali tero ndinali ntango bwelera ku ulendo wautali ntatopa ndiponso ndili ofuna kupuuma konenetsa,Nyanja_NM_Spk4_U_bc9cbcc39d_Utterance_2_175_200.wav,8.696
NM,M,Spk4,U_bc9cbcc39d,175_200,Nyanja_NM_Spk4_U_bc9cbcc39d_Utterance_3,ka dzuwa kowalako ndi kuunika uku ndizokongola ndipo zoyenerera zonvera zathu za mthupi,Nyanja_NM_Spk4_U_bc9cbcc39d_Utterance_3_175_200.wav,8.696
NM,M,Spk4,U_bc9cbcc39d,175_200,Nyanja_NM_Spk4_U_bc9cbcc39d_Utterance_4,sindiganiza kuti  kuyerekedza kotero ndi kololedwa,Nyanja_NM_Spk4_U_bc9cbcc39d_Utterance_4_175_200.wav,8.696
NM,M,Spk4,U_bc9cbcc39d,175_200,Nyanja_NM_Spk4_U_bc9cbcc39d_Utterance_5,motero maonekedwe ace zingathe kubisa umboni wa mantha manja awa anasimba nkhani ina,Nyanja_NM_Spk4_U_bc9cbcc39d_Utterance_5_175_200.wav,8.696
NM,M,Spk4,U_bc9cbcc39d,175_200,Nyanja_NM_Spk4_U_bc9cbcc39d_Utterance_6,aoneka ngati tatsowa koma sindikutsimikidza,Nyanja_NM_Spk4_U_bc9cbcc39d_Utterance_6_175_200.wav,8.696
NM,M,Spk4,U_bc9cbcc39d,175_200,Nyanja_NM_Spk4_U_bc9cbcc39d_Utterance_7,anali ndi zoganiza zina zobvuta khilisimisi imeneyi,Nyanja_NM_Spk4_U_bc9cbcc39d_Utterance_7_175_200.wav,8.696
NM,M,Spk4,U_bc9cbcc39d,175_200,Nyanja_NM_Spk4_U_bc9cbcc39d_Utterance_8,ali ndi mwana wa cinyamata kawalala ndi mwana wacikazi njala,Nyanja_NM_Spk4_U_bc9cbcc39d_Utterance_8_175_200.wav,8.696
NM,M,Spk4,U_bc9cbcc39d,175_200,Nyanja_NM_Spk4_U_bc9cbcc39d_Utterance_9,zocitika zinazace za mu ukapolo wa dziko lanu zili mkati mwa kudziwab kwa olamulila anu,Nyanja_NM_Spk4_U_bc9cbcc39d_Utterance_9_175_200.wav,8.696
NM,M,Spk4,U_bc9cbcc39d,175_200,Nyanja_NM_Spk4_U_bc9cbcc39d_Utterance_10,bwana monceux ogwira ncito ku ndende anakwiya kopotsa ataudzidwa za cipolowe cimene cinacitika,Nyanja_NM_Spk4_U_bc9cbcc39d_Utterance_10_175_200.wav,8.696
NM,M,Spk4,U_bc9cbcc39d,175_200,Nyanja_NM_Spk4_U_bc9cbcc39d_Utterance_11,tsopano khalani ziii pa umoyo wanu iye anayamba kulankhula koma amene anali kuphunzitsidwa nchito wogwidwa anayamba ku fuula mokuuwa,Nyanja_NM_Spk4_U_bc9cbcc39d_Utterance_11_175_200.wav,8.696
NM,M,Spk4,U_bc9cbcc39d,175_200,Nyanja_NM_Spk4_U_bc9cbcc39d_Utterance_12,ndinasinya ndondomeko ya zoyenera kucitidwa poyendetsa nyama zanga ndi zomela zouma pa sitima kupita ku paris mu dziko la france,Nyanja_NM_Spk4_U_bc9cbcc39d_Utterance_12_175_200.wav,14.698
NM,M,Spk4,U_bc9cbcc39d,175_200,Nyanja_NM_Spk4_U_bc9cbcc39d_Utterance_13,koma muli nkhani yocotsedwa mu turner uli ndi ziphunzitso zaphindu ziwiri zimene zabweretsedwa /zaphunzitsidwa bwino kopotsa,Nyanja_NM_Spk4_U_bc9cbcc39d_Utterance_13_175_200.wav,14.698
NM,M,Spk4,U_bc9cbcc39d,175_200,Nyanja_NM_Spk4_U_bc9cbcc39d_Utterance_14,kadyedwa kamatengako mbali kwambiri mu makhalidwe a m'mizinda kopotsa mu maiko,Nyanja_NM_Spk4_U_bc9cbcc39d_Utterance_14_175_200.wav,9.985
NM,M,Spk4,U_bc9cbcc39d,175_200,Nyanja_NM_Spk4_U_bc9cbcc39d_Utterance_15,will anawelewetsa robin alikusegula citseko nafunsa kodi mwakonzekera,Nyanja_NM_Spk4_U_bc9cbcc39d_Utterance_15_175_200.wav,8.742
NM,M,Spk4,U_bc9cbcc39d,175_200,Nyanja_NM_Spk4_U_bc9cbcc39d_Utterance_16,atagundidwa mwapang'ono ndi mnyamata wa mtali uja mu mpandao kumbuyo kunapangisa stefani kuti afunse funso yobvuta kuyankha,Nyanja_NM_Spk4_U_bc9cbcc39d_Utterance_16_175_200.wav,15.128
NM,M,Spk4,U_bc9cbcc39d,175_200,Nyanja_NM_Spk4_U_bc9cbcc39d_Utterance_17,ndinalota ciloto coipa pa iye usiku wathau,Nyanja_NM_Spk4_U_bc9cbcc39d_Utterance_17_175_200.wav,4.04
NM,M,Spk4,U_bc9cbcc39d,175_200,Nyanja_NM_Spk4_U_bc9cbcc39d_Utterance_18,khala pansi anatero gates ndi mau okondwera ndi abwino pali mpando wokhalapo pano,Nyanja_NM_Spk4_U_bc9cbcc39d_Utterance_18_175_200.wav,7.651
NM,M,Spk4,U_bc9cbcc39d,175_200,Nyanja_NM_Spk4_U_bc9cbcc39d_Utterance_19,iwo analandilidwa mu kaofesi kakang'ono ndi mzibambo ocedwa marham amene anali kaidi wa mundende,Nyanja_NM_Spk4_U_bc9cbcc39d_Utterance_19_175_200.wav,14.338
NM,M,Spk4,U_bc9cbcc39d,175_200,Nyanja_NM_Spk4_U_bc9cbcc39d_Utterance_20,mai griffin mwinamwace anaonetsa kufuna kwa kuunika moongezera,Nyanja_NM_Spk4_U_bc9cbcc39d_Utterance_20_175_200.wav,7.384
NM,M,Spk4,U_bc9cbcc39d,175_200,Nyanja_NM_Spk4_U_bc9cbcc39d_Utterance_21,mfumu yohane akutulusa moika ndudu za golide kucookera ku dzanja yace ya manzere mu thumba ya pamwamba khoti yace,Nyanja_NM_Spk4_U_bc9cbcc39d_Utterance_21_175_200.wav,13.886
NM,M,Spk4,U_bc9cbcc39d,175_200,Nyanja_NM_Spk4_U_bc9cbcc39d_Utterance_22,anali mnyamata wa mkulu kotero kuti anabvara nsapata za ma buti zazitali atanyamula mpeni wa jaki,Nyanja_NM_Spk4_U_bc9cbcc39d_Utterance_22_175_200.wav,13.363
NM,M,Spk4,U_bc9cbcc39d,175_200,Nyanja_NM_Spk4_U_bc9cbcc39d_Utterance_23,mwezi owala ndi odzidzila unali kuwala ndi kuunika kowala ndi zithunzi-thunzi,Nyanja_NM_Spk4_U_bc9cbcc39d_Utterance_23_175_200.wav,9.5
NM,M,Spk4,U_bc9cbcc39d,175_200,Nyanja_NM_Spk4_U_bc9cbcc39d_Utterance_24,iwo anatenganso nyumba yao tsopano kopanda kusokoneza mtendre wa pa nyumba ya gamewell,Nyanja_NM_Spk4_U_bc9cbcc39d_Utterance_24_175_200.wav,9.5
NM,M,Spk4,U_bc9cbcc39d,175_200,Nyanja_NM_Spk4_U_bc9cbcc39d_Utterance_25,paulo anayankha munthu omwe dzina lace ndi yesu kristu ndiponso mwana wa mulungu anadzipereka  yekha cifukwa ca macimo athu,Nyanja_NM_Spk4_U_bc9cbcc39d_Utterance_25_175_200.wav,12.748
NM,M,Spk4,U_3473f8a0ad,150_175,Nyanja_NM_Spk4_U_3473f8a0ad_Utterance_1,pa nali pa kona pemene anagona pakati pa zomera zosayenera ndi maluwa a minga,Nyanja_NM_Spk4_U_3473f8a0ad_Utterance_1_150_175.wav,8.568
NM,M,Spk4,U_3473f8a0ad,150_175,Nyanja_NM_Spk4_U_3473f8a0ad_Utterance_2,sindingakhale odabwa kuti angathe kuseka nndi ine pali nthawi ino,Nyanja_NM_Spk4_U_3473f8a0ad_Utterance_2_150_175.wav,7.326
NM,M,Spk4,U_3473f8a0ad,150_175,Nyanja_NM_Spk4_U_3473f8a0ad_Utterance_3,iye anali pan'gono kuiwalako kuti cinali pafupi ndi poonekera,Nyanja_NM_Spk4_U_3473f8a0ad_Utterance_3_150_175.wav,6.873
NM,M,Spk4,U_3473f8a0ad,150_175,Nyanja_NM_Spk4_U_3473f8a0ad_Utterance_4,azibambo nonsenu bwelerani  ku maalo kumene mukugwirira nchito pamene saint aigani ndi villeroy anali kupita,Nyanja_NM_Spk4_U_3473f8a0ad_Utterance_4_150_175.wav,12.04
NM,M,Spk4,U_3473f8a0ad,150_175,Nyanja_NM_Spk4_U_3473f8a0ad_Utterance_5,momwemo sire koma ndiyenera kukhala ndi ndalama zocitila zomwezo,Nyanja_NM_Spk4_U_3473f8a0ad_Utterance_5_150_175.wav,7.454
NM,M,Spk4,U_3473f8a0ad,150_175,Nyanja_NM_Spk4_U_3473f8a0ad_Utterance_6,ici ciyenera kupita patali mukulekatsa atumwi aboza  kulankhula,Nyanja_NM_Spk4_U_3473f8a0ad_Utterance_6_150_175.wav,7.883
NM,M,Spk4,U_3473f8a0ad,150_175,Nyanja_NM_Spk4_U_3473f8a0ad_Utterance_7,uyu ndiye amene anacita zosayenera kulingana ndi nkhani yothawa,Nyanja_NM_Spk4_U_3473f8a0ad_Utterance_7_150_175.wav,7.245
NM,M,Spk4,U_3473f8a0ad,150_175,Nyanja_NM_Spk4_U_3473f8a0ad_Utterance_8,ndinali kuganiza kuti mwina mlongo wanga kate mwina msuweni wanga maiko ali kunvana,Nyanja_NM_Spk4_U_3473f8a0ad_Utterance_8_150_175.wav,11.54
NM,M,Spk4,U_3473f8a0ad,150_175,Nyanja_NM_Spk4_U_3473f8a0ad_Utterance_9,kodi ndi miyendo ya yani imene ili ngati miyenda ya phunzi pansi pace ngati manja ya muyayayaya,Nyanja_NM_Spk4_U_3473f8a0ad_Utterance_9_150_175.wav,10.844
NM,M,Spk4,U_3473f8a0ad,150_175,Nyanja_NM_Spk4_U_3473f8a0ad_Utterance_10,kodi uganiza kuti mulungu cifukwa ca ma calichi otsutsa chalichi ya lutheran (a chikunja) ochepa angathe ku kaana ndi chalichi yake yonse,Nyanja_NM_Spk4_U_3473f8a0ad_Utterance_10_150_175.wav,13.56
NM,M,Spk4,U_3473f8a0ad,150_175,Nyanja_NM_Spk4_U_3473f8a0ad_Utterance_11,anali kuyendayenda mozungulira mu cipinda cace,Nyanja_NM_Spk4_U_3473f8a0ad_Utterance_11_150_175.wav,5.434
NM,M,Spk4,U_3473f8a0ad,150_175,Nyanja_NM_Spk4_U_3473f8a0ad_Utterance_12,m'cipinda muno ndi mothuma kwambiri kotero kuti sitingathe kuimbiramo kodi simuli kunva kuthumako,Nyanja_NM_Spk4_U_3473f8a0ad_Utterance_12_150_175.wav,1.207
NM,M,Spk4,U_3473f8a0ad,150_175,Nyanja_NM_Spk4_U_3473f8a0ad_Utterance_13,kulingana ndi kukhulupilira kwanga iwowa anatengedwa,Nyanja_NM_Spk4_U_3473f8a0ad_Utterance_13_150_175.wav,4.957
NM,M,Spk4,U_3473f8a0ad,150_175,Nyanja_NM_Spk4_U_3473f8a0ad_Utterance_14,alexanda anapita namsegulira dzenera,Nyanja_NM_Spk4_U_3473f8a0ad_Utterance_14_150_175.wav,4.017
NM,M,Spk4,U_3473f8a0ad,150_175,Nyanja_NM_Spk4_U_3473f8a0ad_Utterance_15,kodi ndi ciani cingacitike ku mfuti yako nitakutenga mwakamkole,Nyanja_NM_Spk4_U_3473f8a0ad_Utterance_15_150_175.wav,6.327
NM,M,Spk4,U_3473f8a0ad,150_175,Nyanja_NM_Spk4_U_3473f8a0ad_Utterance_16,nthaka singaleke kulingana mumaonekedwe ndi ndende,Nyanja_NM_Spk4_U_3473f8a0ad_Utterance_16_150_175.wav,5.7
NM,M,Spk4,U_3473f8a0ad,150_175,Nyanja_NM_Spk4_U_3473f8a0ad_Utterance_17,margaret bolton anali pafupi kutaya mwapa nthawi yocepa mkhalidwe wace woleza mtima,Nyanja_NM_Spk4_U_3473f8a0ad_Utterance_17_150_175.wav,9.625
NM,M,Spk4,U_3473f8a0ad,150_175,Nyanja_NM_Spk4_U_3473f8a0ad_Utterance_18,atchison amene anali kulankhula ndi gulu ya ocita ciwawa mwapatali anaika mfuti zace ziwiri ndi kuwaphunzitsa pa zimenezo,Nyanja_NM_Spk4_U_3473f8a0ad_Utterance_18_150_175.wav,12.156
NM,M,Spk4,U_3473f8a0ad,150_175,Nyanja_NM_Spk4_U_3473f8a0ad_Utterance_19,koma ndinakhala mu nyengo ya masika ndipo ndinakonzanso  bwato,Nyanja_NM_Spk4_U_3473f8a0ad_Utterance_19_150_175.wav,7.012
NM,M,Spk4,U_3473f8a0ad,150_175,Nyanja_NM_Spk4_U_3473f8a0ad_Utterance_20,usade nkhawa nazo pali lero anatero kapitawo tizalankhuzana pa izo nthawi ina,Nyanja_NM_Spk4_U_3473f8a0ad_Utterance_20_150_175.wav,7.605
NM,M,Spk4,U_3473f8a0ad,150_175,Nyanja_NM_Spk4_U_3473f8a0ad_Utterance_21,ai lekani iyeyo abwere nayenso anatero mopempha ndikonda kwambiri kumuona pafupi ndi nyumba yakale ija,Nyanja_NM_Spk4_U_3473f8a0ad_Utterance_21_150_175.wav,1.695
NM,M,Spk4,U_3473f8a0ad,150_175,Nyanja_NM_Spk4_U_3473f8a0ad_Utterance_22,kumapeto kwace anawatulukamo na pukuta kumaso kwace mwamphanvu,Nyanja_NM_Spk4_U_3473f8a0ad_Utterance_22_150_175.wav,6.223
NM,M,Spk4,U_3473f8a0ad,150_175,Nyanja_NM_Spk4_U_3473f8a0ad_Utterance_23,usayesa ndi kuganizira pang'ono kuti mwina sukulu ya ci gothic ndiyopusa/ndiyopweeka,Nyanja_NM_Spk4_U_3473f8a0ad_Utterance_23_150_175.wav,7.465
NM,M,Spk4,U_3473f8a0ad,150_175,Nyanja_NM_Spk4_U_3473f8a0ad_Utterance_24,pangopita cabe masabata awiri ndipo ndakhalako kwa ka nthawi ndithu,Nyanja_NM_Spk4_U_3473f8a0ad_Utterance_24_150_175.wav,7.384
NM,M,Spk4,U_3473f8a0ad,150_175,Nyanja_NM_Spk4_U_3473f8a0ad_Utterance_25,koma ndinena kuti ndiyenera kupatsidwa njedza wanga pasanapite nthawi,Nyanja_NM_Spk4_U_3473f8a0ad_Utterance_25_150_175.wav,8.115
NM,M,Spk4,U_3473f8a0ad,175_200,Nyanja_NM_Spk4_U_3473f8a0ad_Utterance_1,pa mpando mu kona pataliko panali anthu owerengeka ali ataungikana pamodzi,Nyanja_NM_Spk4_U_3473f8a0ad_Utterance_1_175_200.wav,7.883
NM,M,Spk4,U_3473f8a0ad,175_200,Nyanja_NM_Spk4_U_3473f8a0ad_Utterance_2,ngakhale zinali tero ndinali ntango bwelera ku ulendo wautali ntatopa ndiponso ndili ofuna kupuuma konenetsa,Nyanja_NM_Spk4_U_3473f8a0ad_Utterance_2_175_200.wav,12.098
NM,M,Spk4,U_3473f8a0ad,175_200,Nyanja_NM_Spk4_U_3473f8a0ad_Utterance_3,ka dzuwa kowalako ndi kuunika uku ndizokongola ndipo zoyenerera zonvera zathu za mthupi,Nyanja_NM_Spk4_U_3473f8a0ad_Utterance_3_175_200.wav,10.008
NM,M,Spk4,U_3473f8a0ad,175_200,Nyanja_NM_Spk4_U_3473f8a0ad_Utterance_4,sindiganiza kuti  kuyerekedza kotero ndi kololedwa,Nyanja_NM_Spk4_U_3473f8a0ad_Utterance_4_175_200.wav,5.538
NM,M,Spk4,U_3473f8a0ad,175_200,Nyanja_NM_Spk4_U_3473f8a0ad_Utterance_5,motero maonekedwe ace zingathe kubisa umboni wa mantha manja awa anasimba nkhani ina,Nyanja_NM_Spk4_U_3473f8a0ad_Utterance_5_175_200.wav,10.786
NM,M,Spk4,U_3473f8a0ad,175_200,Nyanja_NM_Spk4_U_3473f8a0ad_Utterance_6,aoneka ngati tatsowa koma sindikutsimikidza,Nyanja_NM_Spk4_U_3473f8a0ad_Utterance_6_175_200.wav,4.981
NM,M,Spk4,U_3473f8a0ad,175_200,Nyanja_NM_Spk4_U_3473f8a0ad_Utterance_7,anali ndi zoganiza zina zobvuta khilisimisi imeneyi,Nyanja_NM_Spk4_U_3473f8a0ad_Utterance_7_175_200.wav,5.468
NM,M,Spk4,U_3473f8a0ad,175_200,Nyanja_NM_Spk4_U_3473f8a0ad_Utterance_8,ali ndi mwana wa cinyamata kawalala ndi mwana wacikazi njala,Nyanja_NM_Spk4_U_3473f8a0ad_Utterance_8_175_200.wav,5.735
NM,M,Spk4,U_3473f8a0ad,175_200,Nyanja_NM_Spk4_U_3473f8a0ad_Utterance_9,zocitika zinazace za mu ukapolo wa dziko lanu zili mkati mwa kudziwab kwa olamulila anu,Nyanja_NM_Spk4_U_3473f8a0ad_Utterance_9_175_200.wav,10.101
NM,M,Spk4,U_3473f8a0ad,175_200,Nyanja_NM_Spk4_U_3473f8a0ad_Utterance_10,bwana monceux ogwira ncito ku ndende anakwiya kopotsa ataudzidwa za cipolowe cimene cinacitika,Nyanja_NM_Spk4_U_3473f8a0ad_Utterance_10_175_200.wav,9.485
NM,M,Spk4,U_3473f8a0ad,175_200,Nyanja_NM_Spk4_U_3473f8a0ad_Utterance_11,tsopano khalani ziii pa umoyo wanu iye anayamba kulankhula koma amene anali kuphunzitsidwa nchito wogwidwa anayamba ku fuula mokuuwa,Nyanja_NM_Spk4_U_3473f8a0ad_Utterance_11_175_200.wav,13.711
NM,M,Spk4,U_3473f8a0ad,175_200,Nyanja_NM_Spk4_U_3473f8a0ad_Utterance_12,ndinasinya ndondomeko ya zoyenera kucitidwa poyendetsa nyama zanga ndi zomela zouma pa sitima kupita ku paris mu dziko la france,Nyanja_NM_Spk4_U_3473f8a0ad_Utterance_12_175_200.wav,14.338
NM,M,Spk4,U_3473f8a0ad,175_200,Nyanja_NM_Spk4_U_3473f8a0ad_Utterance_13,koma muli nkhani yocotsedwa mu turner uli ndi ziphunzitso zaphindu ziwiri zimene zabweretsedwa /zaphunzitsidwa bwino kopotsa,Nyanja_NM_Spk4_U_3473f8a0ad_Utterance_13_175_200.wav,11.61
NM,M,Spk4,U_3473f8a0ad,175_200,Nyanja_NM_Spk4_U_3473f8a0ad_Utterance_14,kadyedwa kamatengako mbali kwambiri mu makhalidwe a m'mizinda kopotsa mu maiko,Nyanja_NM_Spk4_U_3473f8a0ad_Utterance_14_175_200.wav,8.789
NM,M,Spk4,U_3473f8a0ad,175_200,Nyanja_NM_Spk4_U_3473f8a0ad_Utterance_15,will anawelewetsa robin alikusegula citseko nafunsa kodi mwakonzekera,Nyanja_NM_Spk4_U_3473f8a0ad_Utterance_15_175_200.wav,8.266
NM,M,Spk4,U_3473f8a0ad,175_200,Nyanja_NM_Spk4_U_3473f8a0ad_Utterance_16,atagundidwa mwapang'ono ndi mnyamata wa mtali uja mu mpandao kumbuyo kunapangisa stefani kuti afunse funso yobvuta kuyankha,Nyanja_NM_Spk4_U_3473f8a0ad_Utterance_16_175_200.wav,13.108
NM,M,Spk4,U_3473f8a0ad,175_200,Nyanja_NM_Spk4_U_3473f8a0ad_Utterance_17,ndinalota ciloto coipa pa iye usiku wathau,Nyanja_NM_Spk4_U_3473f8a0ad_Utterance_17_175_200.wav,4.981
NM,M,Spk4,U_3473f8a0ad,175_200,Nyanja_NM_Spk4_U_3473f8a0ad_Utterance_18,khala pansi anatero gates ndi mau okondwera ndi abwino pali mpando wokhalapo pano,Nyanja_NM_Spk4_U_3473f8a0ad_Utterance_18_175_200.wav,9.207
NM,M,Spk4,U_3473f8a0ad,175_200,Nyanja_NM_Spk4_U_3473f8a0ad_Utterance_19,iwo analandilidwa mu kaofesi kakang'ono ndi mzibambo ocedwa marham amene anali kaidi wa mundende,Nyanja_NM_Spk4_U_3473f8a0ad_Utterance_19_175_200.wav,1.103
NM,M,Spk4,U_3473f8a0ad,175_200,Nyanja_NM_Spk4_U_3473f8a0ad_Utterance_20,mai griffin mwinamwace anaonetsa kufuna kwa kuunika moongezera,Nyanja_NM_Spk4_U_3473f8a0ad_Utterance_20_175_200.wav,6.618
NM,M,Spk4,U_3473f8a0ad,175_200,Nyanja_NM_Spk4_U_3473f8a0ad_Utterance_21,mfumu yohane akutulusa moika ndudu za golide kucookera ku dzanja yace ya manzere mu thumba ya pamwamba khoti yace,Nyanja_NM_Spk4_U_3473f8a0ad_Utterance_21_175_200.wav,13.096
NM,M,Spk4,U_3473f8a0ad,175_200,Nyanja_NM_Spk4_U_3473f8a0ad_Utterance_22,anali mnyamata wa mkulu kotero kuti anabvara nsapata za ma buti zazitali atanyamula mpeni wa jaki,Nyanja_NM_Spk4_U_3473f8a0ad_Utterance_22_175_200.wav,10.008
NM,M,Spk4,U_3473f8a0ad,175_200,Nyanja_NM_Spk4_U_3473f8a0ad_Utterance_23,mwezi owala ndi odzidzila unali kuwala ndi kuunika kowala ndi zithunzi-thunzi,Nyanja_NM_Spk4_U_3473f8a0ad_Utterance_23_175_200.wav,8.487
NM,M,Spk4,U_3473f8a0ad,175_200,Nyanja_NM_Spk4_U_3473f8a0ad_Utterance_24,iwo anatenganso nyumba yao tsopano kopanda kusokoneza mtendre wa pa nyumba ya gamewell,Nyanja_NM_Spk4_U_3473f8a0ad_Utterance_24_175_200.wav,8.487
NM,M,Spk4,U_3473f8a0ad,175_200,Nyanja_NM_Spk4_U_3473f8a0ad_Utterance_25,paulo anayankha munthu omwe dzina lace ndi yesu kristu ndiponso mwana wa mulungu anadzipereka  yekha cifukwa ca macimo athu,Nyanja_NM_Spk4_U_3473f8a0ad_Utterance_25_175_200.wav,11.807
NM,M,Spk8,U_389416c0d1,350_375,Nyanja_NM_Spk8_U_389416c0d1_Utterance_1,ngale zidaona mwadala koma sizidafunekupanga cibwenzi,Nyanja_NM_Spk8_U_389416c0d1_Utterance_1_350_375.wav,5.689
NM,M,Spk8,U_389416c0d1,350_375,Nyanja_NM_Spk8_U_389416c0d1_Utterance_2,ai jasper ndiyenera kupita ine ndekha,Nyanja_NM_Spk8_U_389416c0d1_Utterance_2_350_375.wav,4.203
NM,M,Spk8,U_389416c0d1,350_375,Nyanja_NM_Spk8_U_389416c0d1_Utterance_3,matsku khumi adapitapo mkukambilana koma mzimu wofuna kubwezera coipa unalepheletsa kupeza cinvano cabwino,Nyanja_NM_Spk8_U_389416c0d1_Utterance_3_350_375.wav,14.048
NM,M,Spk8,U_389416c0d1,350_375,Nyanja_NM_Spk8_U_389416c0d1_Utterance_4,kodi mu dziwa za nyanja ai sindingathe kunena koma iye azalephera posacedwa ndi umoyo wa mcalo cino,Nyanja_NM_Spk8_U_389416c0d1_Utterance_4_350_375.wav,11.447
NM,M,Spk8,U_389416c0d1,350_375,Nyanja_NM_Spk8_U_389416c0d1_Utterance_5,ndipo zitsulo zoikiwa zija zinali kugwira nchito ndipo inali imodzi mwa  malo atatu amene anaikidwa mu dziko lino,Nyanja_NM_Spk8_U_389416c0d1_Utterance_5_350_375.wav,13.536
NM,M,Spk8,U_389416c0d1,350_375,Nyanja_NM_Spk8_U_389416c0d1_Utterance_6,siungathe ku cipedza mu laibulale yocedwa astor,Nyanja_NM_Spk8_U_389416c0d1_Utterance_6_350_375.wav,5.689
NM,M,Spk8,U_389416c0d1,350_375,Nyanja_NM_Spk8_U_389416c0d1_Utterance_7,anali mweenye amene chithunzi ca kuda cake cidaonekera mwadzidzidzi pa khungu lace,Nyanja_NM_Spk8_U_389416c0d1_Utterance_7_350_375.wav,8.615
NM,M,Spk8,U_389416c0d1,350_375,Nyanja_NM_Spk8_U_389416c0d1_Utterance_8,wopelekedzayo anathandidzira kuwalowetsa onsewo nalowa iye yekha mwansanga,Nyanja_NM_Spk8_U_389416c0d1_Utterance_8_350_375.wav,8.688
NM,M,Spk8,U_389416c0d1,350_375,Nyanja_NM_Spk8_U_389416c0d1_Utterance_9,ku zokhuzana ndi zaka zace ndi dzina ya abwana ace zolankhula za yakobo zinasiyana penapace ndinkhani yotsatsa malonda,Nyanja_NM_Spk8_U_389416c0d1_Utterance_9_350_375.wav,13.096
NM,M,Spk8,U_389416c0d1,350_375,Nyanja_NM_Spk8_U_389416c0d1_Utterance_10,kunali kukaana kwapamodzi pa ici ndi zina zace zimene iye anamatsulitra,Nyanja_NM_Spk8_U_389416c0d1_Utterance_10_350_375.wav,8.29
NM,M,Spk8,U_389416c0d1,350_375,Nyanja_NM_Spk8_U_389416c0d1_Utterance_11,ai ai ai totty ug nyowetsani mapadzi ake anatero poyser ali kutenga nsimbi zace,Nyanja_NM_Spk8_U_389416c0d1_Utterance_11_350_375.wav,9.92
NM,M,Spk8,U_389416c0d1,350_375,Nyanja_NM_Spk8_U_389416c0d1_Utterance_12,usapite ndikunenetsa kuti utsiku uno ndi wotsekemera,Nyanja_NM_Spk8_U_389416c0d1_Utterance_12_350_375.wav,6.049
NM,M,Spk8,U_389416c0d1,350_375,Nyanja_NM_Spk8_U_389416c0d1_Utterance_13,iyo si ncito yaikulu ku munthuamene amathamanga kuno ndakhala ndikupita ku walale ndikubwera,Nyanja_NM_Spk8_U_389416c0d1_Utterance_13_350_375.wav,10.588
NM,M,Spk8,U_389416c0d1,350_375,Nyanja_NM_Spk8_U_389416c0d1_Utterance_14,bartley anawelama natenga dzanja lace kuuika m'manja mwake ali kupsopsyona pa kamwa pace ndi maso ace otoopa ndiponso onyowa,Nyanja_NM_Spk8_U_389416c0d1_Utterance_14_350_375.wav,13.259
NM,M,Spk8,U_389416c0d1,350_375,Nyanja_NM_Spk8_U_389416c0d1_Utterance_15,cinthu cacikulu cimene angathe kunena ndi cakuti anali atatumidwa ndi ena,Nyanja_NM_Spk8_U_389416c0d1_Utterance_15_350_375.wav,8.398
NM,M,Spk8,U_389416c0d1,350_375,Nyanja_NM_Spk8_U_389416c0d1_Utterance_16,ayenera kusamalira malo ocitilako ma opaleshoni kopotsa kupambane mmene anali kusungilako,Nyanja_NM_Spk8_U_389416c0d1_Utterance_16_350_375.wav,10.227
NM,M,Spk8,U_389416c0d1,350_375,Nyanja_NM_Spk8_U_389416c0d1_Utterance_17,ici iye ananena kuti ndi kusungidwa bwino kwa alendo zoona ndipo sindidziwa ngati kuti mwina sindinagwirizane naye pa ico,Nyanja_NM_Spk8_U_389416c0d1_Utterance_17_350_375.wav,11.831
NM,M,Spk8,U_389416c0d1,350_375,Nyanja_NM_Spk8_U_389416c0d1_Utterance_18,ndipemphere cipinda ca mkulu wa apolisi mwana iwe mwansanga,Nyanja_NM_Spk8_U_389416c0d1_Utterance_18_350_375.wav,6.612
NM,M,Spk8,U_389416c0d1,350_375,Nyanja_NM_Spk8_U_389416c0d1_Utterance_19,iye anazimvetsera napeza cinsalu cakuda ca mfitiyo wopelekedzayo anakhala ndi mantha kopoosa,Nyanja_NM_Spk8_U_389416c0d1_Utterance_19_350_375.wav,11.587
NM,M,Spk8,U_389416c0d1,350_375,Nyanja_NM_Spk8_U_389416c0d1_Utterance_20,kotero azakuphunzitsani njira za cidule zoceepa kutacha m'mawa,Nyanja_NM_Spk8_U_389416c0d1_Utterance_20_350_375.wav,6.734
NM,M,Spk8,U_389416c0d1,350_375,Nyanja_NM_Spk8_U_389416c0d1_Utterance_21,mwatilandila ndi ulemu onsewo ndi citsamaliro cabwino zimene mkhalidwe wanu ku mangalande udziwikilamo,Nyanja_NM_Spk8_U_389416c0d1_Utterance_21_350_375.wav,10.441
NM,M,Spk8,U_389416c0d1,350_375,Nyanja_NM_Spk8_U_389416c0d1_Utterance_22,kodi tikudziwitsitsa phiri pamene sitinadziwe bwino lomwe nyumba imene tikhalamo,Nyanja_NM_Spk8_U_389416c0d1_Utterance_22_350_375.wav,6.223
NM,M,Spk8,U_389416c0d1,350_375,Nyanja_NM_Spk8_U_389416c0d1_Utterance_23,wina aliyense mu cipinda anali ololedwa kutuluka indetu bambo,Nyanja_NM_Spk8_U_389416c0d1_Utterance_23_350_375.wav,6.165
NM,M,Spk8,U_389416c0d1,350_375,Nyanja_NM_Spk8_U_389416c0d1_Utterance_24,kwa ine ukukhala wolankhula-lankhula tunkhani unc anatero wa zamatsenga amene anasangalala ndi zomwe anauzidwa,Nyanja_NM_Spk8_U_389416c0d1_Utterance_24_350_375.wav,11.308
NM,M,Spk8,U_389416c0d1,350_375,Nyanja_NM_Spk8_U_389416c0d1_Utterance_25,ndine okondwera poti wacikonda anatero wylder akusekalapo  mwapangang'ono atapititsa dzanja lake pamwamba pa mapewa ace,Nyanja_NM_Spk8_U_389416c0d1_Utterance_25_350_375.wav,12.701
NM,M,Spk8,U_389416c0d1,375_400,Nyanja_NM_Spk8_U_389416c0d1_Utterance_1,conde osati madzina aianatero holmes pamene tinagogoda pa chitseko ca gilhrist,Nyanja_NM_Spk8_U_389416c0d1_Utterance_1_375_400.wav,7.303
NM,M,Spk8,U_389416c0d1,375_400,Nyanja_NM_Spk8_U_389416c0d1_Utterance_2,sindidziwa za wina aliyense amene angacite zinthu mokomera iye,Nyanja_NM_Spk8_U_389416c0d1_Utterance_2_375_400.wav,5.581
NM,M,Spk8,U_389416c0d1,375_400,Nyanja_NM_Spk8_U_389416c0d1_Utterance_3,wotsogolera mpingo sanapemphe chiphunzitso ca cipembedzo kumva zophunzitsidwa kumeneko,Nyanja_NM_Spk8_U_389416c0d1_Utterance_3_375_400.wav,9.087
NM,M,Spk8,U_389416c0d1,375_400,Nyanja_NM_Spk8_U_389416c0d1_Utterance_4,kukhuzana ndi nkhani ya ukabwalala wanga umene ndinabela,Nyanja_NM_Spk8_U_389416c0d1_Utterance_4_375_400.wav,5.975
NM,M,Spk8,U_389416c0d1,375_400,Nyanja_NM_Spk8_U_389416c0d1_Utterance_5,panthawi yomweyo mbuzi inalumpha nathawa atsilikali  ndi mutu wowerama anathamangira kwa a boolooroo,Nyanja_NM_Spk8_U_389416c0d1_Utterance_5_375_400.wav,11.54
NM,M,Spk8,U_389416c0d1,375_400,Nyanja_NM_Spk8_U_389416c0d1_Utterance_6,malamulo amene ali pakati pathu ndi ofanana ndi aja omwe analiko kale,Nyanja_NM_Spk8_U_389416c0d1_Utterance_6_375_400.wav,6.773
NM,M,Spk8,U_389416c0d1,375_400,Nyanja_NM_Spk8_U_389416c0d1_Utterance_7,kukufunsani mafunso ambiri inu ndikhulupilira cingakhale cinthu cosakuyenelani,Nyanja_NM_Spk8_U_389416c0d1_Utterance_7_375_400.wav,8.141
NM,M,Spk8,U_389416c0d1,375_400,Nyanja_NM_Spk8_U_389416c0d1_Utterance_8,kodi siuzathamangira mnyumbamo ndi kuona ngati malita kusungako mmdzakazi/wotumikira mmodzi kapena awiri,Nyanja_NM_Spk8_U_389416c0d1_Utterance_8_375_400.wav,12.12
NM,M,Spk8,U_389416c0d1,375_400,Nyanja_NM_Spk8_U_389416c0d1_Utterance_9,ndipo ndi ika olonda pa inu nonse mu nyumbamo,Nyanja_NM_Spk8_U_389416c0d1_Utterance_9_375_400.wav,5.525
NM,M,Spk8,U_389416c0d1,375_400,Nyanja_NM_Spk8_U_389416c0d1_Utterance_10,thamanga mobwelera kumweko uncas ndipo undibweletsere ukuulu wa wa mendo ya oimba,Nyanja_NM_Spk8_U_389416c0d1_Utterance_10_375_400.wav,8.545
NM,M,Spk8,U_389416c0d1,375_400,Nyanja_NM_Spk8_U_389416c0d1_Utterance_11,kudziwika a timaeus aonetsa kumbadwa ndi mwapang'ono cifukwa ca,Nyanja_NM_Spk8_U_389416c0d1_Utterance_11_375_400.wav,7.187
NM,M,Spk8,U_389416c0d1,375_400,Nyanja_NM_Spk8_U_389416c0d1_Utterance_12,paulo akunenetsa kuti atumwi aboza (onyenga) sanaitanidwe kapena kutumidwa ndi anthu kapena muntrhuy,Nyanja_NM_Spk8_U_389416c0d1_Utterance_12_375_400.wav,9.892
NM,M,Spk8,U_389416c0d1,375_400,Nyanja_NM_Spk8_U_389416c0d1_Utterance_13,kodi ndani emwe anakuphunzitsa kukolopa pansi ndingakonde kudziwa,Nyanja_NM_Spk8_U_389416c0d1_Utterance_13_375_400.wav,7.078
NM,M,Spk8,U_389416c0d1,375_400,Nyanja_NM_Spk8_U_389416c0d1_Utterance_14,ciyambi cace cinali ka cilombo kamatenda ka kang'ono kambeu kopanda phindu kamene sikanaganidzilidwe kuti mwina kangayambitse ndale,Nyanja_NM_Spk8_U_389416c0d1_Utterance_14_375_400.wav,12.574
NM,M,Spk8,U_389416c0d1,375_400,Nyanja_NM_Spk8_U_389416c0d1_Utterance_15,kodi uganiza kuti coyelekedzera cija cinali ndendende ndi cinthu cimodzi-modzico,Nyanja_NM_Spk8_U_389416c0d1_Utterance_15_375_400.wav,8.084
NM,M,Spk8,U_389416c0d1,375_400,Nyanja_NM_Spk8_U_389416c0d1_Utterance_16,ngati kuti ali pafupi pa famu pano tinghathe kumuitana mu mphindi imodzi,Nyanja_NM_Spk8_U_389416c0d1_Utterance_16_375_400.wav,7.848
NM,M,Spk8,U_389416c0d1,375_400,Nyanja_NM_Spk8_U_389416c0d1_Utterance_17,mwatsoka ndakhala ndikulira kotero kuti ndicapatali kuti ndingathe kukondedwa,Nyanja_NM_Spk8_U_389416c0d1_Utterance_17_375_400.wav,7.93
NM,M,Spk8,U_389416c0d1,375_400,Nyanja_NM_Spk8_U_389416c0d1_Utterance_18,naomi anawalata ndi cala cake capakati pa mwaukali ngati kuti mwina alimi aja acinyamata awiri anali ana acicepeele awiri,Nyanja_NM_Spk8_U_389416c0d1_Utterance_18_375_400.wav,13.785
NM,M,Spk8,U_389416c0d1,375_400,Nyanja_NM_Spk8_U_389416c0d1_Utterance_19,anatseka dzenera ngati mwina mpepo ndiyolema,Nyanja_NM_Spk8_U_389416c0d1_Utterance_19_375_400.wav,4.957
NM,M,Spk8,U_389416c0d1,375_400,Nyanja_NM_Spk8_U_389416c0d1_Utterance_20,pa mayambidwe sindinadziwe njira yoyambira,Nyanja_NM_Spk8_U_389416c0d1_Utterance_20_375_400.wav,3.611
NM,M,Spk8,U_389416c0d1,375_400,Nyanja_NM_Spk8_U_389416c0d1_Utterance_21,koma mau owongezera pa ulendo wonse,Nyanja_NM_Spk8_U_389416c0d1_Utterance_21_375_400.wav,3.367
NM,M,Spk8,U_389416c0d1,375_400,Nyanja_NM_Spk8_U_389416c0d1_Utterance_22,osati cifukwa ca kalilole kapena ufumu kapena ubwino wathu koma pa macimo athu,Nyanja_NM_Spk8_U_389416c0d1_Utterance_22_375_400.wav,8.429
NM,M,Spk8,U_389416c0d1,375_400,Nyanja_NM_Spk8_U_389416c0d1_Utterance_23,choncho mita ya edisoni imene iona pa za magetsi sili kugwilitsidwa nchito ngakhale kuti ili ndi zokoma zabwino,Nyanja_NM_Spk8_U_389416c0d1_Utterance_23_375_400.wav,11.633
NM,M,Spk8,U_389416c0d1,375_400,Nyanja_NM_Spk8_U_389416c0d1_Utterance_24,maganizo amenewa anandikwiitsa tsiku lonse ndipo kulingalira kwanga sikunathe kwa maola ambiri pomwe ntagona,Nyanja_NM_Spk8_U_389416c0d1_Utterance_24_375_400.wav,11.109
NM,M,Spk8,U_389416c0d1,375_400,Nyanja_NM_Spk8_U_389416c0d1_Utterance_25,koma mtengo sunakondwere konse unakura  ndi kukura ndipo unabiliwira nthawi ya dzinja ndi chilimwe,Nyanja_NM_Spk8_U_389416c0d1_Utterance_25_375_400.wav,10.12
NM,M,Spk8,U_0ffcc3b652,350_375,Nyanja_NM_Spk8_U_0ffcc3b652_Utterance_1,ngale zidaona mwadala koma sizidafunekupanga cibwenzi,Nyanja_NM_Spk8_U_0ffcc3b652_Utterance_1_350_375.wav,5.345
NM,M,Spk8,U_0ffcc3b652,350_375,Nyanja_NM_Spk8_U_0ffcc3b652_Utterance_2,ai jasper ndiyenera kupita ine ndekha,Nyanja_NM_Spk8_U_0ffcc3b652_Utterance_2_350_375.wav,4.37
NM,M,Spk8,U_0ffcc3b652,350_375,Nyanja_NM_Spk8_U_0ffcc3b652_Utterance_3,matsku khumi adapitapo mkukambilana koma mzimu wofuna kubwezera coipa unalepheletsa kupeza cinvano cabwino,Nyanja_NM_Spk8_U_0ffcc3b652_Utterance_3_350_375.wav,13.4
NM,M,Spk8,U_0ffcc3b652,350_375,Nyanja_NM_Spk8_U_0ffcc3b652_Utterance_4,kodi mu dziwa za nyanja ai sindingathe kunena koma iye azalephera posacedwa ndi umoyo wa mcalo cino,Nyanja_NM_Spk8_U_0ffcc3b652_Utterance_4_350_375.wav,9.035
NM,M,Spk8,U_0ffcc3b652,350_375,Nyanja_NM_Spk8_U_0ffcc3b652_Utterance_5,ndipo zitsulo zoikiwa zija zinali kugwira nchito ndipo inali imodzi mwa  malo atatu amene anaikidwa mu dziko lino,Nyanja_NM_Spk8_U_0ffcc3b652_Utterance_5_350_375.wav,9.215
NM,M,Spk8,U_0ffcc3b652,350_375,Nyanja_NM_Spk8_U_0ffcc3b652_Utterance_6,siungathe ku cipedza mu laibulale yocedwa astor,Nyanja_NM_Spk8_U_0ffcc3b652_Utterance_6_350_375.wav,4.61
NM,M,Spk8,U_0ffcc3b652,350_375,Nyanja_NM_Spk8_U_0ffcc3b652_Utterance_7,anali mweenye amene chithunzi ca kuda cake cidaonekera mwadzidzidzi pa khungu lace,Nyanja_NM_Spk8_U_0ffcc3b652_Utterance_7_350_375.wav,8.51
NM,M,Spk8,U_0ffcc3b652,350_375,Nyanja_NM_Spk8_U_0ffcc3b652_Utterance_8,wopelekedzayo anathandidzira kuwalowetsa onsewo nalowa iye yekha mwansanga,Nyanja_NM_Spk8_U_0ffcc3b652_Utterance_8_350_375.wav,9.005
NM,M,Spk8,U_0ffcc3b652,350_375,Nyanja_NM_Spk8_U_0ffcc3b652_Utterance_9,ku zokhuzana ndi zaka zace ndi dzina ya abwana ace zolankhula za yakobo zinasiyana penapace ndinkhani yotsatsa malonda,Nyanja_NM_Spk8_U_0ffcc3b652_Utterance_9_350_375.wav,12.17
NM,M,Spk8,U_0ffcc3b652,350_375,Nyanja_NM_Spk8_U_0ffcc3b652_Utterance_10,kunali kukaana kwapamodzi pa ici ndi zina zace zimene iye anamatsulitra,Nyanja_NM_Spk8_U_0ffcc3b652_Utterance_10_350_375.wav,6.56
NM,M,Spk8,U_0ffcc3b652,350_375,Nyanja_NM_Spk8_U_0ffcc3b652_Utterance_11,ai ai ai totty ug nyowetsani mapadzi ake anatero poyser ali kutenga nsimbi zace,Nyanja_NM_Spk8_U_0ffcc3b652_Utterance_11_350_375.wav,10.43
NM,M,Spk8,U_0ffcc3b652,350_375,Nyanja_NM_Spk8_U_0ffcc3b652_Utterance_12,usapite ndikunenetsa kuti utsiku uno ndi wotsekemera,Nyanja_NM_Spk8_U_0ffcc3b652_Utterance_12_350_375.wav,5.0
NM,M,Spk8,U_0ffcc3b652,350_375,Nyanja_NM_Spk8_U_0ffcc3b652_Utterance_13,iyo si ncito yaikulu ku munthuamene amathamanga kuno ndakhala ndikupita ku walale ndikubwera,Nyanja_NM_Spk8_U_0ffcc3b652_Utterance_13_350_375.wav,9.47
NM,M,Spk8,U_0ffcc3b652,350_375,Nyanja_NM_Spk8_U_0ffcc3b652_Utterance_14,bartley anawelama natenga dzanja lace kuuika m'manja mwake ali kupsopsyona pa kamwa pace ndi maso ace otoopa ndiponso onyowa,Nyanja_NM_Spk8_U_0ffcc3b652_Utterance_14_350_375.wav,14.494
NM,M,Spk8,U_0ffcc3b652,350_375,Nyanja_NM_Spk8_U_0ffcc3b652_Utterance_15,cinthu cacikulu cimene angathe kunena ndi cakuti anali atatumidwa ndi ena,Nyanja_NM_Spk8_U_0ffcc3b652_Utterance_15_350_375.wav,8.345
NM,M,Spk8,U_0ffcc3b652,350_375,Nyanja_NM_Spk8_U_0ffcc3b652_Utterance_16,ayenera kusamalira malo ocitilako ma opaleshoni kopotsa kupambane mmene anali kusungilako,Nyanja_NM_Spk8_U_0ffcc3b652_Utterance_16_350_375.wav,8.045
NM,M,Spk8,U_0ffcc3b652,350_375,Nyanja_NM_Spk8_U_0ffcc3b652_Utterance_17,ici iye ananena kuti ndi kusungidwa bwino kwa alendo zoona ndipo sindidziwa ngati kuti mwina sindinagwirizane naye pa ico,Nyanja_NM_Spk8_U_0ffcc3b652_Utterance_17_350_375.wav,12.455
NM,M,Spk8,U_0ffcc3b652,350_375,Nyanja_NM_Spk8_U_0ffcc3b652_Utterance_18,ndipemphere cipinda ca mkulu wa apolisi mwana iwe mwansanga,Nyanja_NM_Spk8_U_0ffcc3b652_Utterance_18_350_375.wav,7.805
NM,M,Spk8,U_0ffcc3b652,350_375,Nyanja_NM_Spk8_U_0ffcc3b652_Utterance_19,iye anazimvetsera napeza cinsalu cakuda ca mfitiyo wopelekedzayo anakhala ndi mantha kopoosa,Nyanja_NM_Spk8_U_0ffcc3b652_Utterance_19_350_375.wav,13.01
NM,M,Spk8,U_0ffcc3b652,350_375,Nyanja_NM_Spk8_U_0ffcc3b652_Utterance_20,kotero azakuphunzitsani njira za cidule zoceepa kutacha m'mawa,Nyanja_NM_Spk8_U_0ffcc3b652_Utterance_20_350_375.wav,6.455
NM,M,Spk8,U_0ffcc3b652,350_375,Nyanja_NM_Spk8_U_0ffcc3b652_Utterance_21,mwatilandila ndi ulemu onsewo ndi citsamaliro cabwino zimene mkhalidwe wanu ku mangalande udziwikilamo,Nyanja_NM_Spk8_U_0ffcc3b652_Utterance_21_350_375.wav,10.34
NM,M,Spk8,U_0ffcc3b652,350_375,Nyanja_NM_Spk8_U_0ffcc3b652_Utterance_22,kodi tikudziwitsitsa phiri pamene sitinadziwe bwino lomwe nyumba imene tikhalamo,Nyanja_NM_Spk8_U_0ffcc3b652_Utterance_22_350_375.wav,7.37
NM,M,Spk8,U_0ffcc3b652,350_375,Nyanja_NM_Spk8_U_0ffcc3b652_Utterance_23,wina aliyense mu cipinda anali ololedwa kutuluka indetu bambo,Nyanja_NM_Spk8_U_0ffcc3b652_Utterance_23_350_375.wav,8.12
NM,M,Spk8,U_0ffcc3b652,350_375,Nyanja_NM_Spk8_U_0ffcc3b652_Utterance_24,kwa ine ukukhala wolankhula-lankhula tunkhani unc anatero wa zamatsenga amene anasangalala ndi zomwe anauzidwa,Nyanja_NM_Spk8_U_0ffcc3b652_Utterance_24_350_375.wav,12.5
NM,M,Spk8,U_0ffcc3b652,350_375,Nyanja_NM_Spk8_U_0ffcc3b652_Utterance_25,ndine okondwera poti wacikonda anatero wylder akusekalapo  mwapangang'ono atapititsa dzanja lake pamwamba pa mapewa ace,Nyanja_NM_Spk8_U_0ffcc3b652_Utterance_25_350_375.wav,12.98
NM,M,Spk8,U_0ffcc3b652,375_400,Nyanja_NM_Spk8_U_0ffcc3b652_Utterance_1,conde osati madzina aianatero holmes pamene tinagogoda pa chitseko ca gilhrist,Nyanja_NM_Spk8_U_0ffcc3b652_Utterance_1_375_400.wav,8.045
NM,M,Spk8,U_0ffcc3b652,375_400,Nyanja_NM_Spk8_U_0ffcc3b652_Utterance_2,sindidziwa za wina aliyense amene angacite zinthu mokomera iye,Nyanja_NM_Spk8_U_0ffcc3b652_Utterance_2_375_400.wav,6.68
NM,M,Spk8,U_0ffcc3b652,375_400,Nyanja_NM_Spk8_U_0ffcc3b652_Utterance_3,wotsogolera mpingo sanapemphe chiphunzitso ca cipembedzo kumva zophunzitsidwa kumeneko,Nyanja_NM_Spk8_U_0ffcc3b652_Utterance_3_375_400.wav,9.542
NM,M,Spk8,U_0ffcc3b652,375_400,Nyanja_NM_Spk8_U_0ffcc3b652_Utterance_4,kukhuzana ndi nkhani ya ukabwalala wanga umene ndinabela,Nyanja_NM_Spk8_U_0ffcc3b652_Utterance_4_375_400.wav,7.429
NM,M,Spk8,U_0ffcc3b652,375_400,Nyanja_NM_Spk8_U_0ffcc3b652_Utterance_5,panthawi yomweyo mbuzi inalumpha nathawa atsilikali  ndi mutu wowerama anathamangira kwa a boolooroo,Nyanja_NM_Spk8_U_0ffcc3b652_Utterance_5_375_400.wav,10.88
NM,M,Spk8,U_0ffcc3b652,375_400,Nyanja_NM_Spk8_U_0ffcc3b652_Utterance_6,malamulo amene ali pakati pathu ndi ofanana ndi aja omwe analiko kale,Nyanja_NM_Spk8_U_0ffcc3b652_Utterance_6_375_400.wav,7.61
NM,M,Spk8,U_0ffcc3b652,375_400,Nyanja_NM_Spk8_U_0ffcc3b652_Utterance_7,kukufunsani mafunso ambiri inu ndikhulupilira cingakhale cinthu cosakuyenelani,Nyanja_NM_Spk8_U_0ffcc3b652_Utterance_7_375_400.wav,7.34
NM,M,Spk8,U_0ffcc3b652,375_400,Nyanja_NM_Spk8_U_0ffcc3b652_Utterance_8,kodi siuzathamangira mnyumbamo ndi kuona ngati malita kusungako mmdzakazi/wotumikira mmodzi kapena awiri,Nyanja_NM_Spk8_U_0ffcc3b652_Utterance_8_375_400.wav,12.455
NM,M,Spk8,U_0ffcc3b652,375_400,Nyanja_NM_Spk8_U_0ffcc3b652_Utterance_9,ndipo ndi ika olonda pa inu nonse mu nyumbamo,Nyanja_NM_Spk8_U_0ffcc3b652_Utterance_9_375_400.wav,7.025
NM,M,Spk8,U_0ffcc3b652,375_400,Nyanja_NM_Spk8_U_0ffcc3b652_Utterance_10,thamanga mobwelera kumweko uncas ndipo undibweletsere ukuulu wa wa mendo ya oimba,Nyanja_NM_Spk8_U_0ffcc3b652_Utterance_10_375_400.wav,9.485
NM,M,Spk8,U_0ffcc3b652,375_400,Nyanja_NM_Spk8_U_0ffcc3b652_Utterance_11,kudziwika a timaeus aonetsa kumbadwa ndi mwapang'ono cifukwa ca,Nyanja_NM_Spk8_U_0ffcc3b652_Utterance_11_375_400.wav,6.575
NM,M,Spk8,U_0ffcc3b652,375_400,Nyanja_NM_Spk8_U_0ffcc3b652_Utterance_12,paulo akunenetsa kuti atumwi aboza (onyenga) sanaitanidwe kapena kutumidwa ndi anthu kapena muntrhuy,Nyanja_NM_Spk8_U_0ffcc3b652_Utterance_12_375_400.wav,15.605
NM,M,Spk8,U_0ffcc3b652,375_400,Nyanja_NM_Spk8_U_0ffcc3b652_Utterance_13,kodi ndani emwe anakuphunzitsa kukolopa pansi ndingakonde kudziwa,Nyanja_NM_Spk8_U_0ffcc3b652_Utterance_13_375_400.wav,7.49
NM,M,Spk8,U_0ffcc3b652,375_400,Nyanja_NM_Spk8_U_0ffcc3b652_Utterance_14,ciyambi cace cinali ka cilombo kamatenda ka kang'ono kambeu kopanda phindu kamene sikanaganidzilidwe kuti mwina kangayambitse ndale,Nyanja_NM_Spk8_U_0ffcc3b652_Utterance_14_375_400.wav,14.72
NM,M,Spk8,U_0ffcc3b652,375_400,Nyanja_NM_Spk8_U_0ffcc3b652_Utterance_15,kodi uganiza kuti coyelekedzera cija cinali ndendende ndi cinthu cimodzi-modzico,Nyanja_NM_Spk8_U_0ffcc3b652_Utterance_15_375_400.wav,7.126
NM,M,Spk8,U_0ffcc3b652,375_400,Nyanja_NM_Spk8_U_0ffcc3b652_Utterance_16,ngati kuti ali pafupi pa famu pano tinghathe kumuitana mu mphindi imodzi,Nyanja_NM_Spk8_U_0ffcc3b652_Utterance_16_375_400.wav,8.9
NM,M,Spk8,U_0ffcc3b652,375_400,Nyanja_NM_Spk8_U_0ffcc3b652_Utterance_17,mwatsoka ndakhala ndikulira kotero kuti ndicapatali kuti ndingathe kukondedwa,Nyanja_NM_Spk8_U_0ffcc3b652_Utterance_17_375_400.wav,8.9
NM,M,Spk8,U_0ffcc3b652,375_400,Nyanja_NM_Spk8_U_0ffcc3b652_Utterance_18,naomi anawalata ndi cala cake capakati pa mwaukali ngati kuti mwina alimi aja acinyamata awiri anali ana acicepeele awiri,Nyanja_NM_Spk8_U_0ffcc3b652_Utterance_18_375_400.wav,14.09
NM,M,Spk8,U_0ffcc3b652,375_400,Nyanja_NM_Spk8_U_0ffcc3b652_Utterance_19,anatseka dzenera ngati mwina mpepo ndiyolema,Nyanja_NM_Spk8_U_0ffcc3b652_Utterance_19_375_400.wav,6.425
NM,M,Spk8,U_0ffcc3b652,375_400,Nyanja_NM_Spk8_U_0ffcc3b652_Utterance_20,pa mayambidwe sindinadziwe njira yoyambira,Nyanja_NM_Spk8_U_0ffcc3b652_Utterance_20_375_400.wav,6.2
NM,M,Spk8,U_0ffcc3b652,375_400,Nyanja_NM_Spk8_U_0ffcc3b652_Utterance_21,koma mau owongezera pa ulendo wonse,Nyanja_NM_Spk8_U_0ffcc3b652_Utterance_21_375_400.wav,5.645
NM,M,Spk8,U_0ffcc3b652,375_400,Nyanja_NM_Spk8_U_0ffcc3b652_Utterance_22,osati cifukwa ca kalilole kapena ufumu kapena ubwino wathu koma pa macimo athu,Nyanja_NM_Spk8_U_0ffcc3b652_Utterance_22_375_400.wav,10.784
NM,M,Spk8,U_0ffcc3b652,375_400,Nyanja_NM_Spk8_U_0ffcc3b652_Utterance_23,choncho mita ya edisoni imene iona pa za magetsi sili kugwilitsidwa nchito ngakhale kuti ili ndi zokoma zabwino,Nyanja_NM_Spk8_U_0ffcc3b652_Utterance_23_375_400.wav,12.927
NM,M,Spk8,U_0ffcc3b652,375_400,Nyanja_NM_Spk8_U_0ffcc3b652_Utterance_24,maganizo amenewa anandikwiitsa tsiku lonse ndipo kulingalira kwanga sikunathe kwa maola ambiri pomwe ntagona,Nyanja_NM_Spk8_U_0ffcc3b652_Utterance_24_375_400.wav,11.27
NM,M,Spk8,U_0ffcc3b652,375_400,Nyanja_NM_Spk8_U_0ffcc3b652_Utterance_25,koma mtengo sunakondwere konse unakura  ndi kukura ndipo unabiliwira nthawi ya dzinja ndi chilimwe,Nyanja_NM_Spk8_U_0ffcc3b652_Utterance_25_375_400.wav,12.08
NM,M,Spk8,U_5f4bd939d1,350_375,Nyanja_NM_Spk8_U_5f4bd939d1_Utterance_1,ngale zidaona mwadala koma sizidafunekupanga cibwenzi,Nyanja_NM_Spk8_U_5f4bd939d1_Utterance_1_350_375.wav,6.513
NM,M,Spk8,U_5f4bd939d1,350_375,Nyanja_NM_Spk8_U_5f4bd939d1_Utterance_2,ai jasper ndiyenera kupita ine ndekha,Nyanja_NM_Spk8_U_5f4bd939d1_Utterance_2_350_375.wav,3.483
NM,M,Spk8,U_5f4bd939d1,350_375,Nyanja_NM_Spk8_U_5f4bd939d1_Utterance_3,matsku khumi adapitapo mkukambilana koma mzimu wofuna kubwezera coipa unalepheletsa kupeza cinvano cabwino,Nyanja_NM_Spk8_U_5f4bd939d1_Utterance_3_350_375.wav,10.566
NM,M,Spk8,U_5f4bd939d1,350_375,Nyanja_NM_Spk8_U_5f4bd939d1_Utterance_4,kodi mu dziwa za nyanja ai sindingathe kunena koma iye azalephera posacedwa ndi umoyo wa mcalo cino,Nyanja_NM_Spk8_U_5f4bd939d1_Utterance_4_350_375.wav,10.738
NM,M,Spk8,U_5f4bd939d1,350_375,Nyanja_NM_Spk8_U_5f4bd939d1_Utterance_5,ndipo zitsulo zoikiwa zija zinali kugwira nchito ndipo inali imodzi mwa  malo atatu amene anaikidwa mu dziko lino,Nyanja_NM_Spk8_U_5f4bd939d1_Utterance_5_350_375.wav,10.607
NM,M,Spk8,U_5f4bd939d1,350_375,Nyanja_NM_Spk8_U_5f4bd939d1_Utterance_6,siungathe ku cipedza mu laibulale yocedwa astor,Nyanja_NM_Spk8_U_5f4bd939d1_Utterance_6_350_375.wav,5.788
NM,M,Spk8,U_5f4bd939d1,350_375,Nyanja_NM_Spk8_U_5f4bd939d1_Utterance_7,anali mweenye amene chithunzi ca kuda cake cidaonekera mwadzidzidzi pa khungu lace,Nyanja_NM_Spk8_U_5f4bd939d1_Utterance_7_350_375.wav,10.598
NM,M,Spk8,U_5f4bd939d1,350_375,Nyanja_NM_Spk8_U_5f4bd939d1_Utterance_8,wopelekedzayo anathandidzira kuwalowetsa onsewo nalowa iye yekha mwansanga,Nyanja_NM_Spk8_U_5f4bd939d1_Utterance_8_350_375.wav,8.579
NM,M,Spk8,U_5f4bd939d1,350_375,Nyanja_NM_Spk8_U_5f4bd939d1_Utterance_9,ku zokhuzana ndi zaka zace ndi dzina ya abwana ace zolankhula za yakobo zinasiyana penapace ndinkhani yotsatsa malonda,Nyanja_NM_Spk8_U_5f4bd939d1_Utterance_9_350_375.wav,11.469
NM,M,Spk8,U_5f4bd939d1,350_375,Nyanja_NM_Spk8_U_5f4bd939d1_Utterance_10,kunali kukaana kwapamodzi pa ici ndi zina zace zimene iye anamatsulitra,Nyanja_NM_Spk8_U_5f4bd939d1_Utterance_10_350_375.wav,6.847
NM,M,Spk8,U_5f4bd939d1,350_375,Nyanja_NM_Spk8_U_5f4bd939d1_Utterance_11,ai ai ai totty ug nyowetsani mapadzi ake anatero poyser ali kutenga nsimbi zace,Nyanja_NM_Spk8_U_5f4bd939d1_Utterance_11_350_375.wav,9.728
NM,M,Spk8,U_5f4bd939d1,350_375,Nyanja_NM_Spk8_U_5f4bd939d1_Utterance_12,usapite ndikunenetsa kuti utsiku uno ndi wotsekemera,Nyanja_NM_Spk8_U_5f4bd939d1_Utterance_12_350_375.wav,6.305
NM,M,Spk8,U_5f4bd939d1,350_375,Nyanja_NM_Spk8_U_5f4bd939d1_Utterance_13,iyo si ncito yaikulu ku munthuamene amathamanga kuno ndakhala ndikupita ku walale ndikubwera,Nyanja_NM_Spk8_U_5f4bd939d1_Utterance_13_350_375.wav,7.799
NM,M,Spk8,U_5f4bd939d1,350_375,Nyanja_NM_Spk8_U_5f4bd939d1_Utterance_14,bartley anawelama natenga dzanja lace kuuika m'manja mwake ali kupsopsyona pa kamwa pace ndi maso ace otoopa ndiponso onyowa,Nyanja_NM_Spk8_U_5f4bd939d1_Utterance_14_350_375.wav,13.48
NM,M,Spk8,U_5f4bd939d1,350_375,Nyanja_NM_Spk8_U_5f4bd939d1_Utterance_15,cinthu cacikulu cimene angathe kunena ndi cakuti anali atatumidwa ndi ena,Nyanja_NM_Spk8_U_5f4bd939d1_Utterance_15_350_375.wav,8.765
NM,M,Spk8,U_5f4bd939d1,350_375,Nyanja_NM_Spk8_U_5f4bd939d1_Utterance_16,ayenera kusamalira malo ocitilako ma opaleshoni kopotsa kupambane mmene anali kusungilako,Nyanja_NM_Spk8_U_5f4bd939d1_Utterance_16_350_375.wav,11.018
NM,M,Spk8,U_5f4bd939d1,350_375,Nyanja_NM_Spk8_U_5f4bd939d1_Utterance_17,ici iye ananena kuti ndi kusungidwa bwino kwa alendo zoona ndipo sindidziwa ngati kuti mwina sindinagwirizane naye pa ico,Nyanja_NM_Spk8_U_5f4bd939d1_Utterance_17_350_375.wav,13.2
NM,M,Spk8,U_5f4bd939d1,350_375,Nyanja_NM_Spk8_U_5f4bd939d1_Utterance_18,ndipemphere cipinda ca mkulu wa apolisi mwana iwe mwansanga,Nyanja_NM_Spk8_U_5f4bd939d1_Utterance_18_350_375.wav,5.468
NM,M,Spk8,U_5f4bd939d1,350_375,Nyanja_NM_Spk8_U_5f4bd939d1_Utterance_19,iye anazimvetsera napeza cinsalu cakuda ca mfitiyo wopelekedzayo anakhala ndi mantha kopoosa,Nyanja_NM_Spk8_U_5f4bd939d1_Utterance_19_350_375.wav,10.356
NM,M,Spk8,U_5f4bd939d1,350_375,Nyanja_NM_Spk8_U_5f4bd939d1_Utterance_20,kotero azakuphunzitsani njira za cidule zoceepa kutacha m'mawa,Nyanja_NM_Spk8_U_5f4bd939d1_Utterance_20_350_375.wav,5.956
NM,M,Spk8,U_5f4bd939d1,350_375,Nyanja_NM_Spk8_U_5f4bd939d1_Utterance_21,mwatilandila ndi ulemu onsewo ndi citsamaliro cabwino zimene mkhalidwe wanu ku mangalande udziwikilamo,Nyanja_NM_Spk8_U_5f4bd939d1_Utterance_21_350_375.wav,12.922
NM,M,Spk8,U_5f4bd939d1,350_375,Nyanja_NM_Spk8_U_5f4bd939d1_Utterance_22,kodi tikudziwitsitsa phiri pamene sitinadziwe bwino lomwe nyumba imene tikhalamo,Nyanja_NM_Spk8_U_5f4bd939d1_Utterance_22_350_375.wav,9.253
NM,M,Spk8,U_5f4bd939d1,350_375,Nyanja_NM_Spk8_U_5f4bd939d1_Utterance_23,wina aliyense mu cipinda anali ololedwa kutuluka indetu bambo,Nyanja_NM_Spk8_U_5f4bd939d1_Utterance_23_350_375.wav,8.916
NM,M,Spk8,U_5f4bd939d1,350_375,Nyanja_NM_Spk8_U_5f4bd939d1_Utterance_24,kwa ine ukukhala wolankhula-lankhula tunkhani unc anatero wa zamatsenga amene anasangalala ndi zomwe anauzidwa,Nyanja_NM_Spk8_U_5f4bd939d1_Utterance_24_350_375.wav,16.788
NM,M,Spk8,U_5f4bd939d1,350_375,Nyanja_NM_Spk8_U_5f4bd939d1_Utterance_25,ndine okondwera poti wacikonda anatero wylder akusekalapo  mwapangang'ono atapititsa dzanja lake pamwamba pa mapewa ace,Nyanja_NM_Spk8_U_5f4bd939d1_Utterance_25_350_375.wav,14.722
NM,M,Spk8,U_5f4bd939d1,375_400,Nyanja_NM_Spk8_U_5f4bd939d1_Utterance_1,conde osati madzina aianatero holmes pamene tinagogoda pa chitseko ca gilhrist,Nyanja_NM_Spk8_U_5f4bd939d1_Utterance_1_375_400.wav,10.472
NM,M,Spk8,U_5f4bd939d1,375_400,Nyanja_NM_Spk8_U_5f4bd939d1_Utterance_2,sindidziwa za wina aliyense amene angacite zinthu mokomera iye,Nyanja_NM_Spk8_U_5f4bd939d1_Utterance_2_375_400.wav,6.304
NM,M,Spk8,U_5f4bd939d1,375_400,Nyanja_NM_Spk8_U_5f4bd939d1_Utterance_3,wotsogolera mpingo sanapemphe chiphunzitso ca cipembedzo kumva zophunzitsidwa kumeneko,Nyanja_NM_Spk8_U_5f4bd939d1_Utterance_3_375_400.wav,9.3
NM,M,Spk8,U_5f4bd939d1,375_400,Nyanja_NM_Spk8_U_5f4bd939d1_Utterance_4,kukhuzana ndi nkhani ya ukabwalala wanga umene ndinabela,Nyanja_NM_Spk8_U_5f4bd939d1_Utterance_4_375_400.wav,6.293
NM,M,Spk8,U_5f4bd939d1,375_400,Nyanja_NM_Spk8_U_5f4bd939d1_Utterance_5,panthawi yomweyo mbuzi inalumpha nathawa atsilikali  ndi mutu wowerama anathamangira kwa a boolooroo,Nyanja_NM_Spk8_U_5f4bd939d1_Utterance_5_375_400.wav,12.237
NM,M,Spk8,U_5f4bd939d1,375_400,Nyanja_NM_Spk8_U_5f4bd939d1_Utterance_6,malamulo amene ali pakati pathu ndi ofanana ndi aja omwe analiko kale,Nyanja_NM_Spk8_U_5f4bd939d1_Utterance_6_375_400.wav,7.709
NM,M,Spk8,U_5f4bd939d1,375_400,Nyanja_NM_Spk8_U_5f4bd939d1_Utterance_7,kukufunsani mafunso ambiri inu ndikhulupilira cingakhale cinthu cosakuyenelani,Nyanja_NM_Spk8_U_5f4bd939d1_Utterance_7_375_400.wav,10.565
NM,M,Spk8,U_5f4bd939d1,375_400,Nyanja_NM_Spk8_U_5f4bd939d1_Utterance_8,kodi siuzathamangira mnyumbamo ndi kuona ngati malita kusungako mmdzakazi/wotumikira mmodzi kapena awiri,Nyanja_NM_Spk8_U_5f4bd939d1_Utterance_8_375_400.wav,13.642
NM,M,Spk8,U_5f4bd939d1,375_400,Nyanja_NM_Spk8_U_5f4bd939d1_Utterance_9,ndipo ndi ika olonda pa inu nonse mu nyumbamo,Nyanja_NM_Spk8_U_5f4bd939d1_Utterance_9_375_400.wav,5.108
NM,M,Spk8,U_5f4bd939d1,375_400,Nyanja_NM_Spk8_U_5f4bd939d1_Utterance_10,thamanga mobwelera kumweko uncas ndipo undibweletsere ukuulu wa wa mendo ya oimba,Nyanja_NM_Spk8_U_5f4bd939d1_Utterance_10_375_400.wav,9.973
NM,M,Spk8,U_5f4bd939d1,375_400,Nyanja_NM_Spk8_U_5f4bd939d1_Utterance_11,kudziwika a timaeus aonetsa kumbadwa ndi mwapang'ono cifukwa ca,Nyanja_NM_Spk8_U_5f4bd939d1_Utterance_11_375_400.wav,9.787
NM,M,Spk8,U_5f4bd939d1,375_400,Nyanja_NM_Spk8_U_5f4bd939d1_Utterance_12,paulo akunenetsa kuti atumwi aboza (onyenga) sanaitanidwe kapena kutumidwa ndi anthu kapena muntrhuy,Nyanja_NM_Spk8_U_5f4bd939d1_Utterance_12_375_400.wav,11.146
NM,M,Spk8,U_5f4bd939d1,375_400,Nyanja_NM_Spk8_U_5f4bd939d1_Utterance_13,kodi ndani emwe anakuphunzitsa kukolopa pansi ndingakonde kudziwa,Nyanja_NM_Spk8_U_5f4bd939d1_Utterance_13_375_400.wav,7.221
NM,M,Spk8,U_5f4bd939d1,375_400,Nyanja_NM_Spk8_U_5f4bd939d1_Utterance_14,ciyambi cace cinali ka cilombo kamatenda ka kang'ono kambeu kopanda phindu kamene sikanaganidzilidwe kuti mwina kangayambitse ndale,Nyanja_NM_Spk8_U_5f4bd939d1_Utterance_14_375_400.wav,16.289
NM,M,Spk8,U_5f4bd939d1,375_400,Nyanja_NM_Spk8_U_5f4bd939d1_Utterance_15,kodi uganiza kuti coyelekedzera cija cinali ndendende ndi cinthu cimodzi-modzico,Nyanja_NM_Spk8_U_5f4bd939d1_Utterance_15_375_400.wav,7.755
NM,M,Spk8,U_5f4bd939d1,375_400,Nyanja_NM_Spk8_U_5f4bd939d1_Utterance_16,ngati kuti ali pafupi pa famu pano tinghathe kumuitana mu mphindi imodzi,Nyanja_NM_Spk8_U_5f4bd939d1_Utterance_16_375_400.wav,7.14
NM,M,Spk8,U_5f4bd939d1,375_400,Nyanja_NM_Spk8_U_5f4bd939d1_Utterance_17,mwatsoka ndakhala ndikulira kotero kuti ndicapatali kuti ndingathe kukondedwa,Nyanja_NM_Spk8_U_5f4bd939d1_Utterance_17_375_400.wav,9.381
NM,M,Spk8,U_5f4bd939d1,375_400,Nyanja_NM_Spk8_U_5f4bd939d1_Utterance_18,naomi anawalata ndi cala cake capakati pa mwaukali ngati kuti mwina alimi aja acinyamata awiri anali ana acicepeele awiri,Nyanja_NM_Spk8_U_5f4bd939d1_Utterance_18_375_400.wav,14.884
NM,M,Spk8,U_5f4bd939d1,375_400,Nyanja_NM_Spk8_U_5f4bd939d1_Utterance_19,anatseka dzenera ngati mwina mpepo ndiyolema,Nyanja_NM_Spk8_U_5f4bd939d1_Utterance_19_375_400.wav,4.853
NM,M,Spk8,U_5f4bd939d1,375_400,Nyanja_NM_Spk8_U_5f4bd939d1_Utterance_20,pa mayambidwe sindinadziwe njira yoyambira,Nyanja_NM_Spk8_U_5f4bd939d1_Utterance_20_375_400.wav,5.677
NM,M,Spk8,U_5f4bd939d1,375_400,Nyanja_NM_Spk8_U_5f4bd939d1_Utterance_21,koma mau owongezera pa ulendo wonse,Nyanja_NM_Spk8_U_5f4bd939d1_Utterance_21_375_400.wav,3.529
NM,M,Spk8,U_5f4bd939d1,375_400,Nyanja_NM_Spk8_U_5f4bd939d1_Utterance_22,osati cifukwa ca kalilole kapena ufumu kapena ubwino wathu koma pa macimo athu,Nyanja_NM_Spk8_U_5f4bd939d1_Utterance_22_375_400.wav,7.744
NM,M,Spk8,U_5f4bd939d1,375_400,Nyanja_NM_Spk8_U_5f4bd939d1_Utterance_23,choncho mita ya edisoni imene iona pa za magetsi sili kugwilitsidwa nchito ngakhale kuti ili ndi zokoma zabwino,Nyanja_NM_Spk8_U_5f4bd939d1_Utterance_23_375_400.wav,11.597
NM,M,Spk8,U_5f4bd939d1,375_400,Nyanja_NM_Spk8_U_5f4bd939d1_Utterance_24,maganizo amenewa anandikwiitsa tsiku lonse ndipo kulingalira kwanga sikunathe kwa maola ambiri pomwe ntagona,Nyanja_NM_Spk8_U_5f4bd939d1_Utterance_24_375_400.wav,13.711
NM,M,Spk8,U_5f4bd939d1,375_400,Nyanja_NM_Spk8_U_5f4bd939d1_Utterance_25,koma mtengo sunakondwere konse unakura  ndi kukura ndipo unabiliwira nthawi ya dzinja ndi chilimwe,Nyanja_NM_Spk8_U_5f4bd939d1_Utterance_25_375_400.wav,12.191
NM,M,Spk8,U_7c53eb04c8,350_375,Nyanja_NM_Spk8_U_7c53eb04c8_Utterance_1,ngale zidaona mwadala koma sizidafunekupanga cibwenzi,Nyanja_NM_Spk8_U_7c53eb04c8_Utterance_1_350_375.wav,5.075
NM,M,Spk8,U_7c53eb04c8,350_375,Nyanja_NM_Spk8_U_7c53eb04c8_Utterance_2,ai jasper ndiyenera kupita ine ndekha,Nyanja_NM_Spk8_U_7c53eb04c8_Utterance_2_350_375.wav,3.39
NM,M,Spk8,U_7c53eb04c8,350_375,Nyanja_NM_Spk8_U_7c53eb04c8_Utterance_3,matsku khumi adapitapo mkukambilana koma mzimu wofuna kubwezera coipa unalepheletsa kupeza cinvano cabwino,Nyanja_NM_Spk8_U_7c53eb04c8_Utterance_3_350_375.wav,10.332
NM,M,Spk8,U_7c53eb04c8,350_375,Nyanja_NM_Spk8_U_7c53eb04c8_Utterance_4,kodi mu dziwa za nyanja ai sindingathe kunena koma iye azalephera posacedwa ndi umoyo wa mcalo cino,Nyanja_NM_Spk8_U_7c53eb04c8_Utterance_4_350_375.wav,9.428
NM,M,Spk8,U_7c53eb04c8,350_375,Nyanja_NM_Spk8_U_7c53eb04c8_Utterance_5,ndipo zitsulo zoikiwa zija zinali kugwira nchito ndipo inali imodzi mwa  malo atatu amene anaikidwa mu dziko lino,Nyanja_NM_Spk8_U_7c53eb04c8_Utterance_5_350_375.wav,9.516
NM,M,Spk8,U_7c53eb04c8,350_375,Nyanja_NM_Spk8_U_7c53eb04c8_Utterance_6,siungathe ku cipedza mu laibulale yocedwa astor,Nyanja_NM_Spk8_U_7c53eb04c8_Utterance_6_350_375.wav,6.029
NM,M,Spk8,U_7c53eb04c8,350_375,Nyanja_NM_Spk8_U_7c53eb04c8_Utterance_7,anali mweenye amene chithunzi ca kuda cake cidaonekera mwadzidzidzi pa khungu lace,Nyanja_NM_Spk8_U_7c53eb04c8_Utterance_7_350_375.wav,9.065
NM,M,Spk8,U_7c53eb04c8,350_375,Nyanja_NM_Spk8_U_7c53eb04c8_Utterance_8,wopelekedzayo anathandidzira kuwalowetsa onsewo nalowa iye yekha mwansanga,Nyanja_NM_Spk8_U_7c53eb04c8_Utterance_8_350_375.wav,9.795
NM,M,Spk8,U_7c53eb04c8,350_375,Nyanja_NM_Spk8_U_7c53eb04c8_Utterance_9,ku zokhuzana ndi zaka zace ndi dzina ya abwana ace zolankhula za yakobo zinasiyana penapace ndinkhani yotsatsa malonda,Nyanja_NM_Spk8_U_7c53eb04c8_Utterance_9_350_375.wav,13.713
NM,M,Spk8,U_7c53eb04c8,350_375,Nyanja_NM_Spk8_U_7c53eb04c8_Utterance_10,kunali kukaana kwapamodzi pa ici ndi zina zace zimene iye anamatsulitra,Nyanja_NM_Spk8_U_7c53eb04c8_Utterance_10_350_375.wav,7.408
NM,M,Spk8,U_7c53eb04c8,350_375,Nyanja_NM_Spk8_U_7c53eb04c8_Utterance_11,ai ai ai totty ug nyowetsani mapadzi ake anatero poyser ali kutenga nsimbi zace,Nyanja_NM_Spk8_U_7c53eb04c8_Utterance_11_350_375.wav,9.087
NM,M,Spk8,U_7c53eb04c8,350_375,Nyanja_NM_Spk8_U_7c53eb04c8_Utterance_12,usapite ndikunenetsa kuti utsiku uno ndi wotsekemera,Nyanja_NM_Spk8_U_7c53eb04c8_Utterance_12_350_375.wav,7.765
NM,M,Spk8,U_7c53eb04c8,350_375,Nyanja_NM_Spk8_U_7c53eb04c8_Utterance_13,iyo si ncito yaikulu ku munthuamene amathamanga kuno ndakhala ndikupita ku walale ndikubwera,Nyanja_NM_Spk8_U_7c53eb04c8_Utterance_13_350_375.wav,9.845
NM,M,Spk8,U_7c53eb04c8,350_375,Nyanja_NM_Spk8_U_7c53eb04c8_Utterance_14,bartley anawelama natenga dzanja lace kuuika m'manja mwake ali kupsopsyona pa kamwa pace ndi maso ace otoopa ndiponso onyowa,Nyanja_NM_Spk8_U_7c53eb04c8_Utterance_14_350_375.wav,14.927
NM,M,Spk8,U_7c53eb04c8,350_375,Nyanja_NM_Spk8_U_7c53eb04c8_Utterance_15,cinthu cacikulu cimene angathe kunena ndi cakuti anali atatumidwa ndi ena,Nyanja_NM_Spk8_U_7c53eb04c8_Utterance_15_350_375.wav,11.45
NM,M,Spk8,U_7c53eb04c8,350_375,Nyanja_NM_Spk8_U_7c53eb04c8_Utterance_16,ayenera kusamalira malo ocitilako ma opaleshoni kopotsa kupambane mmene anali kusungilako,Nyanja_NM_Spk8_U_7c53eb04c8_Utterance_16_350_375.wav,10.245
NM,M,Spk8,U_7c53eb04c8,350_375,Nyanja_NM_Spk8_U_7c53eb04c8_Utterance_17,ici iye ananena kuti ndi kusungidwa bwino kwa alendo zoona ndipo sindidziwa ngati kuti mwina sindinagwirizane naye pa ico,Nyanja_NM_Spk8_U_7c53eb04c8_Utterance_17_350_375.wav,5.675
NM,M,Spk8,U_7c53eb04c8,350_375,Nyanja_NM_Spk8_U_7c53eb04c8_Utterance_18,ndipemphere cipinda ca mkulu wa apolisi mwana iwe mwansanga,Nyanja_NM_Spk8_U_7c53eb04c8_Utterance_18_350_375.wav,7.837
NM,M,Spk8,U_7c53eb04c8,350_375,Nyanja_NM_Spk8_U_7c53eb04c8_Utterance_19,iye anazimvetsera napeza cinsalu cakuda ca mfitiyo wopelekedzayo anakhala ndi mantha kopoosa,Nyanja_NM_Spk8_U_7c53eb04c8_Utterance_19_350_375.wav,13.754
NM,M,Spk8,U_7c53eb04c8,350_375,Nyanja_NM_Spk8_U_7c53eb04c8_Utterance_20,kotero azakuphunzitsani njira za cidule zoceepa kutacha m'mawa,Nyanja_NM_Spk8_U_7c53eb04c8_Utterance_20_350_375.wav,8.355
NM,M,Spk8,U_7c53eb04c8,350_375,Nyanja_NM_Spk8_U_7c53eb04c8_Utterance_21,mwatilandila ndi ulemu onsewo ndi citsamaliro cabwino zimene mkhalidwe wanu ku mangalande udziwikilamo,Nyanja_NM_Spk8_U_7c53eb04c8_Utterance_21_350_375.wav,6.515
NM,M,Spk8,U_7c53eb04c8,350_375,Nyanja_NM_Spk8_U_7c53eb04c8_Utterance_22,kodi tikudziwitsitsa phiri pamene sitinadziwe bwino lomwe nyumba imene tikhalamo,Nyanja_NM_Spk8_U_7c53eb04c8_Utterance_22_350_375.wav,15.335
NM,M,Spk8,U_7c53eb04c8,350_375,Nyanja_NM_Spk8_U_7c53eb04c8_Utterance_23,wina aliyense mu cipinda anali ololedwa kutuluka indetu bambo,Nyanja_NM_Spk8_U_7c53eb04c8_Utterance_23_350_375.wav,15.386
NM,M,Spk8,U_7c53eb04c8,350_375,Nyanja_NM_Spk8_U_7c53eb04c8_Utterance_24,kwa ine ukukhala wolankhula-lankhula tunkhani unc anatero wa zamatsenga amene anasangalala ndi zomwe anauzidwa,Nyanja_NM_Spk8_U_7c53eb04c8_Utterance_24_350_375.wav,13.029
NM,M,Spk8,U_7c53eb04c8,350_375,Nyanja_NM_Spk8_U_7c53eb04c8_Utterance_25,ndine okondwera poti wacikonda anatero wylder akusekalapo  mwapangang'ono atapititsa dzanja lake pamwamba pa mapewa ace,Nyanja_NM_Spk8_U_7c53eb04c8_Utterance_25_350_375.wav,11.795
NM,M,Spk8,U_7c53eb04c8,375_400,Nyanja_NM_Spk8_U_7c53eb04c8_Utterance_1,conde osati madzina aianatero holmes pamene tinagogoda pa chitseko ca gilhrist,Nyanja_NM_Spk8_U_7c53eb04c8_Utterance_1_375_400.wav,10.449
NM,M,Spk8,U_7c53eb04c8,375_400,Nyanja_NM_Spk8_U_7c53eb04c8_Utterance_2,sindidziwa za wina aliyense amene angacite zinthu mokomera iye,Nyanja_NM_Spk8_U_7c53eb04c8_Utterance_2_375_400.wav,6.304
NM,M,Spk8,U_7c53eb04c8,375_400,Nyanja_NM_Spk8_U_7c53eb04c8_Utterance_3,wotsogolera mpingo sanapemphe chiphunzitso ca cipembedzo kumva zophunzitsidwa kumeneko,Nyanja_NM_Spk8_U_7c53eb04c8_Utterance_3_375_400.wav,11.235
NM,M,Spk8,U_7c53eb04c8,375_400,Nyanja_NM_Spk8_U_7c53eb04c8_Utterance_4,kukhuzana ndi nkhani ya ukabwalala wanga umene ndinabela,Nyanja_NM_Spk8_U_7c53eb04c8_Utterance_4_375_400.wav,7.276
NM,M,Spk8,U_7c53eb04c8,375_400,Nyanja_NM_Spk8_U_7c53eb04c8_Utterance_5,panthawi yomweyo mbuzi inalumpha nathawa atsilikali  ndi mutu wowerama anathamangira kwa a boolooroo,Nyanja_NM_Spk8_U_7c53eb04c8_Utterance_5_375_400.wav,13.282
NM,M,Spk8,U_7c53eb04c8,375_400,Nyanja_NM_Spk8_U_7c53eb04c8_Utterance_6,malamulo amene ali pakati pathu ndi ofanana ndi aja omwe analiko kale,Nyanja_NM_Spk8_U_7c53eb04c8_Utterance_6_375_400.wav,6.144
NM,M,Spk8,U_7c53eb04c8,375_400,Nyanja_NM_Spk8_U_7c53eb04c8_Utterance_7,kukufunsani mafunso ambiri inu ndikhulupilira cingakhale cinthu cosakuyenelani,Nyanja_NM_Spk8_U_7c53eb04c8_Utterance_7_375_400.wav,7.548
NM,M,Spk8,U_7c53eb04c8,375_400,Nyanja_NM_Spk8_U_7c53eb04c8_Utterance_8,kodi siuzathamangira mnyumbamo ndi kuona ngati malita kusungako mmdzakazi/wotumikira mmodzi kapena awiri,Nyanja_NM_Spk8_U_7c53eb04c8_Utterance_8_375_400.wav,11.856
NM,M,Spk8,U_7c53eb04c8,375_400,Nyanja_NM_Spk8_U_7c53eb04c8_Utterance_9,ndipo ndi ika olonda pa inu nonse mu nyumbamo,Nyanja_NM_Spk8_U_7c53eb04c8_Utterance_9_375_400.wav,4.212
NM,M,Spk8,U_7c53eb04c8,375_400,Nyanja_NM_Spk8_U_7c53eb04c8_Utterance_10,thamanga mobwelera kumweko uncas ndipo undibweletsere ukuulu wa wa mendo ya oimba,Nyanja_NM_Spk8_U_7c53eb04c8_Utterance_10_375_400.wav,9.239
NM,M,Spk8,U_7c53eb04c8,375_400,Nyanja_NM_Spk8_U_7c53eb04c8_Utterance_11,kudziwika a timaeus aonetsa kumbadwa ndi mwapang'ono cifukwa ca,Nyanja_NM_Spk8_U_7c53eb04c8_Utterance_11_375_400.wav,6.862
NM,M,Spk8,U_7c53eb04c8,375_400,Nyanja_NM_Spk8_U_7c53eb04c8_Utterance_12,paulo akunenetsa kuti atumwi aboza (onyenga) sanaitanidwe kapena kutumidwa ndi anthu kapena muntrhuy,Nyanja_NM_Spk8_U_7c53eb04c8_Utterance_12_375_400.wav,10.524
NM,M,Spk8,U_7c53eb04c8,375_400,Nyanja_NM_Spk8_U_7c53eb04c8_Utterance_13,kodi ndani emwe anakuphunzitsa kukolopa pansi ndingakonde kudziwa,Nyanja_NM_Spk8_U_7c53eb04c8_Utterance_13_375_400.wav,5.962
NM,M,Spk8,U_7c53eb04c8,375_400,Nyanja_NM_Spk8_U_7c53eb04c8_Utterance_14,ciyambi cace cinali ka cilombo kamatenda ka kang'ono kambeu kopanda phindu kamene sikanaganidzilidwe kuti mwina kangayambitse ndale,Nyanja_NM_Spk8_U_7c53eb04c8_Utterance_14_375_400.wav,14.253
NM,M,Spk8,U_7c53eb04c8,375_400,Nyanja_NM_Spk8_U_7c53eb04c8_Utterance_15,kodi uganiza kuti coyelekedzera cija cinali ndendende ndi cinthu cimodzi-modzico,Nyanja_NM_Spk8_U_7c53eb04c8_Utterance_15_375_400.wav,8.929
NM,M,Spk8,U_7c53eb04c8,375_400,Nyanja_NM_Spk8_U_7c53eb04c8_Utterance_16,ngati kuti ali pafupi pa famu pano tinghathe kumuitana mu mphindi imodzi,Nyanja_NM_Spk8_U_7c53eb04c8_Utterance_16_375_400.wav,5.383
NM,M,Spk8,U_7c53eb04c8,375_400,Nyanja_NM_Spk8_U_7c53eb04c8_Utterance_17,mwatsoka ndakhala ndikulira kotero kuti ndicapatali kuti ndingathe kukondedwa,Nyanja_NM_Spk8_U_7c53eb04c8_Utterance_17_375_400.wav,9.659
NM,M,Spk8,U_7c53eb04c8,375_400,Nyanja_NM_Spk8_U_7c53eb04c8_Utterance_18,naomi anawalata ndi cala cake capakati pa mwaukali ngati kuti mwina alimi aja acinyamata awiri anali ana acicepeele awiri,Nyanja_NM_Spk8_U_7c53eb04c8_Utterance_18_375_400.wav,13.945
NM,M,Spk8,U_7c53eb04c8,375_400,Nyanja_NM_Spk8_U_7c53eb04c8_Utterance_19,anatseka dzenera ngati mwina mpepo ndiyolema,Nyanja_NM_Spk8_U_7c53eb04c8_Utterance_19_375_400.wav,4.052
NM,M,Spk8,U_7c53eb04c8,375_400,Nyanja_NM_Spk8_U_7c53eb04c8_Utterance_20,pa mayambidwe sindinadziwe njira yoyambira,Nyanja_NM_Spk8_U_7c53eb04c8_Utterance_20_375_400.wav,4.144
NM,M,Spk8,U_7c53eb04c8,375_400,Nyanja_NM_Spk8_U_7c53eb04c8_Utterance_21,koma mau owongezera pa ulendo wonse,Nyanja_NM_Spk8_U_7c53eb04c8_Utterance_21_375_400.wav,3.553
NM,M,Spk8,U_7c53eb04c8,375_400,Nyanja_NM_Spk8_U_7c53eb04c8_Utterance_22,osati cifukwa ca kalilole kapena ufumu kapena ubwino wathu koma pa macimo athu,Nyanja_NM_Spk8_U_7c53eb04c8_Utterance_22_375_400.wav,5.509
NM,M,Spk8,U_7c53eb04c8,375_400,Nyanja_NM_Spk8_U_7c53eb04c8_Utterance_23,choncho mita ya edisoni imene iona pa za magetsi sili kugwilitsidwa nchito ngakhale kuti ili ndi zokoma zabwino,Nyanja_NM_Spk8_U_7c53eb04c8_Utterance_23_375_400.wav,10.125
NM,M,Spk8,U_7c53eb04c8,375_400,Nyanja_NM_Spk8_U_7c53eb04c8_Utterance_24,maganizo amenewa anandikwiitsa tsiku lonse ndipo kulingalira kwanga sikunathe kwa maola ambiri pomwe ntagona,Nyanja_NM_Spk8_U_7c53eb04c8_Utterance_24_375_400.wav,12.066
NM,M,Spk8,U_7c53eb04c8,375_400,Nyanja_NM_Spk8_U_7c53eb04c8_Utterance_25,koma mtengo sunakondwere konse unakura  ndi kukura ndipo unabiliwira nthawi ya dzinja ndi chilimwe,Nyanja_NM_Spk8_U_7c53eb04c8_Utterance_25_375_400.wav,9.688
NM,M,Spk6,U_a3ec847c80,250_275,Nyanja_NM_Spk6_U_a3ec847c80_Utterance_1,iye akulankhula pa atumwi poyamba cifukwa ndiwo amene anasankhidwa ndi mulungu iye mwini,Nyanja_NM_Spk6_U_a3ec847c80_Utterance_1_250_275.wav,7.767
NM,M,Spk6,U_a3ec847c80,250_275,Nyanja_NM_Spk6_U_a3ec847c80_Utterance_2,panali cinthu cina cimene cinali cidabwitsa pa famu lalikulu lija kasamalilidwe ka zinthu kanali kodabwitsa,Nyanja_NM_Spk6_U_a3ec847c80_Utterance_2_250_275.wav,10.67
NM,M,Spk6,U_a3ec847c80,250_275,Nyanja_NM_Spk6_U_a3ec847c80_Utterance_3,kodi inu muganiza kuti mungathe kukwaniritsa kwa myezi isanu ndi umodzi,Nyanja_NM_Spk6_U_a3ec847c80_Utterance_3_250_275.wav,8.684
NM,M,Spk6,U_a3ec847c80,250_275,Nyanja_NM_Spk6_U_a3ec847c80_Utterance_4,mowatu unakwanitsadi kubweretsa mtundu wa masaya ya squire,Nyanja_NM_Spk6_U_a3ec847c80_Utterance_4_250_275.wav,5.59
NM,M,Spk6,U_a3ec847c80,250_275,Nyanja_NM_Spk6_U_a3ec847c80_Utterance_5,ai ai lording anayankha warrenton ali kuseka pan'gono,Nyanja_NM_Spk6_U_a3ec847c80_Utterance_5_250_275.wav,5.875
NM,M,Spk6,U_a3ec847c80,250_275,Nyanja_NM_Spk6_U_a3ec847c80_Utterance_6,anapeza citseko koma cinali cokhomedwela kubwalo,Nyanja_NM_Spk6_U_a3ec847c80_Utterance_6_250_275.wav,5.329
NM,M,Spk6,U_a3ec847c80,250_275,Nyanja_NM_Spk6_U_a3ec847c80_Utterance_7,pa maso pace poopsya panali kusekelera ndi cimwemwe,Nyanja_NM_Spk6_U_a3ec847c80_Utterance_7_250_275.wav,4.435
NM,M,Spk6,U_a3ec847c80,250_275,Nyanja_NM_Spk6_U_a3ec847c80_Utterance_8,ndatopa kwmbiri kumangonyaya muno oo khoswe,Nyanja_NM_Spk6_U_a3ec847c80_Utterance_8_250_275.wav,4.505
NM,M,Spk6,U_a3ec847c80,250_275,Nyanja_NM_Spk6_U_a3ec847c80_Utterance_9,ndinveleleni cifundo ambuye nga ndipemphera poti anthuwa azandipha,Nyanja_NM_Spk6_U_a3ec847c80_Utterance_9_250_275.wav,6.542
NM,M,Spk6,U_a3ec847c80,250_275,Nyanja_NM_Spk6_U_a3ec847c80_Utterance_10,analowanso butler ndi azibambo a mene anali kuyenda pansi ocotsa zinthu za tiiiolandira alendo kwa mlendo,Nyanja_NM_Spk6_U_a3ec847c80_Utterance_10_250_275.wav,11.43
NM,M,Spk6,U_a3ec847c80,250_275,Nyanja_NM_Spk6_U_a3ec847c80_Utterance_11,bwerani bwerani ndinaitana pamene kunalibe wina aliyense okonka motoyo,Nyanja_NM_Spk6_U_a3ec847c80_Utterance_11_250_275.wav,7.051
NM,M,Spk6,U_a3ec847c80,250_275,Nyanja_NM_Spk6_U_a3ec847c80_Utterance_12,pa nthawi ino ninali nitapanga ganizo lina pa iye,Nyanja_NM_Spk6_U_a3ec847c80_Utterance_12_250_275.wav,5.788
NM,M,Spk6,U_a3ec847c80,250_275,Nyanja_NM_Spk6_U_a3ec847c80_Utterance_13,mkondo unalasan mtima wace ndikumpweteka thupi lace,Nyanja_NM_Spk6_U_a3ec847c80_Utterance_13_250_275.wav,5.294
NM,M,Spk6,U_a3ec847c80,250_275,Nyanja_NM_Spk6_U_a3ec847c80_Utterance_14,koma pano pali cinthu cimene muzadabwa poyamba kuti ncifukwa ninji turner anacilemba conseci,Nyanja_NM_Spk6_U_a3ec847c80_Utterance_14_250_275.wav,10.437
NM,M,Spk6,U_a3ec847c80,250_275,Nyanja_NM_Spk6_U_a3ec847c80_Utterance_15,akazi anga pomwepo ali kuyenda anakwanitsa kupatsa azibambo cakudya ca m'madzulo cabwino kwambiri,Nyanja_NM_Spk6_U_a3ec847c80_Utterance_15_250_275.wav,10.002
NM,M,Spk6,U_a3ec847c80,250_275,Nyanja_NM_Spk6_U_a3ec847c80_Utterance_16,koma zambiri za mphanvu ya ka buku ya nkhani imeneyi icokera ku kapitawo nemo,Nyanja_NM_Spk6_U_a3ec847c80_Utterance_16_250_275.wav,7.053
NM,M,Spk6,U_a3ec847c80,250_275,Nyanja_NM_Spk6_U_a3ec847c80_Utterance_17,iwo akuganiza kuti mukunyada cifukwa munali mutacokapo mutapita kusukulu  kapena kwina kwace,Nyanja_NM_Spk6_U_a3ec847c80_Utterance_17_250_275.wav,9.839
NM,M,Spk6,U_a3ec847c80,250_275,Nyanja_NM_Spk6_U_a3ec847c80_Utterance_18,ubwino wa kudziwa kuyendayenda pa nyanja kwace kunali kokoma kotero kuti kunakakwanilitsa kuzungulira kwa dziko lonse lapansi,Nyanja_NM_Spk6_U_a3ec847c80_Utterance_18_250_275.wav,12.643
NM,M,Spk6,U_a3ec847c80,250_275,Nyanja_NM_Spk6_U_a3ec847c80_Utterance_19,inde ndipo ndi manja ako onse cinakutengera caka kuti undigwire amfumu anaonetsa pa maso pokwiya kwambiri,Nyanja_NM_Spk6_U_a3ec847c80_Utterance_19_250_275.wav,12.179
NM,M,Spk6,U_a3ec847c80,250_275,Nyanja_NM_Spk6_U_a3ec847c80_Utterance_20,voltaire anatenga cinthu cina cance pansi nacionetsesa,Nyanja_NM_Spk6_U_a3ec847c80_Utterance_20_250_275.wav,6.438
NM,M,Spk6,U_a3ec847c80,250_275,Nyanja_NM_Spk6_U_a3ec847c80_Utterance_21,ndiganiza tero ngakhale kuti ndiona kuti ndi mwamsanga kwa iwo ndipo kunanveka kuphulika kwa cinthu,Nyanja_NM_Spk6_U_a3ec847c80_Utterance_21_250_275.wav,10.949
NM,M,Spk6,U_a3ec847c80,250_275,Nyanja_NM_Spk6_U_a3ec847c80_Utterance_22,ndimazizimuka ndi mantha nitakumbukila zigawenga  izi kucikumbutso canga,Nyanja_NM_Spk6_U_a3ec847c80_Utterance_22_250_275.wav,7.767
NM,M,Spk6,U_a3ec847c80,250_275,Nyanja_NM_Spk6_U_a3ec847c80_Utterance_23,ndaona kuti umoyo wanu siunapiteko muzobvuta zazikulu kopootsa kamnyamata kamene kakukwera mu mtengo cifukwa coti kaiti wake asakamila,Nyanja_NM_Spk6_U_a3ec847c80_Utterance_23_250_275.wav,14.255
NM,M,Spk6,U_a3ec847c80,250_275,Nyanja_NM_Spk6_U_a3ec847c80_Utterance_24,cinthu cinacaca cinalenga kuti iye alowe ndi kuona ngati izo zinalidi ma umbuni,Nyanja_NM_Spk6_U_a3ec847c80_Utterance_24_250_275.wav,8.768
NM,M,Spk6,U_a3ec847c80,250_275,Nyanja_NM_Spk6_U_a3ec847c80_Utterance_25,ncifukwa ciani ndi goliati nthawi zonse onse analira ali kusonjola,Nyanja_NM_Spk6_U_a3ec847c80_Utterance_25_250_275.wav,7.303
NM,M,Spk6,U_a3ec847c80,275_300,Nyanja_NM_Spk6_U_a3ec847c80_Utterance_1,sitinakhalepo ndi ambiri aiwo motere muno masiku akumbuyo awa,Nyanja_NM_Spk6_U_a3ec847c80_Utterance_1_275_300.wav,7.372
NM,M,Spk6,U_a3ec847c80,275_300,Nyanja_NM_Spk6_U_a3ec847c80_Utterance_2,calo cili m'mene cinaliri conse koma sindingathe cabe kufikako,Nyanja_NM_Spk6_U_a3ec847c80_Utterance_2_275_300.wav,6.098
NM,M,Spk6,U_a3ec847c80,275_300,Nyanja_NM_Spk6_U_a3ec847c80_Utterance_3,mpweya uno ndi odzadzidwa ndi mphepo yamadzi ofalikitsidwa ndi magetsi opangidwa ndi madzi amcere amene akuuma,Nyanja_NM_Spk6_U_a3ec847c80_Utterance_3_275_300.wav,12.156
NM,M,Spk6,U_a3ec847c80,275_300,Nyanja_NM_Spk6_U_a3ec847c80_Utterance_4,kuli aja achangu oyera tsiku lomalidza mu tempele si mu chalichi mokha nyumba yosonkhanilamo ku zauzimu,Nyanja_NM_Spk6_U_a3ec847c80_Utterance_4_275_300.wav,10.948
NM,M,Spk6,U_a3ec847c80,275_300,Nyanja_NM_Spk6_U_a3ec847c80_Utterance_5,pali ndithu mdandanda woyera wa ming'oma ya nzimu mu munda wa dzipatso munsi mwa mtengo wa mteza,Nyanja_NM_Spk6_U_a3ec847c80_Utterance_5_275_300.wav,9.253
NM,M,Spk6,U_a3ec847c80,275_300,Nyanja_NM_Spk6_U_a3ec847c80_Utterance_6,mzera ndi tsiku ndi maonekedwe a pomwepo zidagwilizana pa modzi,Nyanja_NM_Spk6_U_a3ec847c80_Utterance_6_275_300.wav,6.979
NM,M,Spk6,U_a3ec847c80,275_300,Nyanja_NM_Spk6_U_a3ec847c80_Utterance_7,zikomo kwambiri lakele msuweni wanga lakele mzanga yekhayo,Nyanja_NM_Spk6_U_a3ec847c80_Utterance_7_275_300.wav,5.526
NM,M,Spk6,U_a3ec847c80,275_300,Nyanja_NM_Spk6_U_a3ec847c80_Utterance_8,kwangwala anatsika pa msambo wokufa/woouma na khala coimilira kopanda kugwedezeka mwina ngati ndiodabwa,Nyanja_NM_Spk6_U_a3ec847c80_Utterance_8_275_300.wav,11.318
NM,M,Spk6,U_a3ec847c80,275_300,Nyanja_NM_Spk6_U_a3ec847c80_Utterance_9,montfichet anaitana robin kuti ampatse dzanja,Nyanja_NM_Spk6_U_a3ec847c80_Utterance_9_275_300.wav,5.149
NM,M,Spk6,U_a3ec847c80,275_300,Nyanja_NM_Spk6_U_a3ec847c80_Utterance_10,zaucitsiru kwabasi sindinghathe kuimba pokhapokhapo ntaimba mmene amai ndi ambuye anga anaimbira ine ndisanabwere,Nyanja_NM_Spk6_U_a3ec847c80_Utterance_10_275_300.wav,12.903
NM,M,Spk6,U_a3ec847c80,275_300,Nyanja_NM_Spk6_U_a3ec847c80_Utterance_11,ndikhala mumphepete ya nyanja pa malo ocedwa mariua rue de douze,Nyanja_NM_Spk6_U_a3ec847c80_Utterance_11_275_300.wav,7.771
NM,M,Spk6,U_a3ec847c80,275_300,Nyanja_NM_Spk6_U_a3ec847c80_Utterance_12,akapolo anali kubweretsa mphika wabwino/waukulu wa nyama,Nyanja_NM_Spk6_U_a3ec847c80_Utterance_12_275_300.wav,6.734
NM,M,Spk6,U_a3ec847c80,275_300,Nyanja_NM_Spk6_U_a3ec847c80_Utterance_13,ndondolosi inali kupitabe kumwela ca kum'mawa,Nyanja_NM_Spk6_U_a3ec847c80_Utterance_13_275_300.wav,4.969
NM,M,Spk6,U_a3ec847c80,275_300,Nyanja_NM_Spk6_U_a3ec847c80_Utterance_14,kucokera mumdima umene unali ku mbuyo kwa kuunika iwo ananva mau a warrenton,Nyanja_NM_Spk6_U_a3ec847c80_Utterance_14_275_300.wav,9.764
NM,M,Spk6,U_a3ec847c80,275_300,Nyanja_NM_Spk6_U_a3ec847c80_Utterance_15,anali atagwirira ndi manja ace awiri pamene anali kuthamangira mnyumba ya amai ace,Nyanja_NM_Spk6_U_a3ec847c80_Utterance_15_275_300.wav,9.636
NM,M,Spk6,U_a3ec847c80,275_300,Nyanja_NM_Spk6_U_a3ec847c80_Utterance_16,yohane wesley combash yakobo taylor ndi thomasi edward skinner,Nyanja_NM_Spk6_U_a3ec847c80_Utterance_16_275_300.wav,7.925
NM,M,Spk6,U_a3ec847c80,275_300,Nyanja_NM_Spk6_U_a3ec847c80_Utterance_17,koma za cibwenzi cao zinakulitsidwa ngati umboni weni-weni wakuti  nzika zosamangidwa za dziko zinali zopwanya malamulo,Nyanja_NM_Spk6_U_a3ec847c80_Utterance_17_275_300.wav,13.259
NM,M,Spk6,U_a3ec847c80,275_300,Nyanja_NM_Spk6_U_a3ec847c80_Utterance_18,kodi dzina lako ndiwe yani lording anafunsa woyenda pang'ono omwe analipo,Nyanja_NM_Spk6_U_a3ec847c80_Utterance_18_275_300.wav,7.691
NM,M,Spk6,U_a3ec847c80,275_300,Nyanja_NM_Spk6_U_a3ec847c80_Utterance_19,ayenera kusaina ma cheke onse amene akhuzana  ndi iye,Nyanja_NM_Spk6_U_a3ec847c80_Utterance_19_275_300.wav,6.711
NM,M,Spk6,U_a3ec847c80,275_300,Nyanja_NM_Spk6_U_a3ec847c80_Utterance_20,kacenjede ocedwa socrates ayamba buku lace locedwa timaeus ndi kufupikitsa kwa buko locedwa republic,Nyanja_NM_Spk6_U_a3ec847c80_Utterance_20_275_300.wav,12.518
NM,M,Spk6,U_a3ec847c80,275_300,Nyanja_NM_Spk6_U_a3ec847c80_Utterance_21,kodi nciani bannister wa nchito kodi mbali yace nciani mu nkhani imineyi,Nyanja_NM_Spk6_U_a3ec847c80_Utterance_21_275_300.wav,7.492
NM,M,Spk6,U_a3ec847c80,275_300,Nyanja_NM_Spk6_U_a3ec847c80_Utterance_22,ndipo anacikonkera ndipo moimilira ndi zimbombo zace za kumwendo atatambasula khosi lace anaona mcipinda,Nyanja_NM_Spk6_U_a3ec847c80_Utterance_22_275_300.wav,10.879
NM,M,Spk6,U_a3ec847c80,275_300,Nyanja_NM_Spk6_U_a3ec847c80_Utterance_23,mphweya ndi ozadzidwa ndithu ndipo unalipilitsidwa ndi magetsi,Nyanja_NM_Spk6_U_a3ec847c80_Utterance_23_275_300.wav,7.086
NM,M,Spk6,U_a3ec847c80,275_300,Nyanja_NM_Spk6_U_a3ec847c80_Utterance_24,ndipo mthumba langa mukucepelera ka ndalama ka pa thumba mobwelezanso ndipo simunandisiile ndalama ina iliyonse mwa nthawi zonse,Nyanja_NM_Spk6_U_a3ec847c80_Utterance_24_275_300.wav,12.975
NM,M,Spk6,U_a3ec847c80,275_300,Nyanja_NM_Spk6_U_a3ec847c80_Utterance_25,la vallieriendi wolemba ndakatulo wa bwino kwambiri anatero tonnay charente,Nyanja_NM_Spk6_U_a3ec847c80_Utterance_25_275_300.wav,7.714
NM,M,Spk6,U_a225f626a2,250_275,Nyanja_NM_Spk6_U_a225f626a2_Utterance_1,iye akulankhula pa atumwi poyamba cifukwa ndiwo amene anasankhidwa ndi mulungu iye mwini,Nyanja_NM_Spk6_U_a225f626a2_Utterance_1_250_275.wav,5.317
NM,M,Spk6,U_a225f626a2,250_275,Nyanja_NM_Spk6_U_a225f626a2_Utterance_2,panali cinthu cina cimene cinali cidabwitsa pa famu lalikulu lija kasamalilidwe ka zinthu kanali kodabwitsa,Nyanja_NM_Spk6_U_a225f626a2_Utterance_2_250_275.wav,6.737
NM,M,Spk6,U_a225f626a2,250_275,Nyanja_NM_Spk6_U_a225f626a2_Utterance_3,kodi inu muganiza kuti mungathe kukwaniritsa kwa myezi isanu ndi umodzi,Nyanja_NM_Spk6_U_a225f626a2_Utterance_3_250_275.wav,4.412
NM,M,Spk6,U_a225f626a2,250_275,Nyanja_NM_Spk6_U_a225f626a2_Utterance_4,mowatu unakwanitsadi kubweretsa mtundu wa masaya ya squire,Nyanja_NM_Spk6_U_a225f626a2_Utterance_4_250_275.wav,3.692
NM,M,Spk6,U_a225f626a2,250_275,Nyanja_NM_Spk6_U_a225f626a2_Utterance_5,ai ai lording anayankha warrenton ali kuseka pan'gono,Nyanja_NM_Spk6_U_a225f626a2_Utterance_5_250_275.wav,3.193
NM,M,Spk6,U_a225f626a2,250_275,Nyanja_NM_Spk6_U_a225f626a2_Utterance_6,anapeza citseko koma cinali cokhomedwela kubwalo,Nyanja_NM_Spk6_U_a225f626a2_Utterance_6_250_275.wav,3.088
NM,M,Spk6,U_a225f626a2,250_275,Nyanja_NM_Spk6_U_a225f626a2_Utterance_7,pa maso pace poopsya panali kusekelera ndi cimwemwe,Nyanja_NM_Spk6_U_a225f626a2_Utterance_7_250_275.wav,2.902
NM,M,Spk6,U_a225f626a2,250_275,Nyanja_NM_Spk6_U_a225f626a2_Utterance_8,ndatopa kwmbiri kumangonyaya muno oo khoswe,Nyanja_NM_Spk6_U_a225f626a2_Utterance_8_250_275.wav,2.775
NM,M,Spk6,U_a225f626a2,250_275,Nyanja_NM_Spk6_U_a225f626a2_Utterance_9,ndinveleleni cifundo ambuye nga ndipemphera poti anthuwa azandipha,Nyanja_NM_Spk6_U_a225f626a2_Utterance_9_250_275.wav,3.889
NM,M,Spk6,U_a225f626a2,250_275,Nyanja_NM_Spk6_U_a225f626a2_Utterance_10,analowanso butler ndi azibambo a mene anali kuyenda pansi ocotsa zinthu za tiiiolandira alendo kwa mlendo,Nyanja_NM_Spk6_U_a225f626a2_Utterance_10_250_275.wav,6.78
NM,M,Spk6,U_a225f626a2,250_275,Nyanja_NM_Spk6_U_a225f626a2_Utterance_11,bwerani bwerani ndinaitana pamene kunalibe wina aliyense okonka motoyo,Nyanja_NM_Spk6_U_a225f626a2_Utterance_11_250_275.wav,4.319
NM,M,Spk6,U_a225f626a2,250_275,Nyanja_NM_Spk6_U_a225f626a2_Utterance_12,pa nthawi ino ninali nitapanga ganizo lina pa iye,Nyanja_NM_Spk6_U_a225f626a2_Utterance_12_250_275.wav,3.158
NM,M,Spk6,U_a225f626a2,250_275,Nyanja_NM_Spk6_U_a225f626a2_Utterance_13,mkondo unalasan mtima wace ndikumpweteka thupi lace,Nyanja_NM_Spk6_U_a225f626a2_Utterance_13_250_275.wav,3.1
NM,M,Spk6,U_a225f626a2,250_275,Nyanja_NM_Spk6_U_a225f626a2_Utterance_14,koma pano pali cinthu cimene muzadabwa poyamba kuti ncifukwa ninji turner anacilemba conseci,Nyanja_NM_Spk6_U_a225f626a2_Utterance_14_250_275.wav,5.166
NM,M,Spk6,U_a225f626a2,250_275,Nyanja_NM_Spk6_U_a225f626a2_Utterance_15,akazi anga pomwepo ali kuyenda anakwanitsa kupatsa azibambo cakudya ca m'madzulo cabwino kwambiri,Nyanja_NM_Spk6_U_a225f626a2_Utterance_15_250_275.wav,5.538
NM,M,Spk6,U_a225f626a2,250_275,Nyanja_NM_Spk6_U_a225f626a2_Utterance_16,koma zambiri za mphanvu ya ka buku ya nkhani imeneyi icokera ku kapitawo nemo,Nyanja_NM_Spk6_U_a225f626a2_Utterance_16_250_275.wav,4.714
NM,M,Spk6,U_a225f626a2,250_275,Nyanja_NM_Spk6_U_a225f626a2_Utterance_17,iwo akuganiza kuti mukunyada cifukwa munali mutacokapo mutapita kusukulu  kapena kwina kwace,Nyanja_NM_Spk6_U_a225f626a2_Utterance_17_250_275.wav,5.654
NM,M,Spk6,U_a225f626a2,250_275,Nyanja_NM_Spk6_U_a225f626a2_Utterance_18,ubwino wa kudziwa kuyendayenda pa nyanja kwace kunali kokoma kotero kuti kunakakwanilitsa kuzungulira kwa dziko lonse lapansi,Nyanja_NM_Spk6_U_a225f626a2_Utterance_18_250_275.wav,6.838
NM,M,Spk6,U_a225f626a2,250_275,Nyanja_NM_Spk6_U_a225f626a2_Utterance_19,inde ndipo ndi manja ako onse cinakutengera caka kuti undigwire amfumu anaonetsa pa maso pokwiya kwambiri,Nyanja_NM_Spk6_U_a225f626a2_Utterance_19_250_275.wav,6.397
NM,M,Spk6,U_a225f626a2,250_275,Nyanja_NM_Spk6_U_a225f626a2_Utterance_20,voltaire anatenga cinthu cina cance pansi nacionetsesa,Nyanja_NM_Spk6_U_a225f626a2_Utterance_20_250_275.wav,3.564
NM,M,Spk6,U_a225f626a2,250_275,Nyanja_NM_Spk6_U_a225f626a2_Utterance_21,ndiganiza tero ngakhale kuti ndiona kuti ndi mwamsanga kwa iwo ndipo kunanveka kuphulika kwa cinthu,Nyanja_NM_Spk6_U_a225f626a2_Utterance_21_250_275.wav,6.525
NM,M,Spk6,U_a225f626a2,250_275,Nyanja_NM_Spk6_U_a225f626a2_Utterance_22,ndimazizimuka ndi mantha nitakumbukila zigawenga  izi kucikumbutso canga,Nyanja_NM_Spk6_U_a225f626a2_Utterance_22_250_275.wav,4.551
NM,M,Spk6,U_a225f626a2,250_275,Nyanja_NM_Spk6_U_a225f626a2_Utterance_23,ndaona kuti umoyo wanu siunapiteko muzobvuta zazikulu kopootsa kamnyamata kamene kakukwera mu mtengo cifukwa coti kaiti wake asakamila,Nyanja_NM_Spk6_U_a225f626a2_Utterance_23_250_275.wav,8.731
NM,M,Spk6,U_a225f626a2,250_275,Nyanja_NM_Spk6_U_a225f626a2_Utterance_24,cinthu cinacaca cinalenga kuti iye alowe ndi kuona ngati izo zinalidi ma umbuni,Nyanja_NM_Spk6_U_a225f626a2_Utterance_24_250_275.wav,5.074
NM,M,Spk6,U_a225f626a2,250_275,Nyanja_NM_Spk6_U_a225f626a2_Utterance_25,ncifukwa ciani ndi goliati nthawi zonse onse analira ali kusonjola,Nyanja_NM_Spk6_U_a225f626a2_Utterance_25_250_275.wav,4.18
NM,M,Spk6,U_a225f626a2,275_300,Nyanja_NM_Spk6_U_a225f626a2_Utterance_1,sitinakhalepo ndi ambiri aiwo motere muno masiku akumbuyo awa,Nyanja_NM_Spk6_U_a225f626a2_Utterance_1_275_300.wav,6.412
NM,M,Spk6,U_a225f626a2,275_300,Nyanja_NM_Spk6_U_a225f626a2_Utterance_2,calo cili m'mene cinaliri conse koma sindingathe cabe kufikako,Nyanja_NM_Spk6_U_a225f626a2_Utterance_2_275_300.wav,4.656
NM,M,Spk6,U_a225f626a2,275_300,Nyanja_NM_Spk6_U_a225f626a2_Utterance_3,mpweya uno ndi odzadzidwa ndi mphepo yamadzi ofalikitsidwa ndi magetsi opangidwa ndi madzi amcere amene akuuma,Nyanja_NM_Spk6_U_a225f626a2_Utterance_3_275_300.wav,7.755
NM,M,Spk6,U_a225f626a2,275_300,Nyanja_NM_Spk6_U_a225f626a2_Utterance_4,kuli aja achangu oyera tsiku lomalidza mu tempele si mu chalichi mokha nyumba yosonkhanilamo ku zauzimu,Nyanja_NM_Spk6_U_a225f626a2_Utterance_4_275_300.wav,9.323
NM,M,Spk6,U_a225f626a2,275_300,Nyanja_NM_Spk6_U_a225f626a2_Utterance_5,pali ndithu mdandanda woyera wa ming'oma ya nzimu mu munda wa dzipatso munsi mwa mtengo wa mteza,Nyanja_NM_Spk6_U_a225f626a2_Utterance_5_275_300.wav,6.409
NM,M,Spk6,U_a225f626a2,275_300,Nyanja_NM_Spk6_U_a225f626a2_Utterance_6,mzera ndi tsiku ndi maonekedwe a pomwepo zidagwilizana pa modzi,Nyanja_NM_Spk6_U_a225f626a2_Utterance_6_275_300.wav,4.563
NM,M,Spk6,U_a225f626a2,275_300,Nyanja_NM_Spk6_U_a225f626a2_Utterance_7,zikomo kwambiri lakele msuweni wanga lakele mzanga yekhayo,Nyanja_NM_Spk6_U_a225f626a2_Utterance_7_275_300.wav,3.831
NM,M,Spk6,U_a225f626a2,275_300,Nyanja_NM_Spk6_U_a225f626a2_Utterance_8,kwangwala anatsika pa msambo wokufa/woouma na khala coimilira kopanda kugwedezeka mwina ngati ndiodabwa,Nyanja_NM_Spk6_U_a225f626a2_Utterance_8_275_300.wav,8.825
NM,M,Spk6,U_a225f626a2,275_300,Nyanja_NM_Spk6_U_a225f626a2_Utterance_9,montfichet anaitana robin kuti ampatse dzanja,Nyanja_NM_Spk6_U_a225f626a2_Utterance_9_275_300.wav,2.995
NM,M,Spk6,U_a225f626a2,275_300,Nyanja_NM_Spk6_U_a225f626a2_Utterance_10,zaucitsiru kwabasi sindinghathe kuimba pokhapokhapo ntaimba mmene amai ndi ambuye anga anaimbira ine ndisanabwere,Nyanja_NM_Spk6_U_a225f626a2_Utterance_10_275_300.wav,9.056
NM,M,Spk6,U_a225f626a2,275_300,Nyanja_NM_Spk6_U_a225f626a2_Utterance_11,ndikhala mumphepete ya nyanja pa malo ocedwa mariua rue de douze,Nyanja_NM_Spk6_U_a225f626a2_Utterance_11_275_300.wav,4.365
NM,M,Spk6,U_a225f626a2,275_300,Nyanja_NM_Spk6_U_a225f626a2_Utterance_12,akapolo anali kubweretsa mphika wabwino/waukulu wa nyama,Nyanja_NM_Spk6_U_a225f626a2_Utterance_12_275_300.wav,3.553
NM,M,Spk6,U_a225f626a2,275_300,Nyanja_NM_Spk6_U_a225f626a2_Utterance_13,ndondolosi inali kupitabe kumwela ca kum'mawa,Nyanja_NM_Spk6_U_a225f626a2_Utterance_13_275_300.wav,3.611
NM,M,Spk6,U_a225f626a2,275_300,Nyanja_NM_Spk6_U_a225f626a2_Utterance_14,kucokera mumdima umene unali ku mbuyo kwa kuunika iwo ananva mau a warrenton,Nyanja_NM_Spk6_U_a225f626a2_Utterance_14_275_300.wav,6.618
NM,M,Spk6,U_a225f626a2,275_300,Nyanja_NM_Spk6_U_a225f626a2_Utterance_15,anali atagwirira ndi manja ace awiri pamene anali kuthamangira mnyumba ya amai ace,Nyanja_NM_Spk6_U_a225f626a2_Utterance_15_275_300.wav,5.016
NM,M,Spk6,U_a225f626a2,275_300,Nyanja_NM_Spk6_U_a225f626a2_Utterance_16,yohane wesley combash yakobo taylor ndi thomasi edward skinner,Nyanja_NM_Spk6_U_a225f626a2_Utterance_16_275_300.wav,3.878
NM,M,Spk6,U_a225f626a2,275_300,Nyanja_NM_Spk6_U_a225f626a2_Utterance_17,koma za cibwenzi cao zinakulitsidwa ngati umboni weni-weni wakuti  nzika zosamangidwa za dziko zinali zopwanya malamulo,Nyanja_NM_Spk6_U_a225f626a2_Utterance_17_275_300.wav,9.973
NM,M,Spk6,U_a225f626a2,275_300,Nyanja_NM_Spk6_U_a225f626a2_Utterance_18,kodi dzina lako ndiwe yani lording anafunsa woyenda pang'ono omwe analipo,Nyanja_NM_Spk6_U_a225f626a2_Utterance_18_275_300.wav,4.493
NM,M,Spk6,U_a225f626a2,275_300,Nyanja_NM_Spk6_U_a225f626a2_Utterance_19,ayenera kusaina ma cheke onse amene akhuzana  ndi iye,Nyanja_NM_Spk6_U_a225f626a2_Utterance_19_275_300.wav,3.611
NM,M,Spk6,U_a225f626a2,275_300,Nyanja_NM_Spk6_U_a225f626a2_Utterance_20,kacenjede ocedwa socrates ayamba buku lace locedwa timaeus ndi kufupikitsa kwa buko locedwa republic,Nyanja_NM_Spk6_U_a225f626a2_Utterance_20_275_300.wav,7.326
NM,M,Spk6,U_a225f626a2,275_300,Nyanja_NM_Spk6_U_a225f626a2_Utterance_21,kodi nciani bannister wa nchito kodi mbali yace nciani mu nkhani imineyi,Nyanja_NM_Spk6_U_a225f626a2_Utterance_21_275_300.wav,5.06
NM,M,Spk6,U_a225f626a2,275_300,Nyanja_NM_Spk6_U_a225f626a2_Utterance_22,ndipo anacikonkera ndipo moimilira ndi zimbombo zace za kumwendo atatambasula khosi lace anaona mcipinda,Nyanja_NM_Spk6_U_a225f626a2_Utterance_22_275_300.wav,6.595
NM,M,Spk6,U_a225f626a2,275_300,Nyanja_NM_Spk6_U_a225f626a2_Utterance_23,mphweya ndi ozadzidwa ndithu ndipo unalipilitsidwa ndi magetsi,Nyanja_NM_Spk6_U_a225f626a2_Utterance_23_275_300.wav,4.133
NM,M,Spk6,U_a225f626a2,275_300,Nyanja_NM_Spk6_U_a225f626a2_Utterance_24,ndipo mthumba langa mukucepelera ka ndalama ka pa thumba mobwelezanso ndipo simunandisiile ndalama ina iliyonse mwa nthawi zonse,Nyanja_NM_Spk6_U_a225f626a2_Utterance_24_275_300.wav,7.303
NM,M,Spk6,U_a225f626a2,275_300,Nyanja_NM_Spk6_U_a225f626a2_Utterance_25,la vallieriendi wolemba ndakatulo wa bwino kwambiri anatero tonnay charente,Nyanja_NM_Spk6_U_a225f626a2_Utterance_25_275_300.wav,4.075
NM,M,Spk6,U_066de7b7dc,250_275,Nyanja_NM_Spk6_U_066de7b7dc_Utterance_1,iye akulankhula pa atumwi poyamba cifukwa ndiwo amene anasankhidwa ndi mulungu iye mwini,Nyanja_NM_Spk6_U_066de7b7dc_Utterance_1_250_275.wav,7.43
NM,M,Spk6,U_066de7b7dc,250_275,Nyanja_NM_Spk6_U_066de7b7dc_Utterance_2,panali cinthu cina cimene cinali cidabwitsa pa famu lalikulu lija kasamalilidwe ka zinthu kanali kodabwitsa,Nyanja_NM_Spk6_U_066de7b7dc_Utterance_2_250_275.wav,9.946
NM,M,Spk6,U_066de7b7dc,250_275,Nyanja_NM_Spk6_U_066de7b7dc_Utterance_3,kodi inu muganiza kuti mungathe kukwaniritsa kwa myezi isanu ndi umodzi,Nyanja_NM_Spk6_U_066de7b7dc_Utterance_3_250_275.wav,5.69
NM,M,Spk6,U_066de7b7dc,250_275,Nyanja_NM_Spk6_U_066de7b7dc_Utterance_4,mowatu unakwanitsadi kubweretsa mtundu wa masaya ya squire,Nyanja_NM_Spk6_U_066de7b7dc_Utterance_4_250_275.wav,4.448
NM,M,Spk6,U_066de7b7dc,250_275,Nyanja_NM_Spk6_U_066de7b7dc_Utterance_5,ai ai lording anayankha warrenton ali kuseka pan'gono,Nyanja_NM_Spk6_U_066de7b7dc_Utterance_5_250_275.wav,4.551
NM,M,Spk6,U_066de7b7dc,250_275,Nyanja_NM_Spk6_U_066de7b7dc_Utterance_6,anapeza citseko koma cinali cokhomedwela kubwalo,Nyanja_NM_Spk6_U_066de7b7dc_Utterance_6_250_275.wav,4.783
NM,M,Spk6,U_066de7b7dc,250_275,Nyanja_NM_Spk6_U_066de7b7dc_Utterance_7,pa maso pace poopsya panali kusekelera ndi cimwemwe,Nyanja_NM_Spk6_U_066de7b7dc_Utterance_7_250_275.wav,4.005
NM,M,Spk6,U_066de7b7dc,250_275,Nyanja_NM_Spk6_U_066de7b7dc_Utterance_8,ndatopa kwmbiri kumangonyaya muno oo khoswe,Nyanja_NM_Spk6_U_066de7b7dc_Utterance_8_250_275.wav,4.529
NM,M,Spk6,U_066de7b7dc,250_275,Nyanja_NM_Spk6_U_066de7b7dc_Utterance_9,ndinveleleni cifundo ambuye nga ndipemphera poti anthuwa azandipha,Nyanja_NM_Spk6_U_066de7b7dc_Utterance_9_250_275.wav,5.515
NM,M,Spk6,U_066de7b7dc,250_275,Nyanja_NM_Spk6_U_066de7b7dc_Utterance_10,analowanso butler ndi azibambo a mene anali kuyenda pansi ocotsa zinthu za tiiiolandira alendo kwa mlendo,Nyanja_NM_Spk6_U_066de7b7dc_Utterance_10_250_275.wav,9.98
NM,M,Spk6,U_066de7b7dc,250_275,Nyanja_NM_Spk6_U_066de7b7dc_Utterance_11,bwerani bwerani ndinaitana pamene kunalibe wina aliyense okonka motoyo,Nyanja_NM_Spk6_U_066de7b7dc_Utterance_11_250_275.wav,6.83
NM,M,Spk6,U_066de7b7dc,250_275,Nyanja_NM_Spk6_U_066de7b7dc_Utterance_12,pa nthawi ino ninali nitapanga ganizo lina pa iye,Nyanja_NM_Spk6_U_066de7b7dc_Utterance_12_250_275.wav,4.448
NM,M,Spk6,U_066de7b7dc,250_275,Nyanja_NM_Spk6_U_066de7b7dc_Utterance_13,mkondo unalasan mtima wace ndikumpweteka thupi lace,Nyanja_NM_Spk6_U_066de7b7dc_Utterance_13_250_275.wav,5.197
NM,M,Spk6,U_066de7b7dc,250_275,Nyanja_NM_Spk6_U_066de7b7dc_Utterance_14,koma pano pali cinthu cimene muzadabwa poyamba kuti ncifukwa ninji turner anacilemba conseci,Nyanja_NM_Spk6_U_066de7b7dc_Utterance_14_250_275.wav,8.91
NM,M,Spk6,U_066de7b7dc,250_275,Nyanja_NM_Spk6_U_066de7b7dc_Utterance_15,akazi anga pomwepo ali kuyenda anakwanitsa kupatsa azibambo cakudya ca m'madzulo cabwino kwambiri,Nyanja_NM_Spk6_U_066de7b7dc_Utterance_15_250_275.wav,8.046
NM,M,Spk6,U_066de7b7dc,250_275,Nyanja_NM_Spk6_U_066de7b7dc_Utterance_16,koma zambiri za mphanvu ya ka buku ya nkhani imeneyi icokera ku kapitawo nemo,Nyanja_NM_Spk6_U_066de7b7dc_Utterance_16_250_275.wav,6.83
NM,M,Spk6,U_066de7b7dc,250_275,Nyanja_NM_Spk6_U_066de7b7dc_Utterance_17,iwo akuganiza kuti mukunyada cifukwa munali mutacokapo mutapita kusukulu  kapena kwina kwace,Nyanja_NM_Spk6_U_066de7b7dc_Utterance_17_250_275.wav,7.906
NM,M,Spk6,U_066de7b7dc,250_275,Nyanja_NM_Spk6_U_066de7b7dc_Utterance_18,ubwino wa kudziwa kuyendayenda pa nyanja kwace kunali kokoma kotero kuti kunakakwanilitsa kuzungulira kwa dziko lonse lapansi,Nyanja_NM_Spk6_U_066de7b7dc_Utterance_18_250_275.wav,11.753
NM,M,Spk6,U_066de7b7dc,250_275,Nyanja_NM_Spk6_U_066de7b7dc_Utterance_19,inde ndipo ndi manja ako onse cinakutengera caka kuti undigwire amfumu anaonetsa pa maso pokwiya kwambiri,Nyanja_NM_Spk6_U_066de7b7dc_Utterance_19_250_275.wav,10.37
NM,M,Spk6,U_066de7b7dc,250_275,Nyanja_NM_Spk6_U_066de7b7dc_Utterance_20,voltaire anatenga cinthu cina cance pansi nacionetsesa,Nyanja_NM_Spk6_U_066de7b7dc_Utterance_20_250_275.wav,5.73
NM,M,Spk6,U_066de7b7dc,250_275,Nyanja_NM_Spk6_U_066de7b7dc_Utterance_21,ndiganiza tero ngakhale kuti ndiona kuti ndi mwamsanga kwa iwo ndipo kunanveka kuphulika kwa cinthu,Nyanja_NM_Spk6_U_066de7b7dc_Utterance_21_250_275.wav,9.683
NM,M,Spk6,U_066de7b7dc,250_275,Nyanja_NM_Spk6_U_066de7b7dc_Utterance_22,ndimazizimuka ndi mantha nitakumbukila zigawenga  izi kucikumbutso canga,Nyanja_NM_Spk6_U_066de7b7dc_Utterance_22_250_275.wav,6.71
NM,M,Spk6,U_066de7b7dc,250_275,Nyanja_NM_Spk6_U_066de7b7dc_Utterance_23,ndaona kuti umoyo wanu siunapiteko muzobvuta zazikulu kopootsa kamnyamata kamene kakukwera mu mtengo cifukwa coti kaiti wake asakamila,Nyanja_NM_Spk6_U_066de7b7dc_Utterance_23_250_275.wav,12.065
NM,M,Spk6,U_066de7b7dc,250_275,Nyanja_NM_Spk6_U_066de7b7dc_Utterance_24,cinthu cinacaca cinalenga kuti iye alowe ndi kuona ngati izo zinalidi ma umbuni,Nyanja_NM_Spk6_U_066de7b7dc_Utterance_24_250_275.wav,7.627
NM,M,Spk6,U_066de7b7dc,250_275,Nyanja_NM_Spk6_U_066de7b7dc_Utterance_25,ncifukwa ciani ndi goliati nthawi zonse onse analira ali kusonjola,Nyanja_NM_Spk6_U_066de7b7dc_Utterance_25_250_275.wav,6.218
NM,M,Spk6,U_066de7b7dc,275_300,Nyanja_NM_Spk6_U_066de7b7dc_Utterance_1,sitinakhalepo ndi ambiri aiwo motere muno masiku akumbuyo awa,Nyanja_NM_Spk6_U_066de7b7dc_Utterance_1_275_300.wav,6.412
NM,M,Spk6,U_066de7b7dc,275_300,Nyanja_NM_Spk6_U_066de7b7dc_Utterance_2,calo cili m'mene cinaliri conse koma sindingathe cabe kufikako,Nyanja_NM_Spk6_U_066de7b7dc_Utterance_2_275_300.wav,6.385
NM,M,Spk6,U_066de7b7dc,275_300,Nyanja_NM_Spk6_U_066de7b7dc_Utterance_3,mpweya uno ndi odzadzidwa ndi mphepo yamadzi ofalikitsidwa ndi magetsi opangidwa ndi madzi amcere amene akuuma,Nyanja_NM_Spk6_U_066de7b7dc_Utterance_3_275_300.wav,12.469
NM,M,Spk6,U_066de7b7dc,275_300,Nyanja_NM_Spk6_U_066de7b7dc_Utterance_4,kuli aja achangu oyera tsiku lomalidza mu tempele si mu chalichi mokha nyumba yosonkhanilamo ku zauzimu,Nyanja_NM_Spk6_U_066de7b7dc_Utterance_4_275_300.wav,11.111
NM,M,Spk6,U_066de7b7dc,275_300,Nyanja_NM_Spk6_U_066de7b7dc_Utterance_5,pali ndithu mdandanda woyera wa ming'oma ya nzimu mu munda wa dzipatso munsi mwa mtengo wa mteza,Nyanja_NM_Spk6_U_066de7b7dc_Utterance_5_275_300.wav,9.751
NM,M,Spk6,U_066de7b7dc,275_300,Nyanja_NM_Spk6_U_066de7b7dc_Utterance_6,mzera ndi tsiku ndi maonekedwe a pomwepo zidagwilizana pa modzi,Nyanja_NM_Spk6_U_066de7b7dc_Utterance_6_275_300.wav,6.304
NM,M,Spk6,U_066de7b7dc,275_300,Nyanja_NM_Spk6_U_066de7b7dc_Utterance_7,zikomo kwambiri lakele msuweni wanga lakele mzanga yekhayo,Nyanja_NM_Spk6_U_066de7b7dc_Utterance_7_275_300.wav,5.489
NM,M,Spk6,U_066de7b7dc,275_300,Nyanja_NM_Spk6_U_066de7b7dc_Utterance_8,kwangwala anatsika pa msambo wokufa/woouma na khala coimilira kopanda kugwedezeka mwina ngati ndiodabwa,Nyanja_NM_Spk6_U_066de7b7dc_Utterance_8_275_300.wav,9.555
NM,M,Spk6,U_066de7b7dc,275_300,Nyanja_NM_Spk6_U_066de7b7dc_Utterance_9,montfichet anaitana robin kuti ampatse dzanja,Nyanja_NM_Spk6_U_066de7b7dc_Utterance_9_275_300.wav,5.247
NM,M,Spk6,U_066de7b7dc,275_300,Nyanja_NM_Spk6_U_066de7b7dc_Utterance_10,zaucitsiru kwabasi sindinghathe kuimba pokhapokhapo ntaimba mmene amai ndi ambuye anga anaimbira ine ndisanabwere,Nyanja_NM_Spk6_U_066de7b7dc_Utterance_10_275_300.wav,12.278
NM,M,Spk6,U_066de7b7dc,275_300,Nyanja_NM_Spk6_U_066de7b7dc_Utterance_11,ndikhala mumphepete ya nyanja pa malo ocedwa mariua rue de douze,Nyanja_NM_Spk6_U_066de7b7dc_Utterance_11_275_300.wav,8.712
NM,M,Spk6,U_066de7b7dc,275_300,Nyanja_NM_Spk6_U_066de7b7dc_Utterance_12,akapolo anali kubweretsa mphika wabwino/waukulu wa nyama,Nyanja_NM_Spk6_U_066de7b7dc_Utterance_12_275_300.wav,5.072
NM,M,Spk6,U_066de7b7dc,275_300,Nyanja_NM_Spk6_U_066de7b7dc_Utterance_13,ndondolosi inali kupitabe kumwela ca kum'mawa,Nyanja_NM_Spk6_U_066de7b7dc_Utterance_13_275_300.wav,4.075
NM,M,Spk6,U_066de7b7dc,275_300,Nyanja_NM_Spk6_U_066de7b7dc_Utterance_14,kucokera mumdima umene unali ku mbuyo kwa kuunika iwo ananva mau a warrenton,Nyanja_NM_Spk6_U_066de7b7dc_Utterance_14_275_300.wav,7.36
NM,M,Spk6,U_066de7b7dc,275_300,Nyanja_NM_Spk6_U_066de7b7dc_Utterance_15,anali atagwirira ndi manja ace awiri pamene anali kuthamangira mnyumba ya amai ace,Nyanja_NM_Spk6_U_066de7b7dc_Utterance_15_275_300.wav,7.997
NM,M,Spk6,U_066de7b7dc,275_300,Nyanja_NM_Spk6_U_066de7b7dc_Utterance_16,yohane wesley combash yakobo taylor ndi thomasi edward skinner,Nyanja_NM_Spk6_U_066de7b7dc_Utterance_16_275_300.wav,5.221
NM,M,Spk6,U_066de7b7dc,275_300,Nyanja_NM_Spk6_U_066de7b7dc_Utterance_17,koma za cibwenzi cao zinakulitsidwa ngati umboni weni-weni wakuti  nzika zosamangidwa za dziko zinali zopwanya malamulo,Nyanja_NM_Spk6_U_066de7b7dc_Utterance_17_275_300.wav,11.433
NM,M,Spk6,U_066de7b7dc,275_300,Nyanja_NM_Spk6_U_066de7b7dc_Utterance_18,kodi dzina lako ndiwe yani lording anafunsa woyenda pang'ono omwe analipo,Nyanja_NM_Spk6_U_066de7b7dc_Utterance_18_275_300.wav,6.322
NM,M,Spk6,U_066de7b7dc,275_300,Nyanja_NM_Spk6_U_066de7b7dc_Utterance_19,ayenera kusaina ma cheke onse amene akhuzana  ndi iye,Nyanja_NM_Spk6_U_066de7b7dc_Utterance_19_275_300.wav,5.366
NM,M,Spk6,U_066de7b7dc,275_300,Nyanja_NM_Spk6_U_066de7b7dc_Utterance_20,kacenjede ocedwa socrates ayamba buku lace locedwa timaeus ndi kufupikitsa kwa buko locedwa republic,Nyanja_NM_Spk6_U_066de7b7dc_Utterance_20_275_300.wav,10.737
NM,M,Spk6,U_066de7b7dc,275_300,Nyanja_NM_Spk6_U_066de7b7dc_Utterance_21,kodi nciani bannister wa nchito kodi mbali yace nciani mu nkhani imineyi,Nyanja_NM_Spk6_U_066de7b7dc_Utterance_21_275_300.wav,6.213
NM,M,Spk6,U_066de7b7dc,275_300,Nyanja_NM_Spk6_U_066de7b7dc_Utterance_22,ndipo anacikonkera ndipo moimilira ndi zimbombo zace za kumwendo atatambasula khosi lace anaona mcipinda,Nyanja_NM_Spk6_U_066de7b7dc_Utterance_22_275_300.wav,10.366
NM,M,Spk6,U_066de7b7dc,275_300,Nyanja_NM_Spk6_U_066de7b7dc_Utterance_23,mphweya ndi ozadzidwa ndithu ndipo unalipilitsidwa ndi magetsi,Nyanja_NM_Spk6_U_066de7b7dc_Utterance_23_275_300.wav,5.206
NM,M,Spk6,U_066de7b7dc,275_300,Nyanja_NM_Spk6_U_066de7b7dc_Utterance_24,ndipo mthumba langa mukucepelera ka ndalama ka pa thumba mobwelezanso ndipo simunandisiile ndalama ina iliyonse mwa nthawi zonse,Nyanja_NM_Spk6_U_066de7b7dc_Utterance_24_275_300.wav,11.593
NM,M,Spk6,U_066de7b7dc,275_300,Nyanja_NM_Spk6_U_066de7b7dc_Utterance_25,la vallieriendi wolemba ndakatulo wa bwino kwambiri anatero tonnay charente,Nyanja_NM_Spk6_U_066de7b7dc_Utterance_25_275_300.wav,6.844
NM,M,Spk6,U_cefcb2df2e,250_275,Nyanja_NM_Spk6_U_cefcb2df2e_Utterance_1,iye akulankhula pa atumwi poyamba cifukwa ndiwo amene anasankhidwa ndi mulungu iye mwini,Nyanja_NM_Spk6_U_cefcb2df2e_Utterance_1_250_275.wav,8.27
NM,M,Spk6,U_cefcb2df2e,250_275,Nyanja_NM_Spk6_U_cefcb2df2e_Utterance_2,panali cinthu cina cimene cinali cidabwitsa pa famu lalikulu lija kasamalilidwe ka zinthu kanali kodabwitsa,Nyanja_NM_Spk6_U_cefcb2df2e_Utterance_2_250_275.wav,9.74
NM,M,Spk6,U_cefcb2df2e,250_275,Nyanja_NM_Spk6_U_cefcb2df2e_Utterance_3,kodi inu muganiza kuti mungathe kukwaniritsa kwa myezi isanu ndi umodzi,Nyanja_NM_Spk6_U_cefcb2df2e_Utterance_3_250_275.wav,7.445
NM,M,Spk6,U_cefcb2df2e,250_275,Nyanja_NM_Spk6_U_cefcb2df2e_Utterance_4,mowatu unakwanitsadi kubweretsa mtundu wa masaya ya squire,Nyanja_NM_Spk6_U_cefcb2df2e_Utterance_4_250_275.wav,6.605
NM,M,Spk6,U_cefcb2df2e,250_275,Nyanja_NM_Spk6_U_cefcb2df2e_Utterance_5,ai ai lording anayankha warrenton ali kuseka pan'gono,Nyanja_NM_Spk6_U_cefcb2df2e_Utterance_5_250_275.wav,7.25
NM,M,Spk6,U_cefcb2df2e,250_275,Nyanja_NM_Spk6_U_cefcb2df2e_Utterance_6,anapeza citseko koma cinali cokhomedwela kubwalo,Nyanja_NM_Spk6_U_cefcb2df2e_Utterance_6_250_275.wav,6.035
NM,M,Spk6,U_cefcb2df2e,250_275,Nyanja_NM_Spk6_U_cefcb2df2e_Utterance_7,pa maso pace poopsya panali kusekelera ndi cimwemwe,Nyanja_NM_Spk6_U_cefcb2df2e_Utterance_7_250_275.wav,5.525
NM,M,Spk6,U_cefcb2df2e,250_275,Nyanja_NM_Spk6_U_cefcb2df2e_Utterance_8,ndatopa kwmbiri kumangonyaya muno oo khoswe,Nyanja_NM_Spk6_U_cefcb2df2e_Utterance_8_250_275.wav,5.39
NM,M,Spk6,U_cefcb2df2e,250_275,Nyanja_NM_Spk6_U_cefcb2df2e_Utterance_9,ndinveleleni cifundo ambuye nga ndipemphera poti anthuwa azandipha,Nyanja_NM_Spk6_U_cefcb2df2e_Utterance_9_250_275.wav,8.24
NM,M,Spk6,U_cefcb2df2e,250_275,Nyanja_NM_Spk6_U_cefcb2df2e_Utterance_10,analowanso butler ndi azibambo a mene anali kuyenda pansi ocotsa zinthu za tiiiolandira alendo kwa mlendo,Nyanja_NM_Spk6_U_cefcb2df2e_Utterance_10_250_275.wav,11.345
NM,M,Spk6,U_cefcb2df2e,250_275,Nyanja_NM_Spk6_U_cefcb2df2e_Utterance_11,bwerani bwerani ndinaitana pamene kunalibe wina aliyense okonka motoyo,Nyanja_NM_Spk6_U_cefcb2df2e_Utterance_11_250_275.wav,8.825
NM,M,Spk6,U_cefcb2df2e,250_275,Nyanja_NM_Spk6_U_cefcb2df2e_Utterance_12,pa nthawi ino ninali nitapanga ganizo lina pa iye,Nyanja_NM_Spk6_U_cefcb2df2e_Utterance_12_250_275.wav,6.32
NM,M,Spk6,U_cefcb2df2e,250_275,Nyanja_NM_Spk6_U_cefcb2df2e_Utterance_13,mkondo unalasan mtima wace ndikumpweteka thupi lace,Nyanja_NM_Spk6_U_cefcb2df2e_Utterance_13_250_275.wav,5.84
NM,M,Spk6,U_cefcb2df2e,250_275,Nyanja_NM_Spk6_U_cefcb2df2e_Utterance_14,koma pano pali cinthu cimene muzadabwa poyamba kuti ncifukwa ninji turner anacilemba conseci,Nyanja_NM_Spk6_U_cefcb2df2e_Utterance_14_250_275.wav,9.14
NM,M,Spk6,U_cefcb2df2e,250_275,Nyanja_NM_Spk6_U_cefcb2df2e_Utterance_15,akazi anga pomwepo ali kuyenda anakwanitsa kupatsa azibambo cakudya ca m'madzulo cabwino kwambiri,Nyanja_NM_Spk6_U_cefcb2df2e_Utterance_15_250_275.wav,10.235
NM,M,Spk6,U_cefcb2df2e,250_275,Nyanja_NM_Spk6_U_cefcb2df2e_Utterance_16,koma zambiri za mphanvu ya ka buku ya nkhani imeneyi icokera ku kapitawo nemo,Nyanja_NM_Spk6_U_cefcb2df2e_Utterance_16_250_275.wav,7.655
NM,M,Spk6,U_cefcb2df2e,250_275,Nyanja_NM_Spk6_U_cefcb2df2e_Utterance_17,iwo akuganiza kuti mukunyada cifukwa munali mutacokapo mutapita kusukulu  kapena kwina kwace,Nyanja_NM_Spk6_U_cefcb2df2e_Utterance_17_250_275.wav,10.805
NM,M,Spk6,U_cefcb2df2e,250_275,Nyanja_NM_Spk6_U_cefcb2df2e_Utterance_18,ubwino wa kudziwa kuyendayenda pa nyanja kwace kunali kokoma kotero kuti kunakakwanilitsa kuzungulira kwa dziko lonse lapansi,Nyanja_NM_Spk6_U_cefcb2df2e_Utterance_18_250_275.wav,14.51
NM,M,Spk6,U_cefcb2df2e,250_275,Nyanja_NM_Spk6_U_cefcb2df2e_Utterance_19,inde ndipo ndi manja ako onse cinakutengera caka kuti undigwire amfumu anaonetsa pa maso pokwiya kwambiri,Nyanja_NM_Spk6_U_cefcb2df2e_Utterance_19_250_275.wav,12.365
NM,M,Spk6,U_cefcb2df2e,250_275,Nyanja_NM_Spk6_U_cefcb2df2e_Utterance_20,voltaire anatenga cinthu cina cance pansi nacionetsesa,Nyanja_NM_Spk6_U_cefcb2df2e_Utterance_20_250_275.wav,6.606
NM,M,Spk6,U_cefcb2df2e,250_275,Nyanja_NM_Spk6_U_cefcb2df2e_Utterance_21,ndiganiza tero ngakhale kuti ndiona kuti ndi mwamsanga kwa iwo ndipo kunanveka kuphulika kwa cinthu,Nyanja_NM_Spk6_U_cefcb2df2e_Utterance_21_250_275.wav,11.975
NM,M,Spk6,U_cefcb2df2e,250_275,Nyanja_NM_Spk6_U_cefcb2df2e_Utterance_22,ndimazizimuka ndi mantha nitakumbukila zigawenga  izi kucikumbutso canga,Nyanja_NM_Spk6_U_cefcb2df2e_Utterance_22_250_275.wav,8.915
NM,M,Spk6,U_cefcb2df2e,250_275,Nyanja_NM_Spk6_U_cefcb2df2e_Utterance_23,ndaona kuti umoyo wanu siunapiteko muzobvuta zazikulu kopootsa kamnyamata kamene kakukwera mu mtengo cifukwa coti kaiti wake asakamila,Nyanja_NM_Spk6_U_cefcb2df2e_Utterance_23_250_275.wav,22.085
NM,M,Spk6,U_cefcb2df2e,250_275,Nyanja_NM_Spk6_U_cefcb2df2e_Utterance_24,cinthu cinacaca cinalenga kuti iye alowe ndi kuona ngati izo zinalidi ma umbuni,Nyanja_NM_Spk6_U_cefcb2df2e_Utterance_24_250_275.wav,9.125
NM,M,Spk6,U_cefcb2df2e,250_275,Nyanja_NM_Spk6_U_cefcb2df2e_Utterance_25,ncifukwa ciani ndi goliati nthawi zonse onse analira ali kusonjola,Nyanja_NM_Spk6_U_cefcb2df2e_Utterance_25_250_275.wav,9.215
NM,M,Spk6,U_cefcb2df2e,275_300,Nyanja_NM_Spk6_U_cefcb2df2e_Utterance_1,sitinakhalepo ndi ambiri aiwo motere muno masiku akumbuyo awa,Nyanja_NM_Spk6_U_cefcb2df2e_Utterance_1_275_300.wav,7.25
NM,M,Spk6,U_cefcb2df2e,275_300,Nyanja_NM_Spk6_U_cefcb2df2e_Utterance_2,calo cili m'mene cinaliri conse koma sindingathe cabe kufikako,Nyanja_NM_Spk6_U_cefcb2df2e_Utterance_2_275_300.wav,7.25
NM,M,Spk6,U_cefcb2df2e,275_300,Nyanja_NM_Spk6_U_cefcb2df2e_Utterance_3,mpweya uno ndi odzadzidwa ndi mphepo yamadzi ofalikitsidwa ndi magetsi opangidwa ndi madzi amcere amene akuuma,Nyanja_NM_Spk6_U_cefcb2df2e_Utterance_3_275_300.wav,11.045
NM,M,Spk6,U_cefcb2df2e,275_300,Nyanja_NM_Spk6_U_cefcb2df2e_Utterance_4,kuli aja achangu oyera tsiku lomalidza mu tempele si mu chalichi mokha nyumba yosonkhanilamo ku zauzimu,Nyanja_NM_Spk6_U_cefcb2df2e_Utterance_4_275_300.wav,24.22
NM,M,Spk6,U_cefcb2df2e,275_300,Nyanja_NM_Spk6_U_cefcb2df2e_Utterance_5,pali ndithu mdandanda woyera wa ming'oma ya nzimu mu munda wa dzipatso munsi mwa mtengo wa mteza,Nyanja_NM_Spk6_U_cefcb2df2e_Utterance_5_275_300.wav,8.555
NM,M,Spk6,U_cefcb2df2e,275_300,Nyanja_NM_Spk6_U_cefcb2df2e_Utterance_6,mzera ndi tsiku ndi maonekedwe a pomwepo zidagwilizana pa modzi,Nyanja_NM_Spk6_U_cefcb2df2e_Utterance_6_275_300.wav,6.335
NM,M,Spk6,U_cefcb2df2e,275_300,Nyanja_NM_Spk6_U_cefcb2df2e_Utterance_7,zikomo kwambiri lakele msuweni wanga lakele mzanga yekhayo,Nyanja_NM_Spk6_U_cefcb2df2e_Utterance_7_275_300.wav,6.575
NM,M,Spk6,U_cefcb2df2e,275_300,Nyanja_NM_Spk6_U_cefcb2df2e_Utterance_8,kwangwala anatsika pa msambo wokufa/woouma na khala coimilira kopanda kugwedezeka mwina ngati ndiodabwa,Nyanja_NM_Spk6_U_cefcb2df2e_Utterance_8_275_300.wav,12.995
NM,M,Spk6,U_cefcb2df2e,275_300,Nyanja_NM_Spk6_U_cefcb2df2e_Utterance_9,montfichet anaitana robin kuti ampatse dzanja,Nyanja_NM_Spk6_U_cefcb2df2e_Utterance_9_275_300.wav,5.09
NM,M,Spk6,U_cefcb2df2e,275_300,Nyanja_NM_Spk6_U_cefcb2df2e_Utterance_10,zaucitsiru kwabasi sindinghathe kuimba pokhapokhapo ntaimba mmene amai ndi ambuye anga anaimbira ine ndisanabwere,Nyanja_NM_Spk6_U_cefcb2df2e_Utterance_10_275_300.wav,12.725
NM,M,Spk6,U_cefcb2df2e,275_300,Nyanja_NM_Spk6_U_cefcb2df2e_Utterance_11,ndikhala mumphepete ya nyanja pa malo ocedwa mariua rue de douze,Nyanja_NM_Spk6_U_cefcb2df2e_Utterance_11_275_300.wav,9.185
NM,M,Spk6,U_cefcb2df2e,275_300,Nyanja_NM_Spk6_U_cefcb2df2e_Utterance_12,akapolo anali kubweretsa mphika wabwino/waukulu wa nyama,Nyanja_NM_Spk6_U_cefcb2df2e_Utterance_12_275_300.wav,7.295
NM,M,Spk6,U_cefcb2df2e,275_300,Nyanja_NM_Spk6_U_cefcb2df2e_Utterance_13,ndondolosi inali kupitabe kumwela ca kum'mawa,Nyanja_NM_Spk6_U_cefcb2df2e_Utterance_13_275_300.wav,4.88
NM,M,Spk6,U_cefcb2df2e,275_300,Nyanja_NM_Spk6_U_cefcb2df2e_Utterance_14,kucokera mumdima umene unali ku mbuyo kwa kuunika iwo ananva mau a warrenton,Nyanja_NM_Spk6_U_cefcb2df2e_Utterance_14_275_300.wav,9.215
NM,M,Spk6,U_cefcb2df2e,275_300,Nyanja_NM_Spk6_U_cefcb2df2e_Utterance_15,anali atagwirira ndi manja ace awiri pamene anali kuthamangira mnyumba ya amai ace,Nyanja_NM_Spk6_U_cefcb2df2e_Utterance_15_275_300.wav,9.515
NM,M,Spk6,U_cefcb2df2e,275_300,Nyanja_NM_Spk6_U_cefcb2df2e_Utterance_16,yohane wesley combash yakobo taylor ndi thomasi edward skinner,Nyanja_NM_Spk6_U_cefcb2df2e_Utterance_16_275_300.wav,6.26
NM,M,Spk6,U_cefcb2df2e,275_300,Nyanja_NM_Spk6_U_cefcb2df2e_Utterance_17,koma za cibwenzi cao zinakulitsidwa ngati umboni weni-weni wakuti  nzika zosamangidwa za dziko zinali zopwanya malamulo,Nyanja_NM_Spk6_U_cefcb2df2e_Utterance_17_275_300.wav,14.48
NM,M,Spk6,U_cefcb2df2e,275_300,Nyanja_NM_Spk6_U_cefcb2df2e_Utterance_18,kodi dzina lako ndiwe yani lording anafunsa woyenda pang'ono omwe analipo,Nyanja_NM_Spk6_U_cefcb2df2e_Utterance_18_275_300.wav,8.345
NM,M,Spk6,U_cefcb2df2e,275_300,Nyanja_NM_Spk6_U_cefcb2df2e_Utterance_19,ayenera kusaina ma cheke onse amene akhuzana  ndi iye,Nyanja_NM_Spk6_U_cefcb2df2e_Utterance_19_275_300.wav,6.035
NM,M,Spk6,U_cefcb2df2e,275_300,Nyanja_NM_Spk6_U_cefcb2df2e_Utterance_20,kacenjede ocedwa socrates ayamba buku lace locedwa timaeus ndi kufupikitsa kwa buko locedwa republic,Nyanja_NM_Spk6_U_cefcb2df2e_Utterance_20_275_300.wav,12.995
NM,M,Spk6,U_cefcb2df2e,275_300,Nyanja_NM_Spk6_U_cefcb2df2e_Utterance_21,kodi nciani bannister wa nchito kodi mbali yace nciani mu nkhani imineyi,Nyanja_NM_Spk6_U_cefcb2df2e_Utterance_21_275_300.wav,7.67
NM,M,Spk6,U_cefcb2df2e,275_300,Nyanja_NM_Spk6_U_cefcb2df2e_Utterance_22,ndipo anacikonkera ndipo moimilira ndi zimbombo zace za kumwendo atatambasula khosi lace anaona mcipinda,Nyanja_NM_Spk6_U_cefcb2df2e_Utterance_22_275_300.wav,11.765
NM,M,Spk6,U_cefcb2df2e,275_300,Nyanja_NM_Spk6_U_cefcb2df2e_Utterance_23,mphweya ndi ozadzidwa ndithu ndipo unalipilitsidwa ndi magetsi,Nyanja_NM_Spk6_U_cefcb2df2e_Utterance_23_275_300.wav,6.365
NM,M,Spk6,U_cefcb2df2e,275_300,Nyanja_NM_Spk6_U_cefcb2df2e_Utterance_24,ndipo mthumba langa mukucepelera ka ndalama ka pa thumba mobwelezanso ndipo simunandisiile ndalama ina iliyonse mwa nthawi zonse,Nyanja_NM_Spk6_U_cefcb2df2e_Utterance_24_275_300.wav,13.58
NM,M,Spk6,U_cefcb2df2e,275_300,Nyanja_NM_Spk6_U_cefcb2df2e_Utterance_25,la vallieriendi wolemba ndakatulo wa bwino kwambiri anatero tonnay charente,Nyanja_NM_Spk6_U_cefcb2df2e_Utterance_25_275_300.wav,7.865
NM,M,Spk6,U_d302448f2a,250_275,Nyanja_NM_Spk6_U_d302448f2a_Utterance_1,iye akulankhula pa atumwi poyamba cifukwa ndiwo amene anasankhidwa ndi mulungu iye mwini,Nyanja_NM_Spk6_U_d302448f2a_Utterance_1_250_275.wav,9.864
NM,M,Spk6,U_d302448f2a,250_275,Nyanja_NM_Spk6_U_d302448f2a_Utterance_2,panali cinthu cina cimene cinali cidabwitsa pa famu lalikulu lija kasamalilidwe ka zinthu kanali kodabwitsa,Nyanja_NM_Spk6_U_d302448f2a_Utterance_2_250_275.wav,8.814
NM,M,Spk6,U_d302448f2a,250_275,Nyanja_NM_Spk6_U_d302448f2a_Utterance_3,kodi inu muganiza kuti mungathe kukwaniritsa kwa myezi isanu ndi umodzi,Nyanja_NM_Spk6_U_d302448f2a_Utterance_3_250_275.wav,8.15
NM,M,Spk6,U_d302448f2a,250_275,Nyanja_NM_Spk6_U_d302448f2a_Utterance_4,mowatu unakwanitsadi kubweretsa mtundu wa masaya ya squire,Nyanja_NM_Spk6_U_d302448f2a_Utterance_4_250_275.wav,6.274
NM,M,Spk6,U_d302448f2a,250_275,Nyanja_NM_Spk6_U_d302448f2a_Utterance_5,ai ai lording anayankha warrenton ali kuseka pan'gono,Nyanja_NM_Spk6_U_d302448f2a_Utterance_5_250_275.wav,6.029
NM,M,Spk6,U_d302448f2a,250_275,Nyanja_NM_Spk6_U_d302448f2a_Utterance_6,anapeza citseko koma cinali cokhomedwela kubwalo,Nyanja_NM_Spk6_U_d302448f2a_Utterance_6_250_275.wav,5.431
NM,M,Spk6,U_d302448f2a,250_275,Nyanja_NM_Spk6_U_d302448f2a_Utterance_7,pa maso pace poopsya panali kusekelera ndi cimwemwe,Nyanja_NM_Spk6_U_d302448f2a_Utterance_7_250_275.wav,6.547
NM,M,Spk6,U_d302448f2a,250_275,Nyanja_NM_Spk6_U_d302448f2a_Utterance_8,ndatopa kwmbiri kumangonyaya muno oo khoswe,Nyanja_NM_Spk6_U_d302448f2a_Utterance_8_250_275.wav,6.177
NM,M,Spk6,U_d302448f2a,250_275,Nyanja_NM_Spk6_U_d302448f2a_Utterance_9,ndinveleleni cifundo ambuye nga ndipemphera poti anthuwa azandipha,Nyanja_NM_Spk6_U_d302448f2a_Utterance_9_250_275.wav,7.665
NM,M,Spk6,U_d302448f2a,250_275,Nyanja_NM_Spk6_U_d302448f2a_Utterance_10,analowanso butler ndi azibambo a mene anali kuyenda pansi ocotsa zinthu za tiiiolandira alendo kwa mlendo,Nyanja_NM_Spk6_U_d302448f2a_Utterance_10_250_275.wav,10.816
NM,M,Spk6,U_d302448f2a,250_275,Nyanja_NM_Spk6_U_d302448f2a_Utterance_11,bwerani bwerani ndinaitana pamene kunalibe wina aliyense okonka motoyo,Nyanja_NM_Spk6_U_d302448f2a_Utterance_11_250_275.wav,8.047
NM,M,Spk6,U_d302448f2a,250_275,Nyanja_NM_Spk6_U_d302448f2a_Utterance_12,pa nthawi ino ninali nitapanga ganizo lina pa iye,Nyanja_NM_Spk6_U_d302448f2a_Utterance_12_250_275.wav,4.818
NM,M,Spk6,U_d302448f2a,250_275,Nyanja_NM_Spk6_U_d302448f2a_Utterance_13,mkondo unalasan mtima wace ndikumpweteka thupi lace,Nyanja_NM_Spk6_U_d302448f2a_Utterance_13_250_275.wav,8.66
NM,M,Spk6,U_d302448f2a,250_275,Nyanja_NM_Spk6_U_d302448f2a_Utterance_14,koma pano pali cinthu cimene muzadabwa poyamba kuti ncifukwa ninji turner anacilemba conseci,Nyanja_NM_Spk6_U_d302448f2a_Utterance_14_250_275.wav,5.725
NM,M,Spk6,U_d302448f2a,250_275,Nyanja_NM_Spk6_U_d302448f2a_Utterance_15,akazi anga pomwepo ali kuyenda anakwanitsa kupatsa azibambo cakudya ca m'madzulo cabwino kwambiri,Nyanja_NM_Spk6_U_d302448f2a_Utterance_15_250_275.wav,10.306
NM,M,Spk6,U_d302448f2a,250_275,Nyanja_NM_Spk6_U_d302448f2a_Utterance_16,koma zambiri za mphanvu ya ka buku ya nkhani imeneyi icokera ku kapitawo nemo,Nyanja_NM_Spk6_U_d302448f2a_Utterance_16_250_275.wav,7.954
NM,M,Spk6,U_d302448f2a,250_275,Nyanja_NM_Spk6_U_d302448f2a_Utterance_17,iwo akuganiza kuti mukunyada cifukwa munali mutacokapo mutapita kusukulu  kapena kwina kwace,Nyanja_NM_Spk6_U_d302448f2a_Utterance_17_250_275.wav,9.634
NM,M,Spk6,U_d302448f2a,250_275,Nyanja_NM_Spk6_U_d302448f2a_Utterance_18,ubwino wa kudziwa kuyendayenda pa nyanja kwace kunali kokoma kotero kuti kunakakwanilitsa kuzungulira kwa dziko lonse lapansi,Nyanja_NM_Spk6_U_d302448f2a_Utterance_18_250_275.wav,13.102
NM,M,Spk6,U_d302448f2a,250_275,Nyanja_NM_Spk6_U_d302448f2a_Utterance_19,inde ndipo ndi manja ako onse cinakutengera caka kuti undigwire amfumu anaonetsa pa maso pokwiya kwambiri,Nyanja_NM_Spk6_U_d302448f2a_Utterance_19_250_275.wav,12.895
NM,M,Spk6,U_d302448f2a,250_275,Nyanja_NM_Spk6_U_d302448f2a_Utterance_20,voltaire anatenga cinthu cina cance pansi nacionetsesa,Nyanja_NM_Spk6_U_d302448f2a_Utterance_20_250_275.wav,6.36
NM,M,Spk6,U_d302448f2a,250_275,Nyanja_NM_Spk6_U_d302448f2a_Utterance_21,ndiganiza tero ngakhale kuti ndiona kuti ndi mwamsanga kwa iwo ndipo kunanveka kuphulika kwa cinthu,Nyanja_NM_Spk6_U_d302448f2a_Utterance_21_250_275.wav,12.552
NM,M,Spk6,U_d302448f2a,250_275,Nyanja_NM_Spk6_U_d302448f2a_Utterance_22,ndimazizimuka ndi mantha nitakumbukila zigawenga  izi kucikumbutso canga,Nyanja_NM_Spk6_U_d302448f2a_Utterance_22_250_275.wav,8.262
NM,M,Spk6,U_d302448f2a,250_275,Nyanja_NM_Spk6_U_d302448f2a_Utterance_23,ndaona kuti umoyo wanu siunapiteko muzobvuta zazikulu kopootsa kamnyamata kamene kakukwera mu mtengo cifukwa coti kaiti wake asakamila,Nyanja_NM_Spk6_U_d302448f2a_Utterance_23_250_275.wav,16.349
NM,M,Spk6,U_d302448f2a,250_275,Nyanja_NM_Spk6_U_d302448f2a_Utterance_24,cinthu cinacaca cinalenga kuti iye alowe ndi kuona ngati izo zinalidi ma umbuni,Nyanja_NM_Spk6_U_d302448f2a_Utterance_24_250_275.wav,9.515
NM,M,Spk6,U_d302448f2a,250_275,Nyanja_NM_Spk6_U_d302448f2a_Utterance_25,ncifukwa ciani ndi goliati nthawi zonse onse analira ali kusonjola,Nyanja_NM_Spk6_U_d302448f2a_Utterance_25_250_275.wav,8.36
NM,M,Spk6,U_d302448f2a,275_300,Nyanja_NM_Spk6_U_d302448f2a_Utterance_1,sitinakhalepo ndi ambiri aiwo motere muno masiku akumbuyo awa,Nyanja_NM_Spk6_U_d302448f2a_Utterance_1_275_300.wav,12.41
NM,M,Spk6,U_d302448f2a,275_300,Nyanja_NM_Spk6_U_d302448f2a_Utterance_2,calo cili m'mene cinaliri conse koma sindingathe cabe kufikako,Nyanja_NM_Spk6_U_d302448f2a_Utterance_2_275_300.wav,7.071
NM,M,Spk6,U_d302448f2a,275_300,Nyanja_NM_Spk6_U_d302448f2a_Utterance_3,mpweya uno ndi odzadzidwa ndi mphepo yamadzi ofalikitsidwa ndi magetsi opangidwa ndi madzi amcere amene akuuma,Nyanja_NM_Spk6_U_d302448f2a_Utterance_3_275_300.wav,6.928
NM,M,Spk6,U_d302448f2a,275_300,Nyanja_NM_Spk6_U_d302448f2a_Utterance_4,kuli aja achangu oyera tsiku lomalidza mu tempele si mu chalichi mokha nyumba yosonkhanilamo ku zauzimu,Nyanja_NM_Spk6_U_d302448f2a_Utterance_4_275_300.wav,13.178
NM,M,Spk6,U_d302448f2a,275_300,Nyanja_NM_Spk6_U_d302448f2a_Utterance_5,pali ndithu mdandanda woyera wa ming'oma ya nzimu mu munda wa dzipatso munsi mwa mtengo wa mteza,Nyanja_NM_Spk6_U_d302448f2a_Utterance_5_275_300.wav,13.672
NM,M,Spk6,U_d302448f2a,275_300,Nyanja_NM_Spk6_U_d302448f2a_Utterance_6,mzera ndi tsiku ndi maonekedwe a pomwepo zidagwilizana pa modzi,Nyanja_NM_Spk6_U_d302448f2a_Utterance_6_275_300.wav,12.347
NM,M,Spk6,U_d302448f2a,275_300,Nyanja_NM_Spk6_U_d302448f2a_Utterance_7,zikomo kwambiri lakele msuweni wanga lakele mzanga yekhayo,Nyanja_NM_Spk6_U_d302448f2a_Utterance_7_275_300.wav,6.908
NM,M,Spk6,U_d302448f2a,275_300,Nyanja_NM_Spk6_U_d302448f2a_Utterance_8,kwangwala anatsika pa msambo wokufa/woouma na khala coimilira kopanda kugwedezeka mwina ngati ndiodabwa,Nyanja_NM_Spk6_U_d302448f2a_Utterance_8_275_300.wav,7.592
NM,M,Spk6,U_d302448f2a,275_300,Nyanja_NM_Spk6_U_d302448f2a_Utterance_9,montfichet anaitana robin kuti ampatse dzanja,Nyanja_NM_Spk6_U_d302448f2a_Utterance_9_275_300.wav,10.246
NM,M,Spk6,U_d302448f2a,275_300,Nyanja_NM_Spk6_U_d302448f2a_Utterance_10,zaucitsiru kwabasi sindinghathe kuimba pokhapokhapo ntaimba mmene amai ndi ambuye anga anaimbira ine ndisanabwere,Nyanja_NM_Spk6_U_d302448f2a_Utterance_10_275_300.wav,4.054
NM,M,Spk6,U_d302448f2a,275_300,Nyanja_NM_Spk6_U_d302448f2a_Utterance_11,ndikhala mumphepete ya nyanja pa malo ocedwa mariua rue de douze,Nyanja_NM_Spk6_U_d302448f2a_Utterance_11_275_300.wav,7.407
NM,M,Spk6,U_d302448f2a,275_300,Nyanja_NM_Spk6_U_d302448f2a_Utterance_12,akapolo anali kubweretsa mphika wabwino/waukulu wa nyama,Nyanja_NM_Spk6_U_d302448f2a_Utterance_12_275_300.wav,5.514
NM,M,Spk6,U_d302448f2a,275_300,Nyanja_NM_Spk6_U_d302448f2a_Utterance_13,ndondolosi inali kupitabe kumwela ca kum'mawa,Nyanja_NM_Spk6_U_d302448f2a_Utterance_13_275_300.wav,5.232
NM,M,Spk6,U_d302448f2a,275_300,Nyanja_NM_Spk6_U_d302448f2a_Utterance_14,kucokera mumdima umene unali ku mbuyo kwa kuunika iwo ananva mau a warrenton,Nyanja_NM_Spk6_U_d302448f2a_Utterance_14_275_300.wav,8.643
NM,M,Spk6,U_d302448f2a,275_300,Nyanja_NM_Spk6_U_d302448f2a_Utterance_15,anali atagwirira ndi manja ace awiri pamene anali kuthamangira mnyumba ya amai ace,Nyanja_NM_Spk6_U_d302448f2a_Utterance_15_275_300.wav,8.754
NM,M,Spk6,U_d302448f2a,275_300,Nyanja_NM_Spk6_U_d302448f2a_Utterance_16,yohane wesley combash yakobo taylor ndi thomasi edward skinner,Nyanja_NM_Spk6_U_d302448f2a_Utterance_16_275_300.wav,6.554
NM,M,Spk6,U_d302448f2a,275_300,Nyanja_NM_Spk6_U_d302448f2a_Utterance_17,koma za cibwenzi cao zinakulitsidwa ngati umboni weni-weni wakuti  nzika zosamangidwa za dziko zinali zopwanya malamulo,Nyanja_NM_Spk6_U_d302448f2a_Utterance_17_275_300.wav,8.15
NM,M,Spk6,U_d302448f2a,275_300,Nyanja_NM_Spk6_U_d302448f2a_Utterance_18,kodi dzina lako ndiwe yani lording anafunsa woyenda pang'ono omwe analipo,Nyanja_NM_Spk6_U_d302448f2a_Utterance_18_275_300.wav,6.356
NM,M,Spk6,U_d302448f2a,275_300,Nyanja_NM_Spk6_U_d302448f2a_Utterance_19,ayenera kusaina ma cheke onse amene akhuzana  ndi iye,Nyanja_NM_Spk6_U_d302448f2a_Utterance_19_275_300.wav,11.246
NM,M,Spk6,U_d302448f2a,275_300,Nyanja_NM_Spk6_U_d302448f2a_Utterance_20,kacenjede ocedwa socrates ayamba buku lace locedwa timaeus ndi kufupikitsa kwa buko locedwa republic,Nyanja_NM_Spk6_U_d302448f2a_Utterance_20_275_300.wav,7.241
NM,M,Spk6,U_d302448f2a,275_300,Nyanja_NM_Spk6_U_d302448f2a_Utterance_21,kodi nciani bannister wa nchito kodi mbali yace nciani mu nkhani imineyi,Nyanja_NM_Spk6_U_d302448f2a_Utterance_21_275_300.wav,11.36
NM,M,Spk6,U_d302448f2a,275_300,Nyanja_NM_Spk6_U_d302448f2a_Utterance_22,ndipo anacikonkera ndipo moimilira ndi zimbombo zace za kumwendo atatambasula khosi lace anaona mcipinda,Nyanja_NM_Spk6_U_d302448f2a_Utterance_22_275_300.wav,6.834
NM,M,Spk6,U_d302448f2a,275_300,Nyanja_NM_Spk6_U_d302448f2a_Utterance_23,mphweya ndi ozadzidwa ndithu ndipo unalipilitsidwa ndi magetsi,Nyanja_NM_Spk6_U_d302448f2a_Utterance_23_275_300.wav,12.796
NM,M,Spk6,U_d302448f2a,275_300,Nyanja_NM_Spk6_U_d302448f2a_Utterance_24,ndipo mthumba langa mukucepelera ka ndalama ka pa thumba mobwelezanso ndipo simunandisiile ndalama ina iliyonse mwa nthawi zonse,Nyanja_NM_Spk6_U_d302448f2a_Utterance_24_275_300.wav,8.645
NM,M,Spk6,U_d302448f2a,275_300,Nyanja_NM_Spk6_U_d302448f2a_Utterance_25,la vallieriendi wolemba ndakatulo wa bwino kwambiri anatero tonnay charente,Nyanja_NM_Spk6_U_d302448f2a_Utterance_25_275_300.wav,12.277
NM,M,Spk5,U_35203cea54,225_250,Nyanja_NM_Spk5_U_35203cea54_Utterance_1,kwa ola limodzi la mpumpu anali kuyenda-yenda ali kuyembekeza koma sanakwanilitse kudikhirabe,Nyanja_NM_Spk5_U_35203cea54_Utterance_1_225_250.wav,9.137
NM,M,Spk5,U_35203cea54,225_250,Nyanja_NM_Spk5_U_35203cea54_Utterance_2,sindinazilakwire ine ndekha ai koma ndi ndinaika ulakwa kwanga pa iwe,Nyanja_NM_Spk5_U_35203cea54_Utterance_2_225_250.wav,6.287
NM,M,Spk5,U_35203cea54,225_250,Nyanja_NM_Spk5_U_35203cea54_Utterance_3,ndi cotheka kuti ndingathe kukhala ndi mphamvu yonena comwe cizacitika,Nyanja_NM_Spk5_U_35203cea54_Utterance_3_225_250.wav,6.763
NM,M,Spk5,U_35203cea54,225_250,Nyanja_NM_Spk5_U_35203cea54_Utterance_4,pa nyundu ya thor anakuwa grim ndabwera ine ndabwera munthu osamana ndi opandanso mantha,Nyanja_NM_Spk5_U_35203cea54_Utterance_4_225_250.wav,8.005
NM,M,Spk5,U_35203cea54,225_250,Nyanja_NM_Spk5_U_35203cea54_Utterance_5,mphete ya amethyst sindinabvale kuno kopanda cili conse ku maso anga kopotsa kupyopsonana koyamba kuja,Nyanja_NM_Spk5_U_35203cea54_Utterance_5_225_250.wav,9.868
NM,M,Spk5,U_35203cea54,225_250,Nyanja_NM_Spk5_U_35203cea54_Utterance_6,kuoneka kulibe cifukwa cina cili conse cokhulupilira kuti zimenezi zizasintha,Nyanja_NM_Spk5_U_35203cea54_Utterance_6_225_250.wav,7.546
NM,M,Spk5,U_35203cea54,225_250,Nyanja_NM_Spk5_U_35203cea54_Utterance_7,pepani tilibe cipinda colandilirapo alendo kuno ku ndende,Nyanja_NM_Spk5_U_35203cea54_Utterance_7_225_250.wav,5.573
NM,M,Spk5,U_35203cea54,225_250,Nyanja_NM_Spk5_U_35203cea54_Utterance_8,ici sikunyada kwa ucimo koma ndikunyada kwa ungwilyo (ku dala),Nyanja_NM_Spk5_U_35203cea54_Utterance_8_225_250.wav,5.869
NM,M,Spk5,U_35203cea54,225_250,Nyanja_NM_Spk5_U_35203cea54_Utterance_9,maganizo amakhalanso koma akhala mitundu mcilengedwe cosiyanasiyana ca azibambo nyama nyoni nsomba,Nyanja_NM_Spk5_U_35203cea54_Utterance_9_225_250.wav,9.323
NM,M,Spk5,U_35203cea54,225_250,Nyanja_NM_Spk5_U_35203cea54_Utterance_10,ndipo anakhala okwiya komanso akanatilanda cola cako ca ndalama,Nyanja_NM_Spk5_U_35203cea54_Utterance_10_225_250.wav,6.362
NM,M,Spk5,U_35203cea54,225_250,Nyanja_NM_Spk5_U_35203cea54_Utterance_11,ojo sanali atadyapo cakudya cokoma ngati ico mu umoyo wake onse,Nyanja_NM_Spk5_U_35203cea54_Utterance_11_225_250.wav,7.227
NM,M,Spk5,U_35203cea54,225_250,Nyanja_NM_Spk5_U_35203cea54_Utterance_12,comwe anali kufuna kwa ife sizinali maluwa athu  kapena ndalama zathu koma chabe ucicepeele wathu,Nyanja_NM_Spk5_U_35203cea54_Utterance_12_225_250.wav,9.584
NM,M,Spk5,U_35203cea54,225_250,Nyanja_NM_Spk5_U_35203cea54_Utterance_13,cikuooneka kuti mfumu sidzalola zimenezo,Nyanja_NM_Spk5_U_35203cea54_Utterance_13_225_250.wav,4.249
NM,M,Spk5,U_35203cea54,225_250,Nyanja_NM_Spk5_U_35203cea54_Utterance_14,kodi sakuopa kuti ndizamuthetsera zofuna zace,Nyanja_NM_Spk5_U_35203cea54_Utterance_14_225_250.wav,5.573
NM,M,Spk5,U_35203cea54,225_250,Nyanja_NM_Spk5_U_35203cea54_Utterance_15,iwo ananunsha-nunsha pa mtengo wa mkuyu ndi kuononga misambo yace,Nyanja_NM_Spk5_U_35203cea54_Utterance_15_225_250.wav,6.397
NM,M,Spk5,U_35203cea54,225_250,Nyanja_NM_Spk5_U_35203cea54_Utterance_16,iye anafunsa mwa befu mofuna kudziwa ngati iyenso  anadziwa mwina kudziwa ndi kusasamala kapena anasamala kopanda kudziwa,Nyanja_NM_Spk5_U_35203cea54_Utterance_16_225_250.wav,8.33
NM,M,Spk5,U_35203cea54,225_250,Nyanja_NM_Spk5_U_35203cea54_Utterance_17,gulu la asilikali linali litagawanika mwapang'ono na khalilanso pamodzi mwapang'ono pali nthawi ino yapita ku walale (tauni),Nyanja_NM_Spk5_U_35203cea54_Utterance_17_225_250.wav,7.848
NM,M,Spk5,U_35203cea54,225_250,Nyanja_NM_Spk5_U_35203cea54_Utterance_18,bwerani kuli ine azibambo kuno kuno anakwedza mau ace,Nyanja_NM_Spk5_U_35203cea54_Utterance_18_225_250.wav,5.944
NM,M,Spk5,U_35203cea54,225_250,Nyanja_NM_Spk5_U_35203cea54_Utterance_19,koma analibe kanthu kalikonse ndi zomatsulira za plato ndipo mu uzimu anali osagwilidzana naye,Nyanja_NM_Spk5_U_35203cea54_Utterance_19_225_250.wav,9.323
NM,M,Spk5,U_35203cea54,225_250,Nyanja_NM_Spk5_U_35203cea54_Utterance_20,ndi wolemekedzeka anga ocokera kwa amfumu anabwerera robin mwa ulemu,Nyanja_NM_Spk5_U_35203cea54_Utterance_20_225_250.wav,7.047
NM,M,Spk5,U_35203cea54,225_250,Nyanja_NM_Spk5_U_35203cea54_Utterance_21,ngati bambo soames adawaona ndiye kuti zonse zidatha,Nyanja_NM_Spk5_U_35203cea54_Utterance_21_225_250.wav,5.538
NM,M,Spk5,U_35203cea54,225_250,Nyanja_NM_Spk5_U_35203cea54_Utterance_22,maliya taylor mwinamwace ananena nkhani ya zola mwa cisinsi kwa mai missus grey,Nyanja_NM_Spk5_U_35203cea54_Utterance_22_225_250.wav,8.406
NM,M,Spk5,U_35203cea54,225_250,Nyanja_NM_Spk5_U_35203cea54_Utterance_23,usandinyozere stanley molankhula momwe unalankhulira m'mawa lero,Nyanja_NM_Spk5_U_35203cea54_Utterance_23_225_250.wav,6.287
NM,M,Spk5,U_35203cea54,225_250,Nyanja_NM_Spk5_U_35203cea54_Utterance_24,ntafika ku nyumba kumene ndikhala ninapeza kuti mcipinda comwe anthu amakonzeramo tsitsi munali mutadzadzidwa ndi anthu aabwino,Nyanja_NM_Spk5_U_35203cea54_Utterance_24_225_250.wav,8.812
NM,M,Spk5,U_35203cea54,225_250,Nyanja_NM_Spk5_U_35203cea54_Utterance_25,tili pa ulendo anyankha ojo ndipo taima panyumba yanu kuti tingopuma ndi kusamba,Nyanja_NM_Spk5_U_35203cea54_Utterance_25_225_250.wav,8.371
NM,M,Spk5,U_35203cea54,200_225,Nyanja_NM_Spk5_U_35203cea54_Utterance_1,iye aitanidwa monga muziwa mtumwi wa ku calo cocedwa indies,Nyanja_NM_Spk5_U_35203cea54_Utterance_1_200_225.wav,5.515
NM,M,Spk5,U_35203cea54,200_225,Nyanja_NM_Spk5_U_35203cea54_Utterance_2,analankhula mwapang'ono koma anali kumangoyenda-yenda mkacipinda ka mndende patsogoro pao,Nyanja_NM_Spk5_U_35203cea54_Utterance_2_200_225.wav,7.697
NM,M,Spk5,U_35203cea54,200_225,Nyanja_NM_Spk5_U_35203cea54_Utterance_3,bwerani mutengeko boolooroo anatero akupita cha komwe kunali mipando zokhalapo,Nyanja_NM_Spk5_U_35203cea54_Utterance_3_200_225.wav,7.57
NM,M,Spk5,U_35203cea54,200_225,Nyanja_NM_Spk5_U_35203cea54_Utterance_4,koma kodi izi zinthu zanzeru kwambiri sizitha kukhala za cabecabe nthawin ina yace,Nyanja_NM_Spk5_U_35203cea54_Utterance_4_200_225.wav,7.279
NM,M,Spk5,U_35203cea54,200_225,Nyanja_NM_Spk5_U_35203cea54_Utterance_5,soloni anadabwa ndipo anafunitsitsa kudziwitsidwa za mbiri za iwo,Nyanja_NM_Spk5_U_35203cea54_Utterance_5_200_225.wav,6.13
NM,M,Spk5,U_35203cea54,200_225,Nyanja_NM_Spk5_U_35203cea54_Utterance_6,mtima wofewa  anatero mosamala kwa iye ndi kwa thorkel cabwino mulekeni apite kwa thorkel,Nyanja_NM_Spk5_U_35203cea54_Utterance_6_200_225.wav,8.29
NM,M,Spk5,U_35203cea54,200_225,Nyanja_NM_Spk5_U_35203cea54_Utterance_7,ku mzinda wa emerald kumene mwana wa mfumu wa mkazi ozma akhala mtundu wobiliwira ndiye mtundu wocuka kwambiri,Nyanja_NM_Spk5_U_35203cea54_Utterance_7_200_225.wav,7.651
NM,M,Spk5,U_35203cea54,200_225,Nyanja_NM_Spk5_U_35203cea54_Utterance_8,mai ayenera kunenedwa tsopano pa nciyambi ca kulankhulapo kwa luther pa agalantiya,Nyanja_NM_Spk5_U_35203cea54_Utterance_8_200_225.wav,7.279
NM,M,Spk5,U_35203cea54,200_225,Nyanja_NM_Spk5_U_35203cea54_Utterance_9,cake cinapezeka kuti cili mu modzi-modzi koma zinaonekelatu kuti sanasamale za izo,Nyanja_NM_Spk5_U_35203cea54_Utterance_9_200_225.wav,8.568
NM,M,Spk5,U_35203cea54,200_225,Nyanja_NM_Spk5_U_35203cea54_Utterance_10,zikoma kwambiri koma sindimaikonda kwambiri kupotsa apa,Nyanja_NM_Spk5_U_35203cea54_Utterance_10_200_225.wav,5.375
NM,M,Spk5,U_35203cea54,200_225,Nyanja_NM_Spk5_U_35203cea54_Utterance_11,analeka na sekelera ali kulira ndipo anakhala pansi mu  nyumba yocitiramo zamankhwala ya siliva,Nyanja_NM_Spk5_U_35203cea54_Utterance_11_200_225.wav,8.87
NM,M,Spk5,U_35203cea54,200_225,Nyanja_NM_Spk5_U_35203cea54_Utterance_12,holmes anayamba kupita naima mwadzidzidzi  pansi halloa kodi nciani,Nyanja_NM_Spk5_U_35203cea54_Utterance_12_200_225.wav,7.384
NM,M,Spk5,U_35203cea54,200_225,Nyanja_NM_Spk5_U_35203cea54_Utterance_13,cimphepo ca mphanvu cinabwera ndipo cinali ku kankha  makumbi aakulu oyera ku mwamba konse,Nyanja_NM_Spk5_U_35203cea54_Utterance_13_200_225.wav,9.323
NM,M,Spk5,U_35203cea54,200_225,Nyanja_NM_Spk5_U_35203cea54_Utterance_14,mu nthawi ya dzuwa odula nkhuni anali kubwera nthawi zoonse ndi kudula zina mwa mitengo/nkhuni za zikulu kwambiri,Nyanja_NM_Spk5_U_35203cea54_Utterance_14_200_225.wav,10.472
NM,M,Spk5,U_35203cea54,200_225,Nyanja_NM_Spk5_U_35203cea54_Utterance_15,azibambo makhumi atatu m'modzi m'modzi ananyamula minyanga zao  nanena kuti,Nyanja_NM_Spk5_U_35203cea54_Utterance_15_200_225.wav,8.208
NM,M,Spk5,U_35203cea54,200_225,Nyanja_NM_Spk5_U_35203cea54_Utterance_16,ndingolakalaka kuti sunali wobvutika m'maganizo ndipo sunadzibvutitse ndi zinthu zimene iye ananena mwa/ndi mkwiyo,Nyanja_NM_Spk5_U_35203cea54_Utterance_16_200_225.wav,7.697
NM,M,Spk5,U_35203cea54,200_225,Nyanja_NM_Spk5_U_35203cea54_Utterance_17,pezani ma cresswell kuli minda zazikulu zimene zaikidwa pa ma dolla okwanira dzikwi madzana awiri ndi makumi asanu,Nyanja_NM_Spk5_U_35203cea54_Utterance_17_200_225.wav,12.191
NM,M,Spk5,U_35203cea54,200_225,Nyanja_NM_Spk5_U_35203cea54_Utterance_18,ndithokoza onse amene amandikonda mu mitima yao mwa mathokodzo nd cikondindi kucokera kuli ine,Nyanja_NM_Spk5_U_35203cea54_Utterance_18_200_225.wav,9.23
NM,M,Spk5,U_35203cea54,200_225,Nyanja_NM_Spk5_U_35203cea54_Utterance_19,kubwelera ku calichi kuzayamba pa tsiku ya citatu m'masaana mopeleka ulemu kuli saint francis xavier amene tsiku lace la pwando ndi pa ciweru,Nyanja_NM_Spk5_U_35203cea54_Utterance_19_200_225.wav,9.799
NM,M,Spk5,U_35203cea54,200_225,Nyanja_NM_Spk5_U_35203cea54_Utterance_20,iyo ndiye inali nthawi yoonetsa cakudya pa nsanja(siteji),Nyanja_NM_Spk5_U_35203cea54_Utterance_20_200_225.wav,6.42
NM,M,Spk5,U_35203cea54,200_225,Nyanja_NM_Spk5_U_35203cea54_Utterance_21,ine ndine bwenzi langa ndipo osadziwika onse ndi olandilidwa mu nyumba yanga,Nyanja_NM_Spk5_U_35203cea54_Utterance_21_200_225.wav,7.779
NM,M,Spk5,U_35203cea54,200_225,Nyanja_NM_Spk5_U_35203cea54_Utterance_22,tizatulukira pabwalo tonse pamodzi kupita ku ci mthunzi  kuli njira pansipa yopita ku bwalo ya milandu kucokera pa dzenera yanga,Nyanja_NM_Spk5_U_35203cea54_Utterance_22_200_225.wav,9.23
NM,M,Spk5,U_35203cea54,200_225,Nyanja_NM_Spk5_U_35203cea54_Utterance_23,umboni unali patima pepala tu tatu tomwe tunasiidwa pamodzi,Nyanja_NM_Spk5_U_35203cea54_Utterance_23_200_225.wav,6.513
NM,M,Spk5,U_35203cea54,200_225,Nyanja_NM_Spk5_U_35203cea54_Utterance_24,yohane tylor amane anali kumthandizira nthawi imene anali kucita maphuniziro ca apamwamba ku kolegi anakondetsetsa kotoni,Nyanja_NM_Spk5_U_35203cea54_Utterance_24_200_225.wav,7.825
NM,M,Spk5,U_35203cea54,200_225,Nyanja_NM_Spk5_U_35203cea54_Utterance_25,moongezera ngati anthu anali atafunitsitsa kuukilana kodi nciani cabwino comwe iwo akanafunitsitsa,Nyanja_NM_Spk5_U_35203cea54_Utterance_25_200_225.wav,10.124
NM,M,Spk5,U_d7334fd4c1,225_250,Nyanja_NM_Spk5_U_d7334fd4c1_Utterance_1,kwa ola limodzi la mpumpu anali kuyenda-yenda ali kuyembekeza koma sanakwanilitse kudikhirabe,Nyanja_NM_Spk5_U_d7334fd4c1_Utterance_1_225_250.wav,9.86
NM,M,Spk5,U_d7334fd4c1,225_250,Nyanja_NM_Spk5_U_d7334fd4c1_Utterance_2,sindinazilakwire ine ndekha ai koma ndi ndinaika ulakwa kwanga pa iwe,Nyanja_NM_Spk5_U_d7334fd4c1_Utterance_2_225_250.wav,7.16
NM,M,Spk5,U_d7334fd4c1,225_250,Nyanja_NM_Spk5_U_d7334fd4c1_Utterance_3,ndi cotheka kuti ndingathe kukhala ndi mphamvu yonena comwe cizacitika,Nyanja_NM_Spk5_U_d7334fd4c1_Utterance_3_225_250.wav,6.995
NM,M,Spk5,U_d7334fd4c1,225_250,Nyanja_NM_Spk5_U_d7334fd4c1_Utterance_4,pa nyundu ya thor anakuwa grim ndabwera ine ndabwera munthu osamana ndi opandanso mantha,Nyanja_NM_Spk5_U_d7334fd4c1_Utterance_4_225_250.wav,8.835
NM,M,Spk5,U_d7334fd4c1,225_250,Nyanja_NM_Spk5_U_d7334fd4c1_Utterance_5,mphete ya amethyst sindinabvale kuno kopanda cili conse ku maso anga kopotsa kupyopsonana koyamba kuja,Nyanja_NM_Spk5_U_d7334fd4c1_Utterance_5_225_250.wav,11.345
NM,M,Spk5,U_d7334fd4c1,225_250,Nyanja_NM_Spk5_U_d7334fd4c1_Utterance_6,kuoneka kulibe cifukwa cina cili conse cokhulupilira kuti zimenezi zizasintha,Nyanja_NM_Spk5_U_d7334fd4c1_Utterance_6_225_250.wav,6.409
NM,M,Spk5,U_d7334fd4c1,225_250,Nyanja_NM_Spk5_U_d7334fd4c1_Utterance_7,pepani tilibe cipinda colandilirapo alendo kuno ku ndende,Nyanja_NM_Spk5_U_d7334fd4c1_Utterance_7_225_250.wav,5.57
NM,M,Spk5,U_d7334fd4c1,225_250,Nyanja_NM_Spk5_U_d7334fd4c1_Utterance_8,ici sikunyada kwa ucimo koma ndikunyada kwa ungwilyo (ku dala),Nyanja_NM_Spk5_U_d7334fd4c1_Utterance_8_225_250.wav,8.705
NM,M,Spk5,U_d7334fd4c1,225_250,Nyanja_NM_Spk5_U_d7334fd4c1_Utterance_9,maganizo amakhalanso koma akhala mitundu mcilengedwe cosiyanasiyana ca azibambo nyama nyoni nsomba,Nyanja_NM_Spk5_U_d7334fd4c1_Utterance_9_225_250.wav,11.435
NM,M,Spk5,U_d7334fd4c1,225_250,Nyanja_NM_Spk5_U_d7334fd4c1_Utterance_10,ndipo anakhala okwiya komanso akanatilanda cola cako ca ndalama,Nyanja_NM_Spk5_U_d7334fd4c1_Utterance_10_225_250.wav,6.65
NM,M,Spk5,U_d7334fd4c1,225_250,Nyanja_NM_Spk5_U_d7334fd4c1_Utterance_11,ojo sanali atadyapo cakudya cokoma ngati ico mu umoyo wake onse,Nyanja_NM_Spk5_U_d7334fd4c1_Utterance_11_225_250.wav,6.635
NM,M,Spk5,U_d7334fd4c1,225_250,Nyanja_NM_Spk5_U_d7334fd4c1_Utterance_12,comwe anali kufuna kwa ife sizinali maluwa athu  kapena ndalama zathu koma chabe ucicepeele wathu,Nyanja_NM_Spk5_U_d7334fd4c1_Utterance_12_225_250.wav,8.78
NM,M,Spk5,U_d7334fd4c1,225_250,Nyanja_NM_Spk5_U_d7334fd4c1_Utterance_13,cikuooneka kuti mfumu sidzalola zimenezo,Nyanja_NM_Spk5_U_d7334fd4c1_Utterance_13_225_250.wav,4.37
NM,M,Spk5,U_d7334fd4c1,225_250,Nyanja_NM_Spk5_U_d7334fd4c1_Utterance_14,kodi sakuopa kuti ndizamuthetsera zofuna zace,Nyanja_NM_Spk5_U_d7334fd4c1_Utterance_14_225_250.wav,4.61
NM,M,Spk5,U_d7334fd4c1,225_250,Nyanja_NM_Spk5_U_d7334fd4c1_Utterance_15,iwo ananunsha-nunsha pa mtengo wa mkuyu ndi kuononga misambo yace,Nyanja_NM_Spk5_U_d7334fd4c1_Utterance_15_225_250.wav,6.536
NM,M,Spk5,U_d7334fd4c1,225_250,Nyanja_NM_Spk5_U_d7334fd4c1_Utterance_16,iye anafunsa mwa befu mofuna kudziwa ngati iyenso  anadziwa mwina kudziwa ndi kusasamala kapena anasamala kopanda kudziwa,Nyanja_NM_Spk5_U_d7334fd4c1_Utterance_16_225_250.wav,13.625
NM,M,Spk5,U_d7334fd4c1,225_250,Nyanja_NM_Spk5_U_d7334fd4c1_Utterance_17,gulu la asilikali linali litagawanika mwapang'ono na khalilanso pamodzi mwapang'ono pali nthawi ino yapita ku walale (tauni),Nyanja_NM_Spk5_U_d7334fd4c1_Utterance_17_225_250.wav,14.18
NM,M,Spk5,U_d7334fd4c1,225_250,Nyanja_NM_Spk5_U_d7334fd4c1_Utterance_18,bwerani kuli ine azibambo kuno kuno anakwedza mau ace,Nyanja_NM_Spk5_U_d7334fd4c1_Utterance_18_225_250.wav,6.575
NM,M,Spk5,U_d7334fd4c1,225_250,Nyanja_NM_Spk5_U_d7334fd4c1_Utterance_19,koma analibe kanthu kalikonse ndi zomatsulira za plato ndipo mu uzimu anali osagwilidzana naye,Nyanja_NM_Spk5_U_d7334fd4c1_Utterance_19_225_250.wav,10.655
NM,M,Spk5,U_d7334fd4c1,225_250,Nyanja_NM_Spk5_U_d7334fd4c1_Utterance_20,ndi wolemekedzeka anga ocokera kwa amfumu anabwerera robin mwa ulemu,Nyanja_NM_Spk5_U_d7334fd4c1_Utterance_20_225_250.wav,6.995
NM,M,Spk5,U_d7334fd4c1,225_250,Nyanja_NM_Spk5_U_d7334fd4c1_Utterance_21,ngati bambo soames adawaona ndiye kuti zonse zidatha,Nyanja_NM_Spk5_U_d7334fd4c1_Utterance_21_225_250.wav,5.93
NM,M,Spk5,U_d7334fd4c1,225_250,Nyanja_NM_Spk5_U_d7334fd4c1_Utterance_22,maliya taylor mwinamwace ananena nkhani ya zola mwa cisinsi kwa mai missus grey,Nyanja_NM_Spk5_U_d7334fd4c1_Utterance_22_225_250.wav,7.565
NM,M,Spk5,U_d7334fd4c1,225_250,Nyanja_NM_Spk5_U_d7334fd4c1_Utterance_23,usandinyozere stanley molankhula momwe unalankhulira m'mawa lero,Nyanja_NM_Spk5_U_d7334fd4c1_Utterance_23_225_250.wav,6.89
NM,M,Spk5,U_d7334fd4c1,225_250,Nyanja_NM_Spk5_U_d7334fd4c1_Utterance_24,ntafika ku nyumba kumene ndikhala ninapeza kuti mcipinda comwe anthu amakonzeramo tsitsi munali mutadzadzidwa ndi anthu aabwino,Nyanja_NM_Spk5_U_d7334fd4c1_Utterance_24_225_250.wav,12.245
NM,M,Spk5,U_d7334fd4c1,225_250,Nyanja_NM_Spk5_U_d7334fd4c1_Utterance_25,tili pa ulendo anyankha ojo ndipo taima panyumba yanu kuti tingopuma ndi kusamba,Nyanja_NM_Spk5_U_d7334fd4c1_Utterance_25_225_250.wav,8.626
NM,M,Spk5,U_d7334fd4c1,200_225,Nyanja_NM_Spk5_U_d7334fd4c1_Utterance_1,iye aitanidwa monga muziwa mtumwi wa ku calo cocedwa indies,Nyanja_NM_Spk5_U_d7334fd4c1_Utterance_1_200_225.wav,7.394
NM,M,Spk5,U_d7334fd4c1,200_225,Nyanja_NM_Spk5_U_d7334fd4c1_Utterance_2,analankhula mwapang'ono koma anali kumangoyenda-yenda mkacipinda ka mndende patsogoro pao,Nyanja_NM_Spk5_U_d7334fd4c1_Utterance_2_200_225.wav,9.503
NM,M,Spk5,U_d7334fd4c1,200_225,Nyanja_NM_Spk5_U_d7334fd4c1_Utterance_3,bwerani mutengeko boolooroo anatero akupita cha komwe kunali mipando zokhalapo,Nyanja_NM_Spk5_U_d7334fd4c1_Utterance_3_200_225.wav,8.75
NM,M,Spk5,U_d7334fd4c1,200_225,Nyanja_NM_Spk5_U_d7334fd4c1_Utterance_4,koma kodi izi zinthu zanzeru kwambiri sizitha kukhala za cabecabe nthawin ina yace,Nyanja_NM_Spk5_U_d7334fd4c1_Utterance_4_200_225.wav,9.71
NM,M,Spk5,U_d7334fd4c1,200_225,Nyanja_NM_Spk5_U_d7334fd4c1_Utterance_5,soloni anadabwa ndipo anafunitsitsa kudziwitsidwa za mbiri za iwo,Nyanja_NM_Spk5_U_d7334fd4c1_Utterance_5_200_225.wav,8.96
NM,M,Spk5,U_d7334fd4c1,200_225,Nyanja_NM_Spk5_U_d7334fd4c1_Utterance_6,mtima wofewa  anatero mosamala kwa iye ndi kwa thorkel cabwino mulekeni apite kwa thorkel,Nyanja_NM_Spk5_U_d7334fd4c1_Utterance_6_200_225.wav,9.38
NM,M,Spk5,U_d7334fd4c1,200_225,Nyanja_NM_Spk5_U_d7334fd4c1_Utterance_7,ku mzinda wa emerald kumene mwana wa mfumu wa mkazi ozma akhala mtundu wobiliwira ndiye mtundu wocuka kwambiri,Nyanja_NM_Spk5_U_d7334fd4c1_Utterance_7_200_225.wav,11.828
NM,M,Spk5,U_d7334fd4c1,200_225,Nyanja_NM_Spk5_U_d7334fd4c1_Utterance_8,mai ayenera kunenedwa tsopano pa nciyambi ca kulankhulapo kwa luther pa agalantiya,Nyanja_NM_Spk5_U_d7334fd4c1_Utterance_8_200_225.wav,8.15
NM,M,Spk5,U_d7334fd4c1,200_225,Nyanja_NM_Spk5_U_d7334fd4c1_Utterance_9,cake cinapezeka kuti cili mu modzi-modzi koma zinaonekelatu kuti sanasamale za izo,Nyanja_NM_Spk5_U_d7334fd4c1_Utterance_9_200_225.wav,9.035
NM,M,Spk5,U_d7334fd4c1,200_225,Nyanja_NM_Spk5_U_d7334fd4c1_Utterance_10,zikoma kwambiri koma sindimaikonda kwambiri kupotsa apa,Nyanja_NM_Spk5_U_d7334fd4c1_Utterance_10_200_225.wav,5.405
NM,M,Spk5,U_d7334fd4c1,200_225,Nyanja_NM_Spk5_U_d7334fd4c1_Utterance_11,analeka na sekelera ali kulira ndipo anakhala pansi mu  nyumba yocitiramo zamankhwala ya siliva,Nyanja_NM_Spk5_U_d7334fd4c1_Utterance_11_200_225.wav,9.185
NM,M,Spk5,U_d7334fd4c1,200_225,Nyanja_NM_Spk5_U_d7334fd4c1_Utterance_12,holmes anayamba kupita naima mwadzidzidzi  pansi halloa kodi nciani,Nyanja_NM_Spk5_U_d7334fd4c1_Utterance_12_200_225.wav,7.145
NM,M,Spk5,U_d7334fd4c1,200_225,Nyanja_NM_Spk5_U_d7334fd4c1_Utterance_13,cimphepo ca mphanvu cinabwera ndipo cinali ku kankha  makumbi aakulu oyera ku mwamba konse,Nyanja_NM_Spk5_U_d7334fd4c1_Utterance_13_200_225.wav,8.78
NM,M,Spk5,U_d7334fd4c1,200_225,Nyanja_NM_Spk5_U_d7334fd4c1_Utterance_14,mu nthawi ya dzuwa odula nkhuni anali kubwera nthawi zoonse ndi kudula zina mwa mitengo/nkhuni za zikulu kwambiri,Nyanja_NM_Spk5_U_d7334fd4c1_Utterance_14_200_225.wav,12.29
NM,M,Spk5,U_d7334fd4c1,200_225,Nyanja_NM_Spk5_U_d7334fd4c1_Utterance_15,azibambo makhumi atatu m'modzi m'modzi ananyamula minyanga zao  nanena kuti,Nyanja_NM_Spk5_U_d7334fd4c1_Utterance_15_200_225.wav,7.43
NM,M,Spk5,U_d7334fd4c1,200_225,Nyanja_NM_Spk5_U_d7334fd4c1_Utterance_16,ndingolakalaka kuti sunali wobvutika m'maganizo ndipo sunadzibvutitse ndi zinthu zimene iye ananena mwa/ndi mkwiyo,Nyanja_NM_Spk5_U_d7334fd4c1_Utterance_16_200_225.wav,12.2
NM,M,Spk5,U_d7334fd4c1,200_225,Nyanja_NM_Spk5_U_d7334fd4c1_Utterance_17,pezani ma cresswell kuli minda zazikulu zimene zaikidwa pa ma dolla okwanira dzikwi madzana awiri ndi makumi asanu,Nyanja_NM_Spk5_U_d7334fd4c1_Utterance_17_200_225.wav,13.4
NM,M,Spk5,U_d7334fd4c1,200_225,Nyanja_NM_Spk5_U_d7334fd4c1_Utterance_18,ndithokoza onse amene amandikonda mu mitima yao mwa mathokodzo nd cikondindi kucokera kuli ine,Nyanja_NM_Spk5_U_d7334fd4c1_Utterance_18_200_225.wav,9.335
NM,M,Spk5,U_d7334fd4c1,200_225,Nyanja_NM_Spk5_U_d7334fd4c1_Utterance_19,kubwelera ku calichi kuzayamba pa tsiku ya citatu m'masaana mopeleka ulemu kuli saint francis xavier amene tsiku lace la pwando ndi pa ciweru,Nyanja_NM_Spk5_U_d7334fd4c1_Utterance_19_200_225.wav,15.53
NM,M,Spk5,U_d7334fd4c1,200_225,Nyanja_NM_Spk5_U_d7334fd4c1_Utterance_20,iyo ndiye inali nthawi yoonetsa cakudya pa nsanja(siteji),Nyanja_NM_Spk5_U_d7334fd4c1_Utterance_20_200_225.wav,7.055
NM,M,Spk5,U_d7334fd4c1,200_225,Nyanja_NM_Spk5_U_d7334fd4c1_Utterance_21,ine ndine bwenzi langa ndipo osadziwika onse ndi olandilidwa mu nyumba yanga,Nyanja_NM_Spk5_U_d7334fd4c1_Utterance_21_200_225.wav,8.15
NM,M,Spk5,U_d7334fd4c1,200_225,Nyanja_NM_Spk5_U_d7334fd4c1_Utterance_22,tizatulukira pabwalo tonse pamodzi kupita ku ci mthunzi  kuli njira pansipa yopita ku bwalo ya milandu kucokera pa dzenera yanga,Nyanja_NM_Spk5_U_d7334fd4c1_Utterance_22_200_225.wav,14.81
NM,M,Spk5,U_d7334fd4c1,200_225,Nyanja_NM_Spk5_U_d7334fd4c1_Utterance_23,umboni unali patima pepala tu tatu tomwe tunasiidwa pamodzi,Nyanja_NM_Spk5_U_d7334fd4c1_Utterance_23_200_225.wav,6.5
NM,M,Spk5,U_d7334fd4c1,200_225,Nyanja_NM_Spk5_U_d7334fd4c1_Utterance_24,yohane tylor amane anali kumthandizira nthawi imene anali kucita maphuniziro ca apamwamba ku kolegi anakondetsetsa kotoni,Nyanja_NM_Spk5_U_d7334fd4c1_Utterance_24_200_225.wav,12.11
NM,M,Spk5,U_d7334fd4c1,200_225,Nyanja_NM_Spk5_U_d7334fd4c1_Utterance_25,moongezera ngati anthu anali atafunitsitsa kuukilana kodi nciani cabwino comwe iwo akanafunitsitsa,Nyanja_NM_Spk5_U_d7334fd4c1_Utterance_25_200_225.wav,10.655
NM,M,Spk5,U_4377665ec1,225_250,Nyanja_NM_Spk5_U_4377665ec1_Utterance_1,kwa ola limodzi la mpumpu anali kuyenda-yenda ali kuyembekeza koma sanakwanilitse kudikhirabe,Nyanja_NM_Spk5_U_4377665ec1_Utterance_1_225_250.wav,10.348
NM,M,Spk5,U_4377665ec1,225_250,Nyanja_NM_Spk5_U_4377665ec1_Utterance_2,sindinazilakwire ine ndekha ai koma ndi ndinaika ulakwa kwanga pa iwe,Nyanja_NM_Spk5_U_4377665ec1_Utterance_2_225_250.wav,9.497
NM,M,Spk5,U_4377665ec1,225_250,Nyanja_NM_Spk5_U_4377665ec1_Utterance_3,ndi cotheka kuti ndingathe kukhala ndi mphamvu yonena comwe cizacitika,Nyanja_NM_Spk5_U_4377665ec1_Utterance_3_225_250.wav,5.224
NM,M,Spk5,U_4377665ec1,225_250,Nyanja_NM_Spk5_U_4377665ec1_Utterance_4,pa nyundu ya thor anakuwa grim ndabwera ine ndabwera munthu osamana ndi opandanso mantha,Nyanja_NM_Spk5_U_4377665ec1_Utterance_4_225_250.wav,7.825
NM,M,Spk5,U_4377665ec1,225_250,Nyanja_NM_Spk5_U_4377665ec1_Utterance_5,mphete ya amethyst sindinabvale kuno kopanda cili conse ku maso anga kopotsa kupyopsonana koyamba kuja,Nyanja_NM_Spk5_U_4377665ec1_Utterance_5_225_250.wav,6.014
NM,M,Spk5,U_4377665ec1,225_250,Nyanja_NM_Spk5_U_4377665ec1_Utterance_6,kuoneka kulibe cifukwa cina cili conse cokhulupilira kuti zimenezi zizasintha,Nyanja_NM_Spk5_U_4377665ec1_Utterance_6_225_250.wav,5.12
NM,M,Spk5,U_4377665ec1,225_250,Nyanja_NM_Spk5_U_4377665ec1_Utterance_7,pepani tilibe cipinda colandilirapo alendo kuno ku ndende,Nyanja_NM_Spk5_U_4377665ec1_Utterance_7_225_250.wav,6.862
NM,M,Spk5,U_4377665ec1,225_250,Nyanja_NM_Spk5_U_4377665ec1_Utterance_8,ici sikunyada kwa ucimo koma ndikunyada kwa ungwilyo (ku dala),Nyanja_NM_Spk5_U_4377665ec1_Utterance_8_225_250.wav,5.108
NM,M,Spk5,U_4377665ec1,225_250,Nyanja_NM_Spk5_U_4377665ec1_Utterance_9,maganizo amakhalanso koma akhala mitundu mcilengedwe cosiyanasiyana ca azibambo nyama nyoni nsomba,Nyanja_NM_Spk5_U_4377665ec1_Utterance_9_225_250.wav,10.263
NM,M,Spk5,U_4377665ec1,225_250,Nyanja_NM_Spk5_U_4377665ec1_Utterance_10,ndipo anakhala okwiya komanso akanatilanda cola cako ca ndalama,Nyanja_NM_Spk5_U_4377665ec1_Utterance_10_225_250.wav,6.827
NM,M,Spk5,U_4377665ec1,225_250,Nyanja_NM_Spk5_U_4377665ec1_Utterance_11,ojo sanali atadyapo cakudya cokoma ngati ico mu umoyo wake onse,Nyanja_NM_Spk5_U_4377665ec1_Utterance_11_225_250.wav,7.709
NM,M,Spk5,U_4377665ec1,225_250,Nyanja_NM_Spk5_U_4377665ec1_Utterance_12,comwe anali kufuna kwa ife sizinali maluwa athu  kapena ndalama zathu koma chabe ucicepeele wathu,Nyanja_NM_Spk5_U_4377665ec1_Utterance_12_225_250.wav,6.641
NM,M,Spk5,U_4377665ec1,225_250,Nyanja_NM_Spk5_U_4377665ec1_Utterance_13,cikuooneka kuti mfumu sidzalola zimenezo,Nyanja_NM_Spk5_U_4377665ec1_Utterance_13_225_250.wav,5.166
NM,M,Spk5,U_4377665ec1,225_250,Nyanja_NM_Spk5_U_4377665ec1_Utterance_14,kodi sakuopa kuti ndizamuthetsera zofuna zace,Nyanja_NM_Spk5_U_4377665ec1_Utterance_14_225_250.wav,7.814
NM,M,Spk5,U_4377665ec1,225_250,Nyanja_NM_Spk5_U_4377665ec1_Utterance_15,iwo ananunsha-nunsha pa mtengo wa mkuyu ndi kuononga misambo yace,Nyanja_NM_Spk5_U_4377665ec1_Utterance_15_225_250.wav,8.278
NM,M,Spk5,U_4377665ec1,225_250,Nyanja_NM_Spk5_U_4377665ec1_Utterance_16,iye anafunsa mwa befu mofuna kudziwa ngati iyenso  anadziwa mwina kudziwa ndi kusasamala kapena anasamala kopanda kudziwa,Nyanja_NM_Spk5_U_4377665ec1_Utterance_16_225_250.wav,5.434
NM,M,Spk5,U_4377665ec1,225_250,Nyanja_NM_Spk5_U_4377665ec1_Utterance_17,gulu la asilikali linali litagawanika mwapang'ono na khalilanso pamodzi mwapang'ono pali nthawi ino yapita ku walale (tauni),Nyanja_NM_Spk5_U_4377665ec1_Utterance_17_225_250.wav,3.46
NM,M,Spk5,U_4377665ec1,225_250,Nyanja_NM_Spk5_U_4377665ec1_Utterance_18,bwerani kuli ine azibambo kuno kuno anakwedza mau ace,Nyanja_NM_Spk5_U_4377665ec1_Utterance_18_225_250.wav,4.551
NM,M,Spk5,U_4377665ec1,225_250,Nyanja_NM_Spk5_U_4377665ec1_Utterance_19,koma analibe kanthu kalikonse ndi zomatsulira za plato ndipo mu uzimu anali osagwilidzana naye,Nyanja_NM_Spk5_U_4377665ec1_Utterance_19_225_250.wav,8.092
NM,M,Spk5,U_4377665ec1,225_250,Nyanja_NM_Spk5_U_4377665ec1_Utterance_20,ndi wolemekedzeka anga ocokera kwa amfumu anabwerera robin mwa ulemu,Nyanja_NM_Spk5_U_4377665ec1_Utterance_20_225_250.wav,5.77
NM,M,Spk5,U_4377665ec1,225_250,Nyanja_NM_Spk5_U_4377665ec1_Utterance_21,ngati bambo soames adawaona ndiye kuti zonse zidatha,Nyanja_NM_Spk5_U_4377665ec1_Utterance_21_225_250.wav,5.875
NM,M,Spk5,U_4377665ec1,225_250,Nyanja_NM_Spk5_U_4377665ec1_Utterance_22,maliya taylor mwinamwace ananena nkhani ya zola mwa cisinsi kwa mai missus grey,Nyanja_NM_Spk5_U_4377665ec1_Utterance_22_225_250.wav,6.815
NM,M,Spk5,U_4377665ec1,225_250,Nyanja_NM_Spk5_U_4377665ec1_Utterance_23,usandinyozere stanley molankhula momwe unalankhulira m'mawa lero,Nyanja_NM_Spk5_U_4377665ec1_Utterance_23_225_250.wav,3.402
NM,M,Spk5,U_4377665ec1,225_250,Nyanja_NM_Spk5_U_4377665ec1_Utterance_24,ntafika ku nyumba kumene ndikhala ninapeza kuti mcipinda comwe anthu amakonzeramo tsitsi munali mutadzadzidwa ndi anthu aabwino,Nyanja_NM_Spk5_U_4377665ec1_Utterance_24_225_250.wav,4.0
NM,M,Spk5,U_4377665ec1,225_250,Nyanja_NM_Spk5_U_4377665ec1_Utterance_25,tili pa ulendo anyankha ojo ndipo taima panyumba yanu kuti tingopuma ndi kusamba,Nyanja_NM_Spk5_U_4377665ec1_Utterance_25_225_250.wav,5.793
NM,M,Spk5,U_4377665ec1,200_225,Nyanja_NM_Spk5_U_4377665ec1_Utterance_1,iye aitanidwa monga muziwa mtumwi wa ku calo cocedwa indies,Nyanja_NM_Spk5_U_4377665ec1_Utterance_1_200_225.wav,4.481
NM,M,Spk5,U_4377665ec1,200_225,Nyanja_NM_Spk5_U_4377665ec1_Utterance_2,analankhula mwapang'ono koma anali kumangoyenda-yenda mkacipinda ka mndende patsogoro pao,Nyanja_NM_Spk5_U_4377665ec1_Utterance_2_200_225.wav,7.012
NM,M,Spk5,U_4377665ec1,200_225,Nyanja_NM_Spk5_U_4377665ec1_Utterance_3,bwerani mutengeko boolooroo anatero akupita cha komwe kunali mipando zokhalapo,Nyanja_NM_Spk5_U_4377665ec1_Utterance_3_200_225.wav,5.759
NM,M,Spk5,U_4377665ec1,200_225,Nyanja_NM_Spk5_U_4377665ec1_Utterance_4,koma kodi izi zinthu zanzeru kwambiri sizitha kukhala za cabecabe nthawin ina yace,Nyanja_NM_Spk5_U_4377665ec1_Utterance_4_200_225.wav,5.631
NM,M,Spk5,U_4377665ec1,200_225,Nyanja_NM_Spk5_U_4377665ec1_Utterance_5,soloni anadabwa ndipo anafunitsitsa kudziwitsidwa za mbiri za iwo,Nyanja_NM_Spk5_U_4377665ec1_Utterance_5_200_225.wav,5.387
NM,M,Spk5,U_4377665ec1,200_225,Nyanja_NM_Spk5_U_4377665ec1_Utterance_6,mtima wofewa  anatero mosamala kwa iye ndi kwa thorkel cabwino mulekeni apite kwa thorkel,Nyanja_NM_Spk5_U_4377665ec1_Utterance_6_200_225.wav,6.838
NM,M,Spk5,U_4377665ec1,200_225,Nyanja_NM_Spk5_U_4377665ec1_Utterance_7,ku mzinda wa emerald kumene mwana wa mfumu wa mkazi ozma akhala mtundu wobiliwira ndiye mtundu wocuka kwambiri,Nyanja_NM_Spk5_U_4377665ec1_Utterance_7_200_225.wav,9.799
NM,M,Spk5,U_4377665ec1,200_225,Nyanja_NM_Spk5_U_4377665ec1_Utterance_8,mai ayenera kunenedwa tsopano pa nciyambi ca kulankhulapo kwa luther pa agalantiya,Nyanja_NM_Spk5_U_4377665ec1_Utterance_8_200_225.wav,7.314
NM,M,Spk5,U_4377665ec1,200_225,Nyanja_NM_Spk5_U_4377665ec1_Utterance_9,cake cinapezeka kuti cili mu modzi-modzi koma zinaonekelatu kuti sanasamale za izo,Nyanja_NM_Spk5_U_4377665ec1_Utterance_9_200_225.wav,8.835
NM,M,Spk5,U_4377665ec1,200_225,Nyanja_NM_Spk5_U_4377665ec1_Utterance_10,zikoma kwambiri koma sindimaikonda kwambiri kupotsa apa,Nyanja_NM_Spk5_U_4377665ec1_Utterance_10_200_225.wav,4.923
NM,M,Spk5,U_4377665ec1,200_225,Nyanja_NM_Spk5_U_4377665ec1_Utterance_11,analeka na sekelera ali kulira ndipo anakhala pansi mu  nyumba yocitiramo zamankhwala ya siliva,Nyanja_NM_Spk5_U_4377665ec1_Utterance_11_200_225.wav,8.533
NM,M,Spk5,U_4377665ec1,200_225,Nyanja_NM_Spk5_U_4377665ec1_Utterance_12,holmes anayamba kupita naima mwadzidzidzi  pansi halloa kodi nciani,Nyanja_NM_Spk5_U_4377665ec1_Utterance_12_200_225.wav,6.873
NM,M,Spk5,U_4377665ec1,200_225,Nyanja_NM_Spk5_U_4377665ec1_Utterance_13,cimphepo ca mphanvu cinabwera ndipo cinali ku kankha  makumbi aakulu oyera ku mwamba konse,Nyanja_NM_Spk5_U_4377665ec1_Utterance_13_200_225.wav,7.593
NM,M,Spk5,U_4377665ec1,200_225,Nyanja_NM_Spk5_U_4377665ec1_Utterance_14,mu nthawi ya dzuwa odula nkhuni anali kubwera nthawi zoonse ndi kudula zina mwa mitengo/nkhuni za zikulu kwambiri,Nyanja_NM_Spk5_U_4377665ec1_Utterance_14_200_225.wav,10.263
NM,M,Spk5,U_4377665ec1,200_225,Nyanja_NM_Spk5_U_4377665ec1_Utterance_15,azibambo makhumi atatu m'modzi m'modzi ananyamula minyanga zao  nanena kuti,Nyanja_NM_Spk5_U_4377665ec1_Utterance_15_200_225.wav,7.512
NM,M,Spk5,U_4377665ec1,200_225,Nyanja_NM_Spk5_U_4377665ec1_Utterance_16,ndingolakalaka kuti sunali wobvutika m'maganizo ndipo sunadzibvutitse ndi zinthu zimene iye ananena mwa/ndi mkwiyo,Nyanja_NM_Spk5_U_4377665ec1_Utterance_16_200_225.wav,9.265
NM,M,Spk5,U_4377665ec1,200_225,Nyanja_NM_Spk5_U_4377665ec1_Utterance_17,pezani ma cresswell kuli minda zazikulu zimene zaikidwa pa ma dolla okwanira dzikwi madzana awiri ndi makumi asanu,Nyanja_NM_Spk5_U_4377665ec1_Utterance_17_200_225.wav,11.529
NM,M,Spk5,U_4377665ec1,200_225,Nyanja_NM_Spk5_U_4377665ec1_Utterance_18,ndithokoza onse amene amandikonda mu mitima yao mwa mathokodzo nd cikondindi kucokera kuli ine,Nyanja_NM_Spk5_U_4377665ec1_Utterance_18_200_225.wav,8.452
NM,M,Spk5,U_4377665ec1,200_225,Nyanja_NM_Spk5_U_4377665ec1_Utterance_19,kubwelera ku calichi kuzayamba pa tsiku ya citatu m'masaana mopeleka ulemu kuli saint francis xavier amene tsiku lace la pwando ndi pa ciweru,Nyanja_NM_Spk5_U_4377665ec1_Utterance_19_200_225.wav,11.854
NM,M,Spk5,U_4377665ec1,200_225,Nyanja_NM_Spk5_U_4377665ec1_Utterance_20,iyo ndiye inali nthawi yoonetsa cakudya pa nsanja(siteji),Nyanja_NM_Spk5_U_4377665ec1_Utterance_20_200_225.wav,3.854
NM,M,Spk5,U_4377665ec1,200_225,Nyanja_NM_Spk5_U_4377665ec1_Utterance_21,ine ndine bwenzi langa ndipo osadziwika onse ndi olandilidwa mu nyumba yanga,Nyanja_NM_Spk5_U_4377665ec1_Utterance_21_200_225.wav,6.211
NM,M,Spk5,U_4377665ec1,200_225,Nyanja_NM_Spk5_U_4377665ec1_Utterance_22,tizatulukira pabwalo tonse pamodzi kupita ku ci mthunzi  kuli njira pansipa yopita ku bwalo ya milandu kucokera pa dzenera yanga,Nyanja_NM_Spk5_U_4377665ec1_Utterance_22_200_225.wav,11.714
NM,M,Spk5,U_4377665ec1,200_225,Nyanja_NM_Spk5_U_4377665ec1_Utterance_23,umboni unali patima pepala tu tatu tomwe tunasiidwa pamodzi,Nyanja_NM_Spk5_U_4377665ec1_Utterance_23_200_225.wav,5.677
NM,M,Spk5,U_4377665ec1,200_225,Nyanja_NM_Spk5_U_4377665ec1_Utterance_24,yohane tylor amane anali kumthandizira nthawi imene anali kucita maphuniziro ca apamwamba ku kolegi anakondetsetsa kotoni,Nyanja_NM_Spk5_U_4377665ec1_Utterance_24_200_225.wav,8.858
NM,M,Spk5,U_4377665ec1,200_225,Nyanja_NM_Spk5_U_4377665ec1_Utterance_25,moongezera ngati anthu anali atafunitsitsa kuukilana kodi nciani cabwino comwe iwo akanafunitsitsa,Nyanja_NM_Spk5_U_4377665ec1_Utterance_25_200_225.wav,8.382
NM,M,Spk5,U_b62e4d0be5,225_250,Nyanja_NM_Spk5_U_b62e4d0be5_Utterance_1,kwa ola limodzi la mpumpu anali kuyenda-yenda ali kuyembekeza koma sanakwanilitse kudikhirabe,Nyanja_NM_Spk5_U_b62e4d0be5_Utterance_1_225_250.wav,8.081
NM,M,Spk5,U_b62e4d0be5,225_250,Nyanja_NM_Spk5_U_b62e4d0be5_Utterance_2,sindinazilakwire ine ndekha ai koma ndi ndinaika ulakwa kwanga pa iwe,Nyanja_NM_Spk5_U_b62e4d0be5_Utterance_2_225_250.wav,6.583
NM,M,Spk5,U_b62e4d0be5,225_250,Nyanja_NM_Spk5_U_b62e4d0be5_Utterance_3,ndi cotheka kuti ndingathe kukhala ndi mphamvu yonena comwe cizacitika,Nyanja_NM_Spk5_U_b62e4d0be5_Utterance_3_225_250.wav,6.757
NM,M,Spk5,U_b62e4d0be5,225_250,Nyanja_NM_Spk5_U_b62e4d0be5_Utterance_4,pa nyundu ya thor anakuwa grim ndabwera ine ndabwera munthu osamana ndi opandanso mantha,Nyanja_NM_Spk5_U_b62e4d0be5_Utterance_4_225_250.wav,8.394
NM,M,Spk5,U_b62e4d0be5,225_250,Nyanja_NM_Spk5_U_b62e4d0be5_Utterance_5,mphete ya amethyst sindinabvale kuno kopanda cili conse ku maso anga kopotsa kupyopsonana koyamba kuja,Nyanja_NM_Spk5_U_b62e4d0be5_Utterance_5_225_250.wav,9.474
NM,M,Spk5,U_b62e4d0be5,225_250,Nyanja_NM_Spk5_U_b62e4d0be5_Utterance_6,kuoneka kulibe cifukwa cina cili conse cokhulupilira kuti zimenezi zizasintha,Nyanja_NM_Spk5_U_b62e4d0be5_Utterance_6_225_250.wav,7.349
NM,M,Spk5,U_b62e4d0be5,225_250,Nyanja_NM_Spk5_U_b62e4d0be5_Utterance_7,pepani tilibe cipinda colandilirapo alendo kuno ku ndende,Nyanja_NM_Spk5_U_b62e4d0be5_Utterance_7_225_250.wav,4.806
NM,M,Spk5,U_b62e4d0be5,225_250,Nyanja_NM_Spk5_U_b62e4d0be5_Utterance_8,ici sikunyada kwa ucimo koma ndikunyada kwa ungwilyo (ku dala),Nyanja_NM_Spk5_U_b62e4d0be5_Utterance_8_225_250.wav,5.282
NM,M,Spk5,U_b62e4d0be5,225_250,Nyanja_NM_Spk5_U_b62e4d0be5_Utterance_9,maganizo amakhalanso koma akhala mitundu mcilengedwe cosiyanasiyana ca azibambo nyama nyoni nsomba,Nyanja_NM_Spk5_U_b62e4d0be5_Utterance_9_225_250.wav,10.298
NM,M,Spk5,U_b62e4d0be5,225_250,Nyanja_NM_Spk5_U_b62e4d0be5_Utterance_10,ndipo anakhala okwiya komanso akanatilanda cola cako ca ndalama,Nyanja_NM_Spk5_U_b62e4d0be5_Utterance_10_225_250.wav,5.782
NM,M,Spk5,U_b62e4d0be5,225_250,Nyanja_NM_Spk5_U_b62e4d0be5_Utterance_11,ojo sanali atadyapo cakudya cokoma ngati ico mu umoyo wake onse,Nyanja_NM_Spk5_U_b62e4d0be5_Utterance_11_225_250.wav,6.42
NM,M,Spk5,U_b62e4d0be5,225_250,Nyanja_NM_Spk5_U_b62e4d0be5_Utterance_12,comwe anali kufuna kwa ife sizinali maluwa athu  kapena ndalama zathu koma chabe ucicepeele wathu,Nyanja_NM_Spk5_U_b62e4d0be5_Utterance_12_225_250.wav,8.951
NM,M,Spk5,U_b62e4d0be5,225_250,Nyanja_NM_Spk5_U_b62e4d0be5_Utterance_13,cikuooneka kuti mfumu sidzalola zimenezo,Nyanja_NM_Spk5_U_b62e4d0be5_Utterance_13_225_250.wav,4.412
NM,M,Spk5,U_b62e4d0be5,225_250,Nyanja_NM_Spk5_U_b62e4d0be5_Utterance_14,kodi sakuopa kuti ndizamuthetsera zofuna zace,Nyanja_NM_Spk5_U_b62e4d0be5_Utterance_14_225_250.wav,4.226
NM,M,Spk5,U_b62e4d0be5,225_250,Nyanja_NM_Spk5_U_b62e4d0be5_Utterance_15,iwo ananunsha-nunsha pa mtengo wa mkuyu ndi kuononga misambo yace,Nyanja_NM_Spk5_U_b62e4d0be5_Utterance_15_225_250.wav,5.898
NM,M,Spk5,U_b62e4d0be5,225_250,Nyanja_NM_Spk5_U_b62e4d0be5_Utterance_16,iye anafunsa mwa befu mofuna kudziwa ngati iyenso  anadziwa mwina kudziwa ndi kusasamala kapena anasamala kopanda kudziwa,Nyanja_NM_Spk5_U_b62e4d0be5_Utterance_16_225_250.wav,12.388
NM,M,Spk5,U_b62e4d0be5,225_250,Nyanja_NM_Spk5_U_b62e4d0be5_Utterance_17,gulu la asilikali linali litagawanika mwapang'ono na khalilanso pamodzi mwapang'ono pali nthawi ino yapita ku walale (tauni),Nyanja_NM_Spk5_U_b62e4d0be5_Utterance_17_225_250.wav,12.62
NM,M,Spk5,U_b62e4d0be5,225_250,Nyanja_NM_Spk5_U_b62e4d0be5_Utterance_18,bwerani kuli ine azibambo kuno kuno anakwedza mau ace,Nyanja_NM_Spk5_U_b62e4d0be5_Utterance_18_225_250.wav,5.108
NM,M,Spk5,U_b62e4d0be5,225_250,Nyanja_NM_Spk5_U_b62e4d0be5_Utterance_19,koma analibe kanthu kalikonse ndi zomatsulira za plato ndipo mu uzimu anali osagwilidzana naye,Nyanja_NM_Spk5_U_b62e4d0be5_Utterance_19_225_250.wav,10.019
NM,M,Spk5,U_b62e4d0be5,225_250,Nyanja_NM_Spk5_U_b62e4d0be5_Utterance_20,ndi wolemekedzeka anga ocokera kwa amfumu anabwerera robin mwa ulemu,Nyanja_NM_Spk5_U_b62e4d0be5_Utterance_20_225_250.wav,6.676
NM,M,Spk5,U_b62e4d0be5,225_250,Nyanja_NM_Spk5_U_b62e4d0be5_Utterance_21,ngati bambo soames adawaona ndiye kuti zonse zidatha,Nyanja_NM_Spk5_U_b62e4d0be5_Utterance_21_225_250.wav,6.014
NM,M,Spk5,U_b62e4d0be5,225_250,Nyanja_NM_Spk5_U_b62e4d0be5_Utterance_22,maliya taylor mwinamwace ananena nkhani ya zola mwa cisinsi kwa mai missus grey,Nyanja_NM_Spk5_U_b62e4d0be5_Utterance_22_225_250.wav,8.673
NM,M,Spk5,U_b62e4d0be5,225_250,Nyanja_NM_Spk5_U_b62e4d0be5_Utterance_23,usandinyozere stanley molankhula momwe unalankhulira m'mawa lero,Nyanja_NM_Spk5_U_b62e4d0be5_Utterance_23_225_250.wav,6.176
NM,M,Spk5,U_b62e4d0be5,225_250,Nyanja_NM_Spk5_U_b62e4d0be5_Utterance_24,ntafika ku nyumba kumene ndikhala ninapeza kuti mcipinda comwe anthu amakonzeramo tsitsi munali mutadzadzidwa ndi anthu aabwino,Nyanja_NM_Spk5_U_b62e4d0be5_Utterance_24_225_250.wav,13.096
NM,M,Spk5,U_b62e4d0be5,225_250,Nyanja_NM_Spk5_U_b62e4d0be5_Utterance_25,tili pa ulendo anyankha ojo ndipo taima panyumba yanu kuti tingopuma ndi kusamba,Nyanja_NM_Spk5_U_b62e4d0be5_Utterance_25_225_250.wav,7.709
NM,M,Spk5,U_b62e4d0be5,200_225,Nyanja_NM_Spk5_U_b62e4d0be5_Utterance_1,iye aitanidwa monga muziwa mtumwi wa ku calo cocedwa indies,Nyanja_NM_Spk5_U_b62e4d0be5_Utterance_1_200_225.wav,8.537
NM,M,Spk5,U_b62e4d0be5,200_225,Nyanja_NM_Spk5_U_b62e4d0be5_Utterance_2,analankhula mwapang'ono koma anali kumangoyenda-yenda mkacipinda ka mndende patsogoro pao,Nyanja_NM_Spk5_U_b62e4d0be5_Utterance_2_200_225.wav,7.31
NM,M,Spk5,U_b62e4d0be5,200_225,Nyanja_NM_Spk5_U_b62e4d0be5_Utterance_3,bwerani mutengeko boolooroo anatero akupita cha komwe kunali mipando zokhalapo,Nyanja_NM_Spk5_U_b62e4d0be5_Utterance_3_200_225.wav,6.664
NM,M,Spk5,U_b62e4d0be5,200_225,Nyanja_NM_Spk5_U_b62e4d0be5_Utterance_4,koma kodi izi zinthu zanzeru kwambiri sizitha kukhala za cabecabe nthawin ina yace,Nyanja_NM_Spk5_U_b62e4d0be5_Utterance_4_200_225.wav,8.429
NM,M,Spk5,U_b62e4d0be5,200_225,Nyanja_NM_Spk5_U_b62e4d0be5_Utterance_5,soloni anadabwa ndipo anafunitsitsa kudziwitsidwa za mbiri za iwo,Nyanja_NM_Spk5_U_b62e4d0be5_Utterance_5_200_225.wav,5.979
NM,M,Spk5,U_b62e4d0be5,200_225,Nyanja_NM_Spk5_U_b62e4d0be5_Utterance_6,mtima wofewa  anatero mosamala kwa iye ndi kwa thorkel cabwino mulekeni apite kwa thorkel,Nyanja_NM_Spk5_U_b62e4d0be5_Utterance_6_200_225.wav,9.706
NM,M,Spk5,U_b62e4d0be5,200_225,Nyanja_NM_Spk5_U_b62e4d0be5_Utterance_7,ku mzinda wa emerald kumene mwana wa mfumu wa mkazi ozma akhala mtundu wobiliwira ndiye mtundu wocuka kwambiri,Nyanja_NM_Spk5_U_b62e4d0be5_Utterance_7_200_225.wav,10.77
NM,M,Spk5,U_b62e4d0be5,200_225,Nyanja_NM_Spk5_U_b62e4d0be5_Utterance_8,mai ayenera kunenedwa tsopano pa nciyambi ca kulankhulapo kwa luther pa agalantiya,Nyanja_NM_Spk5_U_b62e4d0be5_Utterance_8_200_225.wav,8.139
NM,M,Spk5,U_b62e4d0be5,200_225,Nyanja_NM_Spk5_U_b62e4d0be5_Utterance_9,cake cinapezeka kuti cili mu modzi-modzi koma zinaonekelatu kuti sanasamale za izo,Nyanja_NM_Spk5_U_b62e4d0be5_Utterance_9_200_225.wav,6.769
NM,M,Spk5,U_b62e4d0be5,200_225,Nyanja_NM_Spk5_U_b62e4d0be5_Utterance_10,zikoma kwambiri koma sindimaikonda kwambiri kupotsa apa,Nyanja_NM_Spk5_U_b62e4d0be5_Utterance_10_200_225.wav,5.629
NM,M,Spk5,U_b62e4d0be5,200_225,Nyanja_NM_Spk5_U_b62e4d0be5_Utterance_11,analeka na sekelera ali kulira ndipo anakhala pansi mu  nyumba yocitiramo zamankhwala ya siliva,Nyanja_NM_Spk5_U_b62e4d0be5_Utterance_11_200_225.wav,8.703
NM,M,Spk5,U_b62e4d0be5,200_225,Nyanja_NM_Spk5_U_b62e4d0be5_Utterance_12,holmes anayamba kupita naima mwadzidzidzi  pansi halloa kodi nciani,Nyanja_NM_Spk5_U_b62e4d0be5_Utterance_12_200_225.wav,7.43
NM,M,Spk5,U_b62e4d0be5,200_225,Nyanja_NM_Spk5_U_b62e4d0be5_Utterance_13,cimphepo ca mphanvu cinabwera ndipo cinali ku kankha  makumbi aakulu oyera ku mwamba konse,Nyanja_NM_Spk5_U_b62e4d0be5_Utterance_13_200_225.wav,8.591
NM,M,Spk5,U_b62e4d0be5,200_225,Nyanja_NM_Spk5_U_b62e4d0be5_Utterance_14,mu nthawi ya dzuwa odula nkhuni anali kubwera nthawi zoonse ndi kudula zina mwa mitengo/nkhuni za zikulu kwambiri,Nyanja_NM_Spk5_U_b62e4d0be5_Utterance_14_200_225.wav,9.701
NM,M,Spk5,U_b62e4d0be5,200_225,Nyanja_NM_Spk5_U_b62e4d0be5_Utterance_15,azibambo makhumi atatu m'modzi m'modzi ananyamula minyanga zao  nanena kuti,Nyanja_NM_Spk5_U_b62e4d0be5_Utterance_15_200_225.wav,8.155
NM,M,Spk5,U_b62e4d0be5,200_225,Nyanja_NM_Spk5_U_b62e4d0be5_Utterance_16,ndingolakalaka kuti sunali wobvutika m'maganizo ndipo sunadzibvutitse ndi zinthu zimene iye ananena mwa/ndi mkwiyo,Nyanja_NM_Spk5_U_b62e4d0be5_Utterance_16_200_225.wav,12.102
NM,M,Spk5,U_b62e4d0be5,200_225,Nyanja_NM_Spk5_U_b62e4d0be5_Utterance_17,pezani ma cresswell kuli minda zazikulu zimene zaikidwa pa ma dolla okwanira dzikwi madzana awiri ndi makumi asanu,Nyanja_NM_Spk5_U_b62e4d0be5_Utterance_17_200_225.wav,11.74
NM,M,Spk5,U_b62e4d0be5,200_225,Nyanja_NM_Spk5_U_b62e4d0be5_Utterance_18,ndithokoza onse amene amandikonda mu mitima yao mwa mathokodzo nd cikondindi kucokera kuli ine,Nyanja_NM_Spk5_U_b62e4d0be5_Utterance_18_200_225.wav,8.963
NM,M,Spk5,U_b62e4d0be5,200_225,Nyanja_NM_Spk5_U_b62e4d0be5_Utterance_19,kubwelera ku calichi kuzayamba pa tsiku ya citatu m'masaana mopeleka ulemu kuli saint francis xavier amene tsiku lace la pwando ndi pa ciweru,Nyanja_NM_Spk5_U_b62e4d0be5_Utterance_19_200_225.wav,13.096
NM,M,Spk5,U_b62e4d0be5,200_225,Nyanja_NM_Spk5_U_b62e4d0be5_Utterance_20,iyo ndiye inali nthawi yoonetsa cakudya pa nsanja(siteji),Nyanja_NM_Spk5_U_b62e4d0be5_Utterance_20_200_225.wav,6.176
NM,M,Spk5,U_b62e4d0be5,200_225,Nyanja_NM_Spk5_U_b62e4d0be5_Utterance_21,ine ndine bwenzi langa ndipo osadziwika onse ndi olandilidwa mu nyumba yanga,Nyanja_NM_Spk5_U_b62e4d0be5_Utterance_21_200_225.wav,8.498
NM,M,Spk5,U_b62e4d0be5,200_225,Nyanja_NM_Spk5_U_b62e4d0be5_Utterance_22,tizatulukira pabwalo tonse pamodzi kupita ku ci mthunzi  kuli njira pansipa yopita ku bwalo ya milandu kucokera pa dzenera yanga,Nyanja_NM_Spk5_U_b62e4d0be5_Utterance_22_200_225.wav,13.351
NM,M,Spk5,U_b62e4d0be5,200_225,Nyanja_NM_Spk5_U_b62e4d0be5_Utterance_23,umboni unali patima pepala tu tatu tomwe tunasiidwa pamodzi,Nyanja_NM_Spk5_U_b62e4d0be5_Utterance_23_200_225.wav,5.921
NM,M,Spk5,U_b62e4d0be5,200_225,Nyanja_NM_Spk5_U_b62e4d0be5_Utterance_24,yohane tylor amane anali kumthandizira nthawi imene anali kucita maphuniziro ca apamwamba ku kolegi anakondetsetsa kotoni,Nyanja_NM_Spk5_U_b62e4d0be5_Utterance_24_200_225.wav,13.862
NM,M,Spk5,U_b62e4d0be5,200_225,Nyanja_NM_Spk5_U_b62e4d0be5_Utterance_25,moongezera ngati anthu anali atafunitsitsa kuukilana kodi nciani cabwino comwe iwo akanafunitsitsa,Nyanja_NM_Spk5_U_b62e4d0be5_Utterance_25_200_225.wav,12.887
NM,M,Spk5,U_e040fcd93c,225_250,Nyanja_NM_Spk5_U_e040fcd93c_Utterance_1,kwa ola limodzi la mpumpu anali kuyenda-yenda ali kuyembekeza koma sanakwanilitse kudikhirabe,Nyanja_NM_Spk5_U_e040fcd93c_Utterance_1_225_250.wav,9.567
NM,M,Spk5,U_e040fcd93c,225_250,Nyanja_NM_Spk5_U_e040fcd93c_Utterance_2,sindinazilakwire ine ndekha ai koma ndi ndinaika ulakwa kwanga pa iwe,Nyanja_NM_Spk5_U_e040fcd93c_Utterance_2_225_250.wav,8.871
NM,M,Spk5,U_e040fcd93c,225_250,Nyanja_NM_Spk5_U_e040fcd93c_Utterance_3,ndi cotheka kuti ndingathe kukhala ndi mphamvu yonena comwe cizacitika,Nyanja_NM_Spk5_U_e040fcd93c_Utterance_3_225_250.wav,7.379
NM,M,Spk5,U_e040fcd93c,225_250,Nyanja_NM_Spk5_U_e040fcd93c_Utterance_4,pa nyundu ya thor anakuwa grim ndabwera ine ndabwera munthu osamana ndi opandanso mantha,Nyanja_NM_Spk5_U_e040fcd93c_Utterance_4_225_250.wav,10.349
NM,M,Spk5,U_e040fcd93c,225_250,Nyanja_NM_Spk5_U_e040fcd93c_Utterance_5,mphete ya amethyst sindinabvale kuno kopanda cili conse ku maso anga kopotsa kupyopsonana koyamba kuja,Nyanja_NM_Spk5_U_e040fcd93c_Utterance_5_225_250.wav,1.147
NM,M,Spk5,U_e040fcd93c,225_250,Nyanja_NM_Spk5_U_e040fcd93c_Utterance_6,kuoneka kulibe cifukwa cina cili conse cokhulupilira kuti zimenezi zizasintha,Nyanja_NM_Spk5_U_e040fcd93c_Utterance_6_225_250.wav,7.598
NM,M,Spk5,U_e040fcd93c,225_250,Nyanja_NM_Spk5_U_e040fcd93c_Utterance_7,pepani tilibe cipinda colandilirapo alendo kuno ku ndende,Nyanja_NM_Spk5_U_e040fcd93c_Utterance_7_225_250.wav,7.77
NM,M,Spk5,U_e040fcd93c,225_250,Nyanja_NM_Spk5_U_e040fcd93c_Utterance_8,ici sikunyada kwa ucimo koma ndikunyada kwa ungwilyo (ku dala),Nyanja_NM_Spk5_U_e040fcd93c_Utterance_8_225_250.wav,6.617
NM,M,Spk5,U_e040fcd93c,225_250,Nyanja_NM_Spk5_U_e040fcd93c_Utterance_9,maganizo amakhalanso koma akhala mitundu mcilengedwe cosiyanasiyana ca azibambo nyama nyoni nsomba,Nyanja_NM_Spk5_U_e040fcd93c_Utterance_9_225_250.wav,0.55
NM,M,Spk5,U_e040fcd93c,225_250,Nyanja_NM_Spk5_U_e040fcd93c_Utterance_10,ndipo anakhala okwiya komanso akanatilanda cola cako ca ndalama,Nyanja_NM_Spk5_U_e040fcd93c_Utterance_10_225_250.wav,8.718
NM,M,Spk5,U_e040fcd93c,225_250,Nyanja_NM_Spk5_U_e040fcd93c_Utterance_11,ojo sanali atadyapo cakudya cokoma ngati ico mu umoyo wake onse,Nyanja_NM_Spk5_U_e040fcd93c_Utterance_11_225_250.wav,8.575
NM,M,Spk5,U_e040fcd93c,225_250,Nyanja_NM_Spk5_U_e040fcd93c_Utterance_12,comwe anali kufuna kwa ife sizinali maluwa athu  kapena ndalama zathu koma chabe ucicepeele wathu,Nyanja_NM_Spk5_U_e040fcd93c_Utterance_12_225_250.wav,11.656
NM,M,Spk5,U_e040fcd93c,225_250,Nyanja_NM_Spk5_U_e040fcd93c_Utterance_13,cikuooneka kuti mfumu sidzalola zimenezo,Nyanja_NM_Spk5_U_e040fcd93c_Utterance_13_225_250.wav,3.526
NM,M,Spk5,U_e040fcd93c,225_250,Nyanja_NM_Spk5_U_e040fcd93c_Utterance_14,kodi sakuopa kuti ndizamuthetsera zofuna zace,Nyanja_NM_Spk5_U_e040fcd93c_Utterance_14_225_250.wav,7.061
NM,M,Spk5,U_e040fcd93c,225_250,Nyanja_NM_Spk5_U_e040fcd93c_Utterance_15,iwo ananunsha-nunsha pa mtengo wa mkuyu ndi kuononga misambo yace,Nyanja_NM_Spk5_U_e040fcd93c_Utterance_15_225_250.wav,6.842
NM,M,Spk5,U_e040fcd93c,225_250,Nyanja_NM_Spk5_U_e040fcd93c_Utterance_16,iye anafunsa mwa befu mofuna kudziwa ngati iyenso  anadziwa mwina kudziwa ndi kusasamala kapena anasamala kopanda kudziwa,Nyanja_NM_Spk5_U_e040fcd93c_Utterance_16_225_250.wav,13.83
NM,M,Spk5,U_e040fcd93c,225_250,Nyanja_NM_Spk5_U_e040fcd93c_Utterance_17,gulu la asilikali linali litagawanika mwapang'ono na khalilanso pamodzi mwapang'ono pali nthawi ino yapita ku walale (tauni),Nyanja_NM_Spk5_U_e040fcd93c_Utterance_17_225_250.wav,12.986
NM,M,Spk5,U_e040fcd93c,225_250,Nyanja_NM_Spk5_U_e040fcd93c_Utterance_18,bwerani kuli ine azibambo kuno kuno anakwedza mau ace,Nyanja_NM_Spk5_U_e040fcd93c_Utterance_18_225_250.wav,4.74
NM,M,Spk5,U_e040fcd93c,225_250,Nyanja_NM_Spk5_U_e040fcd93c_Utterance_19,koma analibe kanthu kalikonse ndi zomatsulira za plato ndipo mu uzimu anali osagwilidzana naye,Nyanja_NM_Spk5_U_e040fcd93c_Utterance_19_225_250.wav,9.282
NM,M,Spk5,U_e040fcd93c,225_250,Nyanja_NM_Spk5_U_e040fcd93c_Utterance_20,ndi wolemekedzeka anga ocokera kwa amfumu anabwerera robin mwa ulemu,Nyanja_NM_Spk5_U_e040fcd93c_Utterance_20_225_250.wav,5.032
NM,M,Spk5,U_e040fcd93c,225_250,Nyanja_NM_Spk5_U_e040fcd93c_Utterance_21,ngati bambo soames adawaona ndiye kuti zonse zidatha,Nyanja_NM_Spk5_U_e040fcd93c_Utterance_21_225_250.wav,5.296
NM,M,Spk5,U_e040fcd93c,225_250,Nyanja_NM_Spk5_U_e040fcd93c_Utterance_22,maliya taylor mwinamwace ananena nkhani ya zola mwa cisinsi kwa mai missus grey,Nyanja_NM_Spk5_U_e040fcd93c_Utterance_22_225_250.wav,8.831
NM,M,Spk5,U_e040fcd93c,225_250,Nyanja_NM_Spk5_U_e040fcd93c_Utterance_23,usandinyozere stanley molankhula momwe unalankhulira m'mawa lero,Nyanja_NM_Spk5_U_e040fcd93c_Utterance_23_225_250.wav,7.16
NM,M,Spk5,U_e040fcd93c,225_250,Nyanja_NM_Spk5_U_e040fcd93c_Utterance_24,ntafika ku nyumba kumene ndikhala ninapeza kuti mcipinda comwe anthu amakonzeramo tsitsi munali mutadzadzidwa ndi anthu aabwino,Nyanja_NM_Spk5_U_e040fcd93c_Utterance_24_225_250.wav,13.355
NM,M,Spk5,U_e040fcd93c,225_250,Nyanja_NM_Spk5_U_e040fcd93c_Utterance_25,tili pa ulendo anyankha ojo ndipo taima panyumba yanu kuti tingopuma ndi kusamba,Nyanja_NM_Spk5_U_e040fcd93c_Utterance_25_225_250.wav,8.675
NM,M,Spk5,U_e040fcd93c,200_225,Nyanja_NM_Spk5_U_e040fcd93c_Utterance_1,iye aitanidwa monga muziwa mtumwi wa ku calo cocedwa indies,Nyanja_NM_Spk5_U_e040fcd93c_Utterance_1_200_225.wav,6.59
NM,M,Spk5,U_e040fcd93c,200_225,Nyanja_NM_Spk5_U_e040fcd93c_Utterance_2,analankhula mwapang'ono koma anali kumangoyenda-yenda mkacipinda ka mndende patsogoro pao,Nyanja_NM_Spk5_U_e040fcd93c_Utterance_2_200_225.wav,11.705
NM,M,Spk5,U_e040fcd93c,200_225,Nyanja_NM_Spk5_U_e040fcd93c_Utterance_3,bwerani mutengeko boolooroo anatero akupita cha komwe kunali mipando zokhalapo,Nyanja_NM_Spk5_U_e040fcd93c_Utterance_3_200_225.wav,12.545
NM,M,Spk5,U_e040fcd93c,200_225,Nyanja_NM_Spk5_U_e040fcd93c_Utterance_4,koma kodi izi zinthu zanzeru kwambiri sizitha kukhala za cabecabe nthawin ina yace,Nyanja_NM_Spk5_U_e040fcd93c_Utterance_4_200_225.wav,8.045
NM,M,Spk5,U_e040fcd93c,200_225,Nyanja_NM_Spk5_U_e040fcd93c_Utterance_5,soloni anadabwa ndipo anafunitsitsa kudziwitsidwa za mbiri za iwo,Nyanja_NM_Spk5_U_e040fcd93c_Utterance_5_200_225.wav,8.045
NM,M,Spk5,U_e040fcd93c,200_225,Nyanja_NM_Spk5_U_e040fcd93c_Utterance_6,mtima wofewa  anatero mosamala kwa iye ndi kwa thorkel cabwino mulekeni apite kwa thorkel,Nyanja_NM_Spk5_U_e040fcd93c_Utterance_6_200_225.wav,9.125
NM,M,Spk5,U_e040fcd93c,200_225,Nyanja_NM_Spk5_U_e040fcd93c_Utterance_7,ku mzinda wa emerald kumene mwana wa mfumu wa mkazi ozma akhala mtundu wobiliwira ndiye mtundu wocuka kwambiri,Nyanja_NM_Spk5_U_e040fcd93c_Utterance_7_200_225.wav,15.11
NM,M,Spk5,U_e040fcd93c,200_225,Nyanja_NM_Spk5_U_e040fcd93c_Utterance_8,mai ayenera kunenedwa tsopano pa nciyambi ca kulankhulapo kwa luther pa agalantiya,Nyanja_NM_Spk5_U_e040fcd93c_Utterance_8_200_225.wav,11.525
NM,M,Spk5,U_e040fcd93c,200_225,Nyanja_NM_Spk5_U_e040fcd93c_Utterance_9,cake cinapezeka kuti cili mu modzi-modzi koma zinaonekelatu kuti sanasamale za izo,Nyanja_NM_Spk5_U_e040fcd93c_Utterance_9_200_225.wav,6.072
NM,M,Spk5,U_e040fcd93c,200_225,Nyanja_NM_Spk5_U_e040fcd93c_Utterance_10,zikoma kwambiri koma sindimaikonda kwambiri kupotsa apa,Nyanja_NM_Spk5_U_e040fcd93c_Utterance_10_200_225.wav,7.715
NM,M,Spk5,U_e040fcd93c,200_225,Nyanja_NM_Spk5_U_e040fcd93c_Utterance_11,analeka na sekelera ali kulira ndipo anakhala pansi mu  nyumba yocitiramo zamankhwala ya siliva,Nyanja_NM_Spk5_U_e040fcd93c_Utterance_11_200_225.wav,10.746
NM,M,Spk5,U_e040fcd93c,200_225,Nyanja_NM_Spk5_U_e040fcd93c_Utterance_12,holmes anayamba kupita naima mwadzidzidzi  pansi halloa kodi nciani,Nyanja_NM_Spk5_U_e040fcd93c_Utterance_12_200_225.wav,8.705
NM,M,Spk5,U_e040fcd93c,200_225,Nyanja_NM_Spk5_U_e040fcd93c_Utterance_13,cimphepo ca mphanvu cinabwera ndipo cinali ku kankha  makumbi aakulu oyera ku mwamba konse,Nyanja_NM_Spk5_U_e040fcd93c_Utterance_13_200_225.wav,11.841
NM,M,Spk5,U_e040fcd93c,200_225,Nyanja_NM_Spk5_U_e040fcd93c_Utterance_14,mu nthawi ya dzuwa odula nkhuni anali kubwera nthawi zoonse ndi kudula zina mwa mitengo/nkhuni za zikulu kwambiri,Nyanja_NM_Spk5_U_e040fcd93c_Utterance_14_200_225.wav,15.62
NM,M,Spk5,U_e040fcd93c,200_225,Nyanja_NM_Spk5_U_e040fcd93c_Utterance_15,azibambo makhumi atatu m'modzi m'modzi ananyamula minyanga zao  nanena kuti,Nyanja_NM_Spk5_U_e040fcd93c_Utterance_15_200_225.wav,9.755
NM,M,Spk5,U_e040fcd93c,200_225,Nyanja_NM_Spk5_U_e040fcd93c_Utterance_16,ndingolakalaka kuti sunali wobvutika m'maganizo ndipo sunadzibvutitse ndi zinthu zimene iye ananena mwa/ndi mkwiyo,Nyanja_NM_Spk5_U_e040fcd93c_Utterance_16_200_225.wav,14.496
NM,M,Spk5,U_e040fcd93c,200_225,Nyanja_NM_Spk5_U_e040fcd93c_Utterance_17,pezani ma cresswell kuli minda zazikulu zimene zaikidwa pa ma dolla okwanira dzikwi madzana awiri ndi makumi asanu,Nyanja_NM_Spk5_U_e040fcd93c_Utterance_17_200_225.wav,21.288
NM,M,Spk5,U_e040fcd93c,200_225,Nyanja_NM_Spk5_U_e040fcd93c_Utterance_18,ndithokoza onse amene amandikonda mu mitima yao mwa mathokodzo nd cikondindi kucokera kuli ine,Nyanja_NM_Spk5_U_e040fcd93c_Utterance_18_200_225.wav,11.18
NM,M,Spk5,U_e040fcd93c,200_225,Nyanja_NM_Spk5_U_e040fcd93c_Utterance_19,kubwelera ku calichi kuzayamba pa tsiku ya citatu m'masaana mopeleka ulemu kuli saint francis xavier amene tsiku lace la pwando ndi pa ciweru,Nyanja_NM_Spk5_U_e040fcd93c_Utterance_19_200_225.wav,21.005
NM,M,Spk5,U_e040fcd93c,200_225,Nyanja_NM_Spk5_U_e040fcd93c_Utterance_20,iyo ndiye inali nthawi yoonetsa cakudya pa nsanja(siteji),Nyanja_NM_Spk5_U_e040fcd93c_Utterance_20_200_225.wav,7.76
NM,M,Spk5,U_e040fcd93c,200_225,Nyanja_NM_Spk5_U_e040fcd93c_Utterance_21,ine ndine bwenzi langa ndipo osadziwika onse ndi olandilidwa mu nyumba yanga,Nyanja_NM_Spk5_U_e040fcd93c_Utterance_21_200_225.wav,9.785
NM,M,Spk5,U_e040fcd93c,200_225,Nyanja_NM_Spk5_U_e040fcd93c_Utterance_22,tizatulukira pabwalo tonse pamodzi kupita ku ci mthunzi  kuli njira pansipa yopita ku bwalo ya milandu kucokera pa dzenera yanga,Nyanja_NM_Spk5_U_e040fcd93c_Utterance_22_200_225.wav,15.352
NM,M,Spk5,U_e040fcd93c,200_225,Nyanja_NM_Spk5_U_e040fcd93c_Utterance_23,umboni unali patima pepala tu tatu tomwe tunasiidwa pamodzi,Nyanja_NM_Spk5_U_e040fcd93c_Utterance_23_200_225.wav,7.448
NM,M,Spk5,U_e040fcd93c,200_225,Nyanja_NM_Spk5_U_e040fcd93c_Utterance_24,yohane tylor amane anali kumthandizira nthawi imene anali kucita maphuniziro ca apamwamba ku kolegi anakondetsetsa kotoni,Nyanja_NM_Spk5_U_e040fcd93c_Utterance_24_200_225.wav,11.163
NM,M,Spk5,U_e040fcd93c,200_225,Nyanja_NM_Spk5_U_e040fcd93c_Utterance_25,moongezera ngati anthu anali atafunitsitsa kuukilana kodi nciani cabwino comwe iwo akanafunitsitsa,Nyanja_NM_Spk5_U_e040fcd93c_Utterance_25_200_225.wav,7.413
NM,M,Spk5,U_4cb7768d26,225_250,Nyanja_NM_Spk5_U_4cb7768d26_Utterance_1,kwa ola limodzi la mpumpu anali kuyenda-yenda ali kuyembekeza koma sanakwanilitse kudikhirabe,Nyanja_NM_Spk5_U_4cb7768d26_Utterance_1_225_250.wav,10.245
NM,M,Spk5,U_4cb7768d26,225_250,Nyanja_NM_Spk5_U_4cb7768d26_Utterance_2,sindinazilakwire ine ndekha ai koma ndi ndinaika ulakwa kwanga pa iwe,Nyanja_NM_Spk5_U_4cb7768d26_Utterance_2_225_250.wav,8.187
NM,M,Spk5,U_4cb7768d26,225_250,Nyanja_NM_Spk5_U_4cb7768d26_Utterance_3,ndi cotheka kuti ndingathe kukhala ndi mphamvu yonena comwe cizacitika,Nyanja_NM_Spk5_U_4cb7768d26_Utterance_3_225_250.wav,8.078
NM,M,Spk5,U_4cb7768d26,225_250,Nyanja_NM_Spk5_U_4cb7768d26_Utterance_4,pa nyundu ya thor anakuwa grim ndabwera ine ndabwera munthu osamana ndi opandanso mantha,Nyanja_NM_Spk5_U_4cb7768d26_Utterance_4_225_250.wav,8.92
NM,M,Spk5,U_4cb7768d26,225_250,Nyanja_NM_Spk5_U_4cb7768d26_Utterance_5,mphete ya amethyst sindinabvale kuno kopanda cili conse ku maso anga kopotsa kupyopsonana koyamba kuja,Nyanja_NM_Spk5_U_4cb7768d26_Utterance_5_225_250.wav,10.379
NM,M,Spk5,U_4cb7768d26,225_250,Nyanja_NM_Spk5_U_4cb7768d26_Utterance_6,kuoneka kulibe cifukwa cina cili conse cokhulupilira kuti zimenezi zizasintha,Nyanja_NM_Spk5_U_4cb7768d26_Utterance_6_225_250.wav,9.025
NM,M,Spk5,U_4cb7768d26,225_250,Nyanja_NM_Spk5_U_4cb7768d26_Utterance_7,pepani tilibe cipinda colandilirapo alendo kuno ku ndende,Nyanja_NM_Spk5_U_4cb7768d26_Utterance_7_225_250.wav,5.809
NM,M,Spk5,U_4cb7768d26,225_250,Nyanja_NM_Spk5_U_4cb7768d26_Utterance_8,ici sikunyada kwa ucimo koma ndikunyada kwa ungwilyo (ku dala),Nyanja_NM_Spk5_U_4cb7768d26_Utterance_8_225_250.wav,8.123
NM,M,Spk5,U_4cb7768d26,225_250,Nyanja_NM_Spk5_U_4cb7768d26_Utterance_9,maganizo amakhalanso koma akhala mitundu mcilengedwe cosiyanasiyana ca azibambo nyama nyoni nsomba,Nyanja_NM_Spk5_U_4cb7768d26_Utterance_9_225_250.wav,10.705
NM,M,Spk5,U_4cb7768d26,225_250,Nyanja_NM_Spk5_U_4cb7768d26_Utterance_10,ndipo anakhala okwiya komanso akanatilanda cola cako ca ndalama,Nyanja_NM_Spk5_U_4cb7768d26_Utterance_10_225_250.wav,7.107
NM,M,Spk5,U_4cb7768d26,225_250,Nyanja_NM_Spk5_U_4cb7768d26_Utterance_11,ojo sanali atadyapo cakudya cokoma ngati ico mu umoyo wake onse,Nyanja_NM_Spk5_U_4cb7768d26_Utterance_11_225_250.wav,7.426
NM,M,Spk5,U_4cb7768d26,225_250,Nyanja_NM_Spk5_U_4cb7768d26_Utterance_12,comwe anali kufuna kwa ife sizinali maluwa athu  kapena ndalama zathu koma chabe ucicepeele wathu,Nyanja_NM_Spk5_U_4cb7768d26_Utterance_12_225_250.wav,10.443
NM,M,Spk5,U_4cb7768d26,225_250,Nyanja_NM_Spk5_U_4cb7768d26_Utterance_13,cikuooneka kuti mfumu sidzalola zimenezo,Nyanja_NM_Spk5_U_4cb7768d26_Utterance_13_225_250.wav,4.564
NM,M,Spk5,U_4cb7768d26,225_250,Nyanja_NM_Spk5_U_4cb7768d26_Utterance_14,kodi sakuopa kuti ndizamuthetsera zofuna zace,Nyanja_NM_Spk5_U_4cb7768d26_Utterance_14_225_250.wav,5.665
NM,M,Spk5,U_4cb7768d26,225_250,Nyanja_NM_Spk5_U_4cb7768d26_Utterance_15,iwo ananunsha-nunsha pa mtengo wa mkuyu ndi kuononga misambo yace,Nyanja_NM_Spk5_U_4cb7768d26_Utterance_15_225_250.wav,6.694
NM,M,Spk5,U_4cb7768d26,225_250,Nyanja_NM_Spk5_U_4cb7768d26_Utterance_16,iye anafunsa mwa befu mofuna kudziwa ngati iyenso  anadziwa mwina kudziwa ndi kusasamala kapena anasamala kopanda kudziwa,Nyanja_NM_Spk5_U_4cb7768d26_Utterance_16_225_250.wav,11.275
NM,M,Spk5,U_4cb7768d26,225_250,Nyanja_NM_Spk5_U_4cb7768d26_Utterance_17,gulu la asilikali linali litagawanika mwapang'ono na khalilanso pamodzi mwapang'ono pali nthawi ino yapita ku walale (tauni),Nyanja_NM_Spk5_U_4cb7768d26_Utterance_17_225_250.wav,12.639
NM,M,Spk5,U_4cb7768d26,225_250,Nyanja_NM_Spk5_U_4cb7768d26_Utterance_18,bwerani kuli ine azibambo kuno kuno anakwedza mau ace,Nyanja_NM_Spk5_U_4cb7768d26_Utterance_18_225_250.wav,5.759
NM,M,Spk5,U_4cb7768d26,225_250,Nyanja_NM_Spk5_U_4cb7768d26_Utterance_19,koma analibe kanthu kalikonse ndi zomatsulira za plato ndipo mu uzimu anali osagwilidzana naye,Nyanja_NM_Spk5_U_4cb7768d26_Utterance_19_225_250.wav,9.164
NM,M,Spk5,U_4cb7768d26,225_250,Nyanja_NM_Spk5_U_4cb7768d26_Utterance_20,ndi wolemekedzeka anga ocokera kwa amfumu anabwerera robin mwa ulemu,Nyanja_NM_Spk5_U_4cb7768d26_Utterance_20_225_250.wav,7.585
NM,M,Spk5,U_4cb7768d26,225_250,Nyanja_NM_Spk5_U_4cb7768d26_Utterance_21,ngati bambo soames adawaona ndiye kuti zonse zidatha,Nyanja_NM_Spk5_U_4cb7768d26_Utterance_21_225_250.wav,4.95
NM,M,Spk5,U_4cb7768d26,225_250,Nyanja_NM_Spk5_U_4cb7768d26_Utterance_22,maliya taylor mwinamwace ananena nkhani ya zola mwa cisinsi kwa mai missus grey,Nyanja_NM_Spk5_U_4cb7768d26_Utterance_22_225_250.wav,8.503
NM,M,Spk5,U_4cb7768d26,225_250,Nyanja_NM_Spk5_U_4cb7768d26_Utterance_23,usandinyozere stanley molankhula momwe unalankhulira m'mawa lero,Nyanja_NM_Spk5_U_4cb7768d26_Utterance_23_225_250.wav,6.44
NM,M,Spk5,U_4cb7768d26,225_250,Nyanja_NM_Spk5_U_4cb7768d26_Utterance_24,ntafika ku nyumba kumene ndikhala ninapeza kuti mcipinda comwe anthu amakonzeramo tsitsi munali mutadzadzidwa ndi anthu aabwino,Nyanja_NM_Spk5_U_4cb7768d26_Utterance_24_225_250.wav,12.101
NM,M,Spk5,U_4cb7768d26,225_250,Nyanja_NM_Spk5_U_4cb7768d26_Utterance_25,tili pa ulendo anyankha ojo ndipo taima panyumba yanu kuti tingopuma ndi kusamba,Nyanja_NM_Spk5_U_4cb7768d26_Utterance_25_225_250.wav,8.256
NM,M,Spk5,U_4cb7768d26,200_225,Nyanja_NM_Spk5_U_4cb7768d26_Utterance_1,iye aitanidwa monga muziwa mtumwi wa ku calo cocedwa indies,Nyanja_NM_Spk5_U_4cb7768d26_Utterance_1_200_225.wav,5.951
NM,M,Spk5,U_4cb7768d26,200_225,Nyanja_NM_Spk5_U_4cb7768d26_Utterance_2,analankhula mwapang'ono koma anali kumangoyenda-yenda mkacipinda ka mndende patsogoro pao,Nyanja_NM_Spk5_U_4cb7768d26_Utterance_2_200_225.wav,9.67
NM,M,Spk5,U_4cb7768d26,200_225,Nyanja_NM_Spk5_U_4cb7768d26_Utterance_3,bwerani mutengeko boolooroo anatero akupita cha komwe kunali mipando zokhalapo,Nyanja_NM_Spk5_U_4cb7768d26_Utterance_3_200_225.wav,7.193
NM,M,Spk5,U_4cb7768d26,200_225,Nyanja_NM_Spk5_U_4cb7768d26_Utterance_4,koma kodi izi zinthu zanzeru kwambiri sizitha kukhala za cabecabe nthawin ina yace,Nyanja_NM_Spk5_U_4cb7768d26_Utterance_4_200_225.wav,9.43
NM,M,Spk5,U_4cb7768d26,200_225,Nyanja_NM_Spk5_U_4cb7768d26_Utterance_5,soloni anadabwa ndipo anafunitsitsa kudziwitsidwa za mbiri za iwo,Nyanja_NM_Spk5_U_4cb7768d26_Utterance_5_200_225.wav,8.503
NM,M,Spk5,U_4cb7768d26,200_225,Nyanja_NM_Spk5_U_4cb7768d26_Utterance_6,mtima wofewa  anatero mosamala kwa iye ndi kwa thorkel cabwino mulekeni apite kwa thorkel,Nyanja_NM_Spk5_U_4cb7768d26_Utterance_6_200_225.wav,8.657
NM,M,Spk5,U_4cb7768d26,200_225,Nyanja_NM_Spk5_U_4cb7768d26_Utterance_7,ku mzinda wa emerald kumene mwana wa mfumu wa mkazi ozma akhala mtundu wobiliwira ndiye mtundu wocuka kwambiri,Nyanja_NM_Spk5_U_4cb7768d26_Utterance_7_200_225.wav,11.515
NM,M,Spk5,U_4cb7768d26,200_225,Nyanja_NM_Spk5_U_4cb7768d26_Utterance_8,mai ayenera kunenedwa tsopano pa nciyambi ca kulankhulapo kwa luther pa agalantiya,Nyanja_NM_Spk5_U_4cb7768d26_Utterance_8_200_225.wav,9.797
NM,M,Spk5,U_4cb7768d26,200_225,Nyanja_NM_Spk5_U_4cb7768d26_Utterance_9,cake cinapezeka kuti cili mu modzi-modzi koma zinaonekelatu kuti sanasamale za izo,Nyanja_NM_Spk5_U_4cb7768d26_Utterance_9_200_225.wav,7.787
NM,M,Spk5,U_4cb7768d26,200_225,Nyanja_NM_Spk5_U_4cb7768d26_Utterance_10,zikoma kwambiri koma sindimaikonda kwambiri kupotsa apa,Nyanja_NM_Spk5_U_4cb7768d26_Utterance_10_200_225.wav,5.288
NM,M,Spk5,U_4cb7768d26,200_225,Nyanja_NM_Spk5_U_4cb7768d26_Utterance_11,analeka na sekelera ali kulira ndipo anakhala pansi mu  nyumba yocitiramo zamankhwala ya siliva,Nyanja_NM_Spk5_U_4cb7768d26_Utterance_11_200_225.wav,10.838
NM,M,Spk5,U_4cb7768d26,200_225,Nyanja_NM_Spk5_U_4cb7768d26_Utterance_12,holmes anayamba kupita naima mwadzidzidzi  pansi halloa kodi nciani,Nyanja_NM_Spk5_U_4cb7768d26_Utterance_12_200_225.wav,6.572
NM,M,Spk5,U_4cb7768d26,200_225,Nyanja_NM_Spk5_U_4cb7768d26_Utterance_13,cimphepo ca mphanvu cinabwera ndipo cinali ku kankha  makumbi aakulu oyera ku mwamba konse,Nyanja_NM_Spk5_U_4cb7768d26_Utterance_13_200_225.wav,9.816
NM,M,Spk5,U_4cb7768d26,200_225,Nyanja_NM_Spk5_U_4cb7768d26_Utterance_14,mu nthawi ya dzuwa odula nkhuni anali kubwera nthawi zoonse ndi kudula zina mwa mitengo/nkhuni za zikulu kwambiri,Nyanja_NM_Spk5_U_4cb7768d26_Utterance_14_200_225.wav,11.446
NM,M,Spk5,U_4cb7768d26,200_225,Nyanja_NM_Spk5_U_4cb7768d26_Utterance_15,azibambo makhumi atatu m'modzi m'modzi ananyamula minyanga zao  nanena kuti,Nyanja_NM_Spk5_U_4cb7768d26_Utterance_15_200_225.wav,6.793
NM,M,Spk5,U_4cb7768d26,200_225,Nyanja_NM_Spk5_U_4cb7768d26_Utterance_16,ndingolakalaka kuti sunali wobvutika m'maganizo ndipo sunadzibvutitse ndi zinthu zimene iye ananena mwa/ndi mkwiyo,Nyanja_NM_Spk5_U_4cb7768d26_Utterance_16_200_225.wav,11.183
NM,M,Spk5,U_4cb7768d26,200_225,Nyanja_NM_Spk5_U_4cb7768d26_Utterance_17,pezani ma cresswell kuli minda zazikulu zimene zaikidwa pa ma dolla okwanira dzikwi madzana awiri ndi makumi asanu,Nyanja_NM_Spk5_U_4cb7768d26_Utterance_17_200_225.wav,11.446
NM,M,Spk5,U_4cb7768d26,200_225,Nyanja_NM_Spk5_U_4cb7768d26_Utterance_18,ndithokoza onse amene amandikonda mu mitima yao mwa mathokodzo nd cikondindi kucokera kuli ine,Nyanja_NM_Spk5_U_4cb7768d26_Utterance_18_200_225.wav,12.233
NM,M,Spk5,U_4cb7768d26,200_225,Nyanja_NM_Spk5_U_4cb7768d26_Utterance_19,kubwelera ku calichi kuzayamba pa tsiku ya citatu m'masaana mopeleka ulemu kuli saint francis xavier amene tsiku lace la pwando ndi pa ciweru,Nyanja_NM_Spk5_U_4cb7768d26_Utterance_19_200_225.wav,13.641
NM,M,Spk5,U_4cb7768d26,200_225,Nyanja_NM_Spk5_U_4cb7768d26_Utterance_20,iyo ndiye inali nthawi yoonetsa cakudya pa nsanja(siteji),Nyanja_NM_Spk5_U_4cb7768d26_Utterance_20_200_225.wav,6.158
NM,M,Spk5,U_4cb7768d26,200_225,Nyanja_NM_Spk5_U_4cb7768d26_Utterance_21,ine ndine bwenzi langa ndipo osadziwika onse ndi olandilidwa mu nyumba yanga,Nyanja_NM_Spk5_U_4cb7768d26_Utterance_21_200_225.wav,8.615
NM,M,Spk5,U_4cb7768d26,200_225,Nyanja_NM_Spk5_U_4cb7768d26_Utterance_22,tizatulukira pabwalo tonse pamodzi kupita ku ci mthunzi  kuli njira pansipa yopita ku bwalo ya milandu kucokera pa dzenera yanga,Nyanja_NM_Spk5_U_4cb7768d26_Utterance_22_200_225.wav,12.854
NM,M,Spk5,U_4cb7768d26,200_225,Nyanja_NM_Spk5_U_4cb7768d26_Utterance_23,umboni unali patima pepala tu tatu tomwe tunasiidwa pamodzi,Nyanja_NM_Spk5_U_4cb7768d26_Utterance_23_200_225.wav,5.896
NM,M,Spk5,U_4cb7768d26,200_225,Nyanja_NM_Spk5_U_4cb7768d26_Utterance_24,yohane tylor amane anali kumthandizira nthawi imene anali kucita maphuniziro ca apamwamba ku kolegi anakondetsetsa kotoni,Nyanja_NM_Spk5_U_4cb7768d26_Utterance_24_200_225.wav,11.832
NM,M,Spk5,U_4cb7768d26,200_225,Nyanja_NM_Spk5_U_4cb7768d26_Utterance_25,moongezera ngati anthu anali atafunitsitsa kuukilana kodi nciani cabwino comwe iwo akanafunitsitsa,Nyanja_NM_Spk5_U_4cb7768d26_Utterance_25_200_225.wav,12.293
NM,M,Spk1,U_8afc6873b1,25_50,Nyanja_NM_Spk1_U_8afc6873b1_Utterance_1,palibe kuda nkhawa za mayendedwe a nthawi zaimai azasatilapo,Nyanja_NM_Spk1_U_8afc6873b1_Utterance_1_25_50.wav,4.806
NM,M,Spk1,U_8afc6873b1,25_50,Nyanja_NM_Spk1_U_8afc6873b1_Utterance_2,mtima wa sitefani unayamba kupindika ndi kubisika ndi mantha ngati duwa imene ikuuma.,Nyanja_NM_Spk1_U_8afc6873b1_Utterance_2_25_50.wav,7.604
NM,M,Spk1,U_8afc6873b1,25_50,Nyanja_NM_Spk1_U_8afc6873b1_Utterance_3,zomasulila zina zimapezeka mkati mwa zidunswa za filimu zikuwala ndi nkhani ndi zionesero za mkati mwake,Nyanja_NM_Spk1_U_8afc6873b1_Utterance_3_25_50.wav,8.241
NM,M,Spk1,U_8afc6873b1,25_50,Nyanja_NM_Spk1_U_8afc6873b1_Utterance_4,ngati mzako akhala otangwanika muzicitidwe zace akhala mdyelekedzi,Nyanja_NM_Spk1_U_8afc6873b1_Utterance_4_25_50.wav,6.08
NM,M,Spk1,U_8afc6873b1,25_50,Nyanja_NM_Spk1_U_8afc6873b1_Utterance_5,pa kanthwi ndithu iye anagona pampando wace ndikumanva bwino ali kulota zokoma pa dzuwa ndi mbalame ndi mtengo,Nyanja_NM_Spk1_U_8afc6873b1_Utterance_5_25_50.wav,9.08
NM,M,Spk1,U_8afc6873b1,25_50,Nyanja_NM_Spk1_U_8afc6873b1_Utterance_6,segulani mitima yanu ndi kuzipeteka mu maphiko ankhunda onyowa,Nyanja_NM_Spk1_U_8afc6873b1_Utterance_6_25_50.wav,5.84
NM,M,Spk1,U_8afc6873b1,25_50,Nyanja_NM_Spk1_U_8afc6873b1_Utterance_7,pamathero azonse gulu limodzi linapita mosangalara ndipo gulu linali linakhala yekha ndiponso lodabwa,Nyanja_NM_Spk1_U_8afc6873b1_Utterance_7_25_50.wav,9.155
NM,M,Spk1,U_8afc6873b1,25_50,Nyanja_NM_Spk1_U_8afc6873b1_Utterance_8,zilombo ziwiri zinali cabemsokonezoumeneyu onse ndipo patsogolo pa maso anga ndikuona nyama zakumtunda ziwiei za mthengo,Nyanja_NM_Spk1_U_8afc6873b1_Utterance_8_25_50.wav,11.482
NM,M,Spk1,U_8afc6873b1,25_50,Nyanja_NM_Spk1_U_8afc6873b1_Utterance_9,ngati munthu amene simbutsa mu zaubatizo athira madzi asananene mau kodi mwana abatidzika,Nyanja_NM_Spk1_U_8afc6873b1_Utterance_9_25_50.wav,8.661
NM,M,Spk1,U_8afc6873b1,25_50,Nyanja_NM_Spk1_U_8afc6873b1_Utterance_10,zicitidwe zace ndi kukhuzidwa kwace pa kucitika kwa zinthu mwazizizi zinali zosabitsika,Nyanja_NM_Spk1_U_8afc6873b1_Utterance_10_25_50.wav,8.731
NM,M,Spk1,U_8afc6873b1,25_50,Nyanja_NM_Spk1_U_8afc6873b1_Utterance_11,nyengo ngati kuti tanena mau amenewo izasintha nthawi iliyonse,Nyanja_NM_Spk1_U_8afc6873b1_Utterance_11_25_50.wav,5.405
NM,M,Spk1,U_8afc6873b1,25_50,Nyanja_NM_Spk1_U_8afc6873b1_Utterance_12,mu dzina zambiri ikoma osati mu zonse osatinso kucita zimodzimodzi mwa kanthawi ka katali magulu awiriwa amagwirizana,Nyanja_NM_Spk1_U_8afc6873b1_Utterance_12_25_50.wav,10.17
NM,M,Spk1,U_8afc6873b1,25_50,Nyanja_NM_Spk1_U_8afc6873b1_Utterance_13,nkhakhala kanalikakang'ono conco kanali katalengetsa kusiyana kweni-kweni ku mbali ya cipindaco,Nyanja_NM_Spk1_U_8afc6873b1_Utterance_13_25_50.wav,7.685
NM,M,Spk1,U_8afc6873b1,25_50,Nyanja_NM_Spk1_U_8afc6873b1_Utterance_14,mwakamodzi cabemunjira ina ninaonetsa poyera kuti ndine mu pulofeti,Nyanja_NM_Spk1_U_8afc6873b1_Utterance_14_25_50.wav,5.814
NM,M,Spk1,U_8afc6873b1,25_50,Nyanja_NM_Spk1_U_8afc6873b1_Utterance_15,iye anapitila mwa henley albans nabwera pafupi kwambiri ndi dziko london ngati gejo (citsulo colimira) pa culu,Nyanja_NM_Spk1_U_8afc6873b1_Utterance_15_25_50.wav,9.511
NM,M,Spk1,U_8afc6873b1,25_50,Nyanja_NM_Spk1_U_8afc6873b1_Utterance_16,zomwe ndilankhula zonse zili pa inu,Nyanja_NM_Spk1_U_8afc6873b1_Utterance_16_25_50.wav,2.821
NM,M,Spk1,U_8afc6873b1,25_50,Nyanja_NM_Spk1_U_8afc6873b1_Utterance_17,inde ndipo abwera onse kumayeso awa inde,Nyanja_NM_Spk1_U_8afc6873b1_Utterance_17_25_50.wav,3.698
NM,M,Spk1,U_8afc6873b1,25_50,Nyanja_NM_Spk1_U_8afc6873b1_Utterance_18,ndizapatsidwirapo cilango tsopano ndiganiza kuti ndi kupyolera kundimwetsera mu misozi yanga,Nyanja_NM_Spk1_U_8afc6873b1_Utterance_18_25_50.wav,8.9
NM,M,Spk1,U_8afc6873b1,25_50,Nyanja_NM_Spk1_U_8afc6873b1_Utterance_19,kabweredwe ka anthu kunali kwakukulu mosayembekedzeleka ndipo asikana anali wosangalala kwabasi ataoneratu kupambana kwao mu phwando lao/cokondwerero cao,Nyanja_NM_Spk1_U_8afc6873b1_Utterance_19_25_50.wav,12.463
NM,M,Spk1,U_8afc6873b1,25_50,Nyanja_NM_Spk1_U_8afc6873b1_Utterance_20,ndipo anaponya manja mu lhosa la msuweni wace ndipo lakele ocenjera uja anayamba kucotsa misozi,Nyanja_NM_Spk1_U_8afc6873b1_Utterance_20_25_50.wav,8.731
NM,M,Spk1,U_8afc6873b1,25_50,Nyanja_NM_Spk1_U_8afc6873b1_Utterance_21,ndinali kuganiza kuti ndi zolingana kwabatsi ndi khadi imene ili ndi mtima pa makhadi a njuga anayankha kapitawo ali kusekelela mwapangono,Nyanja_NM_Spk1_U_8afc6873b1_Utterance_21_25_50.wav,12.5
NM,M,Spk1,U_8afc6873b1,25_50,Nyanja_NM_Spk1_U_8afc6873b1_Utterance_22,ndakatulo zina za soloni zinanenedwanso ndi anyamata,Nyanja_NM_Spk1_U_8afc6873b1_Utterance_22_25_50.wav,4.67
NM,M,Spk1,U_8afc6873b1,25_50,Nyanja_NM_Spk1_U_8afc6873b1_Utterance_23,sindizakhalanso woipa mtima onse anatero boolooroo uokalamba  ndizasintha njira zanga zoipa,Nyanja_NM_Spk1_U_8afc6873b1_Utterance_23_25_50.wav,8.777
NM,M,Spk1,U_8afc6873b1,25_50,Nyanja_NM_Spk1_U_8afc6873b1_Utterance_24,ndinalowa ndipon ndinakutenga mwacisinsi kulingana ndi zomwe tinakambirana pa gome yakumbali ija,Nyanja_NM_Spk1_U_8afc6873b1_Utterance_24_25_50.wav,11.626
NM,M,Spk1,U_8afc6873b1,25_50,Nyanja_NM_Spk1_U_8afc6873b1_Utterance_25,nanga za famu olafu zikalibe kutheka ndinayankha nati kuyenda ma ulendo aatali cimakoma nthawi ya cilimwe,Nyanja_NM_Spk1_U_8afc6873b1_Utterance_25_25_50.wav,9.411
NM,M,Spk1,U_8afc6873b1,0_25,Nyanja_NM_Spk1_U_8afc6873b1_Utterance_1,ndicokondweretsa kuona zinthu zonse zikupita mwacangu patsogoro ndikucitika,Nyanja_NM_Spk1_U_8afc6873b1_Utterance_1_0_25.wav,5.975
NM,M,Spk1,U_8afc6873b1,0_25,Nyanja_NM_Spk1_U_8afc6873b1_Utterance_2,koma ukhulupilira m'maphunziro anafunsa maliya,Nyanja_NM_Spk1_U_8afc6873b1_Utterance_2_0_25.wav,4.07
NM,M,Spk1,U_8afc6873b1,0_25,Nyanja_NM_Spk1_U_8afc6873b1_Utterance_3,ngati mokhutilitsidwa ndi kucingililidwa kwace mtsilikali anatsiya malo ace ndi kulowa m'menemo,Nyanja_NM_Spk1_U_8afc6873b1_Utterance_3_0_25.wav,8.885
NM,M,Spk1,U_8afc6873b1,0_25,Nyanja_NM_Spk1_U_8afc6873b1_Utterance_4,kodi sizinali zokhutilitsa kunena kucokera kwa ambuye mulungu,Nyanja_NM_Spk1_U_8afc6873b1_Utterance_4_0_25.wav,4.67
NM,M,Spk1,U_8afc6873b1,0_25,Nyanja_NM_Spk1_U_8afc6873b1_Utterance_5,mopambana kuipa kwace tomu mopambana kuipa kwace anatero kapitawo wa mundende mokwiya,Nyanja_NM_Spk1_U_8afc6873b1_Utterance_5_0_25.wav,7.61
NM,M,Spk1,U_8afc6873b1,0_25,Nyanja_NM_Spk1_U_8afc6873b1_Utterance_6,khwangwala anakhala pa msambo wa mtengo namayangana nyama yosakidwa ili kusamba mu madzi munsimo,Nyanja_NM_Spk1_U_8afc6873b1_Utterance_6_0_25.wav,7.445
NM,M,Spk1,U_8afc6873b1,0_25,Nyanja_NM_Spk1_U_8afc6873b1_Utterance_7,izo tsopano zinali zoganiza zace zabwino ana akhanda awiri conco,Nyanja_NM_Spk1_U_8afc6873b1_Utterance_7_0_25.wav,6.185
NM,M,Spk1,U_8afc6873b1,0_25,Nyanja_NM_Spk1_U_8afc6873b1_Utterance_8,zinthu zazing'ono za mu umphawi analira cynthia aganizireni uti anali atabwezedwa zaka zonsezi zapitazi,Nyanja_NM_Spk1_U_8afc6873b1_Utterance_8_0_25.wav,9.44
NM,M,Spk1,U_8afc6873b1,0_25,Nyanja_NM_Spk1_U_8afc6873b1_Utterance_9,sindizanjenjemera mawa unaganiza tero mtengo wa mkuyu,Nyanja_NM_Spk1_U_8afc6873b1_Utterance_9_0_25.wav,5.21
NM,M,Spk1,U_8afc6873b1,0_25,Nyanja_NM_Spk1_U_8afc6873b1_Utterance_10,iwo anayenda mobwelera pang'ono kucoka pa njira nazigwededza modziwitsa wojambura uja kuti alowe,Nyanja_NM_Spk1_U_8afc6873b1_Utterance_10_0_25.wav,10.13
NM,M,Spk1,U_8afc6873b1,0_25,Nyanja_NM_Spk1_U_8afc6873b1_Utterance_11,ngati coletsedwa cocuuka kwambiri m'mene kugonana kungaimitsidwe koma sikungathe kuletsdwa nthawi ya pikiniki,Nyanja_NM_Spk1_U_8afc6873b1_Utterance_11_0_25.wav,8.87
NM,M,Spk1,U_8afc6873b1,0_25,Nyanja_NM_Spk1_U_8afc6873b1_Utterance_12,koma sitisamala konse ndipo tipanga cimo kukhala cinthu copepeka,Nyanja_NM_Spk1_U_8afc6873b1_Utterance_12_0_25.wav,4.806
NM,M,Spk1,U_8afc6873b1,0_25,Nyanja_NM_Spk1_U_8afc6873b1_Utterance_13,pulasitala (chigodo) ina yocepa yopakidwa kucipupa ca nyumba yotulutsira utsi inagwa pansi ndi kundicititsa mantha kutheratu,Nyanja_NM_Spk1_U_8afc6873b1_Utterance_13_0_25.wav,10.979
NM,M,Spk1,U_8afc6873b1,0_25,Nyanja_NM_Spk1_U_8afc6873b1_Utterance_14,muzandilola ine kuganizila njira zina anatero monena kuti izo ndi kulingana ndi zoganiza za munthu,Nyanja_NM_Spk1_U_8afc6873b1_Utterance_14_0_25.wav,8.285
NM,M,Spk1,U_8afc6873b1,0_25,Nyanja_NM_Spk1_U_8afc6873b1_Utterance_15,cilibe kukongola kuli konse copanda kukongola kosiyanako munjira iliyonse ndipo mizela yace yonse ndi yopanikizani ndi yosaoneka bwino,Nyanja_NM_Spk1_U_8afc6873b1_Utterance_15_0_25.wav,11.791
NM,M,Spk1,U_8afc6873b1,0_25,Nyanja_NM_Spk1_U_8afc6873b1_Utterance_16,unamsiya mu mpando ukufunsa kuti mpando uti uli pafupi ndi dzenera,Nyanja_NM_Spk1_U_8afc6873b1_Utterance_16_0_25.wav,5.356
NM,M,Spk1,U_8afc6873b1,0_25,Nyanja_NM_Spk1_U_8afc6873b1_Utterance_17,taima pomwepo ninatero ndikuona ndi kudabwa zolephera zanga,Nyanja_NM_Spk1_U_8afc6873b1_Utterance_17_0_25.wav,5.638
NM,M,Spk1,U_8afc6873b1,0_25,Nyanja_NM_Spk1_U_8afc6873b1_Utterance_18,cikanakhala bwino kwambiri ngati kuti akadalankhula pa zomanga cibwenzi ca anthu,Nyanja_NM_Spk1_U_8afc6873b1_Utterance_18_0_25.wav,5.91
NM,M,Spk1,U_8afc6873b1,0_25,Nyanja_NM_Spk1_U_8afc6873b1_Utterance_19,songasonga yogomoka ya mwala wa lidi inali itaikidwa pomwepo nayonso,Nyanja_NM_Spk1_U_8afc6873b1_Utterance_19_0_25.wav,6.199
NM,M,Spk1,U_8afc6873b1,0_25,Nyanja_NM_Spk1_U_8afc6873b1_Utterance_20,kumene kunali mlili wa bwato imene inagwera pamadzi nthawi yomweyo  iwo anabwera pafupi koma osati pafupi kwenekweni kotero kuti angathe kuona ciliconse,Nyanja_NM_Spk1_U_8afc6873b1_Utterance_20_0_25.wav,12.178
NM,M,Spk1,U_8afc6873b1,0_25,Nyanja_NM_Spk1_U_8afc6873b1_Utterance_21,ncifukwa ninji ili mu missouri ca kumalire ndiganizira tero tizatenga mapu,Nyanja_NM_Spk1_U_8afc6873b1_Utterance_21_0_25.wav,7.28
NM,M,Spk1,U_8afc6873b1,0_25,Nyanja_NM_Spk1_U_8afc6873b1_Utterance_22,msokonezo umene changu cake cinathandizira unali cifukwa ca kusadziwa kwake iye mwine,Nyanja_NM_Spk1_U_8afc6873b1_Utterance_22_0_25.wav,7.4
NM,M,Spk1,U_8afc6873b1,0_25,Nyanja_NM_Spk1_U_8afc6873b1_Utterance_23,anafunsa  phronsie ndi pa maso pace pa pang'ono  patayandikila ndi pamaso pa polli,Nyanja_NM_Spk1_U_8afc6873b1_Utterance_23_0_25.wav,6.41
NM,M,Spk1,U_8afc6873b1,0_25,Nyanja_NM_Spk1_U_8afc6873b1_Utterance_24,kagwiritsa nchito zinthu zamene zidyedwa ngati umboni wa kukhala ndi cuuma kuyenera kuikidwa ngati kukula mocotsera,Nyanja_NM_Spk1_U_8afc6873b1_Utterance_24_0_25.wav,10.004
NM,M,Spk1,U_8afc6873b1,0_25,Nyanja_NM_Spk1_U_8afc6873b1_Utterance_25,ayenera kuti iye anazipanga mosayenera zimenezi onani ngati pamaso pace panali pooneke mosabvutikira,Nyanja_NM_Spk1_U_8afc6873b1_Utterance_25_0_25.wav,8.525
NM,M,Spk1,U_c5ad2af5b9,25_50,Nyanja_NM_Spk1_U_c5ad2af5b9_Utterance_1,palibe kuda nkhawa za mayendedwe a nthawi zaimai azasatilapo,Nyanja_NM_Spk1_U_c5ad2af5b9_Utterance_1_25_50.wav,5.155
NM,M,Spk1,U_c5ad2af5b9,25_50,Nyanja_NM_Spk1_U_c5ad2af5b9_Utterance_2,mtima wa sitefani unayamba kupindika ndi kubisika ndi mantha ngati duwa imene ikuuma.,Nyanja_NM_Spk1_U_c5ad2af5b9_Utterance_2_25_50.wav,8.348
NM,M,Spk1,U_c5ad2af5b9,25_50,Nyanja_NM_Spk1_U_c5ad2af5b9_Utterance_3,zomasulila zina zimapezeka mkati mwa zidunswa za filimu zikuwala ndi nkhani ndi zionesero za mkati mwake,Nyanja_NM_Spk1_U_c5ad2af5b9_Utterance_3_25_50.wav,10.461
NM,M,Spk1,U_c5ad2af5b9,25_50,Nyanja_NM_Spk1_U_c5ad2af5b9_Utterance_4,ngati mzako akhala otangwanika muzicitidwe zace akhala mdyelekedzi,Nyanja_NM_Spk1_U_c5ad2af5b9_Utterance_4_25_50.wav,6.583
NM,M,Spk1,U_c5ad2af5b9,25_50,Nyanja_NM_Spk1_U_c5ad2af5b9_Utterance_5,pa kanthwi ndithu iye anagona pampando wace ndikumanva bwino ali kulota zokoma pa dzuwa ndi mbalame ndi mtengo,Nyanja_NM_Spk1_U_c5ad2af5b9_Utterance_5_25_50.wav,9.834
NM,M,Spk1,U_c5ad2af5b9,25_50,Nyanja_NM_Spk1_U_c5ad2af5b9_Utterance_6,segulani mitima yanu ndi kuzipeteka mu maphiko ankhunda onyowa,Nyanja_NM_Spk1_U_c5ad2af5b9_Utterance_6_25_50.wav,6.157
NM,M,Spk1,U_c5ad2af5b9,25_50,Nyanja_NM_Spk1_U_c5ad2af5b9_Utterance_7,pamathero azonse gulu limodzi linapita mosangalara ndipo gulu linali linakhala yekha ndiponso lodabwa,Nyanja_NM_Spk1_U_c5ad2af5b9_Utterance_7_25_50.wav,11.529
NM,M,Spk1,U_c5ad2af5b9,25_50,Nyanja_NM_Spk1_U_c5ad2af5b9_Utterance_8,zilombo ziwiri zinali cabemsokonezoumeneyu onse ndipo patsogolo pa maso anga ndikuona nyama zakumtunda ziwiei za mthengo,Nyanja_NM_Spk1_U_c5ad2af5b9_Utterance_8_25_50.wav,14.683
NM,M,Spk1,U_c5ad2af5b9,25_50,Nyanja_NM_Spk1_U_c5ad2af5b9_Utterance_9,ngati munthu amene simbutsa mu zaubatizo athira madzi asananene mau kodi mwana abatidzika,Nyanja_NM_Spk1_U_c5ad2af5b9_Utterance_9_25_50.wav,8.498
NM,M,Spk1,U_c5ad2af5b9,25_50,Nyanja_NM_Spk1_U_c5ad2af5b9_Utterance_10,zicitidwe zace ndi kukhuzidwa kwace pa kucitika kwa zinthu mwazizizi zinali zosabitsika,Nyanja_NM_Spk1_U_c5ad2af5b9_Utterance_10_25_50.wav,9.033
NM,M,Spk1,U_c5ad2af5b9,25_50,Nyanja_NM_Spk1_U_c5ad2af5b9_Utterance_11,nyengo ngati kuti tanena mau amenewo izasintha nthawi iliyonse,Nyanja_NM_Spk1_U_c5ad2af5b9_Utterance_11_25_50.wav,5.503
NM,M,Spk1,U_c5ad2af5b9,25_50,Nyanja_NM_Spk1_U_c5ad2af5b9_Utterance_12,mu dzina zambiri ikoma osati mu zonse osatinso kucita zimodzimodzi mwa kanthawi ka katali magulu awiriwa amagwirizana,Nyanja_NM_Spk1_U_c5ad2af5b9_Utterance_12_25_50.wav,10.403
NM,M,Spk1,U_c5ad2af5b9,25_50,Nyanja_NM_Spk1_U_c5ad2af5b9_Utterance_13,nkhakhala kanalikakang'ono conco kanali katalengetsa kusiyana kweni-kweni ku mbali ya cipindaco,Nyanja_NM_Spk1_U_c5ad2af5b9_Utterance_13_25_50.wav,8.406
NM,M,Spk1,U_c5ad2af5b9,25_50,Nyanja_NM_Spk1_U_c5ad2af5b9_Utterance_14,mwakamodzi cabemunjira ina ninaonetsa poyera kuti ndine mu pulofeti,Nyanja_NM_Spk1_U_c5ad2af5b9_Utterance_14_25_50.wav,5.828
NM,M,Spk1,U_c5ad2af5b9,25_50,Nyanja_NM_Spk1_U_c5ad2af5b9_Utterance_15,iye anapitila mwa henley albans nabwera pafupi kwambiri ndi dziko london ngati gejo (citsulo colimira) pa culu,Nyanja_NM_Spk1_U_c5ad2af5b9_Utterance_15_25_50.wav,9.404
NM,M,Spk1,U_c5ad2af5b9,25_50,Nyanja_NM_Spk1_U_c5ad2af5b9_Utterance_16,zomwe ndilankhula zonse zili pa inu,Nyanja_NM_Spk1_U_c5ad2af5b9_Utterance_16_25_50.wav,2.798
NM,M,Spk1,U_c5ad2af5b9,25_50,Nyanja_NM_Spk1_U_c5ad2af5b9_Utterance_17,inde ndipo abwera onse kumayeso awa inde,Nyanja_NM_Spk1_U_c5ad2af5b9_Utterance_17_25_50.wav,3.762
NM,M,Spk1,U_c5ad2af5b9,25_50,Nyanja_NM_Spk1_U_c5ad2af5b9_Utterance_18,ndizapatsidwirapo cilango tsopano ndiganiza kuti ndi kupyolera kundimwetsera mu misozi yanga,Nyanja_NM_Spk1_U_c5ad2af5b9_Utterance_18_25_50.wav,8.582
NM,M,Spk1,U_c5ad2af5b9,25_50,Nyanja_NM_Spk1_U_c5ad2af5b9_Utterance_19,kabweredwe ka anthu kunali kwakukulu mosayembekedzeleka ndipo asikana anali wosangalala kwabasi ataoneratu kupambana kwao mu phwando lao/cokondwerero cao,Nyanja_NM_Spk1_U_c5ad2af5b9_Utterance_19_25_50.wav,12.167
NM,M,Spk1,U_c5ad2af5b9,25_50,Nyanja_NM_Spk1_U_c5ad2af5b9_Utterance_20,ndipo anaponya manja mu lhosa la msuweni wace ndipo lakele ocenjera uja anayamba kucotsa misozi,Nyanja_NM_Spk1_U_c5ad2af5b9_Utterance_20_25_50.wav,8.824
NM,M,Spk1,U_c5ad2af5b9,25_50,Nyanja_NM_Spk1_U_c5ad2af5b9_Utterance_21,ndinali kuganiza kuti ndi zolingana kwabatsi ndi khadi imene ili ndi mtima pa makhadi a njuga anayankha kapitawo ali kusekelela mwapangono,Nyanja_NM_Spk1_U_c5ad2af5b9_Utterance_21_25_50.wav,13.05
NM,M,Spk1,U_c5ad2af5b9,25_50,Nyanja_NM_Spk1_U_c5ad2af5b9_Utterance_22,ndakatulo zina za soloni zinanenedwanso ndi anyamata,Nyanja_NM_Spk1_U_c5ad2af5b9_Utterance_22_25_50.wav,3.994
NM,M,Spk1,U_c5ad2af5b9,25_50,Nyanja_NM_Spk1_U_c5ad2af5b9_Utterance_23,sindizakhalanso woipa mtima onse anatero boolooroo uokalamba  ndizasintha njira zanga zoipa,Nyanja_NM_Spk1_U_c5ad2af5b9_Utterance_23_25_50.wav,8.51
NM,M,Spk1,U_c5ad2af5b9,25_50,Nyanja_NM_Spk1_U_c5ad2af5b9_Utterance_24,ndinalowa ndipon ndinakutenga mwacisinsi kulingana ndi zomwe tinakambirana pa gome yakumbali ija,Nyanja_NM_Spk1_U_c5ad2af5b9_Utterance_24_25_50.wav,9.253
NM,M,Spk1,U_c5ad2af5b9,25_50,Nyanja_NM_Spk1_U_c5ad2af5b9_Utterance_25,nanga za famu olafu zikalibe kutheka ndinayankha nati kuyenda ma ulendo aatali cimakoma nthawi ya cilimwe,Nyanja_NM_Spk1_U_c5ad2af5b9_Utterance_25_25_50.wav,9.056
NM,M,Spk1,U_c5ad2af5b9,0_25,Nyanja_NM_Spk1_U_c5ad2af5b9_Utterance_1,ndicokondweretsa kuona zinthu zonse zikupita mwacangu patsogoro ndikucitika,Nyanja_NM_Spk1_U_c5ad2af5b9_Utterance_1_0_25.wav,7.245
NM,M,Spk1,U_c5ad2af5b9,0_25,Nyanja_NM_Spk1_U_c5ad2af5b9_Utterance_2,koma ukhulupilira m'maphunziro anafunsa maliya,Nyanja_NM_Spk1_U_c5ad2af5b9_Utterance_2_0_25.wav,5.178
NM,M,Spk1,U_c5ad2af5b9,0_25,Nyanja_NM_Spk1_U_c5ad2af5b9_Utterance_3,ngati mokhutilitsidwa ndi kucingililidwa kwace mtsilikali anatsiya malo ace ndi kulowa m'menemo,Nyanja_NM_Spk1_U_c5ad2af5b9_Utterance_3_0_25.wav,8.51
NM,M,Spk1,U_c5ad2af5b9,0_25,Nyanja_NM_Spk1_U_c5ad2af5b9_Utterance_4,kodi sizinali zokhutilitsa kunena kucokera kwa ambuye mulungu,Nyanja_NM_Spk1_U_c5ad2af5b9_Utterance_4_0_25.wav,4.47
NM,M,Spk1,U_c5ad2af5b9,0_25,Nyanja_NM_Spk1_U_c5ad2af5b9_Utterance_5,mopambana kuipa kwace tomu mopambana kuipa kwace anatero kapitawo wa mundende mokwiya,Nyanja_NM_Spk1_U_c5ad2af5b9_Utterance_5_0_25.wav,7.686
NM,M,Spk1,U_c5ad2af5b9,0_25,Nyanja_NM_Spk1_U_c5ad2af5b9_Utterance_6,khwangwala anakhala pa msambo wa mtengo namayangana nyama yosakidwa ili kusamba mu madzi munsimo,Nyanja_NM_Spk1_U_c5ad2af5b9_Utterance_6_0_25.wav,9.369
NM,M,Spk1,U_c5ad2af5b9,0_25,Nyanja_NM_Spk1_U_c5ad2af5b9_Utterance_7,izo tsopano zinali zoganiza zace zabwino ana akhanda awiri conco,Nyanja_NM_Spk1_U_c5ad2af5b9_Utterance_7_0_25.wav,5.875
NM,M,Spk1,U_c5ad2af5b9,0_25,Nyanja_NM_Spk1_U_c5ad2af5b9_Utterance_8,zinthu zazing'ono za mu umphawi analira cynthia aganizireni uti anali atabwezedwa zaka zonsezi zapitazi,Nyanja_NM_Spk1_U_c5ad2af5b9_Utterance_8_0_25.wav,10.356
NM,M,Spk1,U_c5ad2af5b9,0_25,Nyanja_NM_Spk1_U_c5ad2af5b9_Utterance_9,sindizanjenjemera mawa unaganiza tero mtengo wa mkuyu,Nyanja_NM_Spk1_U_c5ad2af5b9_Utterance_9_0_25.wav,5.166
NM,M,Spk1,U_c5ad2af5b9,0_25,Nyanja_NM_Spk1_U_c5ad2af5b9_Utterance_10,iwo anayenda mobwelera pang'ono kucoka pa njira nazigwededza modziwitsa wojambura uja kuti alowe,Nyanja_NM_Spk1_U_c5ad2af5b9_Utterance_10_0_25.wav,8.615
NM,M,Spk1,U_c5ad2af5b9,0_25,Nyanja_NM_Spk1_U_c5ad2af5b9_Utterance_11,ngati coletsedwa cocuuka kwambiri m'mene kugonana kungaimitsidwe koma sikungathe kuletsdwa nthawi ya pikiniki,Nyanja_NM_Spk1_U_c5ad2af5b9_Utterance_11_0_25.wav,10.995
NM,M,Spk1,U_c5ad2af5b9,0_25,Nyanja_NM_Spk1_U_c5ad2af5b9_Utterance_12,koma sitisamala konse ndipo tipanga cimo kukhala cinthu copepeka,Nyanja_NM_Spk1_U_c5ad2af5b9_Utterance_12_0_25.wav,5.445
NM,M,Spk1,U_c5ad2af5b9,0_25,Nyanja_NM_Spk1_U_c5ad2af5b9_Utterance_13,pulasitala (chigodo) ina yocepa yopakidwa kucipupa ca nyumba yotulutsira utsi inagwa pansi ndi kundicititsa mantha kutheratu,Nyanja_NM_Spk1_U_c5ad2af5b9_Utterance_13_0_25.wav,12.086
NM,M,Spk1,U_c5ad2af5b9,0_25,Nyanja_NM_Spk1_U_c5ad2af5b9_Utterance_14,muzandilola ine kuganizila njira zina anatero monena kuti izo ndi kulingana ndi zoganiza za munthu,Nyanja_NM_Spk1_U_c5ad2af5b9_Utterance_14_0_25.wav,8.893
NM,M,Spk1,U_c5ad2af5b9,0_25,Nyanja_NM_Spk1_U_c5ad2af5b9_Utterance_15,cilibe kukongola kuli konse copanda kukongola kosiyanako munjira iliyonse ndipo mizela yace yonse ndi yopanikizani ndi yosaoneka bwino,Nyanja_NM_Spk1_U_c5ad2af5b9_Utterance_15_0_25.wav,11.789
NM,M,Spk1,U_c5ad2af5b9,0_25,Nyanja_NM_Spk1_U_c5ad2af5b9_Utterance_16,unamsiya mu mpando ukufunsa kuti mpando uti uli pafupi ndi dzenera,Nyanja_NM_Spk1_U_c5ad2af5b9_Utterance_16_0_25.wav,6.699
NM,M,Spk1,U_c5ad2af5b9,0_25,Nyanja_NM_Spk1_U_c5ad2af5b9_Utterance_17,taima pomwepo ninatero ndikuona ndi kudabwa zolephera zanga,Nyanja_NM_Spk1_U_c5ad2af5b9_Utterance_17_0_25.wav,6.026
NM,M,Spk1,U_c5ad2af5b9,0_25,Nyanja_NM_Spk1_U_c5ad2af5b9_Utterance_18,cikanakhala bwino kwambiri ngati kuti akadalankhula pa zomanga cibwenzi ca anthu,Nyanja_NM_Spk1_U_c5ad2af5b9_Utterance_18_0_25.wav,5.445
NM,M,Spk1,U_c5ad2af5b9,0_25,Nyanja_NM_Spk1_U_c5ad2af5b9_Utterance_19,songasonga yogomoka ya mwala wa lidi inali itaikidwa pomwepo nayonso,Nyanja_NM_Spk1_U_c5ad2af5b9_Utterance_19_0_25.wav,6.037
NM,M,Spk1,U_c5ad2af5b9,0_25,Nyanja_NM_Spk1_U_c5ad2af5b9_Utterance_20,kumene kunali mlili wa bwato imene inagwera pamadzi nthawi yomweyo  iwo anabwera pafupi koma osati pafupi kwenekweni kotero kuti angathe kuona ciliconse,Nyanja_NM_Spk1_U_c5ad2af5b9_Utterance_20_0_25.wav,14.56
NM,M,Spk1,U_c5ad2af5b9,0_25,Nyanja_NM_Spk1_U_c5ad2af5b9_Utterance_21,ncifukwa ninji ili mu missouri ca kumalire ndiganizira tero tizatenga mapu,Nyanja_NM_Spk1_U_c5ad2af5b9_Utterance_21_0_25.wav,7.349
NM,M,Spk1,U_c5ad2af5b9,0_25,Nyanja_NM_Spk1_U_c5ad2af5b9_Utterance_22,msokonezo umene changu cake cinathandizira unali cifukwa ca kusadziwa kwake iye mwine,Nyanja_NM_Spk1_U_c5ad2af5b9_Utterance_22_0_25.wav,7.407
NM,M,Spk1,U_c5ad2af5b9,0_25,Nyanja_NM_Spk1_U_c5ad2af5b9_Utterance_23,anafunsa  phronsie ndi pa maso pace pa pang'ono  patayandikila ndi pamaso pa polli,Nyanja_NM_Spk1_U_c5ad2af5b9_Utterance_23_0_25.wav,6.92
NM,M,Spk1,U_c5ad2af5b9,0_25,Nyanja_NM_Spk1_U_c5ad2af5b9_Utterance_24,kagwiritsa nchito zinthu zamene zidyedwa ngati umboni wa kukhala ndi cuuma kuyenera kuikidwa ngati kukula mocotsera,Nyanja_NM_Spk1_U_c5ad2af5b9_Utterance_24_0_25.wav,10.321
NM,M,Spk1,U_c5ad2af5b9,0_25,Nyanja_NM_Spk1_U_c5ad2af5b9_Utterance_25,ayenera kuti iye anazipanga mosayenera zimenezi onani ngati pamaso pace panali pooneke mosabvutikira,Nyanja_NM_Spk1_U_c5ad2af5b9_Utterance_25_0_25.wav,9.276
NM,M,Spk1,U_2e9fba62e1,25_50,Nyanja_NM_Spk1_U_2e9fba62e1_Utterance_1,palibe kuda nkhawa za mayendedwe a nthawi zaimai azasatilapo,Nyanja_NM_Spk1_U_2e9fba62e1_Utterance_1_25_50.wav,9.755
NM,M,Spk1,U_2e9fba62e1,25_50,Nyanja_NM_Spk1_U_2e9fba62e1_Utterance_2,mtima wa sitefani unayamba kupindika ndi kubisika ndi mantha ngati duwa imene ikuuma.,Nyanja_NM_Spk1_U_2e9fba62e1_Utterance_2_25_50.wav,11.015
NM,M,Spk1,U_2e9fba62e1,25_50,Nyanja_NM_Spk1_U_2e9fba62e1_Utterance_3,zomasulila zina zimapezeka mkati mwa zidunswa za filimu zikuwala ndi nkhani ndi zionesero za mkati mwake,Nyanja_NM_Spk1_U_2e9fba62e1_Utterance_3_25_50.wav,15.41
NM,M,Spk1,U_2e9fba62e1,25_50,Nyanja_NM_Spk1_U_2e9fba62e1_Utterance_4,ngati mzako akhala otangwanika muzicitidwe zace akhala mdyelekedzi,Nyanja_NM_Spk1_U_2e9fba62e1_Utterance_4_25_50.wav,3.305
NM,M,Spk1,U_2e9fba62e1,25_50,Nyanja_NM_Spk1_U_2e9fba62e1_Utterance_5,pa kanthwi ndithu iye anagona pampando wace ndikumanva bwino ali kulota zokoma pa dzuwa ndi mbalame ndi mtengo,Nyanja_NM_Spk1_U_2e9fba62e1_Utterance_5_25_50.wav,8.345
NM,M,Spk1,U_2e9fba62e1,25_50,Nyanja_NM_Spk1_U_2e9fba62e1_Utterance_6,segulani mitima yanu ndi kuzipeteka mu maphiko ankhunda onyowa,Nyanja_NM_Spk1_U_2e9fba62e1_Utterance_6_25_50.wav,3.815
NM,M,Spk1,U_2e9fba62e1,25_50,Nyanja_NM_Spk1_U_2e9fba62e1_Utterance_7,pamathero azonse gulu limodzi linapita mosangalara ndipo gulu linali linakhala yekha ndiponso lodabwa,Nyanja_NM_Spk1_U_2e9fba62e1_Utterance_7_25_50.wav,7.505
NM,M,Spk1,U_2e9fba62e1,25_50,Nyanja_NM_Spk1_U_2e9fba62e1_Utterance_8,zilombo ziwiri zinali cabemsokonezoumeneyu onse ndipo patsogolo pa maso anga ndikuona nyama zakumtunda ziwiei za mthengo,Nyanja_NM_Spk1_U_2e9fba62e1_Utterance_8_25_50.wav,14.165
NM,M,Spk1,U_2e9fba62e1,25_50,Nyanja_NM_Spk1_U_2e9fba62e1_Utterance_9,ngati munthu amene simbutsa mu zaubatizo athira madzi asananene mau kodi mwana abatidzika,Nyanja_NM_Spk1_U_2e9fba62e1_Utterance_9_25_50.wav,4.895
NM,M,Spk1,U_2e9fba62e1,25_50,Nyanja_NM_Spk1_U_2e9fba62e1_Utterance_10,zicitidwe zace ndi kukhuzidwa kwace pa kucitika kwa zinthu mwazizizi zinali zosabitsika,Nyanja_NM_Spk1_U_2e9fba62e1_Utterance_10_25_50.wav,12.74
NM,M,Spk1,U_2e9fba62e1,25_50,Nyanja_NM_Spk1_U_2e9fba62e1_Utterance_11,nyengo ngati kuti tanena mau amenewo izasintha nthawi iliyonse,Nyanja_NM_Spk1_U_2e9fba62e1_Utterance_11_25_50.wav,11.465
NM,M,Spk1,U_2e9fba62e1,25_50,Nyanja_NM_Spk1_U_2e9fba62e1_Utterance_12,mu dzina zambiri ikoma osati mu zonse osatinso kucita zimodzimodzi mwa kanthawi ka katali magulu awiriwa amagwirizana,Nyanja_NM_Spk1_U_2e9fba62e1_Utterance_12_25_50.wav,10.4
NM,M,Spk1,U_2e9fba62e1,25_50,Nyanja_NM_Spk1_U_2e9fba62e1_Utterance_13,nkhakhala kanalikakang'ono conco kanali katalengetsa kusiyana kweni-kweni ku mbali ya cipindaco,Nyanja_NM_Spk1_U_2e9fba62e1_Utterance_13_25_50.wav,5.525
NM,M,Spk1,U_2e9fba62e1,25_50,Nyanja_NM_Spk1_U_2e9fba62e1_Utterance_14,mwakamodzi cabemunjira ina ninaonetsa poyera kuti ndine mu pulofeti,Nyanja_NM_Spk1_U_2e9fba62e1_Utterance_14_25_50.wav,9.755
NM,M,Spk1,U_2e9fba62e1,25_50,Nyanja_NM_Spk1_U_2e9fba62e1_Utterance_15,iye anapitila mwa henley albans nabwera pafupi kwambiri ndi dziko london ngati gejo (citsulo colimira) pa culu,Nyanja_NM_Spk1_U_2e9fba62e1_Utterance_15_25_50.wav,8.75
NM,M,Spk1,U_2e9fba62e1,25_50,Nyanja_NM_Spk1_U_2e9fba62e1_Utterance_16,zomwe ndilankhula zonse zili pa inu,Nyanja_NM_Spk1_U_2e9fba62e1_Utterance_16_25_50.wav,4.64
NM,M,Spk1,U_2e9fba62e1,25_50,Nyanja_NM_Spk1_U_2e9fba62e1_Utterance_17,inde ndipo abwera onse kumayeso awa inde,Nyanja_NM_Spk1_U_2e9fba62e1_Utterance_17_25_50.wav,5.6
NM,M,Spk1,U_2e9fba62e1,25_50,Nyanja_NM_Spk1_U_2e9fba62e1_Utterance_18,ndizapatsidwirapo cilango tsopano ndiganiza kuti ndi kupyolera kundimwetsera mu misozi yanga,Nyanja_NM_Spk1_U_2e9fba62e1_Utterance_18_25_50.wav,6.965
NM,M,Spk1,U_2e9fba62e1,25_50,Nyanja_NM_Spk1_U_2e9fba62e1_Utterance_19,kabweredwe ka anthu kunali kwakukulu mosayembekedzeleka ndipo asikana anali wosangalala kwabasi ataoneratu kupambana kwao mu phwando lao/cokondwerero cao,Nyanja_NM_Spk1_U_2e9fba62e1_Utterance_19_25_50.wav,11.585
NM,M,Spk1,U_2e9fba62e1,25_50,Nyanja_NM_Spk1_U_2e9fba62e1_Utterance_20,ndipo anaponya manja mu lhosa la msuweni wace ndipo lakele ocenjera uja anayamba kucotsa misozi,Nyanja_NM_Spk1_U_2e9fba62e1_Utterance_20_25_50.wav,8.765
NM,M,Spk1,U_2e9fba62e1,25_50,Nyanja_NM_Spk1_U_2e9fba62e1_Utterance_21,ndinali kuganiza kuti ndi zolingana kwabatsi ndi khadi imene ili ndi mtima pa makhadi a njuga anayankha kapitawo ali kusekelela mwapangono,Nyanja_NM_Spk1_U_2e9fba62e1_Utterance_21_25_50.wav,11.255
NM,M,Spk1,U_2e9fba62e1,25_50,Nyanja_NM_Spk1_U_2e9fba62e1_Utterance_22,ndakatulo zina za soloni zinanenedwanso ndi anyamata,Nyanja_NM_Spk1_U_2e9fba62e1_Utterance_22_25_50.wav,6.125
NM,M,Spk1,U_2e9fba62e1,25_50,Nyanja_NM_Spk1_U_2e9fba62e1_Utterance_23,sindizakhalanso woipa mtima onse anatero boolooroo uokalamba  ndizasintha njira zanga zoipa,Nyanja_NM_Spk1_U_2e9fba62e1_Utterance_23_25_50.wav,9.605
NM,M,Spk1,U_2e9fba62e1,25_50,Nyanja_NM_Spk1_U_2e9fba62e1_Utterance_24,ndinalowa ndipon ndinakutenga mwacisinsi kulingana ndi zomwe tinakambirana pa gome yakumbali ija,Nyanja_NM_Spk1_U_2e9fba62e1_Utterance_24_25_50.wav,9.605
NM,M,Spk1,U_2e9fba62e1,25_50,Nyanja_NM_Spk1_U_2e9fba62e1_Utterance_25,nanga za famu olafu zikalibe kutheka ndinayankha nati kuyenda ma ulendo aatali cimakoma nthawi ya cilimwe,Nyanja_NM_Spk1_U_2e9fba62e1_Utterance_25_25_50.wav,3.155
NM,M,Spk1,U_2e9fba62e1,0_25,Nyanja_NM_Spk1_U_2e9fba62e1_Utterance_1,ndicokondweretsa kuona zinthu zonse zikupita mwacangu patsogoro ndikucitika,Nyanja_NM_Spk1_U_2e9fba62e1_Utterance_1_0_25.wav,27.1
NM,M,Spk1,U_2e9fba62e1,0_25,Nyanja_NM_Spk1_U_2e9fba62e1_Utterance_2,koma ukhulupilira m'maphunziro anafunsa maliya,Nyanja_NM_Spk1_U_2e9fba62e1_Utterance_2_0_25.wav,7.745
NM,M,Spk1,U_2e9fba62e1,0_25,Nyanja_NM_Spk1_U_2e9fba62e1_Utterance_3,ngati mokhutilitsidwa ndi kucingililidwa kwace mtsilikali anatsiya malo ace ndi kulowa m'menemo,Nyanja_NM_Spk1_U_2e9fba62e1_Utterance_3_0_25.wav,8.555
NM,M,Spk1,U_2e9fba62e1,0_25,Nyanja_NM_Spk1_U_2e9fba62e1_Utterance_4,kodi sizinali zokhutilitsa kunena kucokera kwa ambuye mulungu,Nyanja_NM_Spk1_U_2e9fba62e1_Utterance_4_0_25.wav,8.555
NM,M,Spk1,U_2e9fba62e1,0_25,Nyanja_NM_Spk1_U_2e9fba62e1_Utterance_5,mopambana kuipa kwace tomu mopambana kuipa kwace anatero kapitawo wa mundende mokwiya,Nyanja_NM_Spk1_U_2e9fba62e1_Utterance_5_0_25.wav,8.555
NM,M,Spk1,U_2e9fba62e1,0_25,Nyanja_NM_Spk1_U_2e9fba62e1_Utterance_6,khwangwala anakhala pa msambo wa mtengo namayangana nyama yosakidwa ili kusamba mu madzi munsimo,Nyanja_NM_Spk1_U_2e9fba62e1_Utterance_6_0_25.wav,8.555
NM,M,Spk1,U_2e9fba62e1,0_25,Nyanja_NM_Spk1_U_2e9fba62e1_Utterance_7,izo tsopano zinali zoganiza zace zabwino ana akhanda awiri conco,Nyanja_NM_Spk1_U_2e9fba62e1_Utterance_7_0_25.wav,4.74
NM,M,Spk1,U_2e9fba62e1,0_25,Nyanja_NM_Spk1_U_2e9fba62e1_Utterance_8,zinthu zazing'ono za mu umphawi analira cynthia aganizireni uti anali atabwezedwa zaka zonsezi zapitazi,Nyanja_NM_Spk1_U_2e9fba62e1_Utterance_8_0_25.wav,8.741
NM,M,Spk1,U_2e9fba62e1,0_25,Nyanja_NM_Spk1_U_2e9fba62e1_Utterance_9,sindizanjenjemera mawa unaganiza tero mtengo wa mkuyu,Nyanja_NM_Spk1_U_2e9fba62e1_Utterance_9_0_25.wav,9.2
NM,M,Spk1,U_2e9fba62e1,0_25,Nyanja_NM_Spk1_U_2e9fba62e1_Utterance_10,iwo anayenda mobwelera pang'ono kucoka pa njira nazigwededza modziwitsa wojambura uja kuti alowe,Nyanja_NM_Spk1_U_2e9fba62e1_Utterance_10_0_25.wav,8.741
NM,M,Spk1,U_2e9fba62e1,0_25,Nyanja_NM_Spk1_U_2e9fba62e1_Utterance_11,ngati coletsedwa cocuuka kwambiri m'mene kugonana kungaimitsidwe koma sikungathe kuletsdwa nthawi ya pikiniki,Nyanja_NM_Spk1_U_2e9fba62e1_Utterance_11_0_25.wav,12.725
NM,M,Spk1,U_2e9fba62e1,0_25,Nyanja_NM_Spk1_U_2e9fba62e1_Utterance_12,koma sitisamala konse ndipo tipanga cimo kukhala cinthu copepeka,Nyanja_NM_Spk1_U_2e9fba62e1_Utterance_12_0_25.wav,8.741
NM,M,Spk1,U_2e9fba62e1,0_25,Nyanja_NM_Spk1_U_2e9fba62e1_Utterance_13,pulasitala (chigodo) ina yocepa yopakidwa kucipupa ca nyumba yotulutsira utsi inagwa pansi ndi kundicititsa mantha kutheratu,Nyanja_NM_Spk1_U_2e9fba62e1_Utterance_13_0_25.wav,8.741
NM,M,Spk1,U_2e9fba62e1,0_25,Nyanja_NM_Spk1_U_2e9fba62e1_Utterance_14,muzandilola ine kuganizila njira zina anatero monena kuti izo ndi kulingana ndi zoganiza za munthu,Nyanja_NM_Spk1_U_2e9fba62e1_Utterance_14_0_25.wav,8.741
NM,M,Spk1,U_2e9fba62e1,0_25,Nyanja_NM_Spk1_U_2e9fba62e1_Utterance_15,cilibe kukongola kuli konse copanda kukongola kosiyanako munjira iliyonse ndipo mizela yace yonse ndi yopanikizani ndi yosaoneka bwino,Nyanja_NM_Spk1_U_2e9fba62e1_Utterance_15_0_25.wav,9.59
NM,M,Spk1,U_2e9fba62e1,0_25,Nyanja_NM_Spk1_U_2e9fba62e1_Utterance_16,unamsiya mu mpando ukufunsa kuti mpando uti uli pafupi ndi dzenera,Nyanja_NM_Spk1_U_2e9fba62e1_Utterance_16_0_25.wav,8.741
NM,M,Spk1,U_2e9fba62e1,0_25,Nyanja_NM_Spk1_U_2e9fba62e1_Utterance_17,taima pomwepo ninatero ndikuona ndi kudabwa zolephera zanga,Nyanja_NM_Spk1_U_2e9fba62e1_Utterance_17_0_25.wav,8.741
NM,M,Spk1,U_2e9fba62e1,0_25,Nyanja_NM_Spk1_U_2e9fba62e1_Utterance_18,cikanakhala bwino kwambiri ngati kuti akadalankhula pa zomanga cibwenzi ca anthu,Nyanja_NM_Spk1_U_2e9fba62e1_Utterance_18_0_25.wav,8.741
NM,M,Spk1,U_2e9fba62e1,0_25,Nyanja_NM_Spk1_U_2e9fba62e1_Utterance_19,songasonga yogomoka ya mwala wa lidi inali itaikidwa pomwepo nayonso,Nyanja_NM_Spk1_U_2e9fba62e1_Utterance_19_0_25.wav,8.885
NM,M,Spk1,U_2e9fba62e1,0_25,Nyanja_NM_Spk1_U_2e9fba62e1_Utterance_20,kumene kunali mlili wa bwato imene inagwera pamadzi nthawi yomweyo  iwo anabwera pafupi koma osati pafupi kwenekweni kotero kuti angathe kuona ciliconse,Nyanja_NM_Spk1_U_2e9fba62e1_Utterance_20_0_25.wav,8.741
NM,M,Spk1,U_2e9fba62e1,0_25,Nyanja_NM_Spk1_U_2e9fba62e1_Utterance_21,ncifukwa ninji ili mu missouri ca kumalire ndiganizira tero tizatenga mapu,Nyanja_NM_Spk1_U_2e9fba62e1_Utterance_21_0_25.wav,8.741
NM,M,Spk1,U_2e9fba62e1,0_25,Nyanja_NM_Spk1_U_2e9fba62e1_Utterance_22,msokonezo umene changu cake cinathandizira unali cifukwa ca kusadziwa kwake iye mwine,Nyanja_NM_Spk1_U_2e9fba62e1_Utterance_22_0_25.wav,8.741
NM,M,Spk1,U_2e9fba62e1,0_25,Nyanja_NM_Spk1_U_2e9fba62e1_Utterance_23,anafunsa  phronsie ndi pa maso pace pa pang'ono  patayandikila ndi pamaso pa polli,Nyanja_NM_Spk1_U_2e9fba62e1_Utterance_23_0_25.wav,9.812
NM,M,Spk1,U_2e9fba62e1,0_25,Nyanja_NM_Spk1_U_2e9fba62e1_Utterance_24,kagwiritsa nchito zinthu zamene zidyedwa ngati umboni wa kukhala ndi cuuma kuyenera kuikidwa ngati kukula mocotsera,Nyanja_NM_Spk1_U_2e9fba62e1_Utterance_24_0_25.wav,8.741
NM,M,Spk1,U_2e9fba62e1,0_25,Nyanja_NM_Spk1_U_2e9fba62e1_Utterance_25,ayenera kuti iye anazipanga mosayenera zimenezi onani ngati pamaso pace panali pooneke mosabvutikira,Nyanja_NM_Spk1_U_2e9fba62e1_Utterance_25_0_25.wav,9.812
NM,M,Spk1,U_e951550605,25_50,Nyanja_NM_Spk1_U_e951550605_Utterance_1,palibe kuda nkhawa za mayendedwe a nthawi zaimai azasatilapo,Nyanja_NM_Spk1_U_e951550605_Utterance_1_25_50.wav,7.055
NM,M,Spk1,U_e951550605,25_50,Nyanja_NM_Spk1_U_e951550605_Utterance_2,mtima wa sitefani unayamba kupindika ndi kubisika ndi mantha ngati duwa imene ikuuma.,Nyanja_NM_Spk1_U_e951550605_Utterance_2_25_50.wav,5.661
NM,M,Spk1,U_e951550605,25_50,Nyanja_NM_Spk1_U_e951550605_Utterance_3,zomasulila zina zimapezeka mkati mwa zidunswa za filimu zikuwala ndi nkhani ndi zionesero za mkati mwake,Nyanja_NM_Spk1_U_e951550605_Utterance_3_25_50.wav,9.043
NM,M,Spk1,U_e951550605,25_50,Nyanja_NM_Spk1_U_e951550605_Utterance_4,ngati mzako akhala otangwanika muzicitidwe zace akhala mdyelekedzi,Nyanja_NM_Spk1_U_e951550605_Utterance_4_25_50.wav,5.095
NM,M,Spk1,U_e951550605,25_50,Nyanja_NM_Spk1_U_e951550605_Utterance_5,pa kanthwi ndithu iye anagona pampando wace ndikumanva bwino ali kulota zokoma pa dzuwa ndi mbalame ndi mtengo,Nyanja_NM_Spk1_U_e951550605_Utterance_5_25_50.wav,8.394
NM,M,Spk1,U_e951550605,25_50,Nyanja_NM_Spk1_U_e951550605_Utterance_6,segulani mitima yanu ndi kuzipeteka mu maphiko ankhunda onyowa,Nyanja_NM_Spk1_U_e951550605_Utterance_6_25_50.wav,6.351
NM,M,Spk1,U_e951550605,25_50,Nyanja_NM_Spk1_U_e951550605_Utterance_7,pamathero azonse gulu limodzi linapita mosangalara ndipo gulu linali linakhala yekha ndiponso lodabwa,Nyanja_NM_Spk1_U_e951550605_Utterance_7_25_50.wav,7.729
NM,M,Spk1,U_e951550605,25_50,Nyanja_NM_Spk1_U_e951550605_Utterance_8,zilombo ziwiri zinali cabemsokonezoumeneyu onse ndipo patsogolo pa maso anga ndikuona nyama zakumtunda ziwiei za mthengo,Nyanja_NM_Spk1_U_e951550605_Utterance_8_25_50.wav,11.577
NM,M,Spk1,U_e951550605,25_50,Nyanja_NM_Spk1_U_e951550605_Utterance_9,ngati munthu amene simbutsa mu zaubatizo athira madzi asananene mau kodi mwana abatidzika,Nyanja_NM_Spk1_U_e951550605_Utterance_9_25_50.wav,8.256
NM,M,Spk1,U_e951550605,25_50,Nyanja_NM_Spk1_U_e951550605_Utterance_10,zicitidwe zace ndi kukhuzidwa kwace pa kucitika kwa zinthu mwazizizi zinali zosabitsika,Nyanja_NM_Spk1_U_e951550605_Utterance_10_25_50.wav,8.132
NM,M,Spk1,U_e951550605,25_50,Nyanja_NM_Spk1_U_e951550605_Utterance_11,nyengo ngati kuti tanena mau amenewo izasintha nthawi iliyonse,Nyanja_NM_Spk1_U_e951550605_Utterance_11_25_50.wav,4.832
NM,M,Spk1,U_e951550605,25_50,Nyanja_NM_Spk1_U_e951550605_Utterance_12,mu dzina zambiri ikoma osati mu zonse osatinso kucita zimodzimodzi mwa kanthawi ka katali magulu awiriwa amagwirizana,Nyanja_NM_Spk1_U_e951550605_Utterance_12_25_50.wav,11.156
NM,M,Spk1,U_e951550605,25_50,Nyanja_NM_Spk1_U_e951550605_Utterance_13,nkhakhala kanalikakang'ono conco kanali katalengetsa kusiyana kweni-kweni ku mbali ya cipindaco,Nyanja_NM_Spk1_U_e951550605_Utterance_13_25_50.wav,8.132
NM,M,Spk1,U_e951550605,25_50,Nyanja_NM_Spk1_U_e951550605_Utterance_14,mwakamodzi cabemunjira ina ninaonetsa poyera kuti ndine mu pulofeti,Nyanja_NM_Spk1_U_e951550605_Utterance_14_25_50.wav,7.233
NM,M,Spk1,U_e951550605,25_50,Nyanja_NM_Spk1_U_e951550605_Utterance_15,iye anapitila mwa henley albans nabwera pafupi kwambiri ndi dziko london ngati gejo (citsulo colimira) pa culu,Nyanja_NM_Spk1_U_e951550605_Utterance_15_25_50.wav,8.636
NM,M,Spk1,U_e951550605,25_50,Nyanja_NM_Spk1_U_e951550605_Utterance_16,zomwe ndilankhula zonse zili pa inu,Nyanja_NM_Spk1_U_e951550605_Utterance_16_25_50.wav,4.105
NM,M,Spk1,U_e951550605,25_50,Nyanja_NM_Spk1_U_e951550605_Utterance_17,inde ndipo abwera onse kumayeso awa inde,Nyanja_NM_Spk1_U_e951550605_Utterance_17_25_50.wav,3.273
NM,M,Spk1,U_e951550605,25_50,Nyanja_NM_Spk1_U_e951550605_Utterance_18,ndizapatsidwirapo cilango tsopano ndiganiza kuti ndi kupyolera kundimwetsera mu misozi yanga,Nyanja_NM_Spk1_U_e951550605_Utterance_18_25_50.wav,0.773
NM,M,Spk1,U_e951550605,25_50,Nyanja_NM_Spk1_U_e951550605_Utterance_19,kabweredwe ka anthu kunali kwakukulu mosayembekedzeleka ndipo asikana anali wosangalala kwabasi ataoneratu kupambana kwao mu phwando lao/cokondwerero cao,Nyanja_NM_Spk1_U_e951550605_Utterance_19_25_50.wav,14.235
NM,M,Spk1,U_e951550605,25_50,Nyanja_NM_Spk1_U_e951550605_Utterance_20,ndipo anaponya manja mu lhosa la msuweni wace ndipo lakele ocenjera uja anayamba kucotsa misozi,Nyanja_NM_Spk1_U_e951550605_Utterance_20_25_50.wav,10.309
NM,M,Spk1,U_e951550605,25_50,Nyanja_NM_Spk1_U_e951550605_Utterance_21,ndinali kuganiza kuti ndi zolingana kwabatsi ndi khadi imene ili ndi mtima pa makhadi a njuga anayankha kapitawo ali kusekelela mwapangono,Nyanja_NM_Spk1_U_e951550605_Utterance_21_25_50.wav,14.963
NM,M,Spk1,U_e951550605,25_50,Nyanja_NM_Spk1_U_e951550605_Utterance_22,ndakatulo zina za soloni zinanenedwanso ndi anyamata,Nyanja_NM_Spk1_U_e951550605_Utterance_22_25_50.wav,6.793
NM,M,Spk1,U_e951550605,25_50,Nyanja_NM_Spk1_U_e951550605_Utterance_23,sindizakhalanso woipa mtima onse anatero boolooroo uokalamba  ndizasintha njira zanga zoipa,Nyanja_NM_Spk1_U_e951550605_Utterance_23_25_50.wav,1.353
NM,M,Spk1,U_e951550605,25_50,Nyanja_NM_Spk1_U_e951550605_Utterance_24,ndinalowa ndipon ndinakutenga mwacisinsi kulingana ndi zomwe tinakambirana pa gome yakumbali ija,Nyanja_NM_Spk1_U_e951550605_Utterance_24_25_50.wav,7.36
NM,M,Spk1,U_e951550605,25_50,Nyanja_NM_Spk1_U_e951550605_Utterance_25,nanga za famu olafu zikalibe kutheka ndinayankha nati kuyenda ma ulendo aatali cimakoma nthawi ya cilimwe,Nyanja_NM_Spk1_U_e951550605_Utterance_25_25_50.wav,8.388
NM,M,Spk1,U_e951550605,0_25,Nyanja_NM_Spk1_U_e951550605_Utterance_1,ndicokondweretsa kuona zinthu zonse zikupita mwacangu patsogoro ndikucitika,Nyanja_NM_Spk1_U_e951550605_Utterance_1_0_25.wav,4.888
NM,M,Spk1,U_e951550605,0_25,Nyanja_NM_Spk1_U_e951550605_Utterance_2,koma ukhulupilira m'maphunziro anafunsa maliya,Nyanja_NM_Spk1_U_e951550605_Utterance_2_0_25.wav,3.704
NM,M,Spk1,U_e951550605,0_25,Nyanja_NM_Spk1_U_e951550605_Utterance_3,ngati mokhutilitsidwa ndi kucingililidwa kwace mtsilikali anatsiya malo ace ndi kulowa m'menemo,Nyanja_NM_Spk1_U_e951550605_Utterance_3_0_25.wav,7.372
NM,M,Spk1,U_e951550605,0_25,Nyanja_NM_Spk1_U_e951550605_Utterance_4,kodi sizinali zokhutilitsa kunena kucokera kwa ambuye mulungu,Nyanja_NM_Spk1_U_e951550605_Utterance_4_0_25.wav,4.527
NM,M,Spk1,U_e951550605,0_25,Nyanja_NM_Spk1_U_e951550605_Utterance_5,mopambana kuipa kwace tomu mopambana kuipa kwace anatero kapitawo wa mundende mokwiya,Nyanja_NM_Spk1_U_e951550605_Utterance_5_0_25.wav,6.219
NM,M,Spk1,U_e951550605,0_25,Nyanja_NM_Spk1_U_e951550605_Utterance_6,khwangwala anakhala pa msambo wa mtengo namayangana nyama yosakidwa ili kusamba mu madzi munsimo,Nyanja_NM_Spk1_U_e951550605_Utterance_6_0_25.wav,0.998
NM,M,Spk1,U_e951550605,0_25,Nyanja_NM_Spk1_U_e951550605_Utterance_7,izo tsopano zinali zoganiza zace zabwino ana akhanda awiri conco,Nyanja_NM_Spk1_U_e951550605_Utterance_7_0_25.wav,5.236
NM,M,Spk1,U_e951550605,0_25,Nyanja_NM_Spk1_U_e951550605_Utterance_8,zinthu zazing'ono za mu umphawi analira cynthia aganizireni uti anali atabwezedwa zaka zonsezi zapitazi,Nyanja_NM_Spk1_U_e951550605_Utterance_8_0_25.wav,1.36
NM,M,Spk1,U_e951550605,0_25,Nyanja_NM_Spk1_U_e951550605_Utterance_9,sindizanjenjemera mawa unaganiza tero mtengo wa mkuyu,Nyanja_NM_Spk1_U_e951550605_Utterance_9_0_25.wav,3.913
NM,M,Spk1,U_e951550605,0_25,Nyanja_NM_Spk1_U_e951550605_Utterance_10,iwo anayenda mobwelera pang'ono kucoka pa njira nazigwededza modziwitsa wojambura uja kuti alowe,Nyanja_NM_Spk1_U_e951550605_Utterance_10_0_25.wav,0.993
NM,M,Spk1,U_e951550605,0_25,Nyanja_NM_Spk1_U_e951550605_Utterance_11,ngati coletsedwa cocuuka kwambiri m'mene kugonana kungaimitsidwe koma sikungathe kuletsdwa nthawi ya pikiniki,Nyanja_NM_Spk1_U_e951550605_Utterance_11_0_25.wav,2.06
NM,M,Spk1,U_e951550605,0_25,Nyanja_NM_Spk1_U_e951550605_Utterance_12,koma sitisamala konse ndipo tipanga cimo kukhala cinthu copepeka,Nyanja_NM_Spk1_U_e951550605_Utterance_12_0_25.wav,4.888
NM,M,Spk1,U_e951550605,0_25,Nyanja_NM_Spk1_U_e951550605_Utterance_13,pulasitala (chigodo) ina yocepa yopakidwa kucipupa ca nyumba yotulutsira utsi inagwa pansi ndi kundicititsa mantha kutheratu,Nyanja_NM_Spk1_U_e951550605_Utterance_13_0_25.wav,9.262
NM,M,Spk1,U_e951550605,0_25,Nyanja_NM_Spk1_U_e951550605_Utterance_14,muzandilola ine kuganizila njira zina anatero monena kuti izo ndi kulingana ndi zoganiza za munthu,Nyanja_NM_Spk1_U_e951550605_Utterance_14_0_25.wav,8.61
NM,M,Spk1,U_e951550605,0_25,Nyanja_NM_Spk1_U_e951550605_Utterance_15,cilibe kukongola kuli konse copanda kukongola kosiyanako munjira iliyonse ndipo mizela yace yonse ndi yopanikizani ndi yosaoneka bwino,Nyanja_NM_Spk1_U_e951550605_Utterance_15_0_25.wav,11.546
NM,M,Spk1,U_e951550605,0_25,Nyanja_NM_Spk1_U_e951550605_Utterance_16,unamsiya mu mpando ukufunsa kuti mpando uti uli pafupi ndi dzenera,Nyanja_NM_Spk1_U_e951550605_Utterance_16_0_25.wav,5.576
NM,M,Spk1,U_e951550605,0_25,Nyanja_NM_Spk1_U_e951550605_Utterance_17,taima pomwepo ninatero ndikuona ndi kudabwa zolephera zanga,Nyanja_NM_Spk1_U_e951550605_Utterance_17_0_25.wav,6.385
NM,M,Spk1,U_e951550605,0_25,Nyanja_NM_Spk1_U_e951550605_Utterance_18,cikanakhala bwino kwambiri ngati kuti akadalankhula pa zomanga cibwenzi ca anthu,Nyanja_NM_Spk1_U_e951550605_Utterance_18_0_25.wav,5.455
NM,M,Spk1,U_e951550605,0_25,Nyanja_NM_Spk1_U_e951550605_Utterance_19,songasonga yogomoka ya mwala wa lidi inali itaikidwa pomwepo nayonso,Nyanja_NM_Spk1_U_e951550605_Utterance_19_0_25.wav,7.184
NM,M,Spk1,U_e951550605,0_25,Nyanja_NM_Spk1_U_e951550605_Utterance_20,kumene kunali mlili wa bwato imene inagwera pamadzi nthawi yomweyo  iwo anabwera pafupi koma osati pafupi kwenekweni kotero kuti angathe kuona ciliconse,Nyanja_NM_Spk1_U_e951550605_Utterance_20_0_25.wav,14.028
NM,M,Spk1,U_e951550605,0_25,Nyanja_NM_Spk1_U_e951550605_Utterance_21,ncifukwa ninji ili mu missouri ca kumalire ndiganizira tero tizatenga mapu,Nyanja_NM_Spk1_U_e951550605_Utterance_21_0_25.wav,9.613
NM,M,Spk1,U_e951550605,0_25,Nyanja_NM_Spk1_U_e951550605_Utterance_22,msokonezo umene changu cake cinathandizira unali cifukwa ca kusadziwa kwake iye mwine,Nyanja_NM_Spk1_U_e951550605_Utterance_22_0_25.wav,7.777
NM,M,Spk1,U_e951550605,0_25,Nyanja_NM_Spk1_U_e951550605_Utterance_23,anafunsa  phronsie ndi pa maso pace pa pang'ono  patayandikila ndi pamaso pa polli,Nyanja_NM_Spk1_U_e951550605_Utterance_23_0_25.wav,4.527
NM,M,Spk1,U_e951550605,0_25,Nyanja_NM_Spk1_U_e951550605_Utterance_24,kagwiritsa nchito zinthu zamene zidyedwa ngati umboni wa kukhala ndi cuuma kuyenera kuikidwa ngati kukula mocotsera,Nyanja_NM_Spk1_U_e951550605_Utterance_24_0_25.wav,8.61
NM,M,Spk1,U_e951550605,0_25,Nyanja_NM_Spk1_U_e951550605_Utterance_25,ayenera kuti iye anazipanga mosayenera zimenezi onani ngati pamaso pace panali pooneke mosabvutikira,Nyanja_NM_Spk1_U_e951550605_Utterance_25_0_25.wav,0.986
NM,M,Spk1,U_240c657e01,25_50,Nyanja_NM_Spk1_U_240c657e01_Utterance_1,palibe kuda nkhawa za mayendedwe a nthawi zaimai azasatilapo,Nyanja_NM_Spk1_U_240c657e01_Utterance_1_25_50.wav,22.595
NM,M,Spk1,U_240c657e01,25_50,Nyanja_NM_Spk1_U_240c657e01_Utterance_2,mtima wa sitefani unayamba kupindika ndi kubisika ndi mantha ngati duwa imene ikuuma.,Nyanja_NM_Spk1_U_240c657e01_Utterance_2_25_50.wav,26.57
NM,M,Spk1,U_240c657e01,25_50,Nyanja_NM_Spk1_U_240c657e01_Utterance_3,zomasulila zina zimapezeka mkati mwa zidunswa za filimu zikuwala ndi nkhani ndi zionesero za mkati mwake,Nyanja_NM_Spk1_U_240c657e01_Utterance_3_25_50.wav,31.04
NM,M,Spk1,U_240c657e01,25_50,Nyanja_NM_Spk1_U_240c657e01_Utterance_4,ngati mzako akhala otangwanika muzicitidwe zace akhala mdyelekedzi,Nyanja_NM_Spk1_U_240c657e01_Utterance_4_25_50.wav,17.84
NM,M,Spk1,U_240c657e01,25_50,Nyanja_NM_Spk1_U_240c657e01_Utterance_5,pa kanthwi ndithu iye anagona pampando wace ndikumanva bwino ali kulota zokoma pa dzuwa ndi mbalame ndi mtengo,Nyanja_NM_Spk1_U_240c657e01_Utterance_5_25_50.wav,28.895
NM,M,Spk1,U_240c657e01,25_50,Nyanja_NM_Spk1_U_240c657e01_Utterance_6,segulani mitima yanu ndi kuzipeteka mu maphiko ankhunda onyowa,Nyanja_NM_Spk1_U_240c657e01_Utterance_6_25_50.wav,21.77
NM,M,Spk1,U_240c657e01,25_50,Nyanja_NM_Spk1_U_240c657e01_Utterance_7,pamathero azonse gulu limodzi linapita mosangalara ndipo gulu linali linakhala yekha ndiponso lodabwa,Nyanja_NM_Spk1_U_240c657e01_Utterance_7_25_50.wav,28.475
NM,M,Spk1,U_240c657e01,25_50,Nyanja_NM_Spk1_U_240c657e01_Utterance_8,zilombo ziwiri zinali cabemsokonezoumeneyu onse ndipo patsogolo pa maso anga ndikuona nyama zakumtunda ziwiei za mthengo,Nyanja_NM_Spk1_U_240c657e01_Utterance_8_25_50.wav,39.125
NM,M,Spk1,U_240c657e01,25_50,Nyanja_NM_Spk1_U_240c657e01_Utterance_9,ngati munthu amene simbutsa mu zaubatizo athira madzi asananene mau kodi mwana abatidzika,Nyanja_NM_Spk1_U_240c657e01_Utterance_9_25_50.wav,25.835
NM,M,Spk1,U_240c657e01,25_50,Nyanja_NM_Spk1_U_240c657e01_Utterance_10,zicitidwe zace ndi kukhuzidwa kwace pa kucitika kwa zinthu mwazizizi zinali zosabitsika,Nyanja_NM_Spk1_U_240c657e01_Utterance_10_25_50.wav,26.405
NM,M,Spk1,U_240c657e01,25_50,Nyanja_NM_Spk1_U_240c657e01_Utterance_11,nyengo ngati kuti tanena mau amenewo izasintha nthawi iliyonse,Nyanja_NM_Spk1_U_240c657e01_Utterance_11_25_50.wav,19.655
NM,M,Spk1,U_240c657e01,25_50,Nyanja_NM_Spk1_U_240c657e01_Utterance_12,mu dzina zambiri ikoma osati mu zonse osatinso kucita zimodzimodzi mwa kanthawi ka katali magulu awiriwa amagwirizana,Nyanja_NM_Spk1_U_240c657e01_Utterance_12_25_50.wav,35.435
NM,M,Spk1,U_240c657e01,25_50,Nyanja_NM_Spk1_U_240c657e01_Utterance_13,nkhakhala kanalikakang'ono conco kanali katalengetsa kusiyana kweni-kweni ku mbali ya cipindaco,Nyanja_NM_Spk1_U_240c657e01_Utterance_13_25_50.wav,32.885
NM,M,Spk1,U_240c657e01,25_50,Nyanja_NM_Spk1_U_240c657e01_Utterance_14,mwakamodzi cabemunjira ina ninaonetsa poyera kuti ndine mu pulofeti,Nyanja_NM_Spk1_U_240c657e01_Utterance_14_25_50.wav,21.365
NM,M,Spk1,U_240c657e01,25_50,Nyanja_NM_Spk1_U_240c657e01_Utterance_15,iye anapitila mwa henley albans nabwera pafupi kwambiri ndi dziko london ngati gejo (citsulo colimira) pa culu,Nyanja_NM_Spk1_U_240c657e01_Utterance_15_25_50.wav,23.99
NM,M,Spk1,U_240c657e01,25_50,Nyanja_NM_Spk1_U_240c657e01_Utterance_16,zomwe ndilankhula zonse zili pa inu,Nyanja_NM_Spk1_U_240c657e01_Utterance_16_25_50.wav,14.315
NM,M,Spk1,U_240c657e01,25_50,Nyanja_NM_Spk1_U_240c657e01_Utterance_17,inde ndipo abwera onse kumayeso awa inde,Nyanja_NM_Spk1_U_240c657e01_Utterance_17_25_50.wav,13.145
NM,M,Spk1,U_240c657e01,25_50,Nyanja_NM_Spk1_U_240c657e01_Utterance_18,ndizapatsidwirapo cilango tsopano ndiganiza kuti ndi kupyolera kundimwetsera mu misozi yanga,Nyanja_NM_Spk1_U_240c657e01_Utterance_18_25_50.wav,22.775
NM,M,Spk1,U_240c657e01,25_50,Nyanja_NM_Spk1_U_240c657e01_Utterance_19,kabweredwe ka anthu kunali kwakukulu mosayembekedzeleka ndipo asikana anali wosangalala kwabasi ataoneratu kupambana kwao mu phwando lao/cokondwerero cao,Nyanja_NM_Spk1_U_240c657e01_Utterance_19_25_50.wav,46.7
NM,M,Spk1,U_240c657e01,25_50,Nyanja_NM_Spk1_U_240c657e01_Utterance_20,ndipo anaponya manja mu lhosa la msuweni wace ndipo lakele ocenjera uja anayamba kucotsa misozi,Nyanja_NM_Spk1_U_240c657e01_Utterance_20_25_50.wav,28.745
NM,M,Spk1,U_240c657e01,25_50,Nyanja_NM_Spk1_U_240c657e01_Utterance_21,ndinali kuganiza kuti ndi zolingana kwabatsi ndi khadi imene ili ndi mtima pa makhadi a njuga anayankha kapitawo ali kusekelela mwapangono,Nyanja_NM_Spk1_U_240c657e01_Utterance_21_25_50.wav,31.01
NM,M,Spk1,U_240c657e01,25_50,Nyanja_NM_Spk1_U_240c657e01_Utterance_22,ndakatulo zina za soloni zinanenedwanso ndi anyamata,Nyanja_NM_Spk1_U_240c657e01_Utterance_22_25_50.wav,20.72
NM,M,Spk1,U_240c657e01,25_50,Nyanja_NM_Spk1_U_240c657e01_Utterance_23,sindizakhalanso woipa mtima onse anatero boolooroo uokalamba  ndizasintha njira zanga zoipa,Nyanja_NM_Spk1_U_240c657e01_Utterance_23_25_50.wav,16.49
NM,M,Spk1,U_240c657e01,25_50,Nyanja_NM_Spk1_U_240c657e01_Utterance_24,ndinalowa ndipon ndinakutenga mwacisinsi kulingana ndi zomwe tinakambirana pa gome yakumbali ija,Nyanja_NM_Spk1_U_240c657e01_Utterance_24_25_50.wav,28.73
NM,M,Spk1,U_240c657e01,25_50,Nyanja_NM_Spk1_U_240c657e01_Utterance_25,nanga za famu olafu zikalibe kutheka ndinayankha nati kuyenda ma ulendo aatali cimakoma nthawi ya cilimwe,Nyanja_NM_Spk1_U_240c657e01_Utterance_25_25_50.wav,40.175
NM,M,Spk1,U_240c657e01,0_25,Nyanja_NM_Spk1_U_240c657e01_Utterance_1,ndicokondweretsa kuona zinthu zonse zikupita mwacangu patsogoro ndikucitika,Nyanja_NM_Spk1_U_240c657e01_Utterance_1_0_25.wav,10.985
NM,M,Spk1,U_240c657e01,0_25,Nyanja_NM_Spk1_U_240c657e01_Utterance_2,koma ukhulupilira m'maphunziro anafunsa maliya,Nyanja_NM_Spk1_U_240c657e01_Utterance_2_0_25.wav,10.985
NM,M,Spk1,U_240c657e01,0_25,Nyanja_NM_Spk1_U_240c657e01_Utterance_3,ngati mokhutilitsidwa ndi kucingililidwa kwace mtsilikali anatsiya malo ace ndi kulowa m'menemo,Nyanja_NM_Spk1_U_240c657e01_Utterance_3_0_25.wav,23.59
NM,M,Spk1,U_240c657e01,0_25,Nyanja_NM_Spk1_U_240c657e01_Utterance_4,kodi sizinali zokhutilitsa kunena kucokera kwa ambuye mulungu,Nyanja_NM_Spk1_U_240c657e01_Utterance_4_0_25.wav,13.595
NM,M,Spk1,U_240c657e01,0_25,Nyanja_NM_Spk1_U_240c657e01_Utterance_5,mopambana kuipa kwace tomu mopambana kuipa kwace anatero kapitawo wa mundende mokwiya,Nyanja_NM_Spk1_U_240c657e01_Utterance_5_0_25.wav,13.91
NM,M,Spk1,U_240c657e01,0_25,Nyanja_NM_Spk1_U_240c657e01_Utterance_6,khwangwala anakhala pa msambo wa mtengo namayangana nyama yosakidwa ili kusamba mu madzi munsimo,Nyanja_NM_Spk1_U_240c657e01_Utterance_6_0_25.wav,3.275
NM,M,Spk1,U_240c657e01,0_25,Nyanja_NM_Spk1_U_240c657e01_Utterance_7,izo tsopano zinali zoganiza zace zabwino ana akhanda awiri conco,Nyanja_NM_Spk1_U_240c657e01_Utterance_7_0_25.wav,20.06
NM,M,Spk1,U_240c657e01,0_25,Nyanja_NM_Spk1_U_240c657e01_Utterance_8,zinthu zazing'ono za mu umphawi analira cynthia aganizireni uti anali atabwezedwa zaka zonsezi zapitazi,Nyanja_NM_Spk1_U_240c657e01_Utterance_8_0_25.wav,28.85
NM,M,Spk1,U_240c657e01,0_25,Nyanja_NM_Spk1_U_240c657e01_Utterance_9,sindizanjenjemera mawa unaganiza tero mtengo wa mkuyu,Nyanja_NM_Spk1_U_240c657e01_Utterance_9_0_25.wav,15.425
NM,M,Spk1,U_240c657e01,0_25,Nyanja_NM_Spk1_U_240c657e01_Utterance_10,iwo anayenda mobwelera pang'ono kucoka pa njira nazigwededza modziwitsa wojambura uja kuti alowe,Nyanja_NM_Spk1_U_240c657e01_Utterance_10_0_25.wav,25.175
NM,M,Spk1,U_240c657e01,0_25,Nyanja_NM_Spk1_U_240c657e01_Utterance_11,ngati coletsedwa cocuuka kwambiri m'mene kugonana kungaimitsidwe koma sikungathe kuletsdwa nthawi ya pikiniki,Nyanja_NM_Spk1_U_240c657e01_Utterance_11_0_25.wav,3.8
NM,M,Spk1,U_240c657e01,0_25,Nyanja_NM_Spk1_U_240c657e01_Utterance_12,koma sitisamala konse ndipo tipanga cimo kukhala cinthu copepeka,Nyanja_NM_Spk1_U_240c657e01_Utterance_12_0_25.wav,17.03
NM,M,Spk1,U_240c657e01,0_25,Nyanja_NM_Spk1_U_240c657e01_Utterance_13,pulasitala (chigodo) ina yocepa yopakidwa kucipupa ca nyumba yotulutsira utsi inagwa pansi ndi kundicititsa mantha kutheratu,Nyanja_NM_Spk1_U_240c657e01_Utterance_13_0_25.wav,25.955
NM,M,Spk1,U_240c657e01,0_25,Nyanja_NM_Spk1_U_240c657e01_Utterance_14,muzandilola ine kuganizila njira zina anatero monena kuti izo ndi kulingana ndi zoganiza za munthu,Nyanja_NM_Spk1_U_240c657e01_Utterance_14_0_25.wav,32.615
NM,M,Spk1,U_240c657e01,0_25,Nyanja_NM_Spk1_U_240c657e01_Utterance_15,cilibe kukongola kuli konse copanda kukongola kosiyanako munjira iliyonse ndipo mizela yace yonse ndi yopanikizani ndi yosaoneka bwino,Nyanja_NM_Spk1_U_240c657e01_Utterance_15_0_25.wav,34.7
NM,M,Spk1,U_240c657e01,0_25,Nyanja_NM_Spk1_U_240c657e01_Utterance_16,unamsiya mu mpando ukufunsa kuti mpando uti uli pafupi ndi dzenera,Nyanja_NM_Spk1_U_240c657e01_Utterance_16_0_25.wav,20.54
NM,M,Spk1,U_240c657e01,0_25,Nyanja_NM_Spk1_U_240c657e01_Utterance_17,taima pomwepo ninatero ndikuona ndi kudabwa zolephera zanga,Nyanja_NM_Spk1_U_240c657e01_Utterance_17_0_25.wav,20.795
NM,M,Spk1,U_240c657e01,0_25,Nyanja_NM_Spk1_U_240c657e01_Utterance_18,cikanakhala bwino kwambiri ngati kuti akadalankhula pa zomanga cibwenzi ca anthu,Nyanja_NM_Spk1_U_240c657e01_Utterance_18_0_25.wav,20.465
NM,M,Spk1,U_240c657e01,0_25,Nyanja_NM_Spk1_U_240c657e01_Utterance_19,songasonga yogomoka ya mwala wa lidi inali itaikidwa pomwepo nayonso,Nyanja_NM_Spk1_U_240c657e01_Utterance_19_0_25.wav,19.835
NM,M,Spk1,U_240c657e01,0_25,Nyanja_NM_Spk1_U_240c657e01_Utterance_20,kumene kunali mlili wa bwato imene inagwera pamadzi nthawi yomweyo  iwo anabwera pafupi koma osati pafupi kwenekweni kotero kuti angathe kuona ciliconse,Nyanja_NM_Spk1_U_240c657e01_Utterance_20_0_25.wav,54.275
NM,M,Spk1,U_240c657e01,0_25,Nyanja_NM_Spk1_U_240c657e01_Utterance_21,ncifukwa ninji ili mu missouri ca kumalire ndiganizira tero tizatenga mapu,Nyanja_NM_Spk1_U_240c657e01_Utterance_21_0_25.wav,22.88
NM,M,Spk1,U_240c657e01,0_25,Nyanja_NM_Spk1_U_240c657e01_Utterance_22,msokonezo umene changu cake cinathandizira unali cifukwa ca kusadziwa kwake iye mwine,Nyanja_NM_Spk1_U_240c657e01_Utterance_22_0_25.wav,32.435
NM,M,Spk1,U_240c657e01,0_25,Nyanja_NM_Spk1_U_240c657e01_Utterance_23,anafunsa  phronsie ndi pa maso pace pa pang'ono  patayandikila ndi pamaso pa polli,Nyanja_NM_Spk1_U_240c657e01_Utterance_23_0_25.wav,23.975
NM,M,Spk1,U_240c657e01,0_25,Nyanja_NM_Spk1_U_240c657e01_Utterance_24,kagwiritsa nchito zinthu zamene zidyedwa ngati umboni wa kukhala ndi cuuma kuyenera kuikidwa ngati kukula mocotsera,Nyanja_NM_Spk1_U_240c657e01_Utterance_24_0_25.wav,36.935
NM,M,Spk1,U_240c657e01,0_25,Nyanja_NM_Spk1_U_240c657e01_Utterance_25,ayenera kuti iye anazipanga mosayenera zimenezi onani ngati pamaso pace panali pooneke mosabvutikira,Nyanja_NM_Spk1_U_240c657e01_Utterance_25_0_25.wav,30.2
NM,M,Spk1,U_c7020fb545,25_50,Nyanja_NM_Spk1_U_c7020fb545_Utterance_1,palibe kuda nkhawa za mayendedwe a nthawi zaimai azasatilapo,Nyanja_NM_Spk1_U_c7020fb545_Utterance_1_25_50.wav,4.76
NM,M,Spk1,U_c7020fb545,25_50,Nyanja_NM_Spk1_U_c7020fb545_Utterance_2,mtima wa sitefani unayamba kupindika ndi kubisika ndi mantha ngati duwa imene ikuuma.,Nyanja_NM_Spk1_U_c7020fb545_Utterance_2_25_50.wav,7.172
NM,M,Spk1,U_c7020fb545,25_50,Nyanja_NM_Spk1_U_c7020fb545_Utterance_3,zomasulila zina zimapezeka mkati mwa zidunswa za filimu zikuwala ndi nkhani ndi zionesero za mkati mwake,Nyanja_NM_Spk1_U_c7020fb545_Utterance_3_25_50.wav,8.661
NM,M,Spk1,U_c7020fb545,25_50,Nyanja_NM_Spk1_U_c7020fb545_Utterance_4,ngati mzako akhala otangwanika muzicitidwe zace akhala mdyelekedzi,Nyanja_NM_Spk1_U_c7020fb545_Utterance_4_25_50.wav,5.45
NM,M,Spk1,U_c7020fb545,25_50,Nyanja_NM_Spk1_U_c7020fb545_Utterance_5,pa kanthwi ndithu iye anagona pampando wace ndikumanva bwino ali kulota zokoma pa dzuwa ndi mbalame ndi mtengo,Nyanja_NM_Spk1_U_c7020fb545_Utterance_5_25_50.wav,7.459
NM,M,Spk1,U_c7020fb545,25_50,Nyanja_NM_Spk1_U_c7020fb545_Utterance_6,segulani mitima yanu ndi kuzipeteka mu maphiko ankhunda onyowa,Nyanja_NM_Spk1_U_c7020fb545_Utterance_6_25_50.wav,4.953
NM,M,Spk1,U_c7020fb545,25_50,Nyanja_NM_Spk1_U_c7020fb545_Utterance_7,pamathero azonse gulu limodzi linapita mosangalara ndipo gulu linali linakhala yekha ndiponso lodabwa,Nyanja_NM_Spk1_U_c7020fb545_Utterance_7_25_50.wav,8.272
NM,M,Spk1,U_c7020fb545,25_50,Nyanja_NM_Spk1_U_c7020fb545_Utterance_8,zilombo ziwiri zinali cabemsokonezoumeneyu onse ndipo patsogolo pa maso anga ndikuona nyama zakumtunda ziwiei za mthengo,Nyanja_NM_Spk1_U_c7020fb545_Utterance_8_25_50.wav,10.074
NM,M,Spk1,U_c7020fb545,25_50,Nyanja_NM_Spk1_U_c7020fb545_Utterance_9,ngati munthu amene simbutsa mu zaubatizo athira madzi asananene mau kodi mwana abatidzika,Nyanja_NM_Spk1_U_c7020fb545_Utterance_9_25_50.wav,7.19
NM,M,Spk1,U_c7020fb545,25_50,Nyanja_NM_Spk1_U_c7020fb545_Utterance_10,zicitidwe zace ndi kukhuzidwa kwace pa kucitika kwa zinthu mwazizizi zinali zosabitsika,Nyanja_NM_Spk1_U_c7020fb545_Utterance_10_25_50.wav,6.587
NM,M,Spk1,U_c7020fb545,25_50,Nyanja_NM_Spk1_U_c7020fb545_Utterance_11,nyengo ngati kuti tanena mau amenewo izasintha nthawi iliyonse,Nyanja_NM_Spk1_U_c7020fb545_Utterance_11_25_50.wav,4.917
NM,M,Spk1,U_c7020fb545,25_50,Nyanja_NM_Spk1_U_c7020fb545_Utterance_12,mu dzina zambiri ikoma osati mu zonse osatinso kucita zimodzimodzi mwa kanthawi ka katali magulu awiriwa amagwirizana,Nyanja_NM_Spk1_U_c7020fb545_Utterance_12_25_50.wav,10.375
NM,M,Spk1,U_c7020fb545,25_50,Nyanja_NM_Spk1_U_c7020fb545_Utterance_13,nkhakhala kanalikakang'ono conco kanali katalengetsa kusiyana kweni-kweni ku mbali ya cipindaco,Nyanja_NM_Spk1_U_c7020fb545_Utterance_13_25_50.wav,6.005
NM,M,Spk1,U_c7020fb545,25_50,Nyanja_NM_Spk1_U_c7020fb545_Utterance_14,mwakamodzi cabemunjira ina ninaonetsa poyera kuti ndine mu pulofeti,Nyanja_NM_Spk1_U_c7020fb545_Utterance_14_25_50.wav,5.443
NM,M,Spk1,U_c7020fb545,25_50,Nyanja_NM_Spk1_U_c7020fb545_Utterance_15,iye anapitila mwa henley albans nabwera pafupi kwambiri ndi dziko london ngati gejo (citsulo colimira) pa culu,Nyanja_NM_Spk1_U_c7020fb545_Utterance_15_25_50.wav,6.989
NM,M,Spk1,U_c7020fb545,25_50,Nyanja_NM_Spk1_U_c7020fb545_Utterance_16,zomwe ndilankhula zonse zili pa inu,Nyanja_NM_Spk1_U_c7020fb545_Utterance_16_25_50.wav,2.711
NM,M,Spk1,U_c7020fb545,25_50,Nyanja_NM_Spk1_U_c7020fb545_Utterance_17,inde ndipo abwera onse kumayeso awa inde,Nyanja_NM_Spk1_U_c7020fb545_Utterance_17_25_50.wav,3.383
NM,M,Spk1,U_c7020fb545,25_50,Nyanja_NM_Spk1_U_c7020fb545_Utterance_18,ndizapatsidwirapo cilango tsopano ndiganiza kuti ndi kupyolera kundimwetsera mu misozi yanga,Nyanja_NM_Spk1_U_c7020fb545_Utterance_18_25_50.wav,7.148
NM,M,Spk1,U_c7020fb545,25_50,Nyanja_NM_Spk1_U_c7020fb545_Utterance_19,kabweredwe ka anthu kunali kwakukulu mosayembekedzeleka ndipo asikana anali wosangalala kwabasi ataoneratu kupambana kwao mu phwando lao/cokondwerero cao,Nyanja_NM_Spk1_U_c7020fb545_Utterance_19_25_50.wav,11.217
NM,M,Spk1,U_c7020fb545,25_50,Nyanja_NM_Spk1_U_c7020fb545_Utterance_20,ndipo anaponya manja mu lhosa la msuweni wace ndipo lakele ocenjera uja anayamba kucotsa misozi,Nyanja_NM_Spk1_U_c7020fb545_Utterance_20_25_50.wav,7.193
NM,M,Spk1,U_c7020fb545,25_50,Nyanja_NM_Spk1_U_c7020fb545_Utterance_21,ndinali kuganiza kuti ndi zolingana kwabatsi ndi khadi imene ili ndi mtima pa makhadi a njuga anayankha kapitawo ali kusekelela mwapangono,Nyanja_NM_Spk1_U_c7020fb545_Utterance_21_25_50.wav,11.676
NM,M,Spk1,U_c7020fb545,25_50,Nyanja_NM_Spk1_U_c7020fb545_Utterance_22,ndakatulo zina za soloni zinanenedwanso ndi anyamata,Nyanja_NM_Spk1_U_c7020fb545_Utterance_22_25_50.wav,4.782
NM,M,Spk1,U_c7020fb545,25_50,Nyanja_NM_Spk1_U_c7020fb545_Utterance_23,sindizakhalanso woipa mtima onse anatero boolooroo uokalamba  ndizasintha njira zanga zoipa,Nyanja_NM_Spk1_U_c7020fb545_Utterance_23_25_50.wav,7.324
NM,M,Spk1,U_c7020fb545,25_50,Nyanja_NM_Spk1_U_c7020fb545_Utterance_24,ndinalowa ndipon ndinakutenga mwacisinsi kulingana ndi zomwe tinakambirana pa gome yakumbali ija,Nyanja_NM_Spk1_U_c7020fb545_Utterance_24_25_50.wav,7.587
NM,M,Spk1,U_c7020fb545,25_50,Nyanja_NM_Spk1_U_c7020fb545_Utterance_25,nanga za famu olafu zikalibe kutheka ndinayankha nati kuyenda ma ulendo aatali cimakoma nthawi ya cilimwe,Nyanja_NM_Spk1_U_c7020fb545_Utterance_25_25_50.wav,8.23
NM,M,Spk1,U_c7020fb545,0_25,Nyanja_NM_Spk1_U_c7020fb545_Utterance_1,ndicokondweretsa kuona zinthu zonse zikupita mwacangu patsogoro ndikucitika,Nyanja_NM_Spk1_U_c7020fb545_Utterance_1_0_25.wav,5.379
NM,M,Spk1,U_c7020fb545,0_25,Nyanja_NM_Spk1_U_c7020fb545_Utterance_2,koma ukhulupilira m'maphunziro anafunsa maliya,Nyanja_NM_Spk1_U_c7020fb545_Utterance_2_0_25.wav,3.425
NM,M,Spk1,U_c7020fb545,0_25,Nyanja_NM_Spk1_U_c7020fb545_Utterance_3,ngati mokhutilitsidwa ndi kucingililidwa kwace mtsilikali anatsiya malo ace ndi kulowa m'menemo,Nyanja_NM_Spk1_U_c7020fb545_Utterance_3_0_25.wav,7.452
NM,M,Spk1,U_c7020fb545,0_25,Nyanja_NM_Spk1_U_c7020fb545_Utterance_4,kodi sizinali zokhutilitsa kunena kucokera kwa ambuye mulungu,Nyanja_NM_Spk1_U_c7020fb545_Utterance_4_0_25.wav,4.33
NM,M,Spk1,U_c7020fb545,0_25,Nyanja_NM_Spk1_U_c7020fb545_Utterance_5,mopambana kuipa kwace tomu mopambana kuipa kwace anatero kapitawo wa mundende mokwiya,Nyanja_NM_Spk1_U_c7020fb545_Utterance_5_0_25.wav,6.722
NM,M,Spk1,U_c7020fb545,0_25,Nyanja_NM_Spk1_U_c7020fb545_Utterance_6,khwangwala anakhala pa msambo wa mtengo namayangana nyama yosakidwa ili kusamba mu madzi munsimo,Nyanja_NM_Spk1_U_c7020fb545_Utterance_6_0_25.wav,7.139
NM,M,Spk1,U_c7020fb545,0_25,Nyanja_NM_Spk1_U_c7020fb545_Utterance_7,izo tsopano zinali zoganiza zace zabwino ana akhanda awiri conco,Nyanja_NM_Spk1_U_c7020fb545_Utterance_7_0_25.wav,5.445
NM,M,Spk1,U_c7020fb545,0_25,Nyanja_NM_Spk1_U_c7020fb545_Utterance_8,zinthu zazing'ono za mu umphawi analira cynthia aganizireni uti anali atabwezedwa zaka zonsezi zapitazi,Nyanja_NM_Spk1_U_c7020fb545_Utterance_8_0_25.wav,10.402
NM,M,Spk1,U_c7020fb545,0_25,Nyanja_NM_Spk1_U_c7020fb545_Utterance_9,sindizanjenjemera mawa unaganiza tero mtengo wa mkuyu,Nyanja_NM_Spk1_U_c7020fb545_Utterance_9_0_25.wav,5.301
NM,M,Spk1,U_c7020fb545,0_25,Nyanja_NM_Spk1_U_c7020fb545_Utterance_10,iwo anayenda mobwelera pang'ono kucoka pa njira nazigwededza modziwitsa wojambura uja kuti alowe,Nyanja_NM_Spk1_U_c7020fb545_Utterance_10_0_25.wav,10.124
NM,M,Spk1,U_c7020fb545,0_25,Nyanja_NM_Spk1_U_c7020fb545_Utterance_11,ngati coletsedwa cocuuka kwambiri m'mene kugonana kungaimitsidwe koma sikungathe kuletsdwa nthawi ya pikiniki,Nyanja_NM_Spk1_U_c7020fb545_Utterance_11_0_25.wav,1.216
NM,M,Spk1,U_c7020fb545,0_25,Nyanja_NM_Spk1_U_c7020fb545_Utterance_12,koma sitisamala konse ndipo tipanga cimo kukhala cinthu copepeka,Nyanja_NM_Spk1_U_c7020fb545_Utterance_12_0_25.wav,4.865
NM,M,Spk1,U_c7020fb545,0_25,Nyanja_NM_Spk1_U_c7020fb545_Utterance_13,pulasitala (chigodo) ina yocepa yopakidwa kucipupa ca nyumba yotulutsira utsi inagwa pansi ndi kundicititsa mantha kutheratu,Nyanja_NM_Spk1_U_c7020fb545_Utterance_13_0_25.wav,8.986
NM,M,Spk1,U_c7020fb545,0_25,Nyanja_NM_Spk1_U_c7020fb545_Utterance_14,muzandilola ine kuganizila njira zina anatero monena kuti izo ndi kulingana ndi zoganiza za munthu,Nyanja_NM_Spk1_U_c7020fb545_Utterance_14_0_25.wav,7.895
NM,M,Spk1,U_c7020fb545,0_25,Nyanja_NM_Spk1_U_c7020fb545_Utterance_15,cilibe kukongola kuli konse copanda kukongola kosiyanako munjira iliyonse ndipo mizela yace yonse ndi yopanikizani ndi yosaoneka bwino,Nyanja_NM_Spk1_U_c7020fb545_Utterance_15_0_25.wav,10.774
NM,M,Spk1,U_c7020fb545,0_25,Nyanja_NM_Spk1_U_c7020fb545_Utterance_16,unamsiya mu mpando ukufunsa kuti mpando uti uli pafupi ndi dzenera,Nyanja_NM_Spk1_U_c7020fb545_Utterance_16_0_25.wav,5.271
NM,M,Spk1,U_c7020fb545,0_25,Nyanja_NM_Spk1_U_c7020fb545_Utterance_17,taima pomwepo ninatero ndikuona ndi kudabwa zolephera zanga,Nyanja_NM_Spk1_U_c7020fb545_Utterance_17_0_25.wav,5.074
NM,M,Spk1,U_c7020fb545,0_25,Nyanja_NM_Spk1_U_c7020fb545_Utterance_18,cikanakhala bwino kwambiri ngati kuti akadalankhula pa zomanga cibwenzi ca anthu,Nyanja_NM_Spk1_U_c7020fb545_Utterance_18_0_25.wav,5.608
NM,M,Spk1,U_c7020fb545,0_25,Nyanja_NM_Spk1_U_c7020fb545_Utterance_19,songasonga yogomoka ya mwala wa lidi inali itaikidwa pomwepo nayonso,Nyanja_NM_Spk1_U_c7020fb545_Utterance_19_0_25.wav,5.178
NM,M,Spk1,U_c7020fb545,0_25,Nyanja_NM_Spk1_U_c7020fb545_Utterance_20,kumene kunali mlili wa bwato imene inagwera pamadzi nthawi yomweyo  iwo anabwera pafupi koma osati pafupi kwenekweni kotero kuti angathe kuona ciliconse,Nyanja_NM_Spk1_U_c7020fb545_Utterance_20_0_25.wav,11.789
NM,M,Spk1,U_c7020fb545,0_25,Nyanja_NM_Spk1_U_c7020fb545_Utterance_21,ncifukwa ninji ili mu missouri ca kumalire ndiganizira tero tizatenga mapu,Nyanja_NM_Spk1_U_c7020fb545_Utterance_21_0_25.wav,6.316
NM,M,Spk1,U_c7020fb545,0_25,Nyanja_NM_Spk1_U_c7020fb545_Utterance_22,msokonezo umene changu cake cinathandizira unali cifukwa ca kusadziwa kwake iye mwine,Nyanja_NM_Spk1_U_c7020fb545_Utterance_22_0_25.wav,6.571
NM,M,Spk1,U_c7020fb545,0_25,Nyanja_NM_Spk1_U_c7020fb545_Utterance_23,anafunsa  phronsie ndi pa maso pace pa pang'ono  patayandikila ndi pamaso pa polli,Nyanja_NM_Spk1_U_c7020fb545_Utterance_23_0_25.wav,5.819
NM,M,Spk1,U_c7020fb545,0_25,Nyanja_NM_Spk1_U_c7020fb545_Utterance_24,kagwiritsa nchito zinthu zamene zidyedwa ngati umboni wa kukhala ndi cuuma kuyenera kuikidwa ngati kukula mocotsera,Nyanja_NM_Spk1_U_c7020fb545_Utterance_24_0_25.wav,8.187
NM,M,Spk1,U_c7020fb545,0_25,Nyanja_NM_Spk1_U_c7020fb545_Utterance_25,ayenera kuti iye anazipanga mosayenera zimenezi onani ngati pamaso pace panali pooneke mosabvutikira,Nyanja_NM_Spk1_U_c7020fb545_Utterance_25_0_25.wav,7.976
NM,M,Spk1,U_baa1f64b8a,25_50,Nyanja_NM_Spk1_U_baa1f64b8a_Utterance_1,palibe kuda nkhawa za mayendedwe a nthawi zaimai azasatilapo,Nyanja_NM_Spk1_U_baa1f64b8a_Utterance_1_25_50.wav,6.792
NM,M,Spk1,U_baa1f64b8a,25_50,Nyanja_NM_Spk1_U_baa1f64b8a_Utterance_2,mtima wa sitefani unayamba kupindika ndi kubisika ndi mantha ngati duwa imene ikuuma.,Nyanja_NM_Spk1_U_baa1f64b8a_Utterance_2_25_50.wav,10.317
NM,M,Spk1,U_baa1f64b8a,25_50,Nyanja_NM_Spk1_U_baa1f64b8a_Utterance_3,zomasulila zina zimapezeka mkati mwa zidunswa za filimu zikuwala ndi nkhani ndi zionesero za mkati mwake,Nyanja_NM_Spk1_U_baa1f64b8a_Utterance_3_25_50.wav,12.373
NM,M,Spk1,U_baa1f64b8a,25_50,Nyanja_NM_Spk1_U_baa1f64b8a_Utterance_4,ngati mzako akhala otangwanika muzicitidwe zace akhala mdyelekedzi,Nyanja_NM_Spk1_U_baa1f64b8a_Utterance_4_25_50.wav,8.092
NM,M,Spk1,U_baa1f64b8a,25_50,Nyanja_NM_Spk1_U_baa1f64b8a_Utterance_5,pa kanthwi ndithu iye anagona pampando wace ndikumanva bwino ali kulota zokoma pa dzuwa ndi mbalame ndi mtengo,Nyanja_NM_Spk1_U_baa1f64b8a_Utterance_5_25_50.wav,14.428
NM,M,Spk1,U_baa1f64b8a,25_50,Nyanja_NM_Spk1_U_baa1f64b8a_Utterance_6,segulani mitima yanu ndi kuzipeteka mu maphiko ankhunda onyowa,Nyanja_NM_Spk1_U_baa1f64b8a_Utterance_6_25_50.wav,6.678
NM,M,Spk1,U_baa1f64b8a,25_50,Nyanja_NM_Spk1_U_baa1f64b8a_Utterance_7,pamathero azonse gulu limodzi linapita mosangalara ndipo gulu linali linakhala yekha ndiponso lodabwa,Nyanja_NM_Spk1_U_baa1f64b8a_Utterance_7_25_50.wav,11.662
NM,M,Spk1,U_baa1f64b8a,25_50,Nyanja_NM_Spk1_U_baa1f64b8a_Utterance_8,zilombo ziwiri zinali cabemsokonezoumeneyu onse ndipo patsogolo pa maso anga ndikuona nyama zakumtunda ziwiei za mthengo,Nyanja_NM_Spk1_U_baa1f64b8a_Utterance_8_25_50.wav,14.461
NM,M,Spk1,U_baa1f64b8a,25_50,Nyanja_NM_Spk1_U_baa1f64b8a_Utterance_9,ngati munthu amene simbutsa mu zaubatizo athira madzi asananene mau kodi mwana abatidzika,Nyanja_NM_Spk1_U_baa1f64b8a_Utterance_9_25_50.wav,10.796
NM,M,Spk1,U_baa1f64b8a,25_50,Nyanja_NM_Spk1_U_baa1f64b8a_Utterance_10,zicitidwe zace ndi kukhuzidwa kwace pa kucitika kwa zinthu mwazizizi zinali zosabitsika,Nyanja_NM_Spk1_U_baa1f64b8a_Utterance_10_25_50.wav,12.841
NM,M,Spk1,U_baa1f64b8a,25_50,Nyanja_NM_Spk1_U_baa1f64b8a_Utterance_11,nyengo ngati kuti tanena mau amenewo izasintha nthawi iliyonse,Nyanja_NM_Spk1_U_baa1f64b8a_Utterance_11_25_50.wav,8.644
NM,M,Spk1,U_baa1f64b8a,25_50,Nyanja_NM_Spk1_U_baa1f64b8a_Utterance_12,mu dzina zambiri ikoma osati mu zonse osatinso kucita zimodzimodzi mwa kanthawi ka katali magulu awiriwa amagwirizana,Nyanja_NM_Spk1_U_baa1f64b8a_Utterance_12_25_50.wav,10.565
NM,M,Spk1,U_baa1f64b8a,25_50,Nyanja_NM_Spk1_U_baa1f64b8a_Utterance_13,nkhakhala kanalikakang'ono conco kanali katalengetsa kusiyana kweni-kweni ku mbali ya cipindaco,Nyanja_NM_Spk1_U_baa1f64b8a_Utterance_13_25_50.wav,10.259
NM,M,Spk1,U_baa1f64b8a,25_50,Nyanja_NM_Spk1_U_baa1f64b8a_Utterance_14,mwakamodzi cabemunjira ina ninaonetsa poyera kuti ndine mu pulofeti,Nyanja_NM_Spk1_U_baa1f64b8a_Utterance_14_25_50.wav,8.092
NM,M,Spk1,U_baa1f64b8a,25_50,Nyanja_NM_Spk1_U_baa1f64b8a_Utterance_15,iye anapitila mwa henley albans nabwera pafupi kwambiri ndi dziko london ngati gejo (citsulo colimira) pa culu,Nyanja_NM_Spk1_U_baa1f64b8a_Utterance_15_25_50.wav,12.269
NM,M,Spk1,U_baa1f64b8a,25_50,Nyanja_NM_Spk1_U_baa1f64b8a_Utterance_16,zomwe ndilankhula zonse zili pa inu,Nyanja_NM_Spk1_U_baa1f64b8a_Utterance_16_25_50.wav,4.278
NM,M,Spk1,U_baa1f64b8a,25_50,Nyanja_NM_Spk1_U_baa1f64b8a_Utterance_17,inde ndipo abwera onse kumayeso awa inde,Nyanja_NM_Spk1_U_baa1f64b8a_Utterance_17_25_50.wav,4.709
NM,M,Spk1,U_baa1f64b8a,25_50,Nyanja_NM_Spk1_U_baa1f64b8a_Utterance_18,ndizapatsidwirapo cilango tsopano ndiganiza kuti ndi kupyolera kundimwetsera mu misozi yanga,Nyanja_NM_Spk1_U_baa1f64b8a_Utterance_18_25_50.wav,10.889
NM,M,Spk1,U_baa1f64b8a,25_50,Nyanja_NM_Spk1_U_baa1f64b8a_Utterance_19,kabweredwe ka anthu kunali kwakukulu mosayembekedzeleka ndipo asikana anali wosangalala kwabasi ataoneratu kupambana kwao mu phwando lao/cokondwerero cao,Nyanja_NM_Spk1_U_baa1f64b8a_Utterance_19_25_50.wav,21.493
NM,M,Spk1,U_baa1f64b8a,25_50,Nyanja_NM_Spk1_U_baa1f64b8a_Utterance_20,ndipo anaponya manja mu lhosa la msuweni wace ndipo lakele ocenjera uja anayamba kucotsa misozi,Nyanja_NM_Spk1_U_baa1f64b8a_Utterance_20_25_50.wav,11.853
NM,M,Spk1,U_baa1f64b8a,25_50,Nyanja_NM_Spk1_U_baa1f64b8a_Utterance_21,ndinali kuganiza kuti ndi zolingana kwabatsi ndi khadi imene ili ndi mtima pa makhadi a njuga anayankha kapitawo ali kusekelela mwapangono,Nyanja_NM_Spk1_U_baa1f64b8a_Utterance_21_25_50.wav,30.021
NM,M,Spk1,U_baa1f64b8a,25_50,Nyanja_NM_Spk1_U_baa1f64b8a_Utterance_22,ndakatulo zina za soloni zinanenedwanso ndi anyamata,Nyanja_NM_Spk1_U_baa1f64b8a_Utterance_22_25_50.wav,5.463
NM,M,Spk1,U_baa1f64b8a,25_50,Nyanja_NM_Spk1_U_baa1f64b8a_Utterance_23,sindizakhalanso woipa mtima onse anatero boolooroo uokalamba  ndizasintha njira zanga zoipa,Nyanja_NM_Spk1_U_baa1f64b8a_Utterance_23_25_50.wav,10.76
NM,M,Spk1,U_baa1f64b8a,25_50,Nyanja_NM_Spk1_U_baa1f64b8a_Utterance_24,ndinalowa ndipon ndinakutenga mwacisinsi kulingana ndi zomwe tinakambirana pa gome yakumbali ija,Nyanja_NM_Spk1_U_baa1f64b8a_Utterance_24_25_50.wav,12.983
NM,M,Spk1,U_baa1f64b8a,25_50,Nyanja_NM_Spk1_U_baa1f64b8a_Utterance_25,nanga za famu olafu zikalibe kutheka ndinayankha nati kuyenda ma ulendo aatali cimakoma nthawi ya cilimwe,Nyanja_NM_Spk1_U_baa1f64b8a_Utterance_25_25_50.wav,13.71
NM,M,Spk1,U_baa1f64b8a,0_25,Nyanja_NM_Spk1_U_baa1f64b8a_Utterance_1,ndicokondweretsa kuona zinthu zonse zikupita mwacangu patsogoro ndikucitika,Nyanja_NM_Spk1_U_baa1f64b8a_Utterance_1_0_25.wav,6.269
NM,M,Spk1,U_baa1f64b8a,0_25,Nyanja_NM_Spk1_U_baa1f64b8a_Utterance_2,koma ukhulupilira m'maphunziro anafunsa maliya,Nyanja_NM_Spk1_U_baa1f64b8a_Utterance_2_0_25.wav,3.692
NM,M,Spk1,U_baa1f64b8a,0_25,Nyanja_NM_Spk1_U_baa1f64b8a_Utterance_3,ngati mokhutilitsidwa ndi kucingililidwa kwace mtsilikali anatsiya malo ace ndi kulowa m'menemo,Nyanja_NM_Spk1_U_baa1f64b8a_Utterance_3_0_25.wav,11.556
NM,M,Spk1,U_baa1f64b8a,0_25,Nyanja_NM_Spk1_U_baa1f64b8a_Utterance_4,kodi sizinali zokhutilitsa kunena kucokera kwa ambuye mulungu,Nyanja_NM_Spk1_U_baa1f64b8a_Utterance_4_0_25.wav,6.002
NM,M,Spk1,U_baa1f64b8a,0_25,Nyanja_NM_Spk1_U_baa1f64b8a_Utterance_5,mopambana kuipa kwace tomu mopambana kuipa kwace anatero kapitawo wa mundende mokwiya,Nyanja_NM_Spk1_U_baa1f64b8a_Utterance_5_0_25.wav,9.613
NM,M,Spk1,U_baa1f64b8a,0_25,Nyanja_NM_Spk1_U_baa1f64b8a_Utterance_6,khwangwala anakhala pa msambo wa mtengo namayangana nyama yosakidwa ili kusamba mu madzi munsimo,Nyanja_NM_Spk1_U_baa1f64b8a_Utterance_6_0_25.wav,11.598
NM,M,Spk1,U_baa1f64b8a,0_25,Nyanja_NM_Spk1_U_baa1f64b8a_Utterance_7,izo tsopano zinali zoganiza zace zabwino ana akhanda awiri conco,Nyanja_NM_Spk1_U_baa1f64b8a_Utterance_7_0_25.wav,7.407
NM,M,Spk1,U_baa1f64b8a,0_25,Nyanja_NM_Spk1_U_baa1f64b8a_Utterance_8,zinthu zazing'ono za mu umphawi analira cynthia aganizireni uti anali atabwezedwa zaka zonsezi zapitazi,Nyanja_NM_Spk1_U_baa1f64b8a_Utterance_8_0_25.wav,12.457
NM,M,Spk1,U_baa1f64b8a,0_25,Nyanja_NM_Spk1_U_baa1f64b8a_Utterance_9,sindizanjenjemera mawa unaganiza tero mtengo wa mkuyu,Nyanja_NM_Spk1_U_baa1f64b8a_Utterance_9_0_25.wav,5.619
NM,M,Spk1,U_baa1f64b8a,0_25,Nyanja_NM_Spk1_U_baa1f64b8a_Utterance_10,iwo anayenda mobwelera pang'ono kucoka pa njira nazigwededza modziwitsa wojambura uja kuti alowe,Nyanja_NM_Spk1_U_baa1f64b8a_Utterance_10_0_25.wav,11.459
NM,M,Spk1,U_baa1f64b8a,0_25,Nyanja_NM_Spk1_U_baa1f64b8a_Utterance_11,ngati coletsedwa cocuuka kwambiri m'mene kugonana kungaimitsidwe koma sikungathe kuletsdwa nthawi ya pikiniki,Nyanja_NM_Spk1_U_baa1f64b8a_Utterance_11_0_25.wav,0.882
NM,M,Spk1,U_baa1f64b8a,0_25,Nyanja_NM_Spk1_U_baa1f64b8a_Utterance_12,koma sitisamala konse ndipo tipanga cimo kukhala cinthu copepeka,Nyanja_NM_Spk1_U_baa1f64b8a_Utterance_12_0_25.wav,7.988
NM,M,Spk1,U_baa1f64b8a,0_25,Nyanja_NM_Spk1_U_baa1f64b8a_Utterance_13,pulasitala (chigodo) ina yocepa yopakidwa kucipupa ca nyumba yotulutsira utsi inagwa pansi ndi kundicititsa mantha kutheratu,Nyanja_NM_Spk1_U_baa1f64b8a_Utterance_13_0_25.wav,19.853
NM,M,Spk1,U_baa1f64b8a,0_25,Nyanja_NM_Spk1_U_baa1f64b8a_Utterance_14,muzandilola ine kuganizila njira zina anatero monena kuti izo ndi kulingana ndi zoganiza za munthu,Nyanja_NM_Spk1_U_baa1f64b8a_Utterance_14_0_25.wav,12.887
NM,M,Spk1,U_baa1f64b8a,0_25,Nyanja_NM_Spk1_U_baa1f64b8a_Utterance_15,cilibe kukongola kuli konse copanda kukongola kosiyanako munjira iliyonse ndipo mizela yace yonse ndi yopanikizani ndi yosaoneka bwino,Nyanja_NM_Spk1_U_baa1f64b8a_Utterance_15_0_25.wav,15.0
NM,M,Spk1,U_baa1f64b8a,0_25,Nyanja_NM_Spk1_U_baa1f64b8a_Utterance_16,unamsiya mu mpando ukufunsa kuti mpando uti uli pafupi ndi dzenera,Nyanja_NM_Spk1_U_baa1f64b8a_Utterance_16_0_25.wav,7.732
NM,M,Spk1,U_baa1f64b8a,0_25,Nyanja_NM_Spk1_U_baa1f64b8a_Utterance_17,taima pomwepo ninatero ndikuona ndi kudabwa zolephera zanga,Nyanja_NM_Spk1_U_baa1f64b8a_Utterance_17_0_25.wav,6.316
NM,M,Spk1,U_baa1f64b8a,0_25,Nyanja_NM_Spk1_U_baa1f64b8a_Utterance_18,cikanakhala bwino kwambiri ngati kuti akadalankhula pa zomanga cibwenzi ca anthu,Nyanja_NM_Spk1_U_baa1f64b8a_Utterance_18_0_25.wav,10.263
NM,M,Spk1,U_baa1f64b8a,0_25,Nyanja_NM_Spk1_U_baa1f64b8a_Utterance_19,songasonga yogomoka ya mwala wa lidi inali itaikidwa pomwepo nayonso,Nyanja_NM_Spk1_U_baa1f64b8a_Utterance_19_0_25.wav,8.533
NM,M,Spk1,U_baa1f64b8a,0_25,Nyanja_NM_Spk1_U_baa1f64b8a_Utterance_20,kumene kunali mlili wa bwato imene inagwera pamadzi nthawi yomweyo  iwo anabwera pafupi koma osati pafupi kwenekweni kotero kuti angathe kuona ciliconse,Nyanja_NM_Spk1_U_baa1f64b8a_Utterance_20_0_25.wav,19.284
NM,M,Spk1,U_baa1f64b8a,0_25,Nyanja_NM_Spk1_U_baa1f64b8a_Utterance_21,ncifukwa ninji ili mu missouri ca kumalire ndiganizira tero tizatenga mapu,Nyanja_NM_Spk1_U_baa1f64b8a_Utterance_21_0_25.wav,10.879
NM,M,Spk1,U_baa1f64b8a,0_25,Nyanja_NM_Spk1_U_baa1f64b8a_Utterance_22,msokonezo umene changu cake cinathandizira unali cifukwa ca kusadziwa kwake iye mwine,Nyanja_NM_Spk1_U_baa1f64b8a_Utterance_22_0_25.wav,9.102
NM,M,Spk1,U_baa1f64b8a,0_25,Nyanja_NM_Spk1_U_baa1f64b8a_Utterance_23,anafunsa  phronsie ndi pa maso pace pa pang'ono  patayandikila ndi pamaso pa polli,Nyanja_NM_Spk1_U_baa1f64b8a_Utterance_23_0_25.wav,9.253
NM,M,Spk1,U_baa1f64b8a,0_25,Nyanja_NM_Spk1_U_baa1f64b8a_Utterance_24,kagwiritsa nchito zinthu zamene zidyedwa ngati umboni wa kukhala ndi cuuma kuyenera kuikidwa ngati kukula mocotsera,Nyanja_NM_Spk1_U_baa1f64b8a_Utterance_24_0_25.wav,12.504
NM,M,Spk1,U_baa1f64b8a,0_25,Nyanja_NM_Spk1_U_baa1f64b8a_Utterance_25,ayenera kuti iye anazipanga mosayenera zimenezi onani ngati pamaso pace panali pooneke mosabvutikira,Nyanja_NM_Spk1_U_baa1f64b8a_Utterance_25_0_25.wav,11.815
NM,M,Spk3,U_ad8ba498cc,100_125,Nyanja_NM_Spk3_U_ad8ba498cc_Utterance_1,missus usasinthe uyenera ndithu kukhala onyadira mwana wako wa mwamunayu,Nyanja_NM_Spk3_U_ad8ba498cc_Utterance_1_100_125.wav,6.185
NM,M,Spk3,U_ad8ba498cc,100_125,Nyanja_NM_Spk3_U_ad8ba498cc_Utterance_2,ndicobvuta kwabatsi anatero mademoiselle de tonnay charente akutseka mokuuwa,Nyanja_NM_Spk3_U_ad8ba498cc_Utterance_2_100_125.wav,7.872
NM,M,Spk3,U_ad8ba498cc,100_125,Nyanja_NM_Spk3_U_ad8ba498cc_Utterance_3,cabwino mosatikakamidza poti pakati pa ife tapambana nkhondo/ndeu anayankha lobin,Nyanja_NM_Spk3_U_ad8ba498cc_Utterance_3_100_125.wav,6.832
NM,M,Spk3,U_ad8ba498cc,100_125,Nyanja_NM_Spk3_U_ad8ba498cc_Utterance_4,mfumu inaimilira naitanitsa kuyamba kwa nyimbo ya masalimo imene iyamba ndi mau awa,Nyanja_NM_Spk3_U_ad8ba498cc_Utterance_4_100_125.wav,7.576
NM,M,Spk3,U_ad8ba498cc,100_125,Nyanja_NM_Spk3_U_ad8ba498cc_Utterance_5,lilime langa linakana kunena mphanvu zamga zolankhulira zidatha,Nyanja_NM_Spk3_U_ad8ba498cc_Utterance_5_100_125.wav,5.069
NM,M,Spk3,U_ad8ba498cc,100_125,Nyanja_NM_Spk3_U_ad8ba498cc_Utterance_6,iyi inali gulu lalikulu ya ubwino umene ukapoolo unali kucita ndi kuculutsa cinyengo,Nyanja_NM_Spk3_U_ad8ba498cc_Utterance_6_100_125.wav,7.504
NM,M,Spk3,U_ad8ba498cc,100_125,Nyanja_NM_Spk3_U_ad8ba498cc_Utterance_7,alexander anafuula ndinali kuti ndicite conco koma sindinathe,Nyanja_NM_Spk3_U_ad8ba498cc_Utterance_7_100_125.wav,5.584
NM,M,Spk3,U_ad8ba498cc,100_125,Nyanja_NM_Spk3_U_ad8ba498cc_Utterance_8,iye anaganiza kuti anali oyenera koma mwinamwace ncito ina inali yomuyenera bwino,Nyanja_NM_Spk3_U_ad8ba498cc_Utterance_8_100_125.wav,9.179
NM,M,Spk3,U_ad8ba498cc,100_125,Nyanja_NM_Spk3_U_ad8ba498cc_Utterance_9,kodi izi zithu sizingabwezedwe davive akupuma momasuka pamene cilungamo citadziwika kwa iye,Nyanja_NM_Spk3_U_ad8ba498cc_Utterance_9_100_125.wav,8.41
NM,M,Spk3,U_ad8ba498cc,100_125,Nyanja_NM_Spk3_U_ad8ba498cc_Utterance_10,tsopano uzakhala analila van nena kuti polly kodi uzatero,Nyanja_NM_Spk3_U_ad8ba498cc_Utterance_10_100_125.wav,7.305
NM,M,Spk3,U_ad8ba498cc,100_125,Nyanja_NM_Spk3_U_ad8ba498cc_Utterance_11,uyu ndi m'modzimwa mwa aja amene afunitsitsa iye lekani ndikudziwitseni kwa iye,Nyanja_NM_Spk3_U_ad8ba498cc_Utterance_11_100_125.wav,7.815
NM,M,Spk3,U_ad8ba498cc,100_125,Nyanja_NM_Spk3_U_ad8ba498cc_Utterance_12,kwadzidzira okondedwa wanga nkhope yako yokoma idalitsidwe,Nyanja_NM_Spk3_U_ad8ba498cc_Utterance_12_100_125.wav,4.867
NM,M,Spk3,U_ad8ba498cc,100_125,Nyanja_NM_Spk3_U_ad8ba498cc_Utterance_13,ngati cifukwa ca zokhumba zako zipemphere wekha sindingakukhalitse (sindingakuletse),Nyanja_NM_Spk3_U_ad8ba498cc_Utterance_13_100_125.wav,6.051
NM,M,Spk3,U_ad8ba498cc,100_125,Nyanja_NM_Spk3_U_ad8ba498cc_Utterance_14,zithunzithunzi zina monga zimene zisangalatsa zina ndi zodziwika ndipo zina ndi zosadziwika,Nyanja_NM_Spk3_U_ad8ba498cc_Utterance_14_100_125.wav,8.283
NM,M,Spk3,U_ad8ba498cc,100_125,Nyanja_NM_Spk3_U_ad8ba498cc_Utterance_15,atsikana mwadzuka ndikhulupilira muli kunva bwino cimodzimodzi ndi m'mene mukuonekera,Nyanja_NM_Spk3_U_ad8ba498cc_Utterance_15_100_125.wav,6.551
NM,M,Spk3,U_ad8ba498cc,100_125,Nyanja_NM_Spk3_U_ad8ba498cc_Utterance_16,mau ena amene ndinazindikira kukhara mau a voltaire kaffar ananena,Nyanja_NM_Spk3_U_ad8ba498cc_Utterance_16_100_125.wav,6.803
NM,M,Spk3,U_ad8ba498cc,100_125,Nyanja_NM_Spk3_U_ad8ba498cc_Utterance_17,oho kodi sadzakwiya  ngati namudikilitsa kwakantawi,Nyanja_NM_Spk3_U_ad8ba498cc_Utterance_17_100_125.wav,4.469
NM,M,Spk3,U_ad8ba498cc,100_125,Nyanja_NM_Spk3_U_ad8ba498cc_Utterance_18,nyenyezi ya golide ya tinselo inali kuwalabe pamwamba pa mtengo ilikunyezimila mu dzuwa,Nyanja_NM_Spk3_U_ad8ba498cc_Utterance_18_100_125.wav,7.341
NM,M,Spk3,U_ad8ba498cc,100_125,Nyanja_NM_Spk3_U_ad8ba498cc_Utterance_19,ico si cinthu cosatheka anatero mokweza kuti mzinda ulionse uthesedwe kotheratu,Nyanja_NM_Spk3_U_ad8ba498cc_Utterance_19_100_125.wav,8.537
NM,M,Spk3,U_ad8ba498cc,100_125,Nyanja_NM_Spk3_U_ad8ba498cc_Utterance_20,ndipo ngati ndinali ndi cuuma kodi mungathe kufuna kuti ndikhale umoyo wacabecabe,Nyanja_NM_Spk3_U_ad8ba498cc_Utterance_20_100_125.wav,7.227
NM,M,Spk3,U_ad8ba498cc,100_125,Nyanja_NM_Spk3_U_ad8ba498cc_Utterance_21,iye adalankhura ci fulenchi kwabwino kwambiri ndinaudzidwa pamene zinali kufunidwa koma zinali zokondweretsa ku malankhula ndi unyinji waukulu,Nyanja_NM_Spk3_U_ad8ba498cc_Utterance_21_100_125.wav,14.51
NM,M,Spk3,U_ad8ba498cc,100_125,Nyanja_NM_Spk3_U_ad8ba498cc_Utterance_22,kodi atate ako ndi olola uyenera kupita ku sukulu ya anthu apamwamba mziko lapansi,Nyanja_NM_Spk3_U_ad8ba498cc_Utterance_22_100_125.wav,8.079
NM,M,Spk3,U_ad8ba498cc,100_125,Nyanja_NM_Spk3_U_ad8ba498cc_Utterance_23,khalani okondwera pakati pa ife inatero mphepo ndi kuwala kwa dzuwa,Nyanja_NM_Spk3_U_ad8ba498cc_Utterance_23_100_125.wav,5.876
NM,M,Spk3,U_ad8ba498cc,100_125,Nyanja_NM_Spk3_U_ad8ba498cc_Utterance_24,ndanali kucita mobwereza kupyolera mu mphanvu za bambo awa,Nyanja_NM_Spk3_U_ad8ba498cc_Utterance_24_100_125.wav,5.241
NM,M,Spk3,U_ad8ba498cc,100_125,Nyanja_NM_Spk3_U_ad8ba498cc_Utterance_25,bambo harry towne bambo bartley alezxander a enginiya ocokera ku dziko la amelika,Nyanja_NM_Spk3_U_ad8ba498cc_Utterance_25_100_125.wav,7.845
NM,M,Spk3,U_ad8ba498cc,125_150,Nyanja_NM_Spk3_U_ad8ba498cc_Utterance_1,iyi njira ikusunga cilungamo cakuti amuna onseanagulitsidwa mu ucimo,Nyanja_NM_Spk3_U_ad8ba498cc_Utterance_1_125_150.wav,6.244
NM,M,Spk3,U_ad8ba498cc,125_150,Nyanja_NM_Spk3_U_ad8ba498cc_Utterance_2,analira atsikana acicepere ndipo mwa msanga anazima moto,Nyanja_NM_Spk3_U_ad8ba498cc_Utterance_2_125_150.wav,5.881
NM,M,Spk3,U_ad8ba498cc,125_150,Nyanja_NM_Spk3_U_ad8ba498cc_Utterance_3,ndipo ndiwe waphindu leech will anawelewetsa  robin mowa umenewu wagwiradi nchito yodabwitsa,Nyanja_NM_Spk3_U_ad8ba498cc_Utterance_3_125_150.wav,9.65
NM,M,Spk3,U_ad8ba498cc,125_150,Nyanja_NM_Spk3_U_ad8ba498cc_Utterance_4,pa zinthu zonse ndifunisintsa kuthesa nkhaniyi mwacisinsi ndiponso mwaubwino,Nyanja_NM_Spk3_U_ad8ba498cc_Utterance_4_125_150.wav,7.22
NM,M,Spk3,U_ad8ba498cc,125_150,Nyanja_NM_Spk3_U_ad8ba498cc_Utterance_5,anthu ngati inu siochuka kwambiri cifukwa coti mwakhala muli kugwira nchito yanu kwa kanthawi  pamene muyenelera kuti mu zipumula,Nyanja_NM_Spk3_U_ad8ba498cc_Utterance_5_125_150.wav,11.413
NM,M,Spk3,U_ad8ba498cc,125_150,Nyanja_NM_Spk3_U_ad8ba498cc_Utterance_6,caonekeratu kuti siuganiza za kupita komweko,Nyanja_NM_Spk3_U_ad8ba498cc_Utterance_6_125_150.wav,5.15
NM,M,Spk3,U_ad8ba498cc,125_150,Nyanja_NM_Spk3_U_ad8ba498cc_Utterance_7,ndiganizira kuti ndi cifukwa coti ndi nyengo ya mainza  kodi muzayeneranso kuzidulanso,Nyanja_NM_Spk3_U_ad8ba498cc_Utterance_7_125_150.wav,7.982
NM,M,Spk3,U_ad8ba498cc,125_150,Nyanja_NM_Spk3_U_ad8ba498cc_Utterance_8,zicitidwe zace sizinali za ukazipalile sizinalinso za okaana koma za munthu amene ali ndi mtima wokhazikika ndiponso wodekha,Nyanja_NM_Spk3_U_ad8ba498cc_Utterance_8_125_150.wav,11.711
NM,M,Spk3,U_ad8ba498cc,125_150,Nyanja_NM_Spk3_U_ad8ba498cc_Utterance_9,sitinganene kuti sicimaoneka ngakhale pang'ono anatero koma zina mwa izo zinali za amai anga,Nyanja_NM_Spk3_U_ad8ba498cc_Utterance_9_125_150.wav,8.663
NM,M,Spk3,U_ad8ba498cc,125_150,Nyanja_NM_Spk3_U_ad8ba498cc_Utterance_10,ico ndi cisote cabwino kwambiri iye anatero,Nyanja_NM_Spk3_U_ad8ba498cc_Utterance_10_125_150.wav,3.908
NM,M,Spk3,U_ad8ba498cc,125_150,Nyanja_NM_Spk3_U_ad8ba498cc_Utterance_11,kodi wina anadziwa kuti umboni umeneyu uzakhalako kulibe ngakhale umodzi kusamalila pulinta,Nyanja_NM_Spk3_U_ad8ba498cc_Utterance_11_125_150.wav,8.105
NM,M,Spk3,U_ad8ba498cc,125_150,Nyanja_NM_Spk3_U_ad8ba498cc_Utterance_12,ai tinakana pempho lao mwa ulemu ndithu mwa ubwino ndithu anatero oyenda wina wace wamg'ono,Nyanja_NM_Spk3_U_ad8ba498cc_Utterance_12_125_150.wav,8.298
NM,M,Spk3,U_ad8ba498cc,125_150,Nyanja_NM_Spk3_U_ad8ba498cc_Utterance_13,pa ndevu za odin ndinalila watenga kutseka kwathu ngati muntu wa cimuuna,Nyanja_NM_Spk3_U_ad8ba498cc_Utterance_13_125_150.wav,7.29
NM,M,Spk3,U_ad8ba498cc,125_150,Nyanja_NM_Spk3_U_ad8ba498cc_Utterance_14,comela ngati cija pa nyumba ya amfumu ku paris inali cionetsero ca pa kanthawi kochepa,Nyanja_NM_Spk3_U_ad8ba498cc_Utterance_14_125_150.wav,7.64
NM,M,Spk3,U_ad8ba498cc,125_150,Nyanja_NM_Spk3_U_ad8ba498cc_Utterance_15,nciani cimene munthu  sangathere kucitira zonse ndi kuwerenga zonse,Nyanja_NM_Spk3_U_ad8ba498cc_Utterance_15_125_150.wav,5.807
NM,M,Spk3,U_ad8ba498cc,125_150,Nyanja_NM_Spk3_U_ad8ba498cc_Utterance_16,m'mene timasangalasidwa ndi anthu poyamba kuli mu njira zisanu ndi zinai pa njira khumi kusangalasidwa kwa coonadi,Nyanja_NM_Spk3_U_ad8ba498cc_Utterance_16_125_150.wav,11.203
NM,M,Spk3,U_ad8ba498cc,125_150,Nyanja_NM_Spk3_U_ad8ba498cc_Utterance_17,zizo zolengedwa zazikulu zinapandana ndi unyama otheratu,Nyanja_NM_Spk3_U_ad8ba498cc_Utterance_17_125_150.wav,6.129
NM,M,Spk3,U_ad8ba498cc,125_150,Nyanja_NM_Spk3_U_ad8ba498cc_Utterance_18,inde koma anthu aku meridia ocokela ku umfumu wa mfumu palais ndiwo amene alingana kwabatsi,Nyanja_NM_Spk3_U_ad8ba498cc_Utterance_18_125_150.wav,7.29
NM,M,Spk3,U_ad8ba498cc,125_150,Nyanja_NM_Spk3_U_ad8ba498cc_Utterance_19,ukulingana ndi ine lakeleulibe mantha ndipo uli osafooka ndiponso uli wa cifundo,Nyanja_NM_Spk3_U_ad8ba498cc_Utterance_19_125_150.wav,7.421
NM,M,Spk3,U_ad8ba498cc,125_150,Nyanja_NM_Spk3_U_ad8ba498cc_Utterance_20,bambo edisoni anali mtsogoleri amene anali patali kwambiri ndi nthawi,Nyanja_NM_Spk3_U_ad8ba498cc_Utterance_20_125_150.wav,5.705
NM,M,Spk3,U_ad8ba498cc,125_150,Nyanja_NM_Spk3_U_ad8ba498cc_Utterance_21,kunalibe mpata oti mwina kungakhale kusintha cipinda cace cogonamo citabweretsedwa pafupi ndi m'mene mugona bambo gamewell,Nyanja_NM_Spk3_U_ad8ba498cc_Utterance_21_125_150.wav,9.543
NM,M,Spk3,U_ad8ba498cc,125_150,Nyanja_NM_Spk3_U_ad8ba498cc_Utterance_22,kodi ukumbuka kuyenda kwathu koyamba tili mu mzinda wa paris,Nyanja_NM_Spk3_U_ad8ba498cc_Utterance_22_125_150.wav,4.352
NM,M,Spk3,U_ad8ba498cc,125_150,Nyanja_NM_Spk3_U_ad8ba498cc_Utterance_23,anakondwera  kopoosa ndipo anapha mwaulesi pamene marie anabwera kuzatenga koffi,Nyanja_NM_Spk3_U_ad8ba498cc_Utterance_23_125_150.wav,6.941
NM,M,Spk3,U_ad8ba498cc,125_150,Nyanja_NM_Spk3_U_ad8ba498cc_Utterance_24,kamodzi molinganiza phaphiko koma anaziyendetsa ndipo mwacangu anabweranso kuti azawerenge nkhani,Nyanja_NM_Spk3_U_ad8ba498cc_Utterance_24_125_150.wav,8.228
NM,M,Spk3,U_ad8ba498cc,125_150,Nyanja_NM_Spk3_U_ad8ba498cc_Utterance_25,bambo kennington oval ndi munthu odziwa bwino kwambiri kusewera masewera anatero akazi anga,Nyanja_NM_Spk3_U_ad8ba498cc_Utterance_25_125_150.wav,8.105
NM,M,Spk3,U_408eb87daf,100_125,Nyanja_NM_Spk3_U_408eb87daf_Utterance_1,missus usasinthe uyenera ndithu kukhala onyadira mwana wako wa mwamunayu,Nyanja_NM_Spk3_U_408eb87daf_Utterance_1_100_125.wav,7.355
NM,M,Spk3,U_408eb87daf,100_125,Nyanja_NM_Spk3_U_408eb87daf_Utterance_2,ndicobvuta kwabatsi anatero mademoiselle de tonnay charente akutseka mokuuwa,Nyanja_NM_Spk3_U_408eb87daf_Utterance_2_100_125.wav,9.41
NM,M,Spk3,U_408eb87daf,100_125,Nyanja_NM_Spk3_U_408eb87daf_Utterance_3,cabwino mosatikakamidza poti pakati pa ife tapambana nkhondo/ndeu anayankha lobin,Nyanja_NM_Spk3_U_408eb87daf_Utterance_3_100_125.wav,11.195
NM,M,Spk3,U_408eb87daf,100_125,Nyanja_NM_Spk3_U_408eb87daf_Utterance_4,mfumu inaimilira naitanitsa kuyamba kwa nyimbo ya masalimo imene iyamba ndi mau awa,Nyanja_NM_Spk3_U_408eb87daf_Utterance_4_100_125.wav,7.565
NM,M,Spk3,U_408eb87daf,100_125,Nyanja_NM_Spk3_U_408eb87daf_Utterance_5,lilime langa linakana kunena mphanvu zamga zolankhulira zidatha,Nyanja_NM_Spk3_U_408eb87daf_Utterance_5_100_125.wav,6.635
NM,M,Spk3,U_408eb87daf,100_125,Nyanja_NM_Spk3_U_408eb87daf_Utterance_6,iyi inali gulu lalikulu ya ubwino umene ukapoolo unali kucita ndi kuculutsa cinyengo,Nyanja_NM_Spk3_U_408eb87daf_Utterance_6_100_125.wav,9.095
NM,M,Spk3,U_408eb87daf,100_125,Nyanja_NM_Spk3_U_408eb87daf_Utterance_7,alexander anafuula ndinali kuti ndicite conco koma sindinathe,Nyanja_NM_Spk3_U_408eb87daf_Utterance_7_100_125.wav,5.225
NM,M,Spk3,U_408eb87daf,100_125,Nyanja_NM_Spk3_U_408eb87daf_Utterance_8,iye anaganiza kuti anali oyenera koma mwinamwace ncito ina inali yomuyenera bwino,Nyanja_NM_Spk3_U_408eb87daf_Utterance_8_100_125.wav,7.745
NM,M,Spk3,U_408eb87daf,100_125,Nyanja_NM_Spk3_U_408eb87daf_Utterance_9,kodi izi zithu sizingabwezedwe davive akupuma momasuka pamene cilungamo citadziwika kwa iye,Nyanja_NM_Spk3_U_408eb87daf_Utterance_9_100_125.wav,14.628
NM,M,Spk3,U_408eb87daf,100_125,Nyanja_NM_Spk3_U_408eb87daf_Utterance_10,tsopano uzakhala analila van nena kuti polly kodi uzatero,Nyanja_NM_Spk3_U_408eb87daf_Utterance_10_100_125.wav,22.193
NM,M,Spk3,U_408eb87daf,100_125,Nyanja_NM_Spk3_U_408eb87daf_Utterance_11,uyu ndi m'modzimwa mwa aja amene afunitsitsa iye lekani ndikudziwitseni kwa iye,Nyanja_NM_Spk3_U_408eb87daf_Utterance_11_100_125.wav,8.24
NM,M,Spk3,U_408eb87daf,100_125,Nyanja_NM_Spk3_U_408eb87daf_Utterance_12,kwadzidzira okondedwa wanga nkhope yako yokoma idalitsidwe,Nyanja_NM_Spk3_U_408eb87daf_Utterance_12_100_125.wav,14.376
NM,M,Spk3,U_408eb87daf,100_125,Nyanja_NM_Spk3_U_408eb87daf_Utterance_13,ngati cifukwa ca zokhumba zako zipemphere wekha sindingakukhalitse (sindingakuletse),Nyanja_NM_Spk3_U_408eb87daf_Utterance_13_100_125.wav,27.116
NM,M,Spk3,U_408eb87daf,100_125,Nyanja_NM_Spk3_U_408eb87daf_Utterance_14,zithunzithunzi zina monga zimene zisangalatsa zina ndi zodziwika ndipo zina ndi zosadziwika,Nyanja_NM_Spk3_U_408eb87daf_Utterance_14_100_125.wav,9.755
NM,M,Spk3,U_408eb87daf,100_125,Nyanja_NM_Spk3_U_408eb87daf_Utterance_15,atsikana mwadzuka ndikhulupilira muli kunva bwino cimodzimodzi ndi m'mene mukuonekera,Nyanja_NM_Spk3_U_408eb87daf_Utterance_15_100_125.wav,8.66
NM,M,Spk3,U_408eb87daf,100_125,Nyanja_NM_Spk3_U_408eb87daf_Utterance_16,mau ena amene ndinazindikira kukhara mau a voltaire kaffar ananena,Nyanja_NM_Spk3_U_408eb87daf_Utterance_16_100_125.wav,21.055
NM,M,Spk3,U_408eb87daf,100_125,Nyanja_NM_Spk3_U_408eb87daf_Utterance_17,oho kodi sadzakwiya  ngati namudikilitsa kwakantawi,Nyanja_NM_Spk3_U_408eb87daf_Utterance_17_100_125.wav,26.455
NM,M,Spk3,U_408eb87daf,100_125,Nyanja_NM_Spk3_U_408eb87daf_Utterance_18,nyenyezi ya golide ya tinselo inali kuwalabe pamwamba pa mtengo ilikunyezimila mu dzuwa,Nyanja_NM_Spk3_U_408eb87daf_Utterance_18_100_125.wav,35.535
NM,M,Spk3,U_408eb87daf,100_125,Nyanja_NM_Spk3_U_408eb87daf_Utterance_19,ico si cinthu cosatheka anatero mokweza kuti mzinda ulionse uthesedwe kotheratu,Nyanja_NM_Spk3_U_408eb87daf_Utterance_19_100_125.wav,9.395
NM,M,Spk3,U_408eb87daf,100_125,Nyanja_NM_Spk3_U_408eb87daf_Utterance_20,ndipo ngati ndinali ndi cuuma kodi mungathe kufuna kuti ndikhale umoyo wacabecabe,Nyanja_NM_Spk3_U_408eb87daf_Utterance_20_100_125.wav,9.515
NM,M,Spk3,U_408eb87daf,100_125,Nyanja_NM_Spk3_U_408eb87daf_Utterance_21,iye adalankhura ci fulenchi kwabwino kwambiri ndinaudzidwa pamene zinali kufunidwa koma zinali zokondweretsa ku malankhula ndi unyinji waukulu,Nyanja_NM_Spk3_U_408eb87daf_Utterance_21_100_125.wav,10.97
NM,M,Spk3,U_408eb87daf,100_125,Nyanja_NM_Spk3_U_408eb87daf_Utterance_22,kodi atate ako ndi olola uyenera kupita ku sukulu ya anthu apamwamba mziko lapansi,Nyanja_NM_Spk3_U_408eb87daf_Utterance_22_100_125.wav,7.58
NM,M,Spk3,U_408eb87daf,100_125,Nyanja_NM_Spk3_U_408eb87daf_Utterance_23,khalani okondwera pakati pa ife inatero mphepo ndi kuwala kwa dzuwa,Nyanja_NM_Spk3_U_408eb87daf_Utterance_23_100_125.wav,16.096
NM,M,Spk3,U_408eb87daf,100_125,Nyanja_NM_Spk3_U_408eb87daf_Utterance_24,ndanali kucita mobwereza kupyolera mu mphanvu za bambo awa,Nyanja_NM_Spk3_U_408eb87daf_Utterance_24_100_125.wav,8.135
NM,M,Spk3,U_408eb87daf,100_125,Nyanja_NM_Spk3_U_408eb87daf_Utterance_25,bambo harry towne bambo bartley alezxander a enginiya ocokera ku dziko la amelika,Nyanja_NM_Spk3_U_408eb87daf_Utterance_25_100_125.wav,32.709
NM,M,Spk3,U_408eb87daf,125_150,Nyanja_NM_Spk3_U_408eb87daf_Utterance_1,iyi njira ikusunga cilungamo cakuti amuna onseanagulitsidwa mu ucimo,Nyanja_NM_Spk3_U_408eb87daf_Utterance_1_125_150.wav,7.46
NM,M,Spk3,U_408eb87daf,125_150,Nyanja_NM_Spk3_U_408eb87daf_Utterance_2,analira atsikana acicepere ndipo mwa msanga anazima moto,Nyanja_NM_Spk3_U_408eb87daf_Utterance_2_125_150.wav,6.665
NM,M,Spk3,U_408eb87daf,125_150,Nyanja_NM_Spk3_U_408eb87daf_Utterance_3,ndipo ndiwe waphindu leech will anawelewetsa  robin mowa umenewu wagwiradi nchito yodabwitsa,Nyanja_NM_Spk3_U_408eb87daf_Utterance_3_125_150.wav,8.75
NM,M,Spk3,U_408eb87daf,125_150,Nyanja_NM_Spk3_U_408eb87daf_Utterance_4,pa zinthu zonse ndifunisintsa kuthesa nkhaniyi mwacisinsi ndiponso mwaubwino,Nyanja_NM_Spk3_U_408eb87daf_Utterance_4_125_150.wav,7.955
NM,M,Spk3,U_408eb87daf,125_150,Nyanja_NM_Spk3_U_408eb87daf_Utterance_5,anthu ngati inu siochuka kwambiri cifukwa coti mwakhala muli kugwira nchito yanu kwa kanthawi  pamene muyenelera kuti mu zipumula,Nyanja_NM_Spk3_U_408eb87daf_Utterance_5_125_150.wav,14.39
NM,M,Spk3,U_408eb87daf,125_150,Nyanja_NM_Spk3_U_408eb87daf_Utterance_6,caonekeratu kuti siuganiza za kupita komweko,Nyanja_NM_Spk3_U_408eb87daf_Utterance_6_125_150.wav,5.705
NM,M,Spk3,U_408eb87daf,125_150,Nyanja_NM_Spk3_U_408eb87daf_Utterance_7,ndiganizira kuti ndi cifukwa coti ndi nyengo ya mainza  kodi muzayeneranso kuzidulanso,Nyanja_NM_Spk3_U_408eb87daf_Utterance_7_125_150.wav,7.22
NM,M,Spk3,U_408eb87daf,125_150,Nyanja_NM_Spk3_U_408eb87daf_Utterance_8,zicitidwe zace sizinali za ukazipalile sizinalinso za okaana koma za munthu amene ali ndi mtima wokhazikika ndiponso wodekha,Nyanja_NM_Spk3_U_408eb87daf_Utterance_8_125_150.wav,11.315
NM,M,Spk3,U_408eb87daf,125_150,Nyanja_NM_Spk3_U_408eb87daf_Utterance_9,sitinganene kuti sicimaoneka ngakhale pang'ono anatero koma zina mwa izo zinali za amai anga,Nyanja_NM_Spk3_U_408eb87daf_Utterance_9_125_150.wav,7.715
NM,M,Spk3,U_408eb87daf,125_150,Nyanja_NM_Spk3_U_408eb87daf_Utterance_10,ico ndi cisote cabwino kwambiri iye anatero,Nyanja_NM_Spk3_U_408eb87daf_Utterance_10_125_150.wav,3.725
NM,M,Spk3,U_408eb87daf,125_150,Nyanja_NM_Spk3_U_408eb87daf_Utterance_11,kodi wina anadziwa kuti umboni umeneyu uzakhalako kulibe ngakhale umodzi kusamalila pulinta,Nyanja_NM_Spk3_U_408eb87daf_Utterance_11_125_150.wav,8.345
NM,M,Spk3,U_408eb87daf,125_150,Nyanja_NM_Spk3_U_408eb87daf_Utterance_12,ai tinakana pempho lao mwa ulemu ndithu mwa ubwino ndithu anatero oyenda wina wace wamg'ono,Nyanja_NM_Spk3_U_408eb87daf_Utterance_12_125_150.wav,11.21
NM,M,Spk3,U_408eb87daf,125_150,Nyanja_NM_Spk3_U_408eb87daf_Utterance_13,pa ndevu za odin ndinalila watenga kutseka kwathu ngati muntu wa cimuuna,Nyanja_NM_Spk3_U_408eb87daf_Utterance_13_125_150.wav,7.28
NM,M,Spk3,U_408eb87daf,125_150,Nyanja_NM_Spk3_U_408eb87daf_Utterance_14,comela ngati cija pa nyumba ya amfumu ku paris inali cionetsero ca pa kanthawi kochepa,Nyanja_NM_Spk3_U_408eb87daf_Utterance_14_125_150.wav,8.45
NM,M,Spk3,U_408eb87daf,125_150,Nyanja_NM_Spk3_U_408eb87daf_Utterance_15,nciani cimene munthu  sangathere kucitira zonse ndi kuwerenga zonse,Nyanja_NM_Spk3_U_408eb87daf_Utterance_15_125_150.wav,6.74
NM,M,Spk3,U_408eb87daf,125_150,Nyanja_NM_Spk3_U_408eb87daf_Utterance_16,m'mene timasangalasidwa ndi anthu poyamba kuli mu njira zisanu ndi zinai pa njira khumi kusangalasidwa kwa coonadi,Nyanja_NM_Spk3_U_408eb87daf_Utterance_16_125_150.wav,11.855
NM,M,Spk3,U_408eb87daf,125_150,Nyanja_NM_Spk3_U_408eb87daf_Utterance_17,zizo zolengedwa zazikulu zinapandana ndi unyama otheratu,Nyanja_NM_Spk3_U_408eb87daf_Utterance_17_125_150.wav,6.875
NM,M,Spk3,U_408eb87daf,125_150,Nyanja_NM_Spk3_U_408eb87daf_Utterance_18,inde koma anthu aku meridia ocokela ku umfumu wa mfumu palais ndiwo amene alingana kwabatsi,Nyanja_NM_Spk3_U_408eb87daf_Utterance_18_125_150.wav,8.39
NM,M,Spk3,U_408eb87daf,125_150,Nyanja_NM_Spk3_U_408eb87daf_Utterance_19,ukulingana ndi ine lakeleulibe mantha ndipo uli osafooka ndiponso uli wa cifundo,Nyanja_NM_Spk3_U_408eb87daf_Utterance_19_125_150.wav,7.985
NM,M,Spk3,U_408eb87daf,125_150,Nyanja_NM_Spk3_U_408eb87daf_Utterance_20,bambo edisoni anali mtsogoleri amene anali patali kwambiri ndi nthawi,Nyanja_NM_Spk3_U_408eb87daf_Utterance_20_125_150.wav,6.11
NM,M,Spk3,U_408eb87daf,125_150,Nyanja_NM_Spk3_U_408eb87daf_Utterance_21,kunalibe mpata oti mwina kungakhale kusintha cipinda cace cogonamo citabweretsedwa pafupi ndi m'mene mugona bambo gamewell,Nyanja_NM_Spk3_U_408eb87daf_Utterance_21_125_150.wav,12.44
NM,M,Spk3,U_408eb87daf,125_150,Nyanja_NM_Spk3_U_408eb87daf_Utterance_22,kodi ukumbuka kuyenda kwathu koyamba tili mu mzinda wa paris,Nyanja_NM_Spk3_U_408eb87daf_Utterance_22_125_150.wav,7.265
NM,M,Spk3,U_408eb87daf,125_150,Nyanja_NM_Spk3_U_408eb87daf_Utterance_23,anakondwera  kopoosa ndipo anapha mwaulesi pamene marie anabwera kuzatenga koffi,Nyanja_NM_Spk3_U_408eb87daf_Utterance_23_125_150.wav,10.325
NM,M,Spk3,U_408eb87daf,125_150,Nyanja_NM_Spk3_U_408eb87daf_Utterance_24,kamodzi molinganiza phaphiko koma anaziyendetsa ndipo mwacangu anabweranso kuti azawerenge nkhani,Nyanja_NM_Spk3_U_408eb87daf_Utterance_24_125_150.wav,2.525
NM,M,Spk3,U_408eb87daf,125_150,Nyanja_NM_Spk3_U_408eb87daf_Utterance_25,bambo kennington oval ndi munthu odziwa bwino kwambiri kusewera masewera anatero akazi anga,Nyanja_NM_Spk3_U_408eb87daf_Utterance_25_125_150.wav,7.86
NM,M,Spk3,U_70a10051cf,100_125,Nyanja_NM_Spk3_U_70a10051cf_Utterance_1,missus usasinthe uyenera ndithu kukhala onyadira mwana wako wa mwamunayu,Nyanja_NM_Spk3_U_70a10051cf_Utterance_1_100_125.wav,6.293
NM,M,Spk3,U_70a10051cf,100_125,Nyanja_NM_Spk3_U_70a10051cf_Utterance_2,ndicobvuta kwabatsi anatero mademoiselle de tonnay charente akutseka mokuuwa,Nyanja_NM_Spk3_U_70a10051cf_Utterance_2_100_125.wav,8.684
NM,M,Spk3,U_70a10051cf,100_125,Nyanja_NM_Spk3_U_70a10051cf_Utterance_3,cabwino mosatikakamidza poti pakati pa ife tapambana nkhondo/ndeu anayankha lobin,Nyanja_NM_Spk3_U_70a10051cf_Utterance_3_100_125.wav,8.185
NM,M,Spk3,U_70a10051cf,100_125,Nyanja_NM_Spk3_U_70a10051cf_Utterance_4,mfumu inaimilira naitanitsa kuyamba kwa nyimbo ya masalimo imene iyamba ndi mau awa,Nyanja_NM_Spk3_U_70a10051cf_Utterance_4_100_125.wav,8.51
NM,M,Spk3,U_70a10051cf,100_125,Nyanja_NM_Spk3_U_70a10051cf_Utterance_5,lilime langa linakana kunena mphanvu zamga zolankhulira zidatha,Nyanja_NM_Spk3_U_70a10051cf_Utterance_5_100_125.wav,6.536
NM,M,Spk3,U_70a10051cf,100_125,Nyanja_NM_Spk3_U_70a10051cf_Utterance_6,iyi inali gulu lalikulu ya ubwino umene ukapoolo unali kucita ndi kuculutsa cinyengo,Nyanja_NM_Spk3_U_70a10051cf_Utterance_6_100_125.wav,9.311
NM,M,Spk3,U_70a10051cf,100_125,Nyanja_NM_Spk3_U_70a10051cf_Utterance_7,alexander anafuula ndinali kuti ndicite conco koma sindinathe,Nyanja_NM_Spk3_U_70a10051cf_Utterance_7_100_125.wav,5.631
NM,M,Spk3,U_70a10051cf,100_125,Nyanja_NM_Spk3_U_70a10051cf_Utterance_8,iye anaganiza kuti anali oyenera koma mwinamwace ncito ina inali yomuyenera bwino,Nyanja_NM_Spk3_U_70a10051cf_Utterance_8_100_125.wav,8.382
NM,M,Spk3,U_70a10051cf,100_125,Nyanja_NM_Spk3_U_70a10051cf_Utterance_9,kodi izi zithu sizingabwezedwe davive akupuma momasuka pamene cilungamo citadziwika kwa iye,Nyanja_NM_Spk3_U_70a10051cf_Utterance_9_100_125.wav,11.471
NM,M,Spk3,U_70a10051cf,100_125,Nyanja_NM_Spk3_U_70a10051cf_Utterance_10,tsopano uzakhala analila van nena kuti polly kodi uzatero,Nyanja_NM_Spk3_U_70a10051cf_Utterance_10_100_125.wav,6.594
NM,M,Spk3,U_70a10051cf,100_125,Nyanja_NM_Spk3_U_70a10051cf_Utterance_11,uyu ndi m'modzimwa mwa aja amene afunitsitsa iye lekani ndikudziwitseni kwa iye,Nyanja_NM_Spk3_U_70a10051cf_Utterance_11_100_125.wav,10.321
NM,M,Spk3,U_70a10051cf,100_125,Nyanja_NM_Spk3_U_70a10051cf_Utterance_12,kwadzidzira okondedwa wanga nkhope yako yokoma idalitsidwe,Nyanja_NM_Spk3_U_70a10051cf_Utterance_12_100_125.wav,5.132
NM,M,Spk3,U_70a10051cf,100_125,Nyanja_NM_Spk3_U_70a10051cf_Utterance_13,ngati cifukwa ca zokhumba zako zipemphere wekha sindingakukhalitse (sindingakuletse),Nyanja_NM_Spk3_U_70a10051cf_Utterance_13_100_125.wav,6.502
NM,M,Spk3,U_70a10051cf,100_125,Nyanja_NM_Spk3_U_70a10051cf_Utterance_14,zithunzithunzi zina monga zimene zisangalatsa zina ndi zodziwika ndipo zina ndi zosadziwika,Nyanja_NM_Spk3_U_70a10051cf_Utterance_14_100_125.wav,9.718
NM,M,Spk3,U_70a10051cf,100_125,Nyanja_NM_Spk3_U_70a10051cf_Utterance_15,atsikana mwadzuka ndikhulupilira muli kunva bwino cimodzimodzi ndi m'mene mukuonekera,Nyanja_NM_Spk3_U_70a10051cf_Utterance_15_100_125.wav,10.008
NM,M,Spk3,U_70a10051cf,100_125,Nyanja_NM_Spk3_U_70a10051cf_Utterance_16,mau ena amene ndinazindikira kukhara mau a voltaire kaffar ananena,Nyanja_NM_Spk3_U_70a10051cf_Utterance_16_100_125.wav,7.535
NM,M,Spk3,U_70a10051cf,100_125,Nyanja_NM_Spk3_U_70a10051cf_Utterance_17,oho kodi sadzakwiya  ngati namudikilitsa kwakantawi,Nyanja_NM_Spk3_U_70a10051cf_Utterance_17_100_125.wav,5.747
NM,M,Spk3,U_70a10051cf,100_125,Nyanja_NM_Spk3_U_70a10051cf_Utterance_18,nyenyezi ya golide ya tinselo inali kuwalabe pamwamba pa mtengo ilikunyezimila mu dzuwa,Nyanja_NM_Spk3_U_70a10051cf_Utterance_18_100_125.wav,10.786
NM,M,Spk3,U_70a10051cf,100_125,Nyanja_NM_Spk3_U_70a10051cf_Utterance_19,ico si cinthu cosatheka anatero mokweza kuti mzinda ulionse uthesedwe kotheratu,Nyanja_NM_Spk3_U_70a10051cf_Utterance_19_100_125.wav,9.973
NM,M,Spk3,U_70a10051cf,100_125,Nyanja_NM_Spk3_U_70a10051cf_Utterance_20,ndipo ngati ndinali ndi cuuma kodi mungathe kufuna kuti ndikhale umoyo wacabecabe,Nyanja_NM_Spk3_U_70a10051cf_Utterance_20_100_125.wav,7.86
NM,M,Spk3,U_70a10051cf,100_125,Nyanja_NM_Spk3_U_70a10051cf_Utterance_21,iye adalankhura ci fulenchi kwabwino kwambiri ndinaudzidwa pamene zinali kufunidwa koma zinali zokondweretsa ku malankhula ndi unyinji waukulu,Nyanja_NM_Spk3_U_70a10051cf_Utterance_21_100_125.wav,15.499
NM,M,Spk3,U_70a10051cf,100_125,Nyanja_NM_Spk3_U_70a10051cf_Utterance_22,kodi atate ako ndi olola uyenera kupita ku sukulu ya anthu apamwamba mziko lapansi,Nyanja_NM_Spk3_U_70a10051cf_Utterance_22_100_125.wav,7.651
NM,M,Spk3,U_70a10051cf,100_125,Nyanja_NM_Spk3_U_70a10051cf_Utterance_23,khalani okondwera pakati pa ife inatero mphepo ndi kuwala kwa dzuwa,Nyanja_NM_Spk3_U_70a10051cf_Utterance_23_100_125.wav,6.258
NM,M,Spk3,U_70a10051cf,100_125,Nyanja_NM_Spk3_U_70a10051cf_Utterance_24,ndanali kucita mobwereza kupyolera mu mphanvu za bambo awa,Nyanja_NM_Spk3_U_70a10051cf_Utterance_24_100_125.wav,6.49
NM,M,Spk3,U_70a10051cf,100_125,Nyanja_NM_Spk3_U_70a10051cf_Utterance_25,bambo harry towne bambo bartley alezxander a enginiya ocokera ku dziko la amelika,Nyanja_NM_Spk3_U_70a10051cf_Utterance_25_100_125.wav,9.671
NM,M,Spk3,U_70a10051cf,125_150,Nyanja_NM_Spk3_U_70a10051cf_Utterance_1,iyi njira ikusunga cilungamo cakuti amuna onseanagulitsidwa mu ucimo,Nyanja_NM_Spk3_U_70a10051cf_Utterance_1_125_150.wav,9.079
NM,M,Spk3,U_70a10051cf,125_150,Nyanja_NM_Spk3_U_70a10051cf_Utterance_2,analira atsikana acicepere ndipo mwa msanga anazima moto,Nyanja_NM_Spk3_U_70a10051cf_Utterance_2_125_150.wav,6.235
NM,M,Spk3,U_70a10051cf,125_150,Nyanja_NM_Spk3_U_70a10051cf_Utterance_3,ndipo ndiwe waphindu leech will anawelewetsa  robin mowa umenewu wagwiradi nchito yodabwitsa,Nyanja_NM_Spk3_U_70a10051cf_Utterance_3_125_150.wav,10.728
NM,M,Spk3,U_70a10051cf,125_150,Nyanja_NM_Spk3_U_70a10051cf_Utterance_4,pa zinthu zonse ndifunisintsa kuthesa nkhaniyi mwacisinsi ndiponso mwaubwino,Nyanja_NM_Spk3_U_70a10051cf_Utterance_4_125_150.wav,8.127
NM,M,Spk3,U_70a10051cf,125_150,Nyanja_NM_Spk3_U_70a10051cf_Utterance_5,anthu ngati inu siochuka kwambiri cifukwa coti mwakhala muli kugwira nchito yanu kwa kanthawi  pamene muyenelera kuti mu zipumula,Nyanja_NM_Spk3_U_70a10051cf_Utterance_5_125_150.wav,12.748
NM,M,Spk3,U_70a10051cf,125_150,Nyanja_NM_Spk3_U_70a10051cf_Utterance_6,caonekeratu kuti siuganiza za kupita komweko,Nyanja_NM_Spk3_U_70a10051cf_Utterance_6_125_150.wav,5.352
NM,M,Spk3,U_70a10051cf,125_150,Nyanja_NM_Spk3_U_70a10051cf_Utterance_7,ndiganizira kuti ndi cifukwa coti ndi nyengo ya mainza  kodi muzayeneranso kuzidulanso,Nyanja_NM_Spk3_U_70a10051cf_Utterance_7_125_150.wav,8.441
NM,M,Spk3,U_70a10051cf,125_150,Nyanja_NM_Spk3_U_70a10051cf_Utterance_8,zicitidwe zace sizinali za ukazipalile sizinalinso za okaana koma za munthu amene ali ndi mtima wokhazikika ndiponso wodekha,Nyanja_NM_Spk3_U_70a10051cf_Utterance_8_125_150.wav,15.197
NM,M,Spk3,U_70a10051cf,125_150,Nyanja_NM_Spk3_U_70a10051cf_Utterance_9,sitinganene kuti sicimaoneka ngakhale pang'ono anatero koma zina mwa izo zinali za amai anga,Nyanja_NM_Spk3_U_70a10051cf_Utterance_9_125_150.wav,9.973
NM,M,Spk3,U_70a10051cf,125_150,Nyanja_NM_Spk3_U_70a10051cf_Utterance_10,ico ndi cisote cabwino kwambiri iye anatero,Nyanja_NM_Spk3_U_70a10051cf_Utterance_10_125_150.wav,4.423
NM,M,Spk3,U_70a10051cf,125_150,Nyanja_NM_Spk3_U_70a10051cf_Utterance_11,kodi wina anadziwa kuti umboni umeneyu uzakhalako kulibe ngakhale umodzi kusamalila pulinta,Nyanja_NM_Spk3_U_70a10051cf_Utterance_11_125_150.wav,12.423
NM,M,Spk3,U_70a10051cf,125_150,Nyanja_NM_Spk3_U_70a10051cf_Utterance_12,ai tinakana pempho lao mwa ulemu ndithu mwa ubwino ndithu anatero oyenda wina wace wamg'ono,Nyanja_NM_Spk3_U_70a10051cf_Utterance_12_125_150.wav,8.975
NM,M,Spk3,U_70a10051cf,125_150,Nyanja_NM_Spk3_U_70a10051cf_Utterance_13,pa ndevu za odin ndinalila watenga kutseka kwathu ngati muntu wa cimuuna,Nyanja_NM_Spk3_U_70a10051cf_Utterance_13_125_150.wav,6.502
NM,M,Spk3,U_70a10051cf,125_150,Nyanja_NM_Spk3_U_70a10051cf_Utterance_14,comela ngati cija pa nyumba ya amfumu ku paris inali cionetsero ca pa kanthawi kochepa,Nyanja_NM_Spk3_U_70a10051cf_Utterance_14_125_150.wav,9.671
NM,M,Spk3,U_70a10051cf,125_150,Nyanja_NM_Spk3_U_70a10051cf_Utterance_15,nciani cimene munthu  sangathere kucitira zonse ndi kuwerenga zonse,Nyanja_NM_Spk3_U_70a10051cf_Utterance_15_125_150.wav,7.024
NM,M,Spk3,U_70a10051cf,125_150,Nyanja_NM_Spk3_U_70a10051cf_Utterance_16,m'mene timasangalasidwa ndi anthu poyamba kuli mu njira zisanu ndi zinai pa njira khumi kusangalasidwa kwa coonadi,Nyanja_NM_Spk3_U_70a10051cf_Utterance_16_125_150.wav,12.307
NM,M,Spk3,U_70a10051cf,125_150,Nyanja_NM_Spk3_U_70a10051cf_Utterance_17,zizo zolengedwa zazikulu zinapandana ndi unyama otheratu,Nyanja_NM_Spk3_U_70a10051cf_Utterance_17_125_150.wav,7.152
NM,M,Spk3,U_70a10051cf,125_150,Nyanja_NM_Spk3_U_70a10051cf_Utterance_18,inde koma anthu aku meridia ocokela ku umfumu wa mfumu palais ndiwo amene alingana kwabatsi,Nyanja_NM_Spk3_U_70a10051cf_Utterance_18_125_150.wav,11.587
NM,M,Spk3,U_70a10051cf,125_150,Nyanja_NM_Spk3_U_70a10051cf_Utterance_19,ukulingana ndi ine lakeleulibe mantha ndipo uli osafooka ndiponso uli wa cifundo,Nyanja_NM_Spk3_U_70a10051cf_Utterance_19_125_150.wav,10.542
NM,M,Spk3,U_70a10051cf,125_150,Nyanja_NM_Spk3_U_70a10051cf_Utterance_20,bambo edisoni anali mtsogoleri amene anali patali kwambiri ndi nthawi,Nyanja_NM_Spk3_U_70a10051cf_Utterance_20_125_150.wav,8.336
NM,M,Spk3,U_70a10051cf,125_150,Nyanja_NM_Spk3_U_70a10051cf_Utterance_21,kunalibe mpata oti mwina kungakhale kusintha cipinda cace cogonamo citabweretsedwa pafupi ndi m'mene mugona bambo gamewell,Nyanja_NM_Spk3_U_70a10051cf_Utterance_21_125_150.wav,14.524
NM,M,Spk3,U_70a10051cf,125_150,Nyanja_NM_Spk3_U_70a10051cf_Utterance_22,kodi ukumbuka kuyenda kwathu koyamba tili mu mzinda wa paris,Nyanja_NM_Spk3_U_70a10051cf_Utterance_22_125_150.wav,5.875
NM,M,Spk3,U_70a10051cf,125_150,Nyanja_NM_Spk3_U_70a10051cf_Utterance_23,anakondwera  kopoosa ndipo anapha mwaulesi pamene marie anabwera kuzatenga koffi,Nyanja_NM_Spk3_U_70a10051cf_Utterance_23_125_150.wav,8.057
NM,M,Spk3,U_70a10051cf,125_150,Nyanja_NM_Spk3_U_70a10051cf_Utterance_24,kamodzi molinganiza phaphiko koma anaziyendetsa ndipo mwacangu anabweranso kuti azawerenge nkhani,Nyanja_NM_Spk3_U_70a10051cf_Utterance_24_125_150.wav,10.577
NM,M,Spk3,U_70a10051cf,125_150,Nyanja_NM_Spk3_U_70a10051cf_Utterance_25,bambo kennington oval ndi munthu odziwa bwino kwambiri kusewera masewera anatero akazi anga,Nyanja_NM_Spk3_U_70a10051cf_Utterance_25_125_150.wav,8.348
NM,M,Spk3,U_db334c3711,100_125,Nyanja_NM_Spk3_U_db334c3711_Utterance_1,missus usasinthe uyenera ndithu kukhala onyadira mwana wako wa mwamunayu,Nyanja_NM_Spk3_U_db334c3711_Utterance_1_100_125.wav,5.886
NM,M,Spk3,U_db334c3711,100_125,Nyanja_NM_Spk3_U_db334c3711_Utterance_2,ndicobvuta kwabatsi anatero mademoiselle de tonnay charente akutseka mokuuwa,Nyanja_NM_Spk3_U_db334c3711_Utterance_2_100_125.wav,5.704
NM,M,Spk3,U_db334c3711,100_125,Nyanja_NM_Spk3_U_db334c3711_Utterance_3,cabwino mosatikakamidza poti pakati pa ife tapambana nkhondo/ndeu anayankha lobin,Nyanja_NM_Spk3_U_db334c3711_Utterance_3_100_125.wav,5.69
NM,M,Spk3,U_db334c3711,100_125,Nyanja_NM_Spk3_U_db334c3711_Utterance_4,mfumu inaimilira naitanitsa kuyamba kwa nyimbo ya masalimo imene iyamba ndi mau awa,Nyanja_NM_Spk3_U_db334c3711_Utterance_4_100_125.wav,5.573
NM,M,Spk3,U_db334c3711,100_125,Nyanja_NM_Spk3_U_db334c3711_Utterance_5,lilime langa linakana kunena mphanvu zamga zolankhulira zidatha,Nyanja_NM_Spk3_U_db334c3711_Utterance_5_100_125.wav,4.714
NM,M,Spk3,U_db334c3711,100_125,Nyanja_NM_Spk3_U_db334c3711_Utterance_6,iyi inali gulu lalikulu ya ubwino umene ukapoolo unali kucita ndi kuculutsa cinyengo,Nyanja_NM_Spk3_U_db334c3711_Utterance_6_100_125.wav,5.979
NM,M,Spk3,U_db334c3711,100_125,Nyanja_NM_Spk3_U_db334c3711_Utterance_7,alexander anafuula ndinali kuti ndicite conco koma sindinathe,Nyanja_NM_Spk3_U_db334c3711_Utterance_7_100_125.wav,4.679
NM,M,Spk3,U_db334c3711,100_125,Nyanja_NM_Spk3_U_db334c3711_Utterance_8,iye anaganiza kuti anali oyenera koma mwinamwace ncito ina inali yomuyenera bwino,Nyanja_NM_Spk3_U_db334c3711_Utterance_8_100_125.wav,6.176
NM,M,Spk3,U_db334c3711,100_125,Nyanja_NM_Spk3_U_db334c3711_Utterance_9,kodi izi zithu sizingabwezedwe davive akupuma momasuka pamene cilungamo citadziwika kwa iye,Nyanja_NM_Spk3_U_db334c3711_Utterance_9_100_125.wav,6.966
NM,M,Spk3,U_db334c3711,100_125,Nyanja_NM_Spk3_U_db334c3711_Utterance_10,tsopano uzakhala analila van nena kuti polly kodi uzatero,Nyanja_NM_Spk3_U_db334c3711_Utterance_10_100_125.wav,4.679
NM,M,Spk3,U_db334c3711,100_125,Nyanja_NM_Spk3_U_db334c3711_Utterance_11,uyu ndi m'modzimwa mwa aja amene afunitsitsa iye lekani ndikudziwitseni kwa iye,Nyanja_NM_Spk3_U_db334c3711_Utterance_11_100_125.wav,5.731
NM,M,Spk3,U_db334c3711,100_125,Nyanja_NM_Spk3_U_db334c3711_Utterance_12,kwadzidzira okondedwa wanga nkhope yako yokoma idalitsidwe,Nyanja_NM_Spk3_U_db334c3711_Utterance_12_100_125.wav,3.971
NM,M,Spk3,U_db334c3711,100_125,Nyanja_NM_Spk3_U_db334c3711_Utterance_13,ngati cifukwa ca zokhumba zako zipemphere wekha sindingakukhalitse (sindingakuletse),Nyanja_NM_Spk3_U_db334c3711_Utterance_13_100_125.wav,4.289
NM,M,Spk3,U_db334c3711,100_125,Nyanja_NM_Spk3_U_db334c3711_Utterance_14,zithunzithunzi zina monga zimene zisangalatsa zina ndi zodziwika ndipo zina ndi zosadziwika,Nyanja_NM_Spk3_U_db334c3711_Utterance_14_100_125.wav,6.397
NM,M,Spk3,U_db334c3711,100_125,Nyanja_NM_Spk3_U_db334c3711_Utterance_15,atsikana mwadzuka ndikhulupilira muli kunva bwino cimodzimodzi ndi m'mene mukuonekera,Nyanja_NM_Spk3_U_db334c3711_Utterance_15_100_125.wav,5.561
NM,M,Spk3,U_db334c3711,100_125,Nyanja_NM_Spk3_U_db334c3711_Utterance_16,mau ena amene ndinazindikira kukhara mau a voltaire kaffar ananena,Nyanja_NM_Spk3_U_db334c3711_Utterance_16_100_125.wav,5.379
NM,M,Spk3,U_db334c3711,100_125,Nyanja_NM_Spk3_U_db334c3711_Utterance_17,oho kodi sadzakwiya  ngati namudikilitsa kwakantawi,Nyanja_NM_Spk3_U_db334c3711_Utterance_17_100_125.wav,3.622
NM,M,Spk3,U_db334c3711,100_125,Nyanja_NM_Spk3_U_db334c3711_Utterance_18,nyenyezi ya golide ya tinselo inali kuwalabe pamwamba pa mtengo ilikunyezimila mu dzuwa,Nyanja_NM_Spk3_U_db334c3711_Utterance_18_100_125.wav,5.944
NM,M,Spk3,U_db334c3711,100_125,Nyanja_NM_Spk3_U_db334c3711_Utterance_19,ico si cinthu cosatheka anatero mokweza kuti mzinda ulionse uthesedwe kotheratu,Nyanja_NM_Spk3_U_db334c3711_Utterance_19_100_125.wav,6.014
NM,M,Spk3,U_db334c3711,100_125,Nyanja_NM_Spk3_U_db334c3711_Utterance_20,ndipo ngati ndinali ndi cuuma kodi mungathe kufuna kuti ndikhale umoyo wacabecabe,Nyanja_NM_Spk3_U_db334c3711_Utterance_20_100_125.wav,6.095
NM,M,Spk3,U_db334c3711,100_125,Nyanja_NM_Spk3_U_db334c3711_Utterance_21,iye adalankhura ci fulenchi kwabwino kwambiri ndinaudzidwa pamene zinali kufunidwa koma zinali zokondweretsa ku malankhula ndi unyinji waukulu,Nyanja_NM_Spk3_U_db334c3711_Utterance_21_100_125.wav,6.571
NM,M,Spk3,U_db334c3711,100_125,Nyanja_NM_Spk3_U_db334c3711_Utterance_22,kodi atate ako ndi olola uyenera kupita ku sukulu ya anthu apamwamba mziko lapansi,Nyanja_NM_Spk3_U_db334c3711_Utterance_22_100_125.wav,5.715
NM,M,Spk3,U_db334c3711,100_125,Nyanja_NM_Spk3_U_db334c3711_Utterance_23,khalani okondwera pakati pa ife inatero mphepo ndi kuwala kwa dzuwa,Nyanja_NM_Spk3_U_db334c3711_Utterance_23_100_125.wav,4.679
NM,M,Spk3,U_db334c3711,100_125,Nyanja_NM_Spk3_U_db334c3711_Utterance_24,ndanali kucita mobwereza kupyolera mu mphanvu za bambo awa,Nyanja_NM_Spk3_U_db334c3711_Utterance_24_100_125.wav,4.005
NM,M,Spk3,U_db334c3711,100_125,Nyanja_NM_Spk3_U_db334c3711_Utterance_25,bambo harry towne bambo bartley alezxander a enginiya ocokera ku dziko la amelika,Nyanja_NM_Spk3_U_db334c3711_Utterance_25_100_125.wav,6.258
NM,M,Spk3,U_db334c3711,125_150,Nyanja_NM_Spk3_U_db334c3711_Utterance_1,iyi njira ikusunga cilungamo cakuti amuna onseanagulitsidwa mu ucimo,Nyanja_NM_Spk3_U_db334c3711_Utterance_1_125_150.wav,5.429
NM,M,Spk3,U_db334c3711,125_150,Nyanja_NM_Spk3_U_db334c3711_Utterance_2,analira atsikana acicepere ndipo mwa msanga anazima moto,Nyanja_NM_Spk3_U_db334c3711_Utterance_2_125_150.wav,4.992
NM,M,Spk3,U_db334c3711,125_150,Nyanja_NM_Spk3_U_db334c3711_Utterance_3,ndipo ndiwe waphindu leech will anawelewetsa  robin mowa umenewu wagwiradi nchito yodabwitsa,Nyanja_NM_Spk3_U_db334c3711_Utterance_3_125_150.wav,6.351
NM,M,Spk3,U_db334c3711,125_150,Nyanja_NM_Spk3_U_db334c3711_Utterance_4,pa zinthu zonse ndifunisintsa kuthesa nkhaniyi mwacisinsi ndiponso mwaubwino,Nyanja_NM_Spk3_U_db334c3711_Utterance_4_125_150.wav,5.457
NM,M,Spk3,U_db334c3711,125_150,Nyanja_NM_Spk3_U_db334c3711_Utterance_5,anthu ngati inu siochuka kwambiri cifukwa coti mwakhala muli kugwira nchito yanu kwa kanthawi  pamene muyenelera kuti mu zipumula,Nyanja_NM_Spk3_U_db334c3711_Utterance_5_125_150.wav,5.863
NM,M,Spk3,U_db334c3711,125_150,Nyanja_NM_Spk3_U_db334c3711_Utterance_6,caonekeratu kuti siuganiza za kupita komweko,Nyanja_NM_Spk3_U_db334c3711_Utterance_6_125_150.wav,3.46
NM,M,Spk3,U_db334c3711,125_150,Nyanja_NM_Spk3_U_db334c3711_Utterance_7,ndiganizira kuti ndi cifukwa coti ndi nyengo ya mainza  kodi muzayeneranso kuzidulanso,Nyanja_NM_Spk3_U_db334c3711_Utterance_7_125_150.wav,5.422
NM,M,Spk3,U_db334c3711,125_150,Nyanja_NM_Spk3_U_db334c3711_Utterance_8,zicitidwe zace sizinali za ukazipalile sizinalinso za okaana koma za munthu amene ali ndi mtima wokhazikika ndiponso wodekha,Nyanja_NM_Spk3_U_db334c3711_Utterance_8_125_150.wav,9.288
NM,M,Spk3,U_db334c3711,125_150,Nyanja_NM_Spk3_U_db334c3711_Utterance_9,sitinganene kuti sicimaoneka ngakhale pang'ono anatero koma zina mwa izo zinali za amai anga,Nyanja_NM_Spk3_U_db334c3711_Utterance_9_125_150.wav,6.751
NM,M,Spk3,U_db334c3711,125_150,Nyanja_NM_Spk3_U_db334c3711_Utterance_10,ico ndi cisote cabwino kwambiri iye anatero,Nyanja_NM_Spk3_U_db334c3711_Utterance_10_125_150.wav,3.483
NM,M,Spk3,U_db334c3711,125_150,Nyanja_NM_Spk3_U_db334c3711_Utterance_11,kodi wina anadziwa kuti umboni umeneyu uzakhalako kulibe ngakhale umodzi kusamalila pulinta,Nyanja_NM_Spk3_U_db334c3711_Utterance_11_125_150.wav,6.757
NM,M,Spk3,U_db334c3711,125_150,Nyanja_NM_Spk3_U_db334c3711_Utterance_12,ai tinakana pempho lao mwa ulemu ndithu mwa ubwino ndithu anatero oyenda wina wace wamg'ono,Nyanja_NM_Spk3_U_db334c3711_Utterance_12_125_150.wav,7.001
NM,M,Spk3,U_db334c3711,125_150,Nyanja_NM_Spk3_U_db334c3711_Utterance_13,pa ndevu za odin ndinalila watenga kutseka kwathu ngati muntu wa cimuuna,Nyanja_NM_Spk3_U_db334c3711_Utterance_13_125_150.wav,5.886
NM,M,Spk3,U_db334c3711,125_150,Nyanja_NM_Spk3_U_db334c3711_Utterance_14,comela ngati cija pa nyumba ya amfumu ku paris inali cionetsero ca pa kanthawi kochepa,Nyanja_NM_Spk3_U_db334c3711_Utterance_14_125_150.wav,6.176
NM,M,Spk3,U_db334c3711,125_150,Nyanja_NM_Spk3_U_db334c3711_Utterance_15,nciani cimene munthu  sangathere kucitira zonse ndi kuwerenga zonse,Nyanja_NM_Spk3_U_db334c3711_Utterance_15_125_150.wav,4.644
NM,M,Spk3,U_db334c3711,125_150,Nyanja_NM_Spk3_U_db334c3711_Utterance_16,m'mene timasangalasidwa ndi anthu poyamba kuli mu njira zisanu ndi zinai pa njira khumi kusangalasidwa kwa coonadi,Nyanja_NM_Spk3_U_db334c3711_Utterance_16_125_150.wav,7.872
NM,M,Spk3,U_db334c3711,125_150,Nyanja_NM_Spk3_U_db334c3711_Utterance_17,zizo zolengedwa zazikulu zinapandana ndi unyama otheratu,Nyanja_NM_Spk3_U_db334c3711_Utterance_17_125_150.wav,5.108
NM,M,Spk3,U_db334c3711,125_150,Nyanja_NM_Spk3_U_db334c3711_Utterance_18,inde koma anthu aku meridia ocokela ku umfumu wa mfumu palais ndiwo amene alingana kwabatsi,Nyanja_NM_Spk3_U_db334c3711_Utterance_18_125_150.wav,6.711
NM,M,Spk3,U_db334c3711,125_150,Nyanja_NM_Spk3_U_db334c3711_Utterance_19,ukulingana ndi ine lakeleulibe mantha ndipo uli osafooka ndiponso uli wa cifundo,Nyanja_NM_Spk3_U_db334c3711_Utterance_19_125_150.wav,5.863
NM,M,Spk3,U_db334c3711,125_150,Nyanja_NM_Spk3_U_db334c3711_Utterance_20,bambo edisoni anali mtsogoleri amene anali patali kwambiri ndi nthawi,Nyanja_NM_Spk3_U_db334c3711_Utterance_20_125_150.wav,4.773
NM,M,Spk3,U_db334c3711,125_150,Nyanja_NM_Spk3_U_db334c3711_Utterance_21,kunalibe mpata oti mwina kungakhale kusintha cipinda cace cogonamo citabweretsedwa pafupi ndi m'mene mugona bambo gamewell,Nyanja_NM_Spk3_U_db334c3711_Utterance_21_125_150.wav,8.417
NM,M,Spk3,U_db334c3711,125_150,Nyanja_NM_Spk3_U_db334c3711_Utterance_22,kodi ukumbuka kuyenda kwathu koyamba tili mu mzinda wa paris,Nyanja_NM_Spk3_U_db334c3711_Utterance_22_125_150.wav,3.773
NM,M,Spk3,U_db334c3711,125_150,Nyanja_NM_Spk3_U_db334c3711_Utterance_23,anakondwera  kopoosa ndipo anapha mwaulesi pamene marie anabwera kuzatenga koffi,Nyanja_NM_Spk3_U_db334c3711_Utterance_23_125_150.wav,5.666
NM,M,Spk3,U_db334c3711,125_150,Nyanja_NM_Spk3_U_db334c3711_Utterance_24,kamodzi molinganiza phaphiko koma anaziyendetsa ndipo mwacangu anabweranso kuti azawerenge nkhani,Nyanja_NM_Spk3_U_db334c3711_Utterance_24_125_150.wav,6.594
NM,M,Spk3,U_db334c3711,125_150,Nyanja_NM_Spk3_U_db334c3711_Utterance_25,bambo kennington oval ndi munthu odziwa bwino kwambiri kusewera masewera anatero akazi anga,Nyanja_NM_Spk3_U_db334c3711_Utterance_25_125_150.wav,5.886
NM,M,Spk7,U_225ab47ee6,325_350,Nyanja_NM_Spk7_U_225ab47ee6_Utterance_1,pa cisanu kufotokoza zolakwa kuzakhalako matsana onse titathana ndi ulungu,Nyanja_NM_Spk7_U_225ab47ee6_Utterance_1_325_350.wav,11.283
NM,M,Spk7,U_225ab47ee6,325_350,Nyanja_NM_Spk7_U_225ab47ee6_Utterance_2,izo zonsezo ndi za zoona bambo neverbend anatero  bambo ferdinando brown,Nyanja_NM_Spk7_U_225ab47ee6_Utterance_2_325_350.wav,12.461
NM,M,Spk7,U_225ab47ee6,325_350,Nyanja_NM_Spk7_U_225ab47ee6_Utterance_3,mwina kungakhaleko ndakatulo zocepa pano ndi apo koma ambiri mwa malo ano anali wofunitsitsa,Nyanja_NM_Spk7_U_225ab47ee6_Utterance_3_325_350.wav,13.187
NM,M,Spk7,U_225ab47ee6,325_350,Nyanja_NM_Spk7_U_225ab47ee6_Utterance_4,ndiponso kunali mnyanata wacicepele amene analowa nchito ya panyumba,Nyanja_NM_Spk7_U_225ab47ee6_Utterance_4_325_350.wav,9.032
NM,M,Spk7,U_225ab47ee6,325_350,Nyanja_NM_Spk7_U_225ab47ee6_Utterance_5,koma kodi ao ndio mathokozo onse amene m'modzi mwa azimai anapempha,Nyanja_NM_Spk7_U_225ab47ee6_Utterance_5_325_350.wav,10.532
NM,M,Spk7,U_225ab47ee6,325_350,Nyanja_NM_Spk7_U_225ab47ee6_Utterance_6,myezi ya kapalepale ndi zibweleza  mcaka ca 1837 inapita ndipo kunalibe yankho ina iliyonse kucokera kwa southey,Nyanja_NM_Spk7_U_225ab47ee6_Utterance_6_325_350.wav,16.954
NM,M,Spk7,U_225ab47ee6,325_350,Nyanja_NM_Spk7_U_225ab47ee6_Utterance_7,ndikudabwa mwina ndatsinthidwa utsiku,Nyanja_NM_Spk7_U_225ab47ee6_Utterance_7_325_350.wav,6.36
NM,M,Spk7,U_225ab47ee6,325_350,Nyanja_NM_Spk7_U_225ab47ee6_Utterance_8,koma cithunzithunzi cidatsowa mwansanga-msanga citangooneka,Nyanja_NM_Spk7_U_225ab47ee6_Utterance_8_325_350.wav,7.908
NM,M,Spk7,U_225ab47ee6,325_350,Nyanja_NM_Spk7_U_225ab47ee6_Utterance_9,kodi si uja ochuka kwambili ku nkhni yopita m'ngondya zodabwitsa,Nyanja_NM_Spk7_U_225ab47ee6_Utterance_9_325_350.wav,8.536
NM,M,Spk7,U_225ab47ee6,325_350,Nyanja_NM_Spk7_U_225ab47ee6_Utterance_10,unali umbabva wa dala kocokera kwa amene anamlemba ncito pofuna kuteteza mtsikana amene akonda,Nyanja_NM_Spk7_U_225ab47ee6_Utterance_10_325_350.wav,14.458
NM,M,Spk7,U_225ab47ee6,325_350,Nyanja_NM_Spk7_U_225ab47ee6_Utterance_11,tsiku iyi ndi tsiku yonvesandi manyazi anapitiliza mnyamata maso ake atakhadzikika pa mzace,Nyanja_NM_Spk7_U_225ab47ee6_Utterance_11_325_350.wav,12.881
NM,M,Spk7,U_225ab47ee6,325_350,Nyanja_NM_Spk7_U_225ab47ee6_Utterance_12,kodi upita ku msonkhano wa pa caka lute anafunsa m'modzi mwa atsikana,Nyanja_NM_Spk7_U_225ab47ee6_Utterance_12_325_350.wav,9.083
NM,M,Spk7,U_225ab47ee6,325_350,Nyanja_NM_Spk7_U_225ab47ee6_Utterance_13,andalasoni anacoka mu mpando wace atalumpha kmodzi cabe,Nyanja_NM_Spk7_U_225ab47ee6_Utterance_13_325_350.wav,9.132
NM,M,Spk7,U_225ab47ee6,325_350,Nyanja_NM_Spk7_U_225ab47ee6_Utterance_14,monga mau ankhunda monga tsiku losankhalitsa monga nyimbo mu mlengalenga,Nyanja_NM_Spk7_U_225ab47ee6_Utterance_14_325_350.wav,10.661
NM,M,Spk7,U_225ab47ee6,325_350,Nyanja_NM_Spk7_U_225ab47ee6_Utterance_15,azowona  anabwelera ndicimwemwe kucokera ku mzinda,Nyanja_NM_Spk7_U_225ab47ee6_Utterance_15_325_350.wav,6.533
NM,M,Spk7,U_225ab47ee6,325_350,Nyanja_NM_Spk7_U_225ab47ee6_Utterance_16,kuli kubwera ci namondwe cacikulu ninalira ndikulodza cala kumene cina kucokera,Nyanja_NM_Spk7_U_225ab47ee6_Utterance_16_325_350.wav,10.94
NM,M,Spk7,U_225ab47ee6,325_350,Nyanja_NM_Spk7_U_225ab47ee6_Utterance_17,ndakambukila tsopano ndpo ndazithokoza kodi mkondapo wina aliyense,Nyanja_NM_Spk7_U_225ab47ee6_Utterance_17_325_350.wav,9.808
NM,M,Spk7,U_225ab47ee6,325_350,Nyanja_NM_Spk7_U_225ab47ee6_Utterance_18,zindingaziletse kukhutilitsidwa kwanga cifukwa coziletsa kuyamnkha zonena za southey,Nyanja_NM_Spk7_U_225ab47ee6_Utterance_18_325_350.wav,10.457
NM,M,Spk7,U_225ab47ee6,325_350,Nyanja_NM_Spk7_U_225ab47ee6_Utterance_19,ndipo kudi mutu wa ndakatulo unali ciaini adafunsa emwe analankhulapo,Nyanja_NM_Spk7_U_225ab47ee6_Utterance_19_325_350.wav,10.333
NM,M,Spk7,U_225ab47ee6,325_350,Nyanja_NM_Spk7_U_225ab47ee6_Utterance_20,za cilungamo zipanga cimodzi mwa izi ndipo zoganiza zipanga zinazo,Nyanja_NM_Spk7_U_225ab47ee6_Utterance_20_325_350.wav,9.934
NM,M,Spk7,U_225ab47ee6,325_350,Nyanja_NM_Spk7_U_225ab47ee6_Utterance_21,wina singathe kuyembekezera ciliconse pa tsiku lowawa ngati iili,Nyanja_NM_Spk7_U_225ab47ee6_Utterance_21_325_350.wav,9.209
NM,M,Spk7,U_225ab47ee6,325_350,Nyanja_NM_Spk7_U_225ab47ee6_Utterance_22,ma doko a ku brooklyn ndi malo ena alionse a mzinda wa new york woyandikira mtsinje wa kum'mawa unadzadzidwa ndi anthu ofuna kuonetsetsa,Nyanja_NM_Spk7_U_225ab47ee6_Utterance_22_325_350.wav,18.406
NM,M,Spk7,U_225ab47ee6,325_350,Nyanja_NM_Spk7_U_225ab47ee6_Utterance_23,malo ena angatengedwa ngati oikidwa pamalo amodzi-modzi ndipo zina ngati maphunziro ena onse a pa kukumbukira azafika,Nyanja_NM_Spk7_U_225ab47ee6_Utterance_23_325_350.wav,17.779
NM,M,Spk7,U_225ab47ee6,325_350,Nyanja_NM_Spk7_U_225ab47ee6_Utterance_24,anchito pamodzi ndi azimai acicepele anazikonzo mokometsa zimenezi,Nyanja_NM_Spk7_U_225ab47ee6_Utterance_24_325_350.wav,11.458
NM,M,Spk7,U_225ab47ee6,325_350,Nyanja_NM_Spk7_U_225ab47ee6_Utterance_25,ndipo ndilibe wina aliyense amene ndiokonzeka kupatsidwa zolemba za boma za  kale,Nyanja_NM_Spk7_U_225ab47ee6_Utterance_25_325_350.wav,11.957
NM,M,Spk7,U_225ab47ee6,300_325,Nyanja_NM_Spk7_U_225ab47ee6_Utterance_1,koma izi ndizo mtengo umunewo sunafuna kunva,Nyanja_NM_Spk7_U_225ab47ee6_Utterance_1_300_325.wav,5.79
NM,M,Spk7,U_225ab47ee6,300_325,Nyanja_NM_Spk7_U_225ab47ee6_Utterance_2,aliko ambiri amene ndi acikulire uposa ine,Nyanja_NM_Spk7_U_225ab47ee6_Utterance_2_300_325.wav,5.966
NM,M,Spk7,U_225ab47ee6,300_325,Nyanja_NM_Spk7_U_225ab47ee6_Utterance_3,ndipo emil anakonza njira yace mwapang'ono pang'ono kumapita ca ku mtengo wa mkuyu,Nyanja_NM_Spk7_U_225ab47ee6_Utterance_3_300_325.wav,10.507
NM,M,Spk7,U_225ab47ee6,300_325,Nyanja_NM_Spk7_U_225ab47ee6_Utterance_4,pansipo koposa cina ciri conse  pa naonetsa cipindacho kukhala ca zaka zambiri,Nyanja_NM_Spk7_U_225ab47ee6_Utterance_4_300_325.wav,11.456
NM,M,Spk7,U_225ab47ee6,300_325,Nyanja_NM_Spk7_U_225ab47ee6_Utterance_5,nemo ali kupanga chi sitima capamadzi cacikulu komanso cabwino ca mtsogoro cocedwa nautilus ndipo acitanso kampeni yapamadzi pofuna kukopa ena kubwezera omwe anawapondereza,Nyanja_NM_Spk7_U_225ab47ee6_Utterance_5_300_325.wav,25.1
NM,M,Spk7,U_225ab47ee6,300_325,Nyanja_NM_Spk7_U_225ab47ee6_Utterance_6,kutali ndi izo bwana amfumu pokhala kuti sanapeleke chiloledzo oimba achita tero,Nyanja_NM_Spk7_U_225ab47ee6_Utterance_6_300_325.wav,13.282
NM,M,Spk7,U_225ab47ee6,300_325,Nyanja_NM_Spk7_U_225ab47ee6_Utterance_7,asilikali omenyera nkhondo okwanira ngati ma dzana awiri anadya mu holo lace namusatila ku nkondo,Nyanja_NM_Spk7_U_225ab47ee6_Utterance_7_300_325.wav,15.03
NM,M,Spk7,U_225ab47ee6,300_325,Nyanja_NM_Spk7_U_225ab47ee6_Utterance_8,ndipo anali kukukondani kwabasi nanunso a lakele,Nyanja_NM_Spk7_U_225ab47ee6_Utterance_8_300_325.wav,7.485
NM,M,Spk7,U_225ab47ee6,300_325,Nyanja_NM_Spk7_U_225ab47ee6_Utterance_9,dzanja la fitzooth inali itaikidwa pamwamba peni-peni pa matanda ndipo  mwapang'ono-pang'ono cilungamo cinadza kwa iye,Nyanja_NM_Spk7_U_225ab47ee6_Utterance_9_300_325.wav,14.906
NM,M,Spk7,U_225ab47ee6,300_325,Nyanja_NM_Spk7_U_225ab47ee6_Utterance_10,cinthu cina cabwino cinthu cina cacikulube ciyenera kukonkhapo koma kodi nciani,Nyanja_NM_Spk7_U_225ab47ee6_Utterance_10_300_325.wav,12.606
NM,M,Spk7,U_225ab47ee6,300_325,Nyanja_NM_Spk7_U_225ab47ee6_Utterance_11,nthano analira ana akulemba ka mzibambo konenepa ca ku mtengo,Nyanja_NM_Spk7_U_225ab47ee6_Utterance_11_300_325.wav,9.038
NM,M,Spk7,U_225ab47ee6,300_325,Nyanja_NM_Spk7_U_225ab47ee6_Utterance_12,ici cinali cikhulupiliro cacikulu wina aliyense sazapita,Nyanja_NM_Spk7_U_225ab47ee6_Utterance_12_300_325.wav,8.033
NM,M,Spk7,U_225ab47ee6,300_325,Nyanja_NM_Spk7_U_225ab47ee6_Utterance_13,mwinamwace mitengo zina kuthengoko  zizabwera kundiona,Nyanja_NM_Spk7_U_225ab47ee6_Utterance_13_300_325.wav,6.359
NM,M,Spk7,U_225ab47ee6,300_325,Nyanja_NM_Spk7_U_225ab47ee6_Utterance_14,walankhula bwino mademoiselle de tonnay charente nanenso ndiganiza kuti izo ndizabwino cabe koma ndizasamala,Nyanja_NM_Spk7_U_225ab47ee6_Utterance_14_300_325.wav,16.156
NM,M,Spk7,U_225ab47ee6,300_325,Nyanja_NM_Spk7_U_225ab47ee6_Utterance_15,kodi ndi zoipa zotatani zoipa zothekha zimene sizinacitike kwa ine masikun acepa apitawa,Nyanja_NM_Spk7_U_225ab47ee6_Utterance_15_300_325.wav,12.706
NM,M,Spk7,U_225ab47ee6,300_325,Nyanja_NM_Spk7_U_225ab47ee6_Utterance_16,ndinali ndi ciganiziro conena kuti ndiwe mzanga amene unandipulumutsa ku mpeni,Nyanja_NM_Spk7_U_225ab47ee6_Utterance_16_300_325.wav,10.258
NM,M,Spk7,U_225ab47ee6,300_325,Nyanja_NM_Spk7_U_225ab47ee6_Utterance_17,kodi ndi dzina la yani imene unasayina pa cheke anafunsa kenneth,Nyanja_NM_Spk7_U_225ab47ee6_Utterance_17_300_325.wav,9.507
NM,M,Spk7,U_225ab47ee6,300_325,Nyanja_NM_Spk7_U_225ab47ee6_Utterance_18,pepani mundikhululukile anatero trot ndinaiwalila ku kuuzani kuti sindinu a boolooroo kuyambira lero,Nyanja_NM_Spk7_U_225ab47ee6_Utterance_18_300_325.wav,14.582
NM,M,Spk7,U_225ab47ee6,300_325,Nyanja_NM_Spk7_U_225ab47ee6_Utterance_19,iye anayambira pa ganizoli napita mosakondwera,Nyanja_NM_Spk7_U_225ab47ee6_Utterance_19_300_325.wav,7.535
NM,M,Spk7,U_225ab47ee6,300_325,Nyanja_NM_Spk7_U_225ab47ee6_Utterance_20,larkspur andilumanso lero mmawa kwa nthawi ka citatu,Nyanja_NM_Spk7_U_225ab47ee6_Utterance_20_300_325.wav,9.359
NM,M,Spk7,U_225ab47ee6,300_325,Nyanja_NM_Spk7_U_225ab47ee6_Utterance_21,opanga shuga amene ananena kuti loaf anamasulira lumps chitsiru cotenthedwa opanga zinthu umenewu wacilungamo,Nyanja_NM_Spk7_U_225ab47ee6_Utterance_21_300_325.wav,16.73
NM,M,Spk7,U_225ab47ee6,300_325,Nyanja_NM_Spk7_U_225ab47ee6_Utterance_22,uyenekera kuziwa yohane kuti ngati naphunzitsa anthu acikuda sindizakhala ndi mpata oona anthu ambiri amene ndiphunzitsa mkalasi mwanga,Nyanja_NM_Spk7_U_225ab47ee6_Utterance_22_300_325.wav,18.979
NM,M,Spk7,U_225ab47ee6,300_325,Nyanja_NM_Spk7_U_225ab47ee6_Utterance_23,sicidzakhala kopanda ciopyezo ngati iwe ukhala kuno tsopano,Nyanja_NM_Spk7_U_225ab47ee6_Utterance_23_300_325.wav,8.636
NM,M,Spk7,U_225ab47ee6,300_325,Nyanja_NM_Spk7_U_225ab47ee6_Utterance_24,mwinamwace izo zidatha kwanthawi ino mtengo unapita ntano yace ili kumathero,Nyanja_NM_Spk7_U_225ab47ee6_Utterance_24_300_325.wav,12.96
NM,M,Spk7,U_225ab47ee6,300_325,Nyanja_NM_Spk7_U_225ab47ee6_Utterance_25,mutsale bwino anatero akhoswe ndi anapita kunyumbako,Nyanja_NM_Spk7_U_225ab47ee6_Utterance_25_300_325.wav,7.709
NM,M,Spk7,U_f89243a823,300_325,Nyanja_NM_Spk7_U_f89243a823_Utterance_1,koma izi ndizo mtengo umunewo sunafuna kunva,Nyanja_NM_Spk7_U_f89243a823_Utterance_1_300_325.wav,5.269
NM,M,Spk7,U_f89243a823,300_325,Nyanja_NM_Spk7_U_f89243a823_Utterance_2,aliko ambiri amene ndi acikulire uposa ine,Nyanja_NM_Spk7_U_f89243a823_Utterance_2_300_325.wav,6.044
NM,M,Spk7,U_f89243a823,300_325,Nyanja_NM_Spk7_U_f89243a823_Utterance_3,ndipo emil anakonza njira yace mwapang'ono pang'ono kumapita ca ku mtengo wa mkuyu,Nyanja_NM_Spk7_U_f89243a823_Utterance_3_300_325.wav,10.085
NM,M,Spk7,U_f89243a823,300_325,Nyanja_NM_Spk7_U_f89243a823_Utterance_4,pansipo koposa cina ciri conse  pa naonetsa cipindacho kukhala ca zaka zambiri,Nyanja_NM_Spk7_U_f89243a823_Utterance_4_300_325.wav,11.225
NM,M,Spk7,U_f89243a823,300_325,Nyanja_NM_Spk7_U_f89243a823_Utterance_5,nemo ali kupanga chi sitima capamadzi cacikulu komanso cabwino ca mtsogoro cocedwa nautilus ndipo acitanso kampeni yapamadzi pofuna kukopa ena kubwezera omwe anawapondereza,Nyanja_NM_Spk7_U_f89243a823_Utterance_5_300_325.wav,25.91
NM,M,Spk7,U_f89243a823,300_325,Nyanja_NM_Spk7_U_f89243a823_Utterance_6,kutali ndi izo bwana amfumu pokhala kuti sanapeleke chiloledzo oimba achita tero,Nyanja_NM_Spk7_U_f89243a823_Utterance_6_300_325.wav,14.015
NM,M,Spk7,U_f89243a823,300_325,Nyanja_NM_Spk7_U_f89243a823_Utterance_7,asilikali omenyera nkhondo okwanira ngati ma dzana awiri anadya mu holo lace namusatila ku nkondo,Nyanja_NM_Spk7_U_f89243a823_Utterance_7_300_325.wav,14.24
NM,M,Spk7,U_f89243a823,300_325,Nyanja_NM_Spk7_U_f89243a823_Utterance_8,ndipo anali kukukondani kwabasi nanunso a lakele,Nyanja_NM_Spk7_U_f89243a823_Utterance_8_300_325.wav,7.985
NM,M,Spk7,U_f89243a823,300_325,Nyanja_NM_Spk7_U_f89243a823_Utterance_9,dzanja la fitzooth inali itaikidwa pamwamba peni-peni pa matanda ndipo  mwapang'ono-pang'ono cilungamo cinadza kwa iye,Nyanja_NM_Spk7_U_f89243a823_Utterance_9_300_325.wav,17.105
NM,M,Spk7,U_f89243a823,300_325,Nyanja_NM_Spk7_U_f89243a823_Utterance_10,cinthu cina cabwino cinthu cina cacikulube ciyenera kukonkhapo koma kodi nciani,Nyanja_NM_Spk7_U_f89243a823_Utterance_10_300_325.wav,13.67
NM,M,Spk7,U_f89243a823,300_325,Nyanja_NM_Spk7_U_f89243a823_Utterance_11,nthano analira ana akulemba ka mzibambo konenepa ca ku mtengo,Nyanja_NM_Spk7_U_f89243a823_Utterance_11_300_325.wav,12.335
NM,M,Spk7,U_f89243a823,300_325,Nyanja_NM_Spk7_U_f89243a823_Utterance_12,ici cinali cikhulupiliro cacikulu wina aliyense sazapita,Nyanja_NM_Spk7_U_f89243a823_Utterance_12_300_325.wav,8.72
NM,M,Spk7,U_f89243a823,300_325,Nyanja_NM_Spk7_U_f89243a823_Utterance_13,mwinamwace mitengo zina kuthengoko  zizabwera kundiona,Nyanja_NM_Spk7_U_f89243a823_Utterance_13_300_325.wav,9.155
NM,M,Spk7,U_f89243a823,300_325,Nyanja_NM_Spk7_U_f89243a823_Utterance_14,walankhula bwino mademoiselle de tonnay charente nanenso ndiganiza kuti izo ndizabwino cabe koma ndizasamala,Nyanja_NM_Spk7_U_f89243a823_Utterance_14_300_325.wav,19.835
NM,M,Spk7,U_f89243a823,300_325,Nyanja_NM_Spk7_U_f89243a823_Utterance_15,kodi ndi zoipa zotatani zoipa zothekha zimene sizinacitike kwa ine masikun acepa apitawa,Nyanja_NM_Spk7_U_f89243a823_Utterance_15_300_325.wav,16.04
NM,M,Spk7,U_f89243a823,300_325,Nyanja_NM_Spk7_U_f89243a823_Utterance_16,ndinali ndi ciganiziro conena kuti ndiwe mzanga amene unandipulumutsa ku mpeni,Nyanja_NM_Spk7_U_f89243a823_Utterance_16_300_325.wav,10.52
NM,M,Spk7,U_f89243a823,300_325,Nyanja_NM_Spk7_U_f89243a823_Utterance_17,kodi ndi dzina la yani imene unasayina pa cheke anafunsa kenneth,Nyanja_NM_Spk7_U_f89243a823_Utterance_17_300_325.wav,10.355
NM,M,Spk7,U_f89243a823,300_325,Nyanja_NM_Spk7_U_f89243a823_Utterance_18,pepani mundikhululukile anatero trot ndinaiwalila ku kuuzani kuti sindinu a boolooroo kuyambira lero,Nyanja_NM_Spk7_U_f89243a823_Utterance_18_300_325.wav,15.395
NM,M,Spk7,U_f89243a823,300_325,Nyanja_NM_Spk7_U_f89243a823_Utterance_19,iye anayambira pa ganizoli napita mosakondwera,Nyanja_NM_Spk7_U_f89243a823_Utterance_19_300_325.wav,7.46
NM,M,Spk7,U_f89243a823,300_325,Nyanja_NM_Spk7_U_f89243a823_Utterance_20,larkspur andilumanso lero mmawa kwa nthawi ka citatu,Nyanja_NM_Spk7_U_f89243a823_Utterance_20_300_325.wav,8.99
NM,M,Spk7,U_f89243a823,300_325,Nyanja_NM_Spk7_U_f89243a823_Utterance_21,opanga shuga amene ananena kuti loaf anamasulira lumps chitsiru cotenthedwa opanga zinthu umenewu wacilungamo,Nyanja_NM_Spk7_U_f89243a823_Utterance_21_300_325.wav,15.845
NM,M,Spk7,U_f89243a823,300_325,Nyanja_NM_Spk7_U_f89243a823_Utterance_22,uyenekera kuziwa yohane kuti ngati naphunzitsa anthu acikuda sindizakhala ndi mpata oona anthu ambiri amene ndiphunzitsa mkalasi mwanga,Nyanja_NM_Spk7_U_f89243a823_Utterance_22_300_325.wav,18.845
NM,M,Spk7,U_f89243a823,300_325,Nyanja_NM_Spk7_U_f89243a823_Utterance_23,sicidzakhala kopanda ciopyezo ngati iwe ukhala kuno tsopano,Nyanja_NM_Spk7_U_f89243a823_Utterance_23_300_325.wav,9.065
NM,M,Spk7,U_f89243a823,300_325,Nyanja_NM_Spk7_U_f89243a823_Utterance_24,mwinamwace izo zidatha kwanthawi ino mtengo unapita ntano yace ili kumathero,Nyanja_NM_Spk7_U_f89243a823_Utterance_24_300_325.wav,12.785
NM,M,Spk7,U_f89243a823,300_325,Nyanja_NM_Spk7_U_f89243a823_Utterance_25,mutsale bwino anatero akhoswe ndi anapita kunyumbako,Nyanja_NM_Spk7_U_f89243a823_Utterance_25_300_325.wav,8.045
NM,M,Spk7,U_f89243a823,325_350,Nyanja_NM_Spk7_U_f89243a823_Utterance_1,pa cisanu kufotokoza zolakwa kuzakhalako matsana onse titathana ndi ulungu,Nyanja_NM_Spk7_U_f89243a823_Utterance_1_325_350.wav,10.985
NM,M,Spk7,U_f89243a823,325_350,Nyanja_NM_Spk7_U_f89243a823_Utterance_2,izo zonsezo ndi za zoona bambo neverbend anatero  bambo ferdinando brown,Nyanja_NM_Spk7_U_f89243a823_Utterance_2_325_350.wav,12.245
NM,M,Spk7,U_f89243a823,325_350,Nyanja_NM_Spk7_U_f89243a823_Utterance_3,mwina kungakhaleko ndakatulo zocepa pano ndi apo koma ambiri mwa malo ano anali wofunitsitsa,Nyanja_NM_Spk7_U_f89243a823_Utterance_3_325_350.wav,15.641
NM,M,Spk7,U_f89243a823,325_350,Nyanja_NM_Spk7_U_f89243a823_Utterance_4,ndiponso kunali mnyanata wacicepele amene analowa nchito ya panyumba,Nyanja_NM_Spk7_U_f89243a823_Utterance_4_325_350.wav,8.627
NM,M,Spk7,U_f89243a823,325_350,Nyanja_NM_Spk7_U_f89243a823_Utterance_5,koma kodi ao ndio mathokozo onse amene m'modzi mwa azimai anapempha,Nyanja_NM_Spk7_U_f89243a823_Utterance_5_325_350.wav,10.426
NM,M,Spk7,U_f89243a823,325_350,Nyanja_NM_Spk7_U_f89243a823_Utterance_6,myezi ya kapalepale ndi zibweleza  mcaka ca 1837 inapita ndipo kunalibe yankho ina iliyonse kucokera kwa southey,Nyanja_NM_Spk7_U_f89243a823_Utterance_6_325_350.wav,16.09
NM,M,Spk7,U_f89243a823,325_350,Nyanja_NM_Spk7_U_f89243a823_Utterance_7,ndikudabwa mwina ndatsinthidwa utsiku,Nyanja_NM_Spk7_U_f89243a823_Utterance_7_325_350.wav,5.945
NM,M,Spk7,U_f89243a823,325_350,Nyanja_NM_Spk7_U_f89243a823_Utterance_8,koma cithunzithunzi cidatsowa mwansanga-msanga citangooneka,Nyanja_NM_Spk7_U_f89243a823_Utterance_8_325_350.wav,7.295
NM,M,Spk7,U_f89243a823,325_350,Nyanja_NM_Spk7_U_f89243a823_Utterance_9,kodi si uja ochuka kwambili ku nkhni yopita m'ngondya zodabwitsa,Nyanja_NM_Spk7_U_f89243a823_Utterance_9_325_350.wav,8.74
NM,M,Spk7,U_f89243a823,325_350,Nyanja_NM_Spk7_U_f89243a823_Utterance_10,unali umbabva wa dala kocokera kwa amene anamlemba ncito pofuna kuteteza mtsikana amene akonda,Nyanja_NM_Spk7_U_f89243a823_Utterance_10_325_350.wav,14.408
NM,M,Spk7,U_f89243a823,325_350,Nyanja_NM_Spk7_U_f89243a823_Utterance_11,tsiku iyi ndi tsiku yonvesandi manyazi anapitiliza mnyamata maso ake atakhadzikika pa mzace,Nyanja_NM_Spk7_U_f89243a823_Utterance_11_325_350.wav,13.805
NM,M,Spk7,U_f89243a823,325_350,Nyanja_NM_Spk7_U_f89243a823_Utterance_12,kodi upita ku msonkhano wa pa caka lute anafunsa m'modzi mwa atsikana,Nyanja_NM_Spk7_U_f89243a823_Utterance_12_325_350.wav,11.28
NM,M,Spk7,U_f89243a823,325_350,Nyanja_NM_Spk7_U_f89243a823_Utterance_13,andalasoni anacoka mu mpando wace atalumpha kmodzi cabe,Nyanja_NM_Spk7_U_f89243a823_Utterance_13_325_350.wav,9.581
NM,M,Spk7,U_f89243a823,325_350,Nyanja_NM_Spk7_U_f89243a823_Utterance_14,monga mau ankhunda monga tsiku losankhalitsa monga nyimbo mu mlengalenga,Nyanja_NM_Spk7_U_f89243a823_Utterance_14_325_350.wav,11.42
NM,M,Spk7,U_f89243a823,325_350,Nyanja_NM_Spk7_U_f89243a823_Utterance_15,azowona  anabwelera ndicimwemwe kucokera ku mzinda,Nyanja_NM_Spk7_U_f89243a823_Utterance_15_325_350.wav,6.978
NM,M,Spk7,U_f89243a823,325_350,Nyanja_NM_Spk7_U_f89243a823_Utterance_16,kuli kubwera ci namondwe cacikulu ninalira ndikulodza cala kumene cina kucokera,Nyanja_NM_Spk7_U_f89243a823_Utterance_16_325_350.wav,11.831
NM,M,Spk7,U_f89243a823,325_350,Nyanja_NM_Spk7_U_f89243a823_Utterance_17,ndakambukila tsopano ndpo ndazithokoza kodi mkondapo wina aliyense,Nyanja_NM_Spk7_U_f89243a823_Utterance_17_325_350.wav,7.7
NM,M,Spk7,U_f89243a823,325_350,Nyanja_NM_Spk7_U_f89243a823_Utterance_18,zindingaziletse kukhutilitsidwa kwanga cifukwa coziletsa kuyamnkha zonena za southey,Nyanja_NM_Spk7_U_f89243a823_Utterance_18_325_350.wav,13.745
NM,M,Spk7,U_f89243a823,325_350,Nyanja_NM_Spk7_U_f89243a823_Utterance_19,ndipo kudi mutu wa ndakatulo unali ciaini adafunsa emwe analankhulapo,Nyanja_NM_Spk7_U_f89243a823_Utterance_19_325_350.wav,11.784
NM,M,Spk7,U_f89243a823,325_350,Nyanja_NM_Spk7_U_f89243a823_Utterance_20,za cilungamo zipanga cimodzi mwa izi ndipo zoganiza zipanga zinazo,Nyanja_NM_Spk7_U_f89243a823_Utterance_20_325_350.wav,10.07
NM,M,Spk7,U_f89243a823,325_350,Nyanja_NM_Spk7_U_f89243a823_Utterance_21,wina singathe kuyembekezera ciliconse pa tsiku lowawa ngati iili,Nyanja_NM_Spk7_U_f89243a823_Utterance_21_325_350.wav,9.23
NM,M,Spk7,U_f89243a823,325_350,Nyanja_NM_Spk7_U_f89243a823_Utterance_22,ma doko a ku brooklyn ndi malo ena alionse a mzinda wa new york woyandikira mtsinje wa kum'mawa unadzadzidwa ndi anthu ofuna kuonetsetsa,Nyanja_NM_Spk7_U_f89243a823_Utterance_22_325_350.wav,19.238
NM,M,Spk7,U_f89243a823,325_350,Nyanja_NM_Spk7_U_f89243a823_Utterance_23,malo ena angatengedwa ngati oikidwa pamalo amodzi-modzi ndipo zina ngati maphunziro ena onse a pa kukumbukira azafika,Nyanja_NM_Spk7_U_f89243a823_Utterance_23_325_350.wav,16.159
NM,M,Spk7,U_f89243a823,325_350,Nyanja_NM_Spk7_U_f89243a823_Utterance_24,anchito pamodzi ndi azimai acicepele anazikonzo mokometsa zimenezi,Nyanja_NM_Spk7_U_f89243a823_Utterance_24_325_350.wav,10.136
NM,M,Spk7,U_f89243a823,325_350,Nyanja_NM_Spk7_U_f89243a823_Utterance_25,ndipo ndilibe wina aliyense amene ndiokonzeka kupatsidwa zolemba za boma za  kale,Nyanja_NM_Spk7_U_f89243a823_Utterance_25_325_350.wav,11.321
NM,M,Spk7,U_ac0e9829ea,325_350,Nyanja_NM_Spk7_U_ac0e9829ea_Utterance_1,pa cisanu kufotokoza zolakwa kuzakhalako matsana onse titathana ndi ulungu,Nyanja_NM_Spk7_U_ac0e9829ea_Utterance_1_325_350.wav,5.886
NM,M,Spk7,U_ac0e9829ea,325_350,Nyanja_NM_Spk7_U_ac0e9829ea_Utterance_2,izo zonsezo ndi za zoona bambo neverbend anatero  bambo ferdinando brown,Nyanja_NM_Spk7_U_ac0e9829ea_Utterance_2_325_350.wav,5.828
NM,M,Spk7,U_ac0e9829ea,325_350,Nyanja_NM_Spk7_U_ac0e9829ea_Utterance_3,mwina kungakhaleko ndakatulo zocepa pano ndi apo koma ambiri mwa malo ano anali wofunitsitsa,Nyanja_NM_Spk7_U_ac0e9829ea_Utterance_3_325_350.wav,9.067
NM,M,Spk7,U_ac0e9829ea,325_350,Nyanja_NM_Spk7_U_ac0e9829ea_Utterance_4,ndiponso kunali mnyanata wacicepele amene analowa nchito ya panyumba,Nyanja_NM_Spk7_U_ac0e9829ea_Utterance_4_325_350.wav,5.724
NM,M,Spk7,U_ac0e9829ea,325_350,Nyanja_NM_Spk7_U_ac0e9829ea_Utterance_5,koma kodi ao ndio mathokozo onse amene m'modzi mwa azimai anapempha,Nyanja_NM_Spk7_U_ac0e9829ea_Utterance_5_325_350.wav,5.573
NM,M,Spk7,U_ac0e9829ea,325_350,Nyanja_NM_Spk7_U_ac0e9829ea_Utterance_6,myezi ya kapalepale ndi zibweleza  mcaka ca 1837 inapita ndipo kunalibe yankho ina iliyonse kucokera kwa southey,Nyanja_NM_Spk7_U_ac0e9829ea_Utterance_6_325_350.wav,9.776
NM,M,Spk7,U_ac0e9829ea,325_350,Nyanja_NM_Spk7_U_ac0e9829ea_Utterance_7,ndikudabwa mwina ndatsinthidwa utsiku,Nyanja_NM_Spk7_U_ac0e9829ea_Utterance_7_325_350.wav,2.461
NM,M,Spk7,U_ac0e9829ea,325_350,Nyanja_NM_Spk7_U_ac0e9829ea_Utterance_8,koma cithunzithunzi cidatsowa mwansanga-msanga citangooneka,Nyanja_NM_Spk7_U_ac0e9829ea_Utterance_8_325_350.wav,4.621
NM,M,Spk7,U_ac0e9829ea,325_350,Nyanja_NM_Spk7_U_ac0e9829ea_Utterance_9,kodi si uja ochuka kwambili ku nkhni yopita m'ngondya zodabwitsa,Nyanja_NM_Spk7_U_ac0e9829ea_Utterance_9_325_350.wav,5.155
NM,M,Spk7,U_ac0e9829ea,325_350,Nyanja_NM_Spk7_U_ac0e9829ea_Utterance_10,unali umbabva wa dala kocokera kwa amene anamlemba ncito pofuna kuteteza mtsikana amene akonda,Nyanja_NM_Spk7_U_ac0e9829ea_Utterance_10_325_350.wav,7.616
NM,M,Spk7,U_ac0e9829ea,325_350,Nyanja_NM_Spk7_U_ac0e9829ea_Utterance_11,tsiku iyi ndi tsiku yonvesandi manyazi anapitiliza mnyamata maso ake atakhadzikika pa mzace,Nyanja_NM_Spk7_U_ac0e9829ea_Utterance_11_325_350.wav,7.794
NM,M,Spk7,U_ac0e9829ea,325_350,Nyanja_NM_Spk7_U_ac0e9829ea_Utterance_12,kodi upita ku msonkhano wa pa caka lute anafunsa m'modzi mwa atsikana,Nyanja_NM_Spk7_U_ac0e9829ea_Utterance_12_325_350.wav,6.084
NM,M,Spk7,U_ac0e9829ea,325_350,Nyanja_NM_Spk7_U_ac0e9829ea_Utterance_13,andalasoni anacoka mu mpando wace atalumpha kmodzi cabe,Nyanja_NM_Spk7_U_ac0e9829ea_Utterance_13_325_350.wav,4.644
NM,M,Spk7,U_ac0e9829ea,325_350,Nyanja_NM_Spk7_U_ac0e9829ea_Utterance_14,monga mau ankhunda monga tsiku losankhalitsa monga nyimbo mu mlengalenga,Nyanja_NM_Spk7_U_ac0e9829ea_Utterance_14_325_350.wav,5.956
NM,M,Spk7,U_ac0e9829ea,325_350,Nyanja_NM_Spk7_U_ac0e9829ea_Utterance_15,azowona  anabwelera ndicimwemwe kucokera ku mzinda,Nyanja_NM_Spk7_U_ac0e9829ea_Utterance_15_325_350.wav,3.796
NM,M,Spk7,U_ac0e9829ea,325_350,Nyanja_NM_Spk7_U_ac0e9829ea_Utterance_16,kuli kubwera ci namondwe cacikulu ninalira ndikulodza cala kumene cina kucokera,Nyanja_NM_Spk7_U_ac0e9829ea_Utterance_16_325_350.wav,6.629
NM,M,Spk7,U_ac0e9829ea,325_350,Nyanja_NM_Spk7_U_ac0e9829ea_Utterance_17,ndakambukila tsopano ndpo ndazithokoza kodi mkondapo wina aliyense,Nyanja_NM_Spk7_U_ac0e9829ea_Utterance_17_325_350.wav,5.375
NM,M,Spk7,U_ac0e9829ea,325_350,Nyanja_NM_Spk7_U_ac0e9829ea_Utterance_18,zindingaziletse kukhutilitsidwa kwanga cifukwa coziletsa kuyamnkha zonena za southey,Nyanja_NM_Spk7_U_ac0e9829ea_Utterance_18_325_350.wav,6.478
NM,M,Spk7,U_ac0e9829ea,325_350,Nyanja_NM_Spk7_U_ac0e9829ea_Utterance_19,ndipo kudi mutu wa ndakatulo unali ciaini adafunsa emwe analankhulapo,Nyanja_NM_Spk7_U_ac0e9829ea_Utterance_19_325_350.wav,5.375
NM,M,Spk7,U_ac0e9829ea,325_350,Nyanja_NM_Spk7_U_ac0e9829ea_Utterance_20,za cilungamo zipanga cimodzi mwa izi ndipo zoganiza zipanga zinazo,Nyanja_NM_Spk7_U_ac0e9829ea_Utterance_20_325_350.wav,5.457
NM,M,Spk7,U_ac0e9829ea,325_350,Nyanja_NM_Spk7_U_ac0e9829ea_Utterance_21,wina singathe kuyembekezera ciliconse pa tsiku lowawa ngati iili,Nyanja_NM_Spk7_U_ac0e9829ea_Utterance_21_325_350.wav,4.656
NM,M,Spk7,U_ac0e9829ea,325_350,Nyanja_NM_Spk7_U_ac0e9829ea_Utterance_22,ma doko a ku brooklyn ndi malo ena alionse a mzinda wa new york woyandikira mtsinje wa kum'mawa unadzadzidwa ndi anthu ofuna kuonetsetsa,Nyanja_NM_Spk7_U_ac0e9829ea_Utterance_22_325_350.wav,11.575
NM,M,Spk7,U_ac0e9829ea,325_350,Nyanja_NM_Spk7_U_ac0e9829ea_Utterance_23,malo ena angatengedwa ngati oikidwa pamalo amodzi-modzi ndipo zina ngati maphunziro ena onse a pa kukumbukira azafika,Nyanja_NM_Spk7_U_ac0e9829ea_Utterance_23_325_350.wav,9.636
NM,M,Spk7,U_ac0e9829ea,325_350,Nyanja_NM_Spk7_U_ac0e9829ea_Utterance_24,anchito pamodzi ndi azimai acicepele anazikonzo mokometsa zimenezi,Nyanja_NM_Spk7_U_ac0e9829ea_Utterance_24_325_350.wav,5.294
NM,M,Spk7,U_ac0e9829ea,325_350,Nyanja_NM_Spk7_U_ac0e9829ea_Utterance_25,ndipo ndilibe wina aliyense amene ndiokonzeka kupatsidwa zolemba za boma za  kale,Nyanja_NM_Spk7_U_ac0e9829ea_Utterance_25_325_350.wav,6.293
NM,M,Spk7,U_ac0e9829ea,300_325,Nyanja_NM_Spk7_U_ac0e9829ea_Utterance_1,koma izi ndizo mtengo umunewo sunafuna kunva,Nyanja_NM_Spk7_U_ac0e9829ea_Utterance_1_300_325.wav,3.878
NM,M,Spk7,U_ac0e9829ea,300_325,Nyanja_NM_Spk7_U_ac0e9829ea_Utterance_2,aliko ambiri amene ndi acikulire uposa ine,Nyanja_NM_Spk7_U_ac0e9829ea_Utterance_2_300_325.wav,4.18
NM,M,Spk7,U_ac0e9829ea,300_325,Nyanja_NM_Spk7_U_ac0e9829ea_Utterance_3,ndipo emil anakonza njira yace mwapang'ono pang'ono kumapita ca ku mtengo wa mkuyu,Nyanja_NM_Spk7_U_ac0e9829ea_Utterance_3_300_325.wav,7.593
NM,M,Spk7,U_ac0e9829ea,300_325,Nyanja_NM_Spk7_U_ac0e9829ea_Utterance_4,pansipo koposa cina ciri conse  pa naonetsa cipindacho kukhala ca zaka zambiri,Nyanja_NM_Spk7_U_ac0e9829ea_Utterance_4_300_325.wav,7.175
NM,M,Spk7,U_ac0e9829ea,300_325,Nyanja_NM_Spk7_U_ac0e9829ea_Utterance_5,nemo ali kupanga chi sitima capamadzi cacikulu komanso cabwino ca mtsogoro cocedwa nautilus ndipo acitanso kampeni yapamadzi pofuna kukopa ena kubwezera omwe anawapondereza,Nyanja_NM_Spk7_U_ac0e9829ea_Utterance_5_300_325.wav,15.372
NM,M,Spk7,U_ac0e9829ea,300_325,Nyanja_NM_Spk7_U_ac0e9829ea_Utterance_6,kutali ndi izo bwana amfumu pokhala kuti sanapeleke chiloledzo oimba achita tero,Nyanja_NM_Spk7_U_ac0e9829ea_Utterance_6_300_325.wav,7.419
NM,M,Spk7,U_ac0e9829ea,300_325,Nyanja_NM_Spk7_U_ac0e9829ea_Utterance_7,asilikali omenyera nkhondo okwanira ngati ma dzana awiri anadya mu holo lace namusatila ku nkondo,Nyanja_NM_Spk7_U_ac0e9829ea_Utterance_7_300_325.wav,8.905
NM,M,Spk7,U_ac0e9829ea,300_325,Nyanja_NM_Spk7_U_ac0e9829ea_Utterance_8,ndipo anali kukukondani kwabasi nanunso a lakele,Nyanja_NM_Spk7_U_ac0e9829ea_Utterance_8_300_325.wav,4.644
NM,M,Spk7,U_ac0e9829ea,300_325,Nyanja_NM_Spk7_U_ac0e9829ea_Utterance_9,dzanja la fitzooth inali itaikidwa pamwamba peni-peni pa matanda ndipo  mwapang'ono-pang'ono cilungamo cinadza kwa iye,Nyanja_NM_Spk7_U_ac0e9829ea_Utterance_9_300_325.wav,10.24
NM,M,Spk7,U_ac0e9829ea,300_325,Nyanja_NM_Spk7_U_ac0e9829ea_Utterance_10,cinthu cina cabwino cinthu cina cacikulube ciyenera kukonkhapo koma kodi nciani,Nyanja_NM_Spk7_U_ac0e9829ea_Utterance_10_300_325.wav,6.606
NM,M,Spk7,U_ac0e9829ea,300_325,Nyanja_NM_Spk7_U_ac0e9829ea_Utterance_11,nthano analira ana akulemba ka mzibambo konenepa ca ku mtengo,Nyanja_NM_Spk7_U_ac0e9829ea_Utterance_11_300_325.wav,6.026
NM,M,Spk7,U_ac0e9829ea,300_325,Nyanja_NM_Spk7_U_ac0e9829ea_Utterance_12,ici cinali cikhulupiliro cacikulu wina aliyense sazapita,Nyanja_NM_Spk7_U_ac0e9829ea_Utterance_12_300_325.wav,5.908
NM,M,Spk7,U_ac0e9829ea,300_325,Nyanja_NM_Spk7_U_ac0e9829ea_Utterance_13,mwinamwace mitengo zina kuthengoko  zizabwera kundiona,Nyanja_NM_Spk7_U_ac0e9829ea_Utterance_13_300_325.wav,4.598
NM,M,Spk7,U_ac0e9829ea,300_325,Nyanja_NM_Spk7_U_ac0e9829ea_Utterance_14,walankhula bwino mademoiselle de tonnay charente nanenso ndiganiza kuti izo ndizabwino cabe koma ndizasamala,Nyanja_NM_Spk7_U_ac0e9829ea_Utterance_14_300_325.wav,8.313
NM,M,Spk7,U_ac0e9829ea,300_325,Nyanja_NM_Spk7_U_ac0e9829ea_Utterance_15,kodi ndi zoipa zotatani zoipa zothekha zimene sizinacitike kwa ine masikun acepa apitawa,Nyanja_NM_Spk7_U_ac0e9829ea_Utterance_15_300_325.wav,8.081
NM,M,Spk7,U_ac0e9829ea,300_325,Nyanja_NM_Spk7_U_ac0e9829ea_Utterance_16,ndinali ndi ciganiziro conena kuti ndiwe mzanga amene unandipulumutsa ku mpeni,Nyanja_NM_Spk7_U_ac0e9829ea_Utterance_16_300_325.wav,6.177
NM,M,Spk7,U_ac0e9829ea,300_325,Nyanja_NM_Spk7_U_ac0e9829ea_Utterance_17,kodi ndi dzina la yani imene unasayina pa cheke anafunsa kenneth,Nyanja_NM_Spk7_U_ac0e9829ea_Utterance_17_300_325.wav,7.512
NM,M,Spk7,U_ac0e9829ea,300_325,Nyanja_NM_Spk7_U_ac0e9829ea_Utterance_18,pepani mundikhululukile anatero trot ndinaiwalila ku kuuzani kuti sindinu a boolooroo kuyambira lero,Nyanja_NM_Spk7_U_ac0e9829ea_Utterance_18_300_325.wav,7.512
NM,M,Spk7,U_ac0e9829ea,300_325,Nyanja_NM_Spk7_U_ac0e9829ea_Utterance_19,iye anayambira pa ganizoli napita mosakondwera,Nyanja_NM_Spk7_U_ac0e9829ea_Utterance_19_300_325.wav,3.878
NM,M,Spk7,U_ac0e9829ea,300_325,Nyanja_NM_Spk7_U_ac0e9829ea_Utterance_20,larkspur andilumanso lero mmawa kwa nthawi ka citatu,Nyanja_NM_Spk7_U_ac0e9829ea_Utterance_20_300_325.wav,3.831
NM,M,Spk7,U_ac0e9829ea,300_325,Nyanja_NM_Spk7_U_ac0e9829ea_Utterance_21,opanga shuga amene ananena kuti loaf anamasulira lumps chitsiru cotenthedwa opanga zinthu umenewu wacilungamo,Nyanja_NM_Spk7_U_ac0e9829ea_Utterance_21_300_325.wav,9.079
NM,M,Spk7,U_ac0e9829ea,300_325,Nyanja_NM_Spk7_U_ac0e9829ea_Utterance_22,uyenekera kuziwa yohane kuti ngati naphunzitsa anthu acikuda sindizakhala ndi mpata oona anthu ambiri amene ndiphunzitsa mkalasi mwanga,Nyanja_NM_Spk7_U_ac0e9829ea_Utterance_22_300_325.wav,9.361
NM,M,Spk7,U_ac0e9829ea,300_325,Nyanja_NM_Spk7_U_ac0e9829ea_Utterance_23,mwinamwace izo zidatha kwanthawi ino mtengo unapita ntano yace ili kumathero,Nyanja_NM_Spk7_U_ac0e9829ea_Utterance_23_300_325.wav,6.379
NM,M,Spk7,U_ac0e9829ea,300_325,Nyanja_NM_Spk7_U_ac0e9829ea_Utterance_24,mutsale bwino anatero akhoswe ndi anapita kunyumbako,Nyanja_NM_Spk7_U_ac0e9829ea_Utterance_24_300_325.wav,4.098
NM,M,Spk7,U_a6736c169a,325_350,Nyanja_NM_Spk7_U_a6736c169a_Utterance_1,pa cisanu kufotokoza zolakwa kuzakhalako matsana onse titathana ndi ulungu,Nyanja_NM_Spk7_U_a6736c169a_Utterance_1_325_350.wav,6.728
NM,M,Spk7,U_a6736c169a,325_350,Nyanja_NM_Spk7_U_a6736c169a_Utterance_2,izo zonsezo ndi za zoona bambo neverbend anatero  bambo ferdinando brown,Nyanja_NM_Spk7_U_a6736c169a_Utterance_2_325_350.wav,6.057
NM,M,Spk7,U_a6736c169a,325_350,Nyanja_NM_Spk7_U_a6736c169a_Utterance_3,mwina kungakhaleko ndakatulo zocepa pano ndi apo koma ambiri mwa malo ano anali wofunitsitsa,Nyanja_NM_Spk7_U_a6736c169a_Utterance_3_325_350.wav,8.533
NM,M,Spk7,U_a6736c169a,325_350,Nyanja_NM_Spk7_U_a6736c169a_Utterance_4,ndiponso kunali mnyanata wacicepele amene analowa nchito ya panyumba,Nyanja_NM_Spk7_U_a6736c169a_Utterance_4_325_350.wav,4.92
NM,M,Spk7,U_a6736c169a,325_350,Nyanja_NM_Spk7_U_a6736c169a_Utterance_5,koma kodi ao ndio mathokozo onse amene m'modzi mwa azimai anapempha,Nyanja_NM_Spk7_U_a6736c169a_Utterance_5_325_350.wav,6.756
NM,M,Spk7,U_a6736c169a,325_350,Nyanja_NM_Spk7_U_a6736c169a_Utterance_6,myezi ya kapalepale ndi zibweleza  mcaka ca 1837 inapita ndipo kunalibe yankho ina iliyonse kucokera kwa southey,Nyanja_NM_Spk7_U_a6736c169a_Utterance_6_325_350.wav,10.192
NM,M,Spk7,U_a6736c169a,325_350,Nyanja_NM_Spk7_U_a6736c169a_Utterance_7,ndikudabwa mwina ndatsinthidwa utsiku,Nyanja_NM_Spk7_U_a6736c169a_Utterance_7_325_350.wav,2.851
NM,M,Spk7,U_a6736c169a,325_350,Nyanja_NM_Spk7_U_a6736c169a_Utterance_8,koma cithunzithunzi cidatsowa mwansanga-msanga citangooneka,Nyanja_NM_Spk7_U_a6736c169a_Utterance_8_325_350.wav,4.686
NM,M,Spk7,U_a6736c169a,325_350,Nyanja_NM_Spk7_U_a6736c169a_Utterance_9,kodi si uja ochuka kwambili ku nkhni yopita m'ngondya zodabwitsa,Nyanja_NM_Spk7_U_a6736c169a_Utterance_9_325_350.wav,5.858
NM,M,Spk7,U_a6736c169a,325_350,Nyanja_NM_Spk7_U_a6736c169a_Utterance_10,unali umbabva wa dala kocokera kwa amene anamlemba ncito pofuna kuteteza mtsikana amene akonda,Nyanja_NM_Spk7_U_a6736c169a_Utterance_10_325_350.wav,8.357
NM,M,Spk7,U_a6736c169a,325_350,Nyanja_NM_Spk7_U_a6736c169a_Utterance_11,tsiku iyi ndi tsiku yonvesandi manyazi anapitiliza mnyamata maso ake atakhadzikika pa mzace,Nyanja_NM_Spk7_U_a6736c169a_Utterance_11_325_350.wav,7.888
NM,M,Spk7,U_a6736c169a,325_350,Nyanja_NM_Spk7_U_a6736c169a_Utterance_12,kodi upita ku msonkhano wa pa caka lute anafunsa m'modzi mwa atsikana,Nyanja_NM_Spk7_U_a6736c169a_Utterance_12_325_350.wav,5.428
NM,M,Spk7,U_a6736c169a,325_350,Nyanja_NM_Spk7_U_a6736c169a_Utterance_13,andalasoni anacoka mu mpando wace atalumpha kmodzi cabe,Nyanja_NM_Spk7_U_a6736c169a_Utterance_13_325_350.wav,4.1
NM,M,Spk7,U_a6736c169a,325_350,Nyanja_NM_Spk7_U_a6736c169a_Utterance_14,monga mau ankhunda monga tsiku losankhalitsa monga nyimbo mu mlengalenga,Nyanja_NM_Spk7_U_a6736c169a_Utterance_14_325_350.wav,5.467
NM,M,Spk7,U_a6736c169a,325_350,Nyanja_NM_Spk7_U_a6736c169a_Utterance_15,azowona  anabwelera ndicimwemwe kucokera ku mzinda,Nyanja_NM_Spk7_U_a6736c169a_Utterance_15_325_350.wav,4.022
NM,M,Spk7,U_a6736c169a,325_350,Nyanja_NM_Spk7_U_a6736c169a_Utterance_16,kuli kubwera ci namondwe cacikulu ninalira ndikulodza cala kumene cina kucokera,Nyanja_NM_Spk7_U_a6736c169a_Utterance_16_325_350.wav,11.091
NM,M,Spk7,U_a6736c169a,325_350,Nyanja_NM_Spk7_U_a6736c169a_Utterance_17,ndakambukila tsopano ndpo ndazithokoza kodi mkondapo wina aliyense,Nyanja_NM_Spk7_U_a6736c169a_Utterance_17_325_350.wav,11.091
NM,M,Spk7,U_a6736c169a,325_350,Nyanja_NM_Spk7_U_a6736c169a_Utterance_18,zindingaziletse kukhutilitsidwa kwanga cifukwa coziletsa kuyamnkha zonena za southey,Nyanja_NM_Spk7_U_a6736c169a_Utterance_18_325_350.wav,8.221
NM,M,Spk7,U_a6736c169a,325_350,Nyanja_NM_Spk7_U_a6736c169a_Utterance_19,ndipo kudi mutu wa ndakatulo unali ciaini adafunsa emwe analankhulapo,Nyanja_NM_Spk7_U_a6736c169a_Utterance_19_325_350.wav,7.244
NM,M,Spk7,U_a6736c169a,325_350,Nyanja_NM_Spk7_U_a6736c169a_Utterance_20,za cilungamo zipanga cimodzi mwa izi ndipo zoganiza zipanga zinazo,Nyanja_NM_Spk7_U_a6736c169a_Utterance_20_325_350.wav,6.478
NM,M,Spk7,U_a6736c169a,325_350,Nyanja_NM_Spk7_U_a6736c169a_Utterance_21,wina singathe kuyembekezera ciliconse pa tsiku lowawa ngati iili,Nyanja_NM_Spk7_U_a6736c169a_Utterance_21_325_350.wav,5.057
NM,M,Spk7,U_a6736c169a,325_350,Nyanja_NM_Spk7_U_a6736c169a_Utterance_22,ma doko a ku brooklyn ndi malo ena alionse a mzinda wa new york woyandikira mtsinje wa kum'mawa unadzadzidwa ndi anthu ofuna kuonetsetsa,Nyanja_NM_Spk7_U_a6736c169a_Utterance_22_325_350.wav,12.75
NM,M,Spk7,U_a6736c169a,325_350,Nyanja_NM_Spk7_U_a6736c169a_Utterance_23,malo ena angatengedwa ngati oikidwa pamalo amodzi-modzi ndipo zina ngati maphunziro ena onse a pa kukumbukira azafika,Nyanja_NM_Spk7_U_a6736c169a_Utterance_23_325_350.wav,10.856
NM,M,Spk7,U_a6736c169a,325_350,Nyanja_NM_Spk7_U_a6736c169a_Utterance_24,anchito pamodzi ndi azimai acicepele anazikonzo mokometsa zimenezi,Nyanja_NM_Spk7_U_a6736c169a_Utterance_24_325_350.wav,6.877
NM,M,Spk7,U_a6736c169a,325_350,Nyanja_NM_Spk7_U_a6736c169a_Utterance_25,ndipo ndilibe wina aliyense amene ndiokonzeka kupatsidwa zolemba za boma za  kale,Nyanja_NM_Spk7_U_a6736c169a_Utterance_25_325_350.wav,6.756
NM,M,Spk7,U_a6736c169a,300_325,Nyanja_NM_Spk7_U_a6736c169a_Utterance_1,koma izi ndizo mtengo umunewo sunafuna kunva,Nyanja_NM_Spk7_U_a6736c169a_Utterance_1_300_325.wav,4.191
NM,M,Spk7,U_a6736c169a,300_325,Nyanja_NM_Spk7_U_a6736c169a_Utterance_2,aliko ambiri amene ndi acikulire uposa ine,Nyanja_NM_Spk7_U_a6736c169a_Utterance_2_300_325.wav,7.907
NM,M,Spk7,U_a6736c169a,300_325,Nyanja_NM_Spk7_U_a6736c169a_Utterance_3,ndipo emil anakonza njira yace mwapang'ono pang'ono kumapita ca ku mtengo wa mkuyu,Nyanja_NM_Spk7_U_a6736c169a_Utterance_3_300_325.wav,7.895
NM,M,Spk7,U_a6736c169a,300_325,Nyanja_NM_Spk7_U_a6736c169a_Utterance_4,pansipo koposa cina ciri conse  pa naonetsa cipindacho kukhala ca zaka zambiri,Nyanja_NM_Spk7_U_a6736c169a_Utterance_4_300_325.wav,3.991
NM,M,Spk7,U_a6736c169a,300_325,Nyanja_NM_Spk7_U_a6736c169a_Utterance_5,nemo ali kupanga chi sitima capamadzi cacikulu komanso cabwino ca mtsogoro cocedwa nautilus ndipo acitanso kampeni yapamadzi pofuna kukopa ena kubwezera omwe anawapondereza,Nyanja_NM_Spk7_U_a6736c169a_Utterance_5_300_325.wav,25.736
NM,M,Spk7,U_a6736c169a,300_325,Nyanja_NM_Spk7_U_a6736c169a_Utterance_6,kutali ndi izo bwana amfumu pokhala kuti sanapeleke chiloledzo oimba achita tero,Nyanja_NM_Spk7_U_a6736c169a_Utterance_6_300_325.wav,8.406
NM,M,Spk7,U_a6736c169a,300_325,Nyanja_NM_Spk7_U_a6736c169a_Utterance_7,asilikali omenyera nkhondo okwanira ngati ma dzana awiri anadya mu holo lace namusatila ku nkondo,Nyanja_NM_Spk7_U_a6736c169a_Utterance_7_300_325.wav,12.623
NM,M,Spk7,U_a6736c169a,300_325,Nyanja_NM_Spk7_U_a6736c169a_Utterance_8,ndipo anali kukukondani kwabasi nanunso a lakele,Nyanja_NM_Spk7_U_a6736c169a_Utterance_8_300_325.wav,6.117
NM,M,Spk7,U_a6736c169a,300_325,Nyanja_NM_Spk7_U_a6736c169a_Utterance_9,dzanja la fitzooth inali itaikidwa pamwamba peni-peni pa matanda ndipo  mwapang'ono-pang'ono cilungamo cinadza kwa iye,Nyanja_NM_Spk7_U_a6736c169a_Utterance_9_300_325.wav,16.216
NM,M,Spk7,U_a6736c169a,300_325,Nyanja_NM_Spk7_U_a6736c169a_Utterance_10,cinthu cina cabwino cinthu cina cacikulube ciyenera kukonkhapo koma kodi nciani,Nyanja_NM_Spk7_U_a6736c169a_Utterance_10_300_325.wav,11.343
NM,M,Spk7,U_a6736c169a,300_325,Nyanja_NM_Spk7_U_a6736c169a_Utterance_11,nthano analira ana akulemba ka mzibambo konenepa ca ku mtengo,Nyanja_NM_Spk7_U_a6736c169a_Utterance_11_300_325.wav,8.617
NM,M,Spk7,U_a6736c169a,300_325,Nyanja_NM_Spk7_U_a6736c169a_Utterance_12,ici cinali cikhulupiliro cacikulu wina aliyense sazapita,Nyanja_NM_Spk7_U_a6736c169a_Utterance_12_300_325.wav,9.143
NM,M,Spk7,U_a6736c169a,300_325,Nyanja_NM_Spk7_U_a6736c169a_Utterance_13,mwinamwace mitengo zina kuthengoko  zizabwera kundiona,Nyanja_NM_Spk7_U_a6736c169a_Utterance_13_300_325.wav,8.751
NM,M,Spk7,U_a6736c169a,300_325,Nyanja_NM_Spk7_U_a6736c169a_Utterance_14,walankhula bwino mademoiselle de tonnay charente nanenso ndiganiza kuti izo ndizabwino cabe koma ndizasamala,Nyanja_NM_Spk7_U_a6736c169a_Utterance_14_300_325.wav,17.092
NM,M,Spk7,U_a6736c169a,300_325,Nyanja_NM_Spk7_U_a6736c169a_Utterance_15,kodi ndi zoipa zotatani zoipa zothekha zimene sizinacitike kwa ine masikun acepa apitawa,Nyanja_NM_Spk7_U_a6736c169a_Utterance_15_300_325.wav,12.061
NM,M,Spk7,U_a6736c169a,300_325,Nyanja_NM_Spk7_U_a6736c169a_Utterance_16,ndinali ndi ciganiziro conena kuti ndiwe mzanga amene unandipulumutsa ku mpeni,Nyanja_NM_Spk7_U_a6736c169a_Utterance_16_300_325.wav,10.669
NM,M,Spk7,U_a6736c169a,300_325,Nyanja_NM_Spk7_U_a6736c169a_Utterance_17,kodi ndi dzina la yani imene unasayina pa cheke anafunsa kenneth,Nyanja_NM_Spk7_U_a6736c169a_Utterance_17_300_325.wav,7.838
NM,M,Spk7,U_a6736c169a,300_325,Nyanja_NM_Spk7_U_a6736c169a_Utterance_18,pepani mundikhululukile anatero trot ndinaiwalila ku kuuzani kuti sindinu a boolooroo kuyambira lero,Nyanja_NM_Spk7_U_a6736c169a_Utterance_18_300_325.wav,13.431
NM,M,Spk7,U_a6736c169a,300_325,Nyanja_NM_Spk7_U_a6736c169a_Utterance_19,iye anayambira pa ganizoli napita mosakondwera,Nyanja_NM_Spk7_U_a6736c169a_Utterance_19_300_325.wav,5.807
NM,M,Spk7,U_a6736c169a,300_325,Nyanja_NM_Spk7_U_a6736c169a_Utterance_20,larkspur andilumanso lero mmawa kwa nthawi ka citatu,Nyanja_NM_Spk7_U_a6736c169a_Utterance_20_300_325.wav,7.105
NM,M,Spk7,U_a6736c169a,300_325,Nyanja_NM_Spk7_U_a6736c169a_Utterance_21,opanga shuga amene ananena kuti loaf anamasulira lumps chitsiru cotenthedwa opanga zinthu umenewu wacilungamo,Nyanja_NM_Spk7_U_a6736c169a_Utterance_21_300_325.wav,13.989
NM,M,Spk7,U_a6736c169a,300_325,Nyanja_NM_Spk7_U_a6736c169a_Utterance_22,uyenekera kuziwa yohane kuti ngati naphunzitsa anthu acikuda sindizakhala ndi mpata oona anthu ambiri amene ndiphunzitsa mkalasi mwanga,Nyanja_NM_Spk7_U_a6736c169a_Utterance_22_300_325.wav,14.744
NM,M,Spk7,U_a6736c169a,300_325,Nyanja_NM_Spk7_U_a6736c169a_Utterance_23,sicidzakhala kopanda ciopyezo ngati iwe ukhala kuno tsopano,Nyanja_NM_Spk7_U_a6736c169a_Utterance_23_300_325.wav,7.208
NM,M,Spk7,U_a6736c169a,300_325,Nyanja_NM_Spk7_U_a6736c169a_Utterance_24,mwinamwace izo zidatha kwanthawi ino mtengo unapita ntano yace ili kumathero,Nyanja_NM_Spk7_U_a6736c169a_Utterance_24_300_325.wav,10.13
NM,M,Spk7,U_a6736c169a,300_325,Nyanja_NM_Spk7_U_a6736c169a_Utterance_25,mutsale bwino anatero akhoswe ndi anapita kunyumbako,Nyanja_NM_Spk7_U_a6736c169a_Utterance_25_300_325.wav,4.953
NM,M,Spk7,U_05d05323af,325_350,Nyanja_NM_Spk7_U_05d05323af_Utterance_1,pa cisanu kufotokoza zolakwa kuzakhalako matsana onse titathana ndi ulungu,Nyanja_NM_Spk7_U_05d05323af_Utterance_1_325_350.wav,9.305
NM,M,Spk7,U_05d05323af,325_350,Nyanja_NM_Spk7_U_05d05323af_Utterance_2,izo zonsezo ndi za zoona bambo neverbend anatero  bambo ferdinando brown,Nyanja_NM_Spk7_U_05d05323af_Utterance_2_325_350.wav,8.96
NM,M,Spk7,U_05d05323af,325_350,Nyanja_NM_Spk7_U_05d05323af_Utterance_3,mwina kungakhaleko ndakatulo zocepa pano ndi apo koma ambiri mwa malo ano anali wofunitsitsa,Nyanja_NM_Spk7_U_05d05323af_Utterance_3_325_350.wav,12.62
NM,M,Spk7,U_05d05323af,325_350,Nyanja_NM_Spk7_U_05d05323af_Utterance_4,ndiponso kunali mnyanata wacicepele amene analowa nchito ya panyumba,Nyanja_NM_Spk7_U_05d05323af_Utterance_4_325_350.wav,9.545
NM,M,Spk7,U_05d05323af,325_350,Nyanja_NM_Spk7_U_05d05323af_Utterance_5,koma kodi ao ndio mathokozo onse amene m'modzi mwa azimai anapempha,Nyanja_NM_Spk7_U_05d05323af_Utterance_5_325_350.wav,9.26
NM,M,Spk7,U_05d05323af,325_350,Nyanja_NM_Spk7_U_05d05323af_Utterance_6,myezi ya kapalepale ndi zibweleza  mcaka ca 1837 inapita ndipo kunalibe yankho ina iliyonse kucokera kwa southey,Nyanja_NM_Spk7_U_05d05323af_Utterance_6_325_350.wav,12.113
NM,M,Spk7,U_05d05323af,325_350,Nyanja_NM_Spk7_U_05d05323af_Utterance_7,ndikudabwa mwina ndatsinthidwa utsiku,Nyanja_NM_Spk7_U_05d05323af_Utterance_7_325_350.wav,10.663
NM,M,Spk7,U_05d05323af,325_350,Nyanja_NM_Spk7_U_05d05323af_Utterance_8,koma cithunzithunzi cidatsowa mwansanga-msanga citangooneka,Nyanja_NM_Spk7_U_05d05323af_Utterance_8_325_350.wav,11.833
NM,M,Spk7,U_05d05323af,325_350,Nyanja_NM_Spk7_U_05d05323af_Utterance_9,kodi si uja ochuka kwambili ku nkhni yopita m'ngondya zodabwitsa,Nyanja_NM_Spk7_U_05d05323af_Utterance_9_325_350.wav,13.966
NM,M,Spk7,U_05d05323af,325_350,Nyanja_NM_Spk7_U_05d05323af_Utterance_10,unali umbabva wa dala kocokera kwa amene anamlemba ncito pofuna kuteteza mtsikana amene akonda,Nyanja_NM_Spk7_U_05d05323af_Utterance_10_325_350.wav,12.79
NM,M,Spk7,U_05d05323af,325_350,Nyanja_NM_Spk7_U_05d05323af_Utterance_11,tsiku iyi ndi tsiku yonvesandi manyazi anapitiliza mnyamata maso ake atakhadzikika pa mzace,Nyanja_NM_Spk7_U_05d05323af_Utterance_11_325_350.wav,12.799
NM,M,Spk7,U_05d05323af,325_350,Nyanja_NM_Spk7_U_05d05323af_Utterance_12,kodi upita ku msonkhano wa pa caka lute anafunsa m'modzi mwa atsikana,Nyanja_NM_Spk7_U_05d05323af_Utterance_12_325_350.wav,11.278
NM,M,Spk7,U_05d05323af,325_350,Nyanja_NM_Spk7_U_05d05323af_Utterance_13,andalasoni anacoka mu mpando wace atalumpha kmodzi cabe,Nyanja_NM_Spk7_U_05d05323af_Utterance_13_325_350.wav,9.227
NM,M,Spk7,U_05d05323af,325_350,Nyanja_NM_Spk7_U_05d05323af_Utterance_14,monga mau ankhunda monga tsiku losankhalitsa monga nyimbo mu mlengalenga,Nyanja_NM_Spk7_U_05d05323af_Utterance_14_325_350.wav,15.116
NM,M,Spk7,U_05d05323af,325_350,Nyanja_NM_Spk7_U_05d05323af_Utterance_15,azowona  anabwelera ndicimwemwe kucokera ku mzinda,Nyanja_NM_Spk7_U_05d05323af_Utterance_15_325_350.wav,12.896
NM,M,Spk7,U_05d05323af,325_350,Nyanja_NM_Spk7_U_05d05323af_Utterance_16,kuli kubwera ci namondwe cacikulu ninalira ndikulodza cala kumene cina kucokera,Nyanja_NM_Spk7_U_05d05323af_Utterance_16_325_350.wav,10.203
NM,M,Spk7,U_05d05323af,325_350,Nyanja_NM_Spk7_U_05d05323af_Utterance_17,ndakambukila tsopano ndpo ndazithokoza kodi mkondapo wina aliyense,Nyanja_NM_Spk7_U_05d05323af_Utterance_17_325_350.wav,9.047
NM,M,Spk7,U_05d05323af,325_350,Nyanja_NM_Spk7_U_05d05323af_Utterance_18,zindingaziletse kukhutilitsidwa kwanga cifukwa coziletsa kuyamnkha zonena za southey,Nyanja_NM_Spk7_U_05d05323af_Utterance_18_325_350.wav,13.862
NM,M,Spk7,U_05d05323af,325_350,Nyanja_NM_Spk7_U_05d05323af_Utterance_19,ndipo kudi mutu wa ndakatulo unali ciaini adafunsa emwe analankhulapo,Nyanja_NM_Spk7_U_05d05323af_Utterance_19_325_350.wav,11.516
NM,M,Spk7,U_05d05323af,325_350,Nyanja_NM_Spk7_U_05d05323af_Utterance_20,za cilungamo zipanga cimodzi mwa izi ndipo zoganiza zipanga zinazo,Nyanja_NM_Spk7_U_05d05323af_Utterance_20_325_350.wav,12.556
NM,M,Spk7,U_05d05323af,325_350,Nyanja_NM_Spk7_U_05d05323af_Utterance_21,wina singathe kuyembekezera ciliconse pa tsiku lowawa ngati iili,Nyanja_NM_Spk7_U_05d05323af_Utterance_21_325_350.wav,8.267
NM,M,Spk7,U_05d05323af,325_350,Nyanja_NM_Spk7_U_05d05323af_Utterance_22,ma doko a ku brooklyn ndi malo ena alionse a mzinda wa new york woyandikira mtsinje wa kum'mawa unadzadzidwa ndi anthu ofuna kuonetsetsa,Nyanja_NM_Spk7_U_05d05323af_Utterance_22_325_350.wav,14.624
NM,M,Spk7,U_05d05323af,325_350,Nyanja_NM_Spk7_U_05d05323af_Utterance_23,malo ena angatengedwa ngati oikidwa pamalo amodzi-modzi ndipo zina ngati maphunziro ena onse a pa kukumbukira azafika,Nyanja_NM_Spk7_U_05d05323af_Utterance_23_325_350.wav,30.59
NM,M,Spk7,U_05d05323af,325_350,Nyanja_NM_Spk7_U_05d05323af_Utterance_24,anchito pamodzi ndi azimai acicepele anazikonzo mokometsa zimenezi,Nyanja_NM_Spk7_U_05d05323af_Utterance_24_325_350.wav,19.754
NM,M,Spk7,U_05d05323af,325_350,Nyanja_NM_Spk7_U_05d05323af_Utterance_25,ndipo ndilibe wina aliyense amene ndiokonzeka kupatsidwa zolemba za boma za  kale,Nyanja_NM_Spk7_U_05d05323af_Utterance_25_325_350.wav,12.467
NM,M,Spk2,U_ecbdcd4814,50_75,Nyanja_NM_Spk2_U_ecbdcd4814_Utterance_1,m'mawa  mnyanyito ndi ogwira nchito ta mu nyumba anabwera,Nyanja_NM_Spk2_U_ecbdcd4814_Utterance_1_50_75.wav,4.632
NM,M,Spk2,U_ecbdcd4814,50_75,Nyanja_NM_Spk2_U_ecbdcd4814_Utterance_2,adamsiya  iye pomwe woyanganira ndende atabwera kutsegula citseko comwe ciitakhomedwa ndi kumpelekedza ku ofesi,Nyanja_NM_Spk2_U_ecbdcd4814_Utterance_2_50_75.wav,10.449
NM,M,Spk2,U_ecbdcd4814,50_75,Nyanja_NM_Spk2_U_ecbdcd4814_Utterance_3,tabi anawathangata ku ubwana wao iwo ngakhale ena aliyense sayenera kumthangata mu kufooka ndi ukalamba wao,Nyanja_NM_Spk2_U_ecbdcd4814_Utterance_3_50_75.wav,10.194
NM,M,Spk2,U_ecbdcd4814,50_75,Nyanja_NM_Spk2_U_ecbdcd4814_Utterance_4,muzandipeza ndikulankhula mosalekedza za azibambo anai titiani holbeni turner ndi titoret munjira zimodzi-modzi,Nyanja_NM_Spk2_U_ecbdcd4814_Utterance_4_50_75.wav,10.774
NM,M,Spk2,U_ecbdcd4814,50_75,Nyanja_NM_Spk2_U_ecbdcd4814_Utterance_5,wanena zokwanira anatero george gamewell mwamsanga nabwerera ku gulu ya anthu,Nyanja_NM_Spk2_U_ecbdcd4814_Utterance_5_50_75.wav,6.281
NM,M,Spk2,U_ecbdcd4814,50_75,Nyanja_NM_Spk2_U_ecbdcd4814_Utterance_6,kodi azayamba nyuzipepala yace imene izituluka tsiku ndi tsiku pakati pa anthu a gulu la kick a poos,Nyanja_NM_Spk2_U_ecbdcd4814_Utterance_6_50_75.wav,9.404
NM,M,Spk2,U_ecbdcd4814,50_75,Nyanja_NM_Spk2_U_ecbdcd4814_Utterance_7,mumitengo kubwaroko kunaimilira ka mtsikana pa cimtengo wa mkungudza,Nyanja_NM_Spk2_U_ecbdcd4814_Utterance_7_50_75.wav,5.84
NM,M,Spk2,U_ecbdcd4814,50_75,Nyanja_NM_Spk2_U_ecbdcd4814_Utterance_8,mtengere kubwaloko ndipo mleke alawe mpeni omenyera nkhondo wakoyo,Nyanja_NM_Spk2_U_ecbdcd4814_Utterance_8_50_75.wav,6.571
NM,M,Spk2,U_ecbdcd4814,50_75,Nyanja_NM_Spk2_U_ecbdcd4814_Utterance_9,pamene anali pabwalo amalume anatseka citseko ndikutsegula njira,Nyanja_NM_Spk2_U_ecbdcd4814_Utterance_9_50_75.wav,5.747
NM,M,Spk2,U_ecbdcd4814,50_75,Nyanja_NM_Spk2_U_ecbdcd4814_Utterance_10,iye anayamba kudandaula motangwanika  pa mfiti imene inathawira kumbuyo kwa cinsala cotchingira  pa dzenera ku dzanja lamanzere,Nyanja_NM_Spk2_U_ecbdcd4814_Utterance_10_50_75.wav,11.598
NM,M,Spk2,U_ecbdcd4814,50_75,Nyanja_NM_Spk2_U_ecbdcd4814_Utterance_11,ndizafunsa cinthu camene simungaganinizire koma ndiyenera kukhala ndi cinthu cina,Nyanja_NM_Spk2_U_ecbdcd4814_Utterance_11_50_75.wav,6.873
NM,M,Spk2,U_ecbdcd4814,50_75,Nyanja_NM_Spk2_U_ecbdcd4814_Utterance_12,kutada msanga magetsi a chikasu azasanika/azawala apa ndi apondipo kuja kumanyumba onyansa a ma hule,Nyanja_NM_Spk2_U_ecbdcd4814_Utterance_12_50_75.wav,9.938
NM,M,Spk2,U_ecbdcd4814,50_75,Nyanja_NM_Spk2_U_ecbdcd4814_Utterance_13,mwansanga-msanga  servadaki anathamangira ndikukwera pamwamba pa phiri lalitari,Nyanja_NM_Spk2_U_ecbdcd4814_Utterance_13_50_75.wav,7.047
NM,M,Spk2,U_ecbdcd4814,50_75,Nyanja_NM_Spk2_U_ecbdcd4814_Utterance_14,bwera tizamwa kofi  yathu mucipinda cina ndipo uzatha kutsuta fodya,Nyanja_NM_Spk2_U_ecbdcd4814_Utterance_14_50_75.wav,6.954
NM,M,Spk2,U_ecbdcd4814,50_75,Nyanja_NM_Spk2_U_ecbdcd4814_Utterance_15,kumbali ina sitiyenera kuwaganizira kukhala oipitsitsa kotero kuti tingataye mtima,Nyanja_NM_Spk2_U_ecbdcd4814_Utterance_15_50_75.wav,7.071
NM,M,Spk2,U_ecbdcd4814,50_75,Nyanja_NM_Spk2_U_ecbdcd4814_Utterance_16,nthawi imineyo sindinadziwe ubwino wa utumiki,Nyanja_NM_Spk2_U_ecbdcd4814_Utterance_16_50_75.wav,4.447
NM,M,Spk2,U_ecbdcd4814,50_75,Nyanja_NM_Spk2_U_ecbdcd4814_Utterance_17,a dachi aku southbridge kupita ku lord reggie ai raggie kodi nciani ukunena,Nyanja_NM_Spk2_U_ecbdcd4814_Utterance_17_50_75.wav,6.978
NM,M,Spk2,U_ecbdcd4814,50_75,Nyanja_NM_Spk2_U_ecbdcd4814_Utterance_18,ndipo ndizayambira ndi ulaliki mwacidule pa kulankhula kwa munthu yekha,Nyanja_NM_Spk2_U_ecbdcd4814_Utterance_18_50_75.wav,6.56
NM,M,Spk2,U_ecbdcd4814,50_75,Nyanja_NM_Spk2_U_ecbdcd4814_Utterance_19,kumapsya kopanda kuleka kumauluka momwemo ndiye cimene cionetsa  nzeru zakuya modabwitsa,Nyanja_NM_Spk2_U_ecbdcd4814_Utterance_19_50_75.wav,7.732
NM,M,Spk2,U_ecbdcd4814,50_75,Nyanja_NM_Spk2_U_ecbdcd4814_Utterance_20,inde izo ndizo ananena koma ine ndiganiza kuti zinapambana apo,Nyanja_NM_Spk2_U_ecbdcd4814_Utterance_20_50_75.wav,5.642
NM,M,Spk2,U_ecbdcd4814,50_75,Nyanja_NM_Spk2_U_ecbdcd4814_Utterance_21,ndatenga ii nati yankho yanga ndipo ndasiya pulofesa (mkulu wa maphunziro apamwamba) okwiya cifukwa ca kulephera kudikhira,Nyanja_NM_Spk2_U_ecbdcd4814_Utterance_21_50_75.wav,12.086
NM,M,Spk2,U_ecbdcd4814,50_75,Nyanja_NM_Spk2_U_ecbdcd4814_Utterance_22,sindinakhale ndi mantha alionse ngati ndinagwira bwino nchito anatero bambo wacikulire mosasamala,Nyanja_NM_Spk2_U_ecbdcd4814_Utterance_22_50_75.wav,8.87
NM,M,Spk2,U_ecbdcd4814,50_75,Nyanja_NM_Spk2_U_ecbdcd4814_Utterance_23,ma mita anapitilizabe kugwiritsidwa nchito ku anthu mu caka ca 1899 mwinamwace mphaka ku mathero a zaka makhumi khuminthawi imineyo,Nyanja_NM_Spk2_U_ecbdcd4814_Utterance_23_50_75.wav,13.317
NM,M,Spk2,U_ecbdcd4814,50_75,Nyanja_NM_Spk2_U_ecbdcd4814_Utterance_24,keswick mwezi wa kafukulila matsiku makhumi awiri ndi awiri mwezi wa 1837 kwa inu mai,Nyanja_NM_Spk2_U_ecbdcd4814_Utterance_24_50_75.wav,8.615
NM,M,Spk2,U_ecbdcd4814,50_75,Nyanja_NM_Spk2_U_ecbdcd4814_Utterance_25,iye  anali ndicikhulupiliro mwaiye cimene cingathe kucotsa ma phiri,Nyanja_NM_Spk2_U_ecbdcd4814_Utterance_25_50_75.wav,5.898
NM,M,Spk2,U_ecbdcd4814,75_100,Nyanja_NM_Spk2_U_ecbdcd4814_Utterance_1,sindinaganizire zokonkha njira zocitira mosamala potsegula motulukila utsi,Nyanja_NM_Spk2_U_ecbdcd4814_Utterance_1_75_100.wav,6.513
NM,M,Spk2,U_ecbdcd4814,75_100,Nyanja_NM_Spk2_U_ecbdcd4814_Utterance_2,westmere ndi ine tinabweranso titatha chigawo coyamba koma tinaganiza kuti iye anaoneka osadzidziwa bwino,Nyanja_NM_Spk2_U_ecbdcd4814_Utterance_2_75_100.wav,10.263
NM,M,Spk2,U_ecbdcd4814,75_100,Nyanja_NM_Spk2_U_ecbdcd4814_Utterance_3,anasegula kosaneneka njira yoyenera kulowera mu msasa robin mwadzidzidzi anathamangirako ndi zobvuta zace ali kufuula mokweza,Nyanja_NM_Spk2_U_ecbdcd4814_Utterance_3_75_100.wav,12.04
NM,M,Spk2,U_ecbdcd4814,75_100,Nyanja_NM_Spk2_U_ecbdcd4814_Utterance_4,sevadaki anafuula mokweza ali kuonaetsetsa mu telesikopu  mosagwedezea,Nyanja_NM_Spk2_U_ecbdcd4814_Utterance_4_75_100.wav,6.745
NM,M,Spk2,U_ecbdcd4814,75_100,Nyanja_NM_Spk2_U_ecbdcd4814_Utterance_5,nguba sizimera pa mwamba pampesa  koma pansi pa mizyu imene ioeka monga cinangwa,Nyanja_NM_Spk2_U_ecbdcd4814_Utterance_5_75_100.wav,7.128
NM,M,Spk2,U_ecbdcd4814,75_100,Nyanja_NM_Spk2_U_ecbdcd4814_Utterance_6,ndizatengako dothi yakudayi napita nayo pamodzi nditimitengo topangila maphensulo tsalani bwino,Nyanja_NM_Spk2_U_ecbdcd4814_Utterance_6_75_100.wav,8.15
NM,M,Spk2,U_ecbdcd4814,75_100,Nyanja_NM_Spk2_U_ecbdcd4814_Utterance_7,ngati iye asamal;ira kulumbira kwace ku modzi nchito yace iyenera kuthesedwa pa nyenyezi ya umoyo wake isanalankhulidwe,Nyanja_NM_Spk2_U_ecbdcd4814_Utterance_7_75_100.wav,11.146
NM,M,Spk2,U_ecbdcd4814,75_100,Nyanja_NM_Spk2_U_ecbdcd4814_Utterance_8,ndipo ndikunenetsa ico ndi coipa mmene zilili tero,Nyanja_NM_Spk2_U_ecbdcd4814_Utterance_8_75_100.wav,5.294
NM,M,Spk2,U_ecbdcd4814,75_100,Nyanja_NM_Spk2_U_ecbdcd4814_Utterance_9,munandipatsa zisanu mobweleza ine ndifuna zobweleza zisanu ndi zinai hallo  kodi ndiwe horatio hamlet akulankhura,Nyanja_NM_Spk2_U_ecbdcd4814_Utterance_9_75_100.wav,10.739
NM,M,Spk2,U_ecbdcd4814,75_100,Nyanja_NM_Spk2_U_ecbdcd4814_Utterance_10,iye anawapempha kuti azawaone mu mzinda wa chelsea  ndipo analankhula zabwino kwambiri kumbali ya hilda,Nyanja_NM_Spk2_U_ecbdcd4814_Utterance_10_75_100.wav,8.928
NM,M,Spk2,U_ecbdcd4814,75_100,Nyanja_NM_Spk2_U_ecbdcd4814_Utterance_11,inde cinacake zonse anatero lakele mwansanga-msanga akuona duwa mosakondwa imene anali kugwiragwira ndi manja ace,Nyanja_NM_Spk2_U_ecbdcd4814_Utterance_11_75_100.wav,11.18
NM,M,Spk2,U_ecbdcd4814,75_100,Nyanja_NM_Spk2_U_ecbdcd4814_Utterance_12,mu umoyo wanga wa ndekha-ndekha iyi inali pwando/msonkhano wabwino,Nyanja_NM_Spk2_U_ecbdcd4814_Utterance_12_75_100.wav,5.7
NM,M,Spk2,U_ecbdcd4814,75_100,Nyanja_NM_Spk2_U_ecbdcd4814_Utterance_13,mwadzidzidzi anamunva pa citseko comweco kunalibe njira yothawiramo iliyonse,Nyanja_NM_Spk2_U_ecbdcd4814_Utterance_13_75_100.wav,6.873
NM,M,Spk2,U_ecbdcd4814,75_100,Nyanja_NM_Spk2_U_ecbdcd4814_Utterance_14,indetu ndipo cinthu cina cabwino cinthu cina cacikulupo cizayenerabe kukutsatani kapena chifukwa chake ayenera kundikongoletsa,Nyanja_NM_Spk2_U_ecbdcd4814_Utterance_14_75_100.wav,13.096
NM,M,Spk2,U_ecbdcd4814,75_100,Nyanja_NM_Spk2_U_ecbdcd4814_Utterance_15,uku cimadzibitsa mu mau amene agwiritsidwa ncito kufananitsa zinthu zosiyana,Nyanja_NM_Spk2_U_ecbdcd4814_Utterance_15_75_100.wav,7.279
NM,M,Spk2,U_ecbdcd4814,75_100,Nyanja_NM_Spk2_U_ecbdcd4814_Utterance_16,koma ndinagwebana naye munthuyu kuma ndipo ndidziwa kuti anacita masewera ace mosayenera mu mpikisano wa ciwiri,Nyanja_NM_Spk2_U_ecbdcd4814_Utterance_16_75_100.wav,10.136
NM,M,Spk2,U_ecbdcd4814,75_100,Nyanja_NM_Spk2_U_ecbdcd4814_Utterance_17,makhalidwe ao oganizilidwa cabe anasintha kulingana ndi kusintha kwa mwai kapena zofuna,Nyanja_NM_Spk2_U_ecbdcd4814_Utterance_17_75_100.wav,7.837
NM,M,Spk2,U_ecbdcd4814,75_100,Nyanja_NM_Spk2_U_ecbdcd4814_Utterance_18,mphundu mzace wa mwamuna anacita cinthu cimene iye sanakondwere naco ndipo aanatembenuzila cithunzithunzi cake ku cipupa,Nyanja_NM_Spk2_U_ecbdcd4814_Utterance_18_75_100.wav,10.681
NM,M,Spk2,U_ecbdcd4814,75_100,Nyanja_NM_Spk2_U_ecbdcd4814_Utterance_19,ndikukonda momasuka pamene azibambo ayesesa kupeza cifuniro ndikukonda ndi mtima onse pamene ali kubwelera ku mathokodzo,Nyanja_NM_Spk2_U_ecbdcd4814_Utterance_19_75_100.wav,10.565
NM,M,Spk2,U_ecbdcd4814,75_100,Nyanja_NM_Spk2_U_ecbdcd4814_Utterance_20,akhala akufunafuna ku kwatira hilda zaka zonse zapitazi,Nyanja_NM_Spk2_U_ecbdcd4814_Utterance_20_75_100.wav,5.248
NM,M,Spk2,U_ecbdcd4814,75_100,Nyanja_NM_Spk2_U_ecbdcd4814_Utterance_21,ndi paci suweni muziwe onsefe ndife asuweni,Nyanja_NM_Spk2_U_ecbdcd4814_Utterance_21_75_100.wav,4.586
NM,M,Spk2,U_ecbdcd4814,75_100,Nyanja_NM_Spk2_U_ecbdcd4814_Utterance_22,pemphelani mutisate pamodzi ndi anthu anga ndi a ambuya anga a sherriff,Nyanja_NM_Spk2_U_ecbdcd4814_Utterance_22_75_100.wav,6.49
NM,M,Spk2,U_ecbdcd4814,75_100,Nyanja_NM_Spk2_U_ecbdcd4814_Utterance_23,sindine wabwino kopotsa kwa iwe ndipo uyenera kupewetsedwa ku kutengera cibwenzi capamtima copitilira ca mdziko,Nyanja_NM_Spk2_U_ecbdcd4814_Utterance_23_75_100.wav,10.681
NM,M,Spk2,U_ecbdcd4814,75_100,Nyanja_NM_Spk2_U_ecbdcd4814_Utterance_24,koma anakwanits bwanji kucipanga motsamala,Nyanja_NM_Spk2_U_ecbdcd4814_Utterance_24_75_100.wav,4.11
NM,M,Spk2,U_ecbdcd4814,75_100,Nyanja_NM_Spk2_U_ecbdcd4814_Utterance_25,kodi siukudziwa cimodzi pa ma kandulo ocedwa bacon ndi tonnay kodi siungathe kusimba nkhani zodyelamo,Nyanja_NM_Spk2_U_ecbdcd4814_Utterance_25_75_100.wav,9.706
NM,M,Spk2,U_2df01f27aa,50_75,Nyanja_NM_Spk2_U_2df01f27aa_Utterance_1,m'mawa  mnyanyito ndi ogwira nchito ta mu nyumba anabwera,Nyanja_NM_Spk2_U_2df01f27aa_Utterance_1_50_75.wav,5.145
NM,M,Spk2,U_2df01f27aa,50_75,Nyanja_NM_Spk2_U_2df01f27aa_Utterance_2,adamsiya  iye pomwe woyanganira ndende atabwera kutsegula citseko comwe ciitakhomedwa ndi kumpelekedza ku ofesi,Nyanja_NM_Spk2_U_2df01f27aa_Utterance_2_50_75.wav,16.001
NM,M,Spk2,U_2df01f27aa,50_75,Nyanja_NM_Spk2_U_2df01f27aa_Utterance_3,tabi anawathangata ku ubwana wao iwo ngakhale ena aliyense sayenera kumthangata mu kufooka ndi ukalamba wao,Nyanja_NM_Spk2_U_2df01f27aa_Utterance_3_50_75.wav,16.151
NM,M,Spk2,U_2df01f27aa,50_75,Nyanja_NM_Spk2_U_2df01f27aa_Utterance_4,muzandipeza ndikulankhula mosalekedza za azibambo anai titiani holbeni turner ndi titoret munjira zimodzi-modzi,Nyanja_NM_Spk2_U_2df01f27aa_Utterance_4_50_75.wav,14.384
NM,M,Spk2,U_2df01f27aa,50_75,Nyanja_NM_Spk2_U_2df01f27aa_Utterance_5,wanena zokwanira anatero george gamewell mwamsanga nabwerera ku gulu ya anthu,Nyanja_NM_Spk2_U_2df01f27aa_Utterance_5_50_75.wav,7.204
NM,M,Spk2,U_2df01f27aa,50_75,Nyanja_NM_Spk2_U_2df01f27aa_Utterance_6,kodi azayamba nyuzipepala yace imene izituluka tsiku ndi tsiku pakati pa anthu a gulu la kick a poos,Nyanja_NM_Spk2_U_2df01f27aa_Utterance_6_50_75.wav,12.163
NM,M,Spk2,U_2df01f27aa,50_75,Nyanja_NM_Spk2_U_2df01f27aa_Utterance_7,mumitengo kubwaroko kunaimilira ka mtsikana pa cimtengo wa mkungudza,Nyanja_NM_Spk2_U_2df01f27aa_Utterance_7_50_75.wav,9.202
NM,M,Spk2,U_2df01f27aa,50_75,Nyanja_NM_Spk2_U_2df01f27aa_Utterance_8,mtengere kubwaloko ndipo mleke alawe mpeni omenyera nkhondo wakoyo,Nyanja_NM_Spk2_U_2df01f27aa_Utterance_8_50_75.wav,7.406
NM,M,Spk2,U_2df01f27aa,50_75,Nyanja_NM_Spk2_U_2df01f27aa_Utterance_9,pamene anali pabwalo amalume anatseka citseko ndikutsegula njira,Nyanja_NM_Spk2_U_2df01f27aa_Utterance_9_50_75.wav,6.552
NM,M,Spk2,U_2df01f27aa,50_75,Nyanja_NM_Spk2_U_2df01f27aa_Utterance_10,iye anayamba kudandaula motangwanika  pa mfiti imene inathawira kumbuyo kwa cinsala cotchingira  pa dzenera ku dzanja lamanzere,Nyanja_NM_Spk2_U_2df01f27aa_Utterance_10_50_75.wav,18.061
NM,M,Spk2,U_2df01f27aa,50_75,Nyanja_NM_Spk2_U_2df01f27aa_Utterance_11,ndizafunsa cinthu camene simungaganinizire koma ndiyenera kukhala ndi cinthu cina,Nyanja_NM_Spk2_U_2df01f27aa_Utterance_11_50_75.wav,10.194
NM,M,Spk2,U_2df01f27aa,50_75,Nyanja_NM_Spk2_U_2df01f27aa_Utterance_12,kutada msanga magetsi a chikasu azasanika/azawala apa ndi apondipo kuja kumanyumba onyansa a ma hule,Nyanja_NM_Spk2_U_2df01f27aa_Utterance_12_50_75.wav,14.613
NM,M,Spk2,U_2df01f27aa,50_75,Nyanja_NM_Spk2_U_2df01f27aa_Utterance_13,mwansanga-msanga  servadaki anathamangira ndikukwera pamwamba pa phiri lalitari,Nyanja_NM_Spk2_U_2df01f27aa_Utterance_13_50_75.wav,10.065
NM,M,Spk2,U_2df01f27aa,50_75,Nyanja_NM_Spk2_U_2df01f27aa_Utterance_14,bwera tizamwa kofi  yathu mucipinda cina ndipo uzatha kutsuta fodya,Nyanja_NM_Spk2_U_2df01f27aa_Utterance_14_50_75.wav,7.724
NM,M,Spk2,U_2df01f27aa,50_75,Nyanja_NM_Spk2_U_2df01f27aa_Utterance_15,kumbali ina sitiyenera kuwaganizira kukhala oipitsitsa kotero kuti tingataye mtima,Nyanja_NM_Spk2_U_2df01f27aa_Utterance_15_50_75.wav,10.583
NM,M,Spk2,U_2df01f27aa,50_75,Nyanja_NM_Spk2_U_2df01f27aa_Utterance_16,nthawi imineyo sindinadziwe ubwino wa utumiki,Nyanja_NM_Spk2_U_2df01f27aa_Utterance_16_50_75.wav,6.504
NM,M,Spk2,U_2df01f27aa,50_75,Nyanja_NM_Spk2_U_2df01f27aa_Utterance_17,a dachi aku southbridge kupita ku lord reggie ai raggie kodi nciani ukunena,Nyanja_NM_Spk2_U_2df01f27aa_Utterance_17_50_75.wav,8.503
NM,M,Spk2,U_2df01f27aa,50_75,Nyanja_NM_Spk2_U_2df01f27aa_Utterance_18,ndipo ndizayambira ndi ulaliki mwacidule pa kulankhula kwa munthu yekha,Nyanja_NM_Spk2_U_2df01f27aa_Utterance_18_50_75.wav,9.165
NM,M,Spk2,U_2df01f27aa,50_75,Nyanja_NM_Spk2_U_2df01f27aa_Utterance_19,kumapsya kopanda kuleka kumauluka momwemo ndiye cimene cionetsa  nzeru zakuya modabwitsa,Nyanja_NM_Spk2_U_2df01f27aa_Utterance_19_50_75.wav,10.873
NM,M,Spk2,U_2df01f27aa,50_75,Nyanja_NM_Spk2_U_2df01f27aa_Utterance_20,inde izo ndizo ananena koma ine ndiganiza kuti zinapambana apo,Nyanja_NM_Spk2_U_2df01f27aa_Utterance_20_50_75.wav,8.704
NM,M,Spk2,U_2df01f27aa,50_75,Nyanja_NM_Spk2_U_2df01f27aa_Utterance_21,ndatenga ii nati yankho yanga ndipo ndasiya pulofesa (mkulu wa maphunziro apamwamba) okwiya cifukwa ca kulephera kudikhira,Nyanja_NM_Spk2_U_2df01f27aa_Utterance_21_50_75.wav,15.813
NM,M,Spk2,U_2df01f27aa,50_75,Nyanja_NM_Spk2_U_2df01f27aa_Utterance_22,sindinakhale ndi mantha alionse ngati ndinagwira bwino nchito anatero bambo wacikulire mosasamala,Nyanja_NM_Spk2_U_2df01f27aa_Utterance_22_50_75.wav,12.393
NM,M,Spk2,U_2df01f27aa,50_75,Nyanja_NM_Spk2_U_2df01f27aa_Utterance_23,ma mita anapitilizabe kugwiritsidwa nchito ku anthu mu caka ca 1899 mwinamwace mphaka ku mathero a zaka makhumi khuminthawi imineyo,Nyanja_NM_Spk2_U_2df01f27aa_Utterance_23_50_75.wav,19.043
NM,M,Spk2,U_2df01f27aa,50_75,Nyanja_NM_Spk2_U_2df01f27aa_Utterance_24,keswick mwezi wa kafukulila matsiku makhumi awiri ndi awiri mwezi wa 1837 kwa inu mai,Nyanja_NM_Spk2_U_2df01f27aa_Utterance_24_50_75.wav,11.88
NM,M,Spk2,U_2df01f27aa,50_75,Nyanja_NM_Spk2_U_2df01f27aa_Utterance_25,iye  anali ndicikhulupiliro mwaiye cimene cingathe kucotsa ma phiri,Nyanja_NM_Spk2_U_2df01f27aa_Utterance_25_50_75.wav,8.594
NM,M,Spk2,U_2df01f27aa,75_100,Nyanja_NM_Spk2_U_2df01f27aa_Utterance_1,sindinaganizire zokonkha njira zocitira mosamala potsegula motulukila utsi,Nyanja_NM_Spk2_U_2df01f27aa_Utterance_1_75_100.wav,9.414
NM,M,Spk2,U_2df01f27aa,75_100,Nyanja_NM_Spk2_U_2df01f27aa_Utterance_2,westmere ndi ine tinabweranso titatha chigawo coyamba koma tinaganiza kuti iye anaoneka osadzidziwa bwino,Nyanja_NM_Spk2_U_2df01f27aa_Utterance_2_75_100.wav,14.032
NM,M,Spk2,U_2df01f27aa,75_100,Nyanja_NM_Spk2_U_2df01f27aa_Utterance_3,anasegula kosaneneka njira yoyenera kulowera mu msasa robin mwadzidzidzi anathamangirako ndi zobvuta zace ali kufuula mokweza,Nyanja_NM_Spk2_U_2df01f27aa_Utterance_3_75_100.wav,18.932
NM,M,Spk2,U_2df01f27aa,75_100,Nyanja_NM_Spk2_U_2df01f27aa_Utterance_4,nguba sizimera pa mwamba pampesa  koma pansi pa mizyu imene ioeka monga cinangwa,Nyanja_NM_Spk2_U_2df01f27aa_Utterance_4_75_100.wav,10.132
NM,M,Spk2,U_2df01f27aa,75_100,Nyanja_NM_Spk2_U_2df01f27aa_Utterance_5,ndizatengako dothi yakudayi napita nayo pamodzi nditimitengo topangila maphensulo tsalani bwino,Nyanja_NM_Spk2_U_2df01f27aa_Utterance_5_75_100.wav,14.401
NM,M,Spk2,U_2df01f27aa,75_100,Nyanja_NM_Spk2_U_2df01f27aa_Utterance_6,ngati iye asamal;ira kulumbira kwace ku modzi nchito yace iyenera kuthesedwa pa nyenyezi ya umoyo wake isanalankhulidwe,Nyanja_NM_Spk2_U_2df01f27aa_Utterance_6_75_100.wav,13.022
NM,M,Spk2,U_2df01f27aa,75_100,Nyanja_NM_Spk2_U_2df01f27aa_Utterance_7,ndipo ndikunenetsa ico ndi coipa mmene zilili tero,Nyanja_NM_Spk2_U_2df01f27aa_Utterance_7_75_100.wav,6.885
NM,M,Spk2,U_2df01f27aa,75_100,Nyanja_NM_Spk2_U_2df01f27aa_Utterance_8,munandipatsa zisanu mobweleza ine ndifuna zobweleza zisanu ndi zinai hallo  kodi ndiwe horatio hamlet akulankhura,Nyanja_NM_Spk2_U_2df01f27aa_Utterance_8_75_100.wav,14.512
NM,M,Spk2,U_2df01f27aa,75_100,Nyanja_NM_Spk2_U_2df01f27aa_Utterance_9,iye anawapempha kuti azawaone mu mzinda wa chelsea  ndipo analankhula zabwino kwambiri kumbali ya hilda,Nyanja_NM_Spk2_U_2df01f27aa_Utterance_9_75_100.wav,11.493
NM,M,Spk2,U_2df01f27aa,75_100,Nyanja_NM_Spk2_U_2df01f27aa_Utterance_10,inde cinacake zonse anatero lakele mwansanga-msanga akuona duwa mosakondwa imene anali kugwiragwira ndi manja ace,Nyanja_NM_Spk2_U_2df01f27aa_Utterance_10_75_100.wav,16.922
NM,M,Spk2,U_2df01f27aa,75_100,Nyanja_NM_Spk2_U_2df01f27aa_Utterance_11,mu umoyo wanga wa ndekha-ndekha iyi inali pwando/msonkhano wabwino,Nyanja_NM_Spk2_U_2df01f27aa_Utterance_11_75_100.wav,7.526
NM,M,Spk2,U_2df01f27aa,75_100,Nyanja_NM_Spk2_U_2df01f27aa_Utterance_12,mwadzidzidzi anamunva pa citseko comweco kunalibe njira yothawiramo iliyonse,Nyanja_NM_Spk2_U_2df01f27aa_Utterance_12_75_100.wav,9.793
NM,M,Spk2,U_2df01f27aa,75_100,Nyanja_NM_Spk2_U_2df01f27aa_Utterance_13,indetu ndipo cinthu cina cabwino cinthu cina cacikulupo cizayenerabe kukutsatani kapena chifukwa chake ayenera kundikongoletsa,Nyanja_NM_Spk2_U_2df01f27aa_Utterance_13_75_100.wav,16.811
NM,M,Spk2,U_2df01f27aa,75_100,Nyanja_NM_Spk2_U_2df01f27aa_Utterance_14,uku cimadzibitsa mu mau amene agwiritsidwa ncito kufananitsa zinthu zosiyana,Nyanja_NM_Spk2_U_2df01f27aa_Utterance_14_75_100.wav,10.633
NM,M,Spk2,U_2df01f27aa,75_100,Nyanja_NM_Spk2_U_2df01f27aa_Utterance_15,koma ndinagwebana naye munthuyu kuma ndipo ndidziwa kuti anacita masewera ace mosayenera mu mpikisano wa ciwiri,Nyanja_NM_Spk2_U_2df01f27aa_Utterance_15_75_100.wav,14.971
NM,M,Spk2,U_2df01f27aa,75_100,Nyanja_NM_Spk2_U_2df01f27aa_Utterance_16,makhalidwe ao oganizilidwa cabe anasintha kulingana ndi kusintha kwa mwai kapena zofuna,Nyanja_NM_Spk2_U_2df01f27aa_Utterance_16_75_100.wav,10.792
NM,M,Spk2,U_2df01f27aa,75_100,Nyanja_NM_Spk2_U_2df01f27aa_Utterance_17,mphundu mzace wa mwamuna anacita cinthu cimene iye sanakondwere naco ndipo aanatembenuzila cithunzithunzi cake ku cipupa,Nyanja_NM_Spk2_U_2df01f27aa_Utterance_17_75_100.wav,16.982
NM,M,Spk2,U_2df01f27aa,75_100,Nyanja_NM_Spk2_U_2df01f27aa_Utterance_18,ndikukonda momasuka pamene azibambo ayesesa kupeza cifuniro ndikukonda ndi mtima onse pamene ali kubwelera ku mathokodzo,Nyanja_NM_Spk2_U_2df01f27aa_Utterance_18_75_100.wav,16.053
NM,M,Spk2,U_2df01f27aa,75_100,Nyanja_NM_Spk2_U_2df01f27aa_Utterance_19,akhala akufunafuna ku kwatira hilda zaka zonse zapitazi,Nyanja_NM_Spk2_U_2df01f27aa_Utterance_19_75_100.wav,8.805
NM,M,Spk2,U_2df01f27aa,75_100,Nyanja_NM_Spk2_U_2df01f27aa_Utterance_20,ndi paci suweni muziwe onsefe ndife asuweni,Nyanja_NM_Spk2_U_2df01f27aa_Utterance_20_75_100.wav,7.684
NM,M,Spk2,U_2df01f27aa,75_100,Nyanja_NM_Spk2_U_2df01f27aa_Utterance_21,pemphelani mutisate pamodzi ndi anthu anga ndi a ambuya anga a sherriff,Nyanja_NM_Spk2_U_2df01f27aa_Utterance_21_75_100.wav,8.494
NM,M,Spk2,U_2df01f27aa,75_100,Nyanja_NM_Spk2_U_2df01f27aa_Utterance_22,sindine wabwino kopotsa kwa iwe ndipo uyenera kupewetsedwa ku kutengera cibwenzi capamtima copitilira ca mdziko,Nyanja_NM_Spk2_U_2df01f27aa_Utterance_22_75_100.wav,15.393
NM,M,Spk2,U_2df01f27aa,75_100,Nyanja_NM_Spk2_U_2df01f27aa_Utterance_23,koma anakwanits bwanji kucipanga motsamala,Nyanja_NM_Spk2_U_2df01f27aa_Utterance_23_75_100.wav,7.064
NM,M,Spk2,U_2df01f27aa,75_100,Nyanja_NM_Spk2_U_2df01f27aa_Utterance_24,kodi siukudziwa cimodzi pa ma kandulo ocedwa bacon ndi tonnay kodi siungathe kusimba nkhani zodyelamo,Nyanja_NM_Spk2_U_2df01f27aa_Utterance_24_75_100.wav,12.771
NM,M,Spk2,U_eebec4997d,50_75,Nyanja_NM_Spk2_U_eebec4997d_Utterance_1,m'mawa  mnyanyito ndi ogwira nchito ta mu nyumba anabwera,Nyanja_NM_Spk2_U_eebec4997d_Utterance_1_50_75.wav,6.38
NM,M,Spk2,U_eebec4997d,50_75,Nyanja_NM_Spk2_U_eebec4997d_Utterance_2,adamsiya  iye pomwe woyanganira ndende atabwera kutsegula citseko comwe ciitakhomedwa ndi kumpelekedza ku ofesi,Nyanja_NM_Spk2_U_eebec4997d_Utterance_2_50_75.wav,13.46
NM,M,Spk2,U_eebec4997d,50_75,Nyanja_NM_Spk2_U_eebec4997d_Utterance_3,tabi anawathangata ku ubwana wao iwo ngakhale ena aliyense sayenera kumthangata mu kufooka ndi ukalamba wao,Nyanja_NM_Spk2_U_eebec4997d_Utterance_3_50_75.wav,12.08
NM,M,Spk2,U_eebec4997d,50_75,Nyanja_NM_Spk2_U_eebec4997d_Utterance_4,muzandipeza ndikulankhula mosalekedza za azibambo anai titiani holbeni turner ndi titoret munjira zimodzi-modzi,Nyanja_NM_Spk2_U_eebec4997d_Utterance_4_50_75.wav,10.655
NM,M,Spk2,U_eebec4997d,50_75,Nyanja_NM_Spk2_U_eebec4997d_Utterance_5,wanena zokwanira anatero george gamewell mwamsanga nabwerera ku gulu ya anthu,Nyanja_NM_Spk2_U_eebec4997d_Utterance_5_50_75.wav,13.19
NM,M,Spk2,U_eebec4997d,50_75,Nyanja_NM_Spk2_U_eebec4997d_Utterance_6,kodi azayamba nyuzipepala yace imene izituluka tsiku ndi tsiku pakati pa anthu a gulu la kick a poos,Nyanja_NM_Spk2_U_eebec4997d_Utterance_6_50_75.wav,6.74
NM,M,Spk2,U_eebec4997d,50_75,Nyanja_NM_Spk2_U_eebec4997d_Utterance_7,mumitengo kubwaroko kunaimilira ka mtsikana pa cimtengo wa mkungudza,Nyanja_NM_Spk2_U_eebec4997d_Utterance_7_50_75.wav,8.015
NM,M,Spk2,U_eebec4997d,50_75,Nyanja_NM_Spk2_U_eebec4997d_Utterance_8,mtengere kubwaloko ndipo mleke alawe mpeni omenyera nkhondo wakoyo,Nyanja_NM_Spk2_U_eebec4997d_Utterance_8_50_75.wav,7.535
NM,M,Spk2,U_eebec4997d,50_75,Nyanja_NM_Spk2_U_eebec4997d_Utterance_9,pamene anali pabwalo amalume anatseka citseko ndikutsegula njira,Nyanja_NM_Spk2_U_eebec4997d_Utterance_9_50_75.wav,15.935
NM,M,Spk2,U_eebec4997d,50_75,Nyanja_NM_Spk2_U_eebec4997d_Utterance_10,iye anayamba kudandaula motangwanika  pa mfiti imene inathawira kumbuyo kwa cinsala cotchingira  pa dzenera ku dzanja lamanzere,Nyanja_NM_Spk2_U_eebec4997d_Utterance_10_50_75.wav,8.345
NM,M,Spk2,U_eebec4997d,50_75,Nyanja_NM_Spk2_U_eebec4997d_Utterance_11,ndizafunsa cinthu camene simungaganinizire koma ndiyenera kukhala ndi cinthu cina,Nyanja_NM_Spk2_U_eebec4997d_Utterance_11_50_75.wav,13.115
NM,M,Spk2,U_eebec4997d,50_75,Nyanja_NM_Spk2_U_eebec4997d_Utterance_12,kutada msanga magetsi a chikasu azasanika/azawala apa ndi apondipo kuja kumanyumba onyansa a ma hule,Nyanja_NM_Spk2_U_eebec4997d_Utterance_12_50_75.wav,9.02
NM,M,Spk2,U_eebec4997d,50_75,Nyanja_NM_Spk2_U_eebec4997d_Utterance_13,mwansanga-msanga  servadaki anathamangira ndikukwera pamwamba pa phiri lalitari,Nyanja_NM_Spk2_U_eebec4997d_Utterance_13_50_75.wav,8.015
NM,M,Spk2,U_eebec4997d,50_75,Nyanja_NM_Spk2_U_eebec4997d_Utterance_14,bwera tizamwa kofi  yathu mucipinda cina ndipo uzatha kutsuta fodya,Nyanja_NM_Spk2_U_eebec4997d_Utterance_14_50_75.wav,9.545
NM,M,Spk2,U_eebec4997d,50_75,Nyanja_NM_Spk2_U_eebec4997d_Utterance_15,kumbali ina sitiyenera kuwaganizira kukhala oipitsitsa kotero kuti tingataye mtima,Nyanja_NM_Spk2_U_eebec4997d_Utterance_15_50_75.wav,4.609
NM,M,Spk2,U_eebec4997d,50_75,Nyanja_NM_Spk2_U_eebec4997d_Utterance_16,nthawi imineyo sindinadziwe ubwino wa utumiki,Nyanja_NM_Spk2_U_eebec4997d_Utterance_16_50_75.wav,8.72
NM,M,Spk2,U_eebec4997d,50_75,Nyanja_NM_Spk2_U_eebec4997d_Utterance_17,a dachi aku southbridge kupita ku lord reggie ai raggie kodi nciani ukunena,Nyanja_NM_Spk2_U_eebec4997d_Utterance_17_50_75.wav,7.58
NM,M,Spk2,U_eebec4997d,50_75,Nyanja_NM_Spk2_U_eebec4997d_Utterance_18,ndipo ndizayambira ndi ulaliki mwacidule pa kulankhula kwa munthu yekha,Nyanja_NM_Spk2_U_eebec4997d_Utterance_18_50_75.wav,10.4
NM,M,Spk2,U_eebec4997d,50_75,Nyanja_NM_Spk2_U_eebec4997d_Utterance_19,kumapsya kopanda kuleka kumauluka momwemo ndiye cimene cionetsa  nzeru zakuya modabwitsa,Nyanja_NM_Spk2_U_eebec4997d_Utterance_19_50_75.wav,7.91
NM,M,Spk2,U_eebec4997d,50_75,Nyanja_NM_Spk2_U_eebec4997d_Utterance_20,inde izo ndizo ananena koma ine ndiganiza kuti zinapambana apo,Nyanja_NM_Spk2_U_eebec4997d_Utterance_20_50_75.wav,12.608
NM,M,Spk2,U_eebec4997d,50_75,Nyanja_NM_Spk2_U_eebec4997d_Utterance_21,ndatenga ii nati yankho yanga ndipo ndasiya pulofesa (mkulu wa maphunziro apamwamba) okwiya cifukwa ca kulephera kudikhira,Nyanja_NM_Spk2_U_eebec4997d_Utterance_21_50_75.wav,9.462
NM,M,Spk2,U_eebec4997d,50_75,Nyanja_NM_Spk2_U_eebec4997d_Utterance_22,sindinakhale ndi mantha alionse ngati ndinagwira bwino nchito anatero bambo wacikulire mosasamala,Nyanja_NM_Spk2_U_eebec4997d_Utterance_22_50_75.wav,14.855
NM,M,Spk2,U_eebec4997d,50_75,Nyanja_NM_Spk2_U_eebec4997d_Utterance_23,ma mita anapitilizabe kugwiritsidwa nchito ku anthu mu caka ca 1899 mwinamwace mphaka ku mathero a zaka makhumi khuminthawi imineyo,Nyanja_NM_Spk2_U_eebec4997d_Utterance_23_50_75.wav,11.48
NM,M,Spk2,U_eebec4997d,50_75,Nyanja_NM_Spk2_U_eebec4997d_Utterance_24,keswick mwezi wa kafukulila matsiku makhumi awiri ndi awiri mwezi wa 1837 kwa inu mai,Nyanja_NM_Spk2_U_eebec4997d_Utterance_24_50_75.wav,5.756
NM,M,Spk2,U_eebec4997d,50_75,Nyanja_NM_Spk2_U_eebec4997d_Utterance_25,iye  anali ndicikhulupiliro mwaiye cimene cingathe kucotsa ma phiri,Nyanja_NM_Spk2_U_eebec4997d_Utterance_25_50_75.wav,11.525
NM,M,Spk2,U_eebec4997d,75_100,Nyanja_NM_Spk2_U_eebec4997d_Utterance_1,sindinaganizire zokonkha njira zocitira mosamala potsegula motulukila utsi,Nyanja_NM_Spk2_U_eebec4997d_Utterance_1_75_100.wav,8.406
NM,M,Spk2,U_eebec4997d,75_100,Nyanja_NM_Spk2_U_eebec4997d_Utterance_2,westmere ndi ine tinabweranso titatha chigawo coyamba koma tinaganiza kuti iye anaoneka osadzidziwa bwino,Nyanja_NM_Spk2_U_eebec4997d_Utterance_2_75_100.wav,8.735
NM,M,Spk2,U_eebec4997d,75_100,Nyanja_NM_Spk2_U_eebec4997d_Utterance_3,anasegula kosaneneka njira yoyenera kulowera mu msasa robin mwadzidzidzi anathamangirako ndi zobvuta zace ali kufuula mokweza,Nyanja_NM_Spk2_U_eebec4997d_Utterance_3_75_100.wav,12.899
NM,M,Spk2,U_eebec4997d,75_100,Nyanja_NM_Spk2_U_eebec4997d_Utterance_4,sevadaki anafuula mokweza ali kuonaetsetsa mu telesikopu  mosagwedezea,Nyanja_NM_Spk2_U_eebec4997d_Utterance_4_75_100.wav,8.143
NM,M,Spk2,U_eebec4997d,75_100,Nyanja_NM_Spk2_U_eebec4997d_Utterance_5,nguba sizimera pa mwamba pampesa  koma pansi pa mizyu imene ioeka monga cinangwa,Nyanja_NM_Spk2_U_eebec4997d_Utterance_5_75_100.wav,8.975
NM,M,Spk2,U_eebec4997d,75_100,Nyanja_NM_Spk2_U_eebec4997d_Utterance_6,ndizatengako dothi yakudayi napita nayo pamodzi nditimitengo topangila maphensulo tsalani bwino,Nyanja_NM_Spk2_U_eebec4997d_Utterance_6_75_100.wav,10.704
NM,M,Spk2,U_eebec4997d,75_100,Nyanja_NM_Spk2_U_eebec4997d_Utterance_7,ngati iye asamal;ira kulumbira kwace ku modzi nchito yace iyenera kuthesedwa pa nyenyezi ya umoyo wake isanalankhulidwe,Nyanja_NM_Spk2_U_eebec4997d_Utterance_7_75_100.wav,12.016
NM,M,Spk2,U_eebec4997d,75_100,Nyanja_NM_Spk2_U_eebec4997d_Utterance_8,ndipo ndikunenetsa ico ndi coipa mmene zilili tero,Nyanja_NM_Spk2_U_eebec4997d_Utterance_8_75_100.wav,5.12
NM,M,Spk2,U_eebec4997d,75_100,Nyanja_NM_Spk2_U_eebec4997d_Utterance_9,munandipatsa zisanu mobweleza ine ndifuna zobweleza zisanu ndi zinai hallo  kodi ndiwe horatio hamlet akulankhura,Nyanja_NM_Spk2_U_eebec4997d_Utterance_9_75_100.wav,12.156
NM,M,Spk2,U_eebec4997d,75_100,Nyanja_NM_Spk2_U_eebec4997d_Utterance_10,iye anawapempha kuti azawaone mu mzinda wa chelsea  ndipo analankhula zabwino kwambiri kumbali ya hilda,Nyanja_NM_Spk2_U_eebec4997d_Utterance_10_75_100.wav,11.238
NM,M,Spk2,U_eebec4997d,75_100,Nyanja_NM_Spk2_U_eebec4997d_Utterance_11,inde cinacake zonse anatero lakele mwansanga-msanga akuona duwa mosakondwa imene anali kugwiragwira ndi manja ace,Nyanja_NM_Spk2_U_eebec4997d_Utterance_11_75_100.wav,12.295
NM,M,Spk2,U_eebec4997d,75_100,Nyanja_NM_Spk2_U_eebec4997d_Utterance_12,mu umoyo wanga wa ndekha-ndekha iyi inali pwando/msonkhano wabwino,Nyanja_NM_Spk2_U_eebec4997d_Utterance_12_75_100.wav,6.995
NM,M,Spk2,U_eebec4997d,75_100,Nyanja_NM_Spk2_U_eebec4997d_Utterance_13,mwadzidzidzi anamunva pa citseko comweco kunalibe njira yothawiramo iliyonse,Nyanja_NM_Spk2_U_eebec4997d_Utterance_13_75_100.wav,7.235
NM,M,Spk2,U_eebec4997d,75_100,Nyanja_NM_Spk2_U_eebec4997d_Utterance_14,indetu ndipo cinthu cina cabwino cinthu cina cacikulupo cizayenerabe kukutsatani kapena chifukwa chake ayenera kundikongoletsa,Nyanja_NM_Spk2_U_eebec4997d_Utterance_14_75_100.wav,13.351
NM,M,Spk2,U_eebec4997d,75_100,Nyanja_NM_Spk2_U_eebec4997d_Utterance_15,uku cimadzibitsa mu mau amene agwiritsidwa ncito kufananitsa zinthu zosiyana,Nyanja_NM_Spk2_U_eebec4997d_Utterance_15_75_100.wav,7.523
NM,M,Spk2,U_eebec4997d,75_100,Nyanja_NM_Spk2_U_eebec4997d_Utterance_16,koma ndinagwebana naye munthuyu kuma ndipo ndidziwa kuti anacita masewera ace mosayenera mu mpikisano wa ciwiri,Nyanja_NM_Spk2_U_eebec4997d_Utterance_16_75_100.wav,13.026
NM,M,Spk2,U_eebec4997d,75_100,Nyanja_NM_Spk2_U_eebec4997d_Utterance_17,makhalidwe ao oganizilidwa cabe anasintha kulingana ndi kusintha kwa mwai kapena zofuna,Nyanja_NM_Spk2_U_eebec4997d_Utterance_17_75_100.wav,8.893
NM,M,Spk2,U_eebec4997d,75_100,Nyanja_NM_Spk2_U_eebec4997d_Utterance_18,mphundu mzace wa mwamuna anacita cinthu cimene iye sanakondwere naco ndipo aanatembenuzila cithunzithunzi cake ku cipupa,Nyanja_NM_Spk2_U_eebec4997d_Utterance_18_75_100.wav,12.04
NM,M,Spk2,U_eebec4997d,75_100,Nyanja_NM_Spk2_U_eebec4997d_Utterance_19,ndikukonda momasuka pamene azibambo ayesesa kupeza cifuniro ndikukonda ndi mtima onse pamene ali kubwelera ku mathokodzo,Nyanja_NM_Spk2_U_eebec4997d_Utterance_19_75_100.wav,12.411
NM,M,Spk2,U_eebec4997d,75_100,Nyanja_NM_Spk2_U_eebec4997d_Utterance_20,akhala akufunafuna ku kwatira hilda zaka zonse zapitazi,Nyanja_NM_Spk2_U_eebec4997d_Utterance_20_75_100.wav,6.215
NM,M,Spk2,U_eebec4997d,75_100,Nyanja_NM_Spk2_U_eebec4997d_Utterance_21,ndi paci suweni muziwe onsefe ndife asuweni,Nyanja_NM_Spk2_U_eebec4997d_Utterance_21_75_100.wav,5.465
NM,M,Spk2,U_eebec4997d,75_100,Nyanja_NM_Spk2_U_eebec4997d_Utterance_22,pemphelani mutisate pamodzi ndi anthu anga ndi a ambuya anga a sherriff,Nyanja_NM_Spk2_U_eebec4997d_Utterance_22_75_100.wav,8.023
NM,M,Spk2,U_eebec4997d,75_100,Nyanja_NM_Spk2_U_eebec4997d_Utterance_23,sindine wabwino kopotsa kwa iwe ndipo uyenera kupewetsedwa ku kutengera cibwenzi capamtima copitilira ca mdziko,Nyanja_NM_Spk2_U_eebec4997d_Utterance_23_75_100.wav,12.183
NM,M,Spk2,U_eebec4997d,75_100,Nyanja_NM_Spk2_U_eebec4997d_Utterance_24,koma anakwanits bwanji kucipanga motsamala,Nyanja_NM_Spk2_U_eebec4997d_Utterance_24_75_100.wav,4.598
NM,M,Spk2,U_eebec4997d,75_100,Nyanja_NM_Spk2_U_eebec4997d_Utterance_25,kodi siukudziwa cimodzi pa ma kandulo ocedwa bacon ndi tonnay kodi siungathe kusimba nkhani zodyelamo,Nyanja_NM_Spk2_U_eebec4997d_Utterance_25_75_100.wav,11.134
NM,M,Spk2,U_a70f307379,50_75,Nyanja_NM_Spk2_U_a70f307379_Utterance_1,m'mawa  mnyanyito ndi ogwira nchito ta mu nyumba anabwera,Nyanja_NM_Spk2_U_a70f307379_Utterance_1_50_75.wav,5.399
NM,M,Spk2,U_a70f307379,50_75,Nyanja_NM_Spk2_U_a70f307379_Utterance_2,adamsiya  iye pomwe woyanganira ndende atabwera kutsegula citseko comwe ciitakhomedwa ndi kumpelekedza ku ofesi,Nyanja_NM_Spk2_U_a70f307379_Utterance_2_50_75.wav,13.874
NM,M,Spk2,U_a70f307379,50_75,Nyanja_NM_Spk2_U_a70f307379_Utterance_3,tabi anawathangata ku ubwana wao iwo ngakhale ena aliyense sayenera kumthangata mu kufooka ndi ukalamba wao,Nyanja_NM_Spk2_U_a70f307379_Utterance_3_50_75.wav,13.874
NM,M,Spk2,U_a70f307379,50_75,Nyanja_NM_Spk2_U_a70f307379_Utterance_4,muzandipeza ndikulankhula mosalekedza za azibambo anai titiani holbeni turner ndi titoret munjira zimodzi-modzi,Nyanja_NM_Spk2_U_a70f307379_Utterance_4_50_75.wav,12.307
NM,M,Spk2,U_a70f307379,50_75,Nyanja_NM_Spk2_U_a70f307379_Utterance_5,wanena zokwanira anatero george gamewell mwamsanga nabwerera ku gulu ya anthu,Nyanja_NM_Spk2_U_a70f307379_Utterance_5_50_75.wav,8.452
NM,M,Spk2,U_a70f307379,50_75,Nyanja_NM_Spk2_U_a70f307379_Utterance_6,kodi azayamba nyuzipepala yace imene izituluka tsiku ndi tsiku pakati pa anthu a gulu la kick a poos,Nyanja_NM_Spk2_U_a70f307379_Utterance_6_50_75.wav,11.134
NM,M,Spk2,U_a70f307379,50_75,Nyanja_NM_Spk2_U_a70f307379_Utterance_7,mumitengo kubwaroko kunaimilira ka mtsikana pa cimtengo wa mkungudza,Nyanja_NM_Spk2_U_a70f307379_Utterance_7_50_75.wav,6.966
NM,M,Spk2,U_a70f307379,50_75,Nyanja_NM_Spk2_U_a70f307379_Utterance_8,mtengere kubwaloko ndipo mleke alawe mpeni omenyera nkhondo wakoyo,Nyanja_NM_Spk2_U_a70f307379_Utterance_8_50_75.wav,7.883
NM,M,Spk2,U_a70f307379,50_75,Nyanja_NM_Spk2_U_a70f307379_Utterance_9,pamene anali pabwalo amalume anatseka citseko ndikutsegula njira,Nyanja_NM_Spk2_U_a70f307379_Utterance_9_50_75.wav,5.782
NM,M,Spk2,U_a70f307379,50_75,Nyanja_NM_Spk2_U_a70f307379_Utterance_10,iye anayamba kudandaula motangwanika  pa mfiti imene inathawira kumbuyo kwa cinsala cotchingira  pa dzenera ku dzanja lamanzere,Nyanja_NM_Spk2_U_a70f307379_Utterance_10_50_75.wav,12.725
NM,M,Spk2,U_a70f307379,50_75,Nyanja_NM_Spk2_U_a70f307379_Utterance_11,ndizafunsa cinthu camene simungaganinizire koma ndiyenera kukhala ndi cinthu cina,Nyanja_NM_Spk2_U_a70f307379_Utterance_11_50_75.wav,6.397
NM,M,Spk2,U_a70f307379,50_75,Nyanja_NM_Spk2_U_a70f307379_Utterance_12,kutada msanga magetsi a chikasu azasanika/azawala apa ndi apondipo kuja kumanyumba onyansa a ma hule,Nyanja_NM_Spk2_U_a70f307379_Utterance_12_50_75.wav,12.585
NM,M,Spk2,U_a70f307379,50_75,Nyanja_NM_Spk2_U_a70f307379_Utterance_13,mwansanga-msanga  servadaki anathamangira ndikukwera pamwamba pa phiri lalitari,Nyanja_NM_Spk2_U_a70f307379_Utterance_13_50_75.wav,6.629
NM,M,Spk2,U_a70f307379,50_75,Nyanja_NM_Spk2_U_a70f307379_Utterance_14,bwera tizamwa kofi  yathu mucipinda cina ndipo uzatha kutsuta fodya,Nyanja_NM_Spk2_U_a70f307379_Utterance_14_50_75.wav,5.596
NM,M,Spk2,U_a70f307379,50_75,Nyanja_NM_Spk2_U_a70f307379_Utterance_15,kumbali ina sitiyenera kuwaganizira kukhala oipitsitsa kotero kuti tingataye mtima,Nyanja_NM_Spk2_U_a70f307379_Utterance_15_50_75.wav,7.57
NM,M,Spk2,U_a70f307379,50_75,Nyanja_NM_Spk2_U_a70f307379_Utterance_16,nthawi imineyo sindinadziwe ubwino wa utumiki,Nyanja_NM_Spk2_U_a70f307379_Utterance_16_50_75.wav,4.272
NM,M,Spk2,U_a70f307379,50_75,Nyanja_NM_Spk2_U_a70f307379_Utterance_17,a dachi aku southbridge kupita ku lord reggie ai raggie kodi nciani ukunena,Nyanja_NM_Spk2_U_a70f307379_Utterance_17_50_75.wav,8.081
NM,M,Spk2,U_a70f307379,50_75,Nyanja_NM_Spk2_U_a70f307379_Utterance_18,ndipo ndizayambira ndi ulaliki mwacidule pa kulankhula kwa munthu yekha,Nyanja_NM_Spk2_U_a70f307379_Utterance_18_50_75.wav,6.989
NM,M,Spk2,U_a70f307379,50_75,Nyanja_NM_Spk2_U_a70f307379_Utterance_19,kumapsya kopanda kuleka kumauluka momwemo ndiye cimene cionetsa  nzeru zakuya modabwitsa,Nyanja_NM_Spk2_U_a70f307379_Utterance_19_50_75.wav,9.23
NM,M,Spk2,U_a70f307379,50_75,Nyanja_NM_Spk2_U_a70f307379_Utterance_20,inde izo ndizo ananena koma ine ndiganiza kuti zinapambana apo,Nyanja_NM_Spk2_U_a70f307379_Utterance_20_50_75.wav,7.442
NM,M,Spk2,U_a70f307379,50_75,Nyanja_NM_Spk2_U_a70f307379_Utterance_21,ndatenga ii nati yankho yanga ndipo ndasiya pulofesa (mkulu wa maphunziro apamwamba) okwiya cifukwa ca kulephera kudikhira,Nyanja_NM_Spk2_U_a70f307379_Utterance_21_50_75.wav,13.096
NM,M,Spk2,U_a70f307379,50_75,Nyanja_NM_Spk2_U_a70f307379_Utterance_22,sindinakhale ndi mantha alionse ngati ndinagwira bwino nchito anatero bambo wacikulire mosasamala,Nyanja_NM_Spk2_U_a70f307379_Utterance_22_50_75.wav,9.137
NM,M,Spk2,U_a70f307379,50_75,Nyanja_NM_Spk2_U_a70f307379_Utterance_23,ma mita anapitilizabe kugwiritsidwa nchito ku anthu mu caka ca 1899 mwinamwace mphaka ku mathero a zaka makhumi khuminthawi imineyo,Nyanja_NM_Spk2_U_a70f307379_Utterance_23_50_75.wav,14.396
NM,M,Spk2,U_a70f307379,50_75,Nyanja_NM_Spk2_U_a70f307379_Utterance_24,keswick mwezi wa kafukulila matsiku makhumi awiri ndi awiri mwezi wa 1837 kwa inu mai,Nyanja_NM_Spk2_U_a70f307379_Utterance_24_50_75.wav,9.915
NM,M,Spk2,U_a70f307379,50_75,Nyanja_NM_Spk2_U_a70f307379_Utterance_25,iye  anali ndicikhulupiliro mwaiye cimene cingathe kucotsa ma phiri,Nyanja_NM_Spk2_U_a70f307379_Utterance_25_50_75.wav,6.397
NM,M,Spk2,U_a70f307379,75_100,Nyanja_NM_Spk2_U_a70f307379_Utterance_1,sindinaganizire zokonkha njira zocitira mosamala potsegula motulukila utsi,Nyanja_NM_Spk2_U_a70f307379_Utterance_1_75_100.wav,7.802
NM,M,Spk2,U_a70f307379,75_100,Nyanja_NM_Spk2_U_a70f307379_Utterance_2,westmere ndi ine tinabweranso titatha chigawo coyamba koma tinaganiza kuti iye anaoneka osadzidziwa bwino,Nyanja_NM_Spk2_U_a70f307379_Utterance_2_75_100.wav,0.604
NM,M,Spk2,U_a70f307379,75_100,Nyanja_NM_Spk2_U_a70f307379_Utterance_3,anasegula kosaneneka njira yoyenera kulowera mu msasa robin mwadzidzidzi anathamangirako ndi zobvuta zace ali kufuula mokweza,Nyanja_NM_Spk2_U_a70f307379_Utterance_3_75_100.wav,15.186
NM,M,Spk2,U_a70f307379,75_100,Nyanja_NM_Spk2_U_a70f307379_Utterance_4,sevadaki anafuula mokweza ali kuonaetsetsa mu telesikopu  mosagwedezea,Nyanja_NM_Spk2_U_a70f307379_Utterance_4_75_100.wav,8.545
NM,M,Spk2,U_a70f307379,75_100,Nyanja_NM_Spk2_U_a70f307379_Utterance_5,nguba sizimera pa mwamba pampesa  koma pansi pa mizyu imene ioeka monga cinangwa,Nyanja_NM_Spk2_U_a70f307379_Utterance_5_75_100.wav,7.546
NM,M,Spk2,U_a70f307379,75_100,Nyanja_NM_Spk2_U_a70f307379_Utterance_6,ndizatengako dothi yakudayi napita nayo pamodzi nditimitengo topangila maphensulo tsalani bwino,Nyanja_NM_Spk2_U_a70f307379_Utterance_6_75_100.wav,8.371
NM,M,Spk2,U_a70f307379,75_100,Nyanja_NM_Spk2_U_a70f307379_Utterance_7,ngati iye asamal;ira kulumbira kwace ku modzi nchito yace iyenera kuthesedwa pa nyenyezi ya umoyo wake isanalankhulidwe,Nyanja_NM_Spk2_U_a70f307379_Utterance_7_75_100.wav,13.491
NM,M,Spk2,U_a70f307379,75_100,Nyanja_NM_Spk2_U_a70f307379_Utterance_8,ndipo ndikunenetsa ico ndi coipa mmene zilili tero,Nyanja_NM_Spk2_U_a70f307379_Utterance_8_75_100.wav,5.642
NM,M,Spk2,U_a70f307379,75_100,Nyanja_NM_Spk2_U_a70f307379_Utterance_9,munandipatsa zisanu mobweleza ine ndifuna zobweleza zisanu ndi zinai hallo  kodi ndiwe horatio hamlet akulankhura,Nyanja_NM_Spk2_U_a70f307379_Utterance_9_75_100.wav,12.701
NM,M,Spk2,U_a70f307379,75_100,Nyanja_NM_Spk2_U_a70f307379_Utterance_10,iye anawapempha kuti azawaone mu mzinda wa chelsea  ndipo analankhula zabwino kwambiri kumbali ya hilda,Nyanja_NM_Spk2_U_a70f307379_Utterance_10_75_100.wav,10.461
NM,M,Spk2,U_a70f307379,75_100,Nyanja_NM_Spk2_U_a70f307379_Utterance_11,inde cinacake zonse anatero lakele mwansanga-msanga akuona duwa mosakondwa imene anali kugwiragwira ndi manja ace,Nyanja_NM_Spk2_U_a70f307379_Utterance_11_75_100.wav,12.957
NM,M,Spk2,U_a70f307379,75_100,Nyanja_NM_Spk2_U_a70f307379_Utterance_12,mu umoyo wanga wa ndekha-ndekha iyi inali pwando/msonkhano wabwino,Nyanja_NM_Spk2_U_a70f307379_Utterance_12_75_100.wav,6.594
NM,M,Spk2,U_a70f307379,75_100,Nyanja_NM_Spk2_U_a70f307379_Utterance_13,mwadzidzidzi anamunva pa citseko comweco kunalibe njira yothawiramo iliyonse,Nyanja_NM_Spk2_U_a70f307379_Utterance_13_75_100.wav,7.848
NM,M,Spk2,U_a70f307379,75_100,Nyanja_NM_Spk2_U_a70f307379_Utterance_14,indetu ndipo cinthu cina cabwino cinthu cina cacikulupo cizayenerabe kukutsatani kapena chifukwa chake ayenera kundikongoletsa,Nyanja_NM_Spk2_U_a70f307379_Utterance_14_75_100.wav,13.212
NM,M,Spk2,U_a70f307379,75_100,Nyanja_NM_Spk2_U_a70f307379_Utterance_15,uku cimadzibitsa mu mau amene agwiritsidwa ncito kufananitsa zinthu zosiyana,Nyanja_NM_Spk2_U_a70f307379_Utterance_15_75_100.wav,7.941
NM,M,Spk2,U_a70f307379,75_100,Nyanja_NM_Spk2_U_a70f307379_Utterance_16,koma ndinagwebana naye munthuyu kuma ndipo ndidziwa kuti anacita masewera ace mosayenera mu mpikisano wa ciwiri,Nyanja_NM_Spk2_U_a70f307379_Utterance_16_75_100.wav,12.725
NM,M,Spk2,U_a70f307379,75_100,Nyanja_NM_Spk2_U_a70f307379_Utterance_17,makhalidwe ao oganizilidwa cabe anasintha kulingana ndi kusintha kwa mwai kapena zofuna,Nyanja_NM_Spk2_U_a70f307379_Utterance_17_75_100.wav,10.019
NM,M,Spk2,U_a70f307379,75_100,Nyanja_NM_Spk2_U_a70f307379_Utterance_18,mphundu mzace wa mwamuna anacita cinthu cimene iye sanakondwere naco ndipo aanatembenuzila cithunzithunzi cake ku cipupa,Nyanja_NM_Spk2_U_a70f307379_Utterance_18_75_100.wav,12.887
NM,M,Spk2,U_a70f307379,75_100,Nyanja_NM_Spk2_U_a70f307379_Utterance_19,ndikukonda momasuka pamene azibambo ayesesa kupeza cifuniro ndikukonda ndi mtima onse pamene ali kubwelera ku mathokodzo,Nyanja_NM_Spk2_U_a70f307379_Utterance_19_75_100.wav,13.514
NM,M,Spk2,U_a70f307379,75_100,Nyanja_NM_Spk2_U_a70f307379_Utterance_20,akhala akufunafuna ku kwatira hilda zaka zonse zapitazi,Nyanja_NM_Spk2_U_a70f307379_Utterance_20_75_100.wav,5.596
NM,M,Spk2,U_a70f307379,75_100,Nyanja_NM_Spk2_U_a70f307379_Utterance_21,ndi paci suweni muziwe onsefe ndife asuweni,Nyanja_NM_Spk2_U_a70f307379_Utterance_21_75_100.wav,4.853
NM,M,Spk2,U_a70f307379,75_100,Nyanja_NM_Spk2_U_a70f307379_Utterance_22,pemphelani mutisate pamodzi ndi anthu anga ndi a ambuya anga a sherriff,Nyanja_NM_Spk2_U_a70f307379_Utterance_22_75_100.wav,6.467
NM,M,Spk2,U_a70f307379,75_100,Nyanja_NM_Spk2_U_a70f307379_Utterance_23,sindine wabwino kopotsa kwa iwe ndipo uyenera kupewetsedwa ku kutengera cibwenzi capamtima copitilira ca mdziko,Nyanja_NM_Spk2_U_a70f307379_Utterance_23_75_100.wav,12.446
NM,M,Spk2,U_a70f307379,75_100,Nyanja_NM_Spk2_U_a70f307379_Utterance_24,koma anakwanits bwanji kucipanga motsamala,Nyanja_NM_Spk2_U_a70f307379_Utterance_24_75_100.wav,3.146
NM,M,Spk2,U_a70f307379,75_100,Nyanja_NM_Spk2_U_a70f307379_Utterance_25,kodi siukudziwa cimodzi pa ma kandulo ocedwa bacon ndi tonnay kodi siungathe kusimba nkhani zodyelamo,Nyanja_NM_Spk2_U_a70f307379_Utterance_25_75_100.wav,12.817
NM,M,Spk2,U_cc1c8da8d3,50_75,Nyanja_NM_Spk2_U_cc1c8da8d3_Utterance_1,m'mawa  mnyanyito ndi ogwira nchito ta mu nyumba anabwera,Nyanja_NM_Spk2_U_cc1c8da8d3_Utterance_1_50_75.wav,5.893
NM,M,Spk2,U_cc1c8da8d3,50_75,Nyanja_NM_Spk2_U_cc1c8da8d3_Utterance_2,adamsiya  iye pomwe woyanganira ndende atabwera kutsegula citseko comwe ciitakhomedwa ndi kumpelekedza ku ofesi,Nyanja_NM_Spk2_U_cc1c8da8d3_Utterance_2_50_75.wav,10.966
NM,M,Spk2,U_cc1c8da8d3,50_75,Nyanja_NM_Spk2_U_cc1c8da8d3_Utterance_3,tabi anawathangata ku ubwana wao iwo ngakhale ena aliyense sayenera kumthangata mu kufooka ndi ukalamba wao,Nyanja_NM_Spk2_U_cc1c8da8d3_Utterance_3_50_75.wav,14.305
NM,M,Spk2,U_cc1c8da8d3,50_75,Nyanja_NM_Spk2_U_cc1c8da8d3_Utterance_4,muzandipeza ndikulankhula mosalekedza za azibambo anai titiani holbeni turner ndi titoret munjira zimodzi-modzi,Nyanja_NM_Spk2_U_cc1c8da8d3_Utterance_4_50_75.wav,13.155
NM,M,Spk2,U_cc1c8da8d3,50_75,Nyanja_NM_Spk2_U_cc1c8da8d3_Utterance_5,wanena zokwanira anatero george gamewell mwamsanga nabwerera ku gulu ya anthu,Nyanja_NM_Spk2_U_cc1c8da8d3_Utterance_5_50_75.wav,9.449
NM,M,Spk2,U_cc1c8da8d3,50_75,Nyanja_NM_Spk2_U_cc1c8da8d3_Utterance_6,kodi azayamba nyuzipepala yace imene izituluka tsiku ndi tsiku pakati pa anthu a gulu la kick a poos,Nyanja_NM_Spk2_U_cc1c8da8d3_Utterance_6_50_75.wav,14.002
NM,M,Spk2,U_cc1c8da8d3,50_75,Nyanja_NM_Spk2_U_cc1c8da8d3_Utterance_7,mumitengo kubwaroko kunaimilira ka mtsikana pa cimtengo wa mkungudza,Nyanja_NM_Spk2_U_cc1c8da8d3_Utterance_7_50_75.wav,10.026
NM,M,Spk2,U_cc1c8da8d3,50_75,Nyanja_NM_Spk2_U_cc1c8da8d3_Utterance_8,mtengere kubwaloko ndipo mleke alawe mpeni omenyera nkhondo wakoyo,Nyanja_NM_Spk2_U_cc1c8da8d3_Utterance_8_50_75.wav,11.46
NM,M,Spk2,U_cc1c8da8d3,50_75,Nyanja_NM_Spk2_U_cc1c8da8d3_Utterance_9,pamene anali pabwalo amalume anatseka citseko ndikutsegula njira,Nyanja_NM_Spk2_U_cc1c8da8d3_Utterance_9_50_75.wav,9.549
NM,M,Spk2,U_cc1c8da8d3,50_75,Nyanja_NM_Spk2_U_cc1c8da8d3_Utterance_10,iye anayamba kudandaula motangwanika  pa mfiti imene inathawira kumbuyo kwa cinsala cotchingira  pa dzenera ku dzanja lamanzere,Nyanja_NM_Spk2_U_cc1c8da8d3_Utterance_10_50_75.wav,20.814
NM,M,Spk2,U_cc1c8da8d3,50_75,Nyanja_NM_Spk2_U_cc1c8da8d3_Utterance_11,ndizafunsa cinthu camene simungaganinizire koma ndiyenera kukhala ndi cinthu cina,Nyanja_NM_Spk2_U_cc1c8da8d3_Utterance_11_50_75.wav,11.974
NM,M,Spk2,U_cc1c8da8d3,50_75,Nyanja_NM_Spk2_U_cc1c8da8d3_Utterance_12,kutada msanga magetsi a chikasu azasanika/azawala apa ndi apondipo kuja kumanyumba onyansa a ma hule,Nyanja_NM_Spk2_U_cc1c8da8d3_Utterance_12_50_75.wav,13.155
NM,M,Spk2,U_cc1c8da8d3,50_75,Nyanja_NM_Spk2_U_cc1c8da8d3_Utterance_13,mwansanga-msanga  servadaki anathamangira ndikukwera pamwamba pa phiri lalitari,Nyanja_NM_Spk2_U_cc1c8da8d3_Utterance_13_50_75.wav,12.534
NM,M,Spk2,U_cc1c8da8d3,50_75,Nyanja_NM_Spk2_U_cc1c8da8d3_Utterance_14,bwera tizamwa kofi  yathu mucipinda cina ndipo uzatha kutsuta fodya,Nyanja_NM_Spk2_U_cc1c8da8d3_Utterance_14_50_75.wav,9.289
NM,M,Spk2,U_cc1c8da8d3,50_75,Nyanja_NM_Spk2_U_cc1c8da8d3_Utterance_15,kumbali ina sitiyenera kuwaganizira kukhala oipitsitsa kotero kuti tingataye mtima,Nyanja_NM_Spk2_U_cc1c8da8d3_Utterance_15_50_75.wav,13.246
NM,M,Spk2,U_cc1c8da8d3,50_75,Nyanja_NM_Spk2_U_cc1c8da8d3_Utterance_16,nthawi imineyo sindinadziwe ubwino wa utumiki,Nyanja_NM_Spk2_U_cc1c8da8d3_Utterance_16_50_75.wav,9.294
NM,M,Spk2,U_cc1c8da8d3,50_75,Nyanja_NM_Spk2_U_cc1c8da8d3_Utterance_17,a dachi aku southbridge kupita ku lord reggie ai raggie kodi nciani ukunena,Nyanja_NM_Spk2_U_cc1c8da8d3_Utterance_17_50_75.wav,9.549
NM,M,Spk2,U_cc1c8da8d3,50_75,Nyanja_NM_Spk2_U_cc1c8da8d3_Utterance_18,ndipo ndizayambira ndi ulaliki mwacidule pa kulankhula kwa munthu yekha,Nyanja_NM_Spk2_U_cc1c8da8d3_Utterance_18_50_75.wav,11.889
NM,M,Spk2,U_cc1c8da8d3,50_75,Nyanja_NM_Spk2_U_cc1c8da8d3_Utterance_19,kumapsya kopanda kuleka kumauluka momwemo ndiye cimene cionetsa  nzeru zakuya modabwitsa,Nyanja_NM_Spk2_U_cc1c8da8d3_Utterance_19_50_75.wav,13.209
NM,M,Spk2,U_cc1c8da8d3,50_75,Nyanja_NM_Spk2_U_cc1c8da8d3_Utterance_20,inde izo ndizo ananena koma ine ndiganiza kuti zinapambana apo,Nyanja_NM_Spk2_U_cc1c8da8d3_Utterance_20_50_75.wav,8.461
NM,M,Spk2,U_cc1c8da8d3,50_75,Nyanja_NM_Spk2_U_cc1c8da8d3_Utterance_21,ndatenga ii nati yankho yanga ndipo ndasiya pulofesa (mkulu wa maphunziro apamwamba) okwiya cifukwa ca kulephera kudikhira,Nyanja_NM_Spk2_U_cc1c8da8d3_Utterance_21_50_75.wav,16.132
NM,M,Spk2,U_cc1c8da8d3,50_75,Nyanja_NM_Spk2_U_cc1c8da8d3_Utterance_22,sindinakhale ndi mantha alionse ngati ndinagwira bwino nchito anatero bambo wacikulire mosasamala,Nyanja_NM_Spk2_U_cc1c8da8d3_Utterance_22_50_75.wav,14.617
NM,M,Spk2,U_cc1c8da8d3,50_75,Nyanja_NM_Spk2_U_cc1c8da8d3_Utterance_23,ma mita anapitilizabe kugwiritsidwa nchito ku anthu mu caka ca 1899 mwinamwace mphaka ku mathero a zaka makhumi khuminthawi imineyo,Nyanja_NM_Spk2_U_cc1c8da8d3_Utterance_23_50_75.wav,17.257
NM,M,Spk2,U_cc1c8da8d3,50_75,Nyanja_NM_Spk2_U_cc1c8da8d3_Utterance_24,keswick mwezi wa kafukulila matsiku makhumi awiri ndi awiri mwezi wa 1837 kwa inu mai,Nyanja_NM_Spk2_U_cc1c8da8d3_Utterance_24_50_75.wav,13.014
NM,M,Spk2,U_cc1c8da8d3,50_75,Nyanja_NM_Spk2_U_cc1c8da8d3_Utterance_25,iye  anali ndicikhulupiliro mwaiye cimene cingathe kucotsa ma phiri,Nyanja_NM_Spk2_U_cc1c8da8d3_Utterance_25_50_75.wav,9.954
NM,M,Spk2,U_cc1c8da8d3,75_100,Nyanja_NM_Spk2_U_cc1c8da8d3_Utterance_1,sindinaganizire zokonkha njira zocitira mosamala potsegula motulukila utsi,Nyanja_NM_Spk2_U_cc1c8da8d3_Utterance_1_75_100.wav,10.749
NM,M,Spk2,U_cc1c8da8d3,75_100,Nyanja_NM_Spk2_U_cc1c8da8d3_Utterance_2,westmere ndi ine tinabweranso titatha chigawo coyamba koma tinaganiza kuti iye anaoneka osadzidziwa bwino,Nyanja_NM_Spk2_U_cc1c8da8d3_Utterance_2_75_100.wav,16.969
NM,M,Spk2,U_cc1c8da8d3,75_100,Nyanja_NM_Spk2_U_cc1c8da8d3_Utterance_3,anasegula kosaneneka njira yoyenera kulowera mu msasa robin mwadzidzidzi anathamangirako ndi zobvuta zace ali kufuula mokweza,Nyanja_NM_Spk2_U_cc1c8da8d3_Utterance_3_75_100.wav,21.319
NM,M,Spk2,U_cc1c8da8d3,75_100,Nyanja_NM_Spk2_U_cc1c8da8d3_Utterance_4,sevadaki anafuula mokweza ali kuonaetsetsa mu telesikopu  mosagwedezea,Nyanja_NM_Spk2_U_cc1c8da8d3_Utterance_4_75_100.wav,10.855
NM,M,Spk2,U_cc1c8da8d3,75_100,Nyanja_NM_Spk2_U_cc1c8da8d3_Utterance_5,nguba sizimera pa mwamba pampesa  koma pansi pa mizyu imene ioeka monga cinangwa,Nyanja_NM_Spk2_U_cc1c8da8d3_Utterance_5_75_100.wav,11.974
NM,M,Spk2,U_cc1c8da8d3,75_100,Nyanja_NM_Spk2_U_cc1c8da8d3_Utterance_6,ndizatengako dothi yakudayi napita nayo pamodzi nditimitengo topangila maphensulo tsalani bwino,Nyanja_NM_Spk2_U_cc1c8da8d3_Utterance_6_75_100.wav,13.915
NM,M,Spk2,U_cc1c8da8d3,75_100,Nyanja_NM_Spk2_U_cc1c8da8d3_Utterance_7,ngati iye asamal;ira kulumbira kwace ku modzi nchito yace iyenera kuthesedwa pa nyenyezi ya umoyo wake isanalankhulidwe,Nyanja_NM_Spk2_U_cc1c8da8d3_Utterance_7_75_100.wav,17.184
NM,M,Spk2,U_cc1c8da8d3,75_100,Nyanja_NM_Spk2_U_cc1c8da8d3_Utterance_8,ndipo ndikunenetsa ico ndi coipa mmene zilili tero,Nyanja_NM_Spk2_U_cc1c8da8d3_Utterance_8_75_100.wav,7.543
NM,M,Spk2,U_cc1c8da8d3,75_100,Nyanja_NM_Spk2_U_cc1c8da8d3_Utterance_9,munandipatsa zisanu mobweleza ine ndifuna zobweleza zisanu ndi zinai hallo  kodi ndiwe horatio hamlet akulankhura,Nyanja_NM_Spk2_U_cc1c8da8d3_Utterance_9_75_100.wav,16.192
NM,M,Spk2,U_cc1c8da8d3,75_100,Nyanja_NM_Spk2_U_cc1c8da8d3_Utterance_10,iye anawapempha kuti azawaone mu mzinda wa chelsea  ndipo analankhula zabwino kwambiri kumbali ya hilda,Nyanja_NM_Spk2_U_cc1c8da8d3_Utterance_10_75_100.wav,12.995
NM,M,Spk2,U_cc1c8da8d3,75_100,Nyanja_NM_Spk2_U_cc1c8da8d3_Utterance_11,inde cinacake zonse anatero lakele mwansanga-msanga akuona duwa mosakondwa imene anali kugwiragwira ndi manja ace,Nyanja_NM_Spk2_U_cc1c8da8d3_Utterance_11_75_100.wav,16.645
NM,M,Spk2,U_cc1c8da8d3,75_100,Nyanja_NM_Spk2_U_cc1c8da8d3_Utterance_12,mu umoyo wanga wa ndekha-ndekha iyi inali pwando/msonkhano wabwino,Nyanja_NM_Spk2_U_cc1c8da8d3_Utterance_12_75_100.wav,7.669
NM,M,Spk2,U_cc1c8da8d3,75_100,Nyanja_NM_Spk2_U_cc1c8da8d3_Utterance_13,mwadzidzidzi anamunva pa citseko comweco kunalibe njira yothawiramo iliyonse,Nyanja_NM_Spk2_U_cc1c8da8d3_Utterance_13_75_100.wav,10.565
NM,M,Spk2,U_cc1c8da8d3,75_100,Nyanja_NM_Spk2_U_cc1c8da8d3_Utterance_14,indetu ndipo cinthu cina cabwino cinthu cina cacikulupo cizayenerabe kukutsatani kapena chifukwa chake ayenera kundikongoletsa,Nyanja_NM_Spk2_U_cc1c8da8d3_Utterance_14_75_100.wav,18.741
NM,M,Spk2,U_cc1c8da8d3,75_100,Nyanja_NM_Spk2_U_cc1c8da8d3_Utterance_15,uku cimadzibitsa mu mau amene agwiritsidwa ncito kufananitsa zinthu zosiyana,Nyanja_NM_Spk2_U_cc1c8da8d3_Utterance_15_75_100.wav,11.15
NM,M,Spk2,U_cc1c8da8d3,75_100,Nyanja_NM_Spk2_U_cc1c8da8d3_Utterance_16,koma ndinagwebana naye munthuyu kuma ndipo ndidziwa kuti anacita masewera ace mosayenera mu mpikisano wa ciwiri,Nyanja_NM_Spk2_U_cc1c8da8d3_Utterance_16_75_100.wav,17.257
NM,M,Spk2,U_cc1c8da8d3,75_100,Nyanja_NM_Spk2_U_cc1c8da8d3_Utterance_17,makhalidwe ao oganizilidwa cabe anasintha kulingana ndi kusintha kwa mwai kapena zofuna,Nyanja_NM_Spk2_U_cc1c8da8d3_Utterance_17_75_100.wav,12.62
NM,M,Spk2,U_cc1c8da8d3,75_100,Nyanja_NM_Spk2_U_cc1c8da8d3_Utterance_18,mphundu mzace wa mwamuna anacita cinthu cimene iye sanakondwere naco ndipo aanatembenuzila cithunzithunzi cake ku cipupa,Nyanja_NM_Spk2_U_cc1c8da8d3_Utterance_18_75_100.wav,17.222
NM,M,Spk2,U_cc1c8da8d3,75_100,Nyanja_NM_Spk2_U_cc1c8da8d3_Utterance_19,ndikukonda momasuka pamene azibambo ayesesa kupeza cifuniro ndikukonda ndi mtima onse pamene ali kubwelera ku mathokodzo,Nyanja_NM_Spk2_U_cc1c8da8d3_Utterance_19_75_100.wav,19.904
NM,M,Spk2,U_cc1c8da8d3,75_100,Nyanja_NM_Spk2_U_cc1c8da8d3_Utterance_20,akhala akufunafuna ku kwatira hilda zaka zonse zapitazi,Nyanja_NM_Spk2_U_cc1c8da8d3_Utterance_20_75_100.wav,7.129
NM,M,Spk2,U_cc1c8da8d3,75_100,Nyanja_NM_Spk2_U_cc1c8da8d3_Utterance_21,ndi paci suweni muziwe onsefe ndife asuweni,Nyanja_NM_Spk2_U_cc1c8da8d3_Utterance_21_75_100.wav,8.036
NM,M,Spk2,U_cc1c8da8d3,75_100,Nyanja_NM_Spk2_U_cc1c8da8d3_Utterance_22,pemphelani mutisate pamodzi ndi anthu anga ndi a ambuya anga a sherriff,Nyanja_NM_Spk2_U_cc1c8da8d3_Utterance_22_75_100.wav,9.549
NM,M,Spk2,U_cc1c8da8d3,75_100,Nyanja_NM_Spk2_U_cc1c8da8d3_Utterance_23,sindine wabwino kopotsa kwa iwe ndipo uyenera kupewetsedwa ku kutengera cibwenzi capamtima copitilira ca mdziko,Nyanja_NM_Spk2_U_cc1c8da8d3_Utterance_23_75_100.wav,15.483
NM,M,Spk2,U_cc1c8da8d3,75_100,Nyanja_NM_Spk2_U_cc1c8da8d3_Utterance_24,koma anakwanits bwanji kucipanga motsamala,Nyanja_NM_Spk2_U_cc1c8da8d3_Utterance_24_75_100.wav,6.062
NM,M,Spk2,U_cc1c8da8d3,75_100,Nyanja_NM_Spk2_U_cc1c8da8d3_Utterance_25,kodi siukudziwa cimodzi pa ma kandulo ocedwa bacon ndi tonnay kodi siungathe kusimba nkhani zodyelamo,Nyanja_NM_Spk2_U_cc1c8da8d3_Utterance_25_75_100.wav,13.978
NM,M,Spk2,U_dd821c97a3,50_75,Nyanja_NM_Spk2_U_dd821c97a3_Utterance_1,m'mawa  mnyanyito ndi ogwira nchito ta mu nyumba anabwera,Nyanja_NM_Spk2_U_dd821c97a3_Utterance_1_50_75.wav,4.4
NM,M,Spk2,U_dd821c97a3,50_75,Nyanja_NM_Spk2_U_dd821c97a3_Utterance_2,adamsiya  iye pomwe woyanganira ndende atabwera kutsegula citseko comwe ciitakhomedwa ndi kumpelekedza ku ofesi,Nyanja_NM_Spk2_U_dd821c97a3_Utterance_2_50_75.wav,8.8
NM,M,Spk2,U_dd821c97a3,50_75,Nyanja_NM_Spk2_U_dd821c97a3_Utterance_3,tabi anawathangata ku ubwana wao iwo ngakhale ena aliyense sayenera kumthangata mu kufooka ndi ukalamba wao,Nyanja_NM_Spk2_U_dd821c97a3_Utterance_3_50_75.wav,9.868
NM,M,Spk2,U_dd821c97a3,50_75,Nyanja_NM_Spk2_U_dd821c97a3_Utterance_4,muzandipeza ndikulankhula mosalekedza za azibambo anai titiani holbeni turner ndi titoret munjira zimodzi-modzi,Nyanja_NM_Spk2_U_dd821c97a3_Utterance_4_50_75.wav,10.31
NM,M,Spk2,U_dd821c97a3,50_75,Nyanja_NM_Spk2_U_dd821c97a3_Utterance_5,wanena zokwanira anatero george gamewell mwamsanga nabwerera ku gulu ya anthu,Nyanja_NM_Spk2_U_dd821c97a3_Utterance_5_50_75.wav,8.57
NM,M,Spk2,U_dd821c97a3,50_75,Nyanja_NM_Spk2_U_dd821c97a3_Utterance_6,kodi azayamba nyuzipepala yace imene izituluka tsiku ndi tsiku pakati pa anthu a gulu la kick a poos,Nyanja_NM_Spk2_U_dd821c97a3_Utterance_6_50_75.wav,10.565
NM,M,Spk2,U_dd821c97a3,50_75,Nyanja_NM_Spk2_U_dd821c97a3_Utterance_7,mumitengo kubwaroko kunaimilira ka mtsikana pa cimtengo wa mkungudza,Nyanja_NM_Spk2_U_dd821c97a3_Utterance_7_50_75.wav,5.875
NM,M,Spk2,U_dd821c97a3,50_75,Nyanja_NM_Spk2_U_dd821c97a3_Utterance_8,mtengere kubwaloko ndipo mleke alawe mpeni omenyera nkhondo wakoyo,Nyanja_NM_Spk2_U_dd821c97a3_Utterance_8_50_75.wav,6.323
NM,M,Spk2,U_dd821c97a3,50_75,Nyanja_NM_Spk2_U_dd821c97a3_Utterance_9,pamene anali pabwalo amalume anatseka citseko ndikutsegula njira,Nyanja_NM_Spk2_U_dd821c97a3_Utterance_9_50_75.wav,6.404
NM,M,Spk2,U_dd821c97a3,50_75,Nyanja_NM_Spk2_U_dd821c97a3_Utterance_10,iye anayamba kudandaula motangwanika  pa mfiti imene inathawira kumbuyo kwa cinsala cotchingira  pa dzenera ku dzanja lamanzere,Nyanja_NM_Spk2_U_dd821c97a3_Utterance_10_50_75.wav,10.658
NM,M,Spk2,U_dd821c97a3,50_75,Nyanja_NM_Spk2_U_dd821c97a3_Utterance_11,ndizafunsa cinthu camene simungaganinizire koma ndiyenera kukhala ndi cinthu cina,Nyanja_NM_Spk2_U_dd821c97a3_Utterance_11_50_75.wav,7.521
NM,M,Spk2,U_dd821c97a3,50_75,Nyanja_NM_Spk2_U_dd821c97a3_Utterance_12,kutada msanga magetsi a chikasu azasanika/azawala apa ndi apondipo kuja kumanyumba onyansa a ma hule,Nyanja_NM_Spk2_U_dd821c97a3_Utterance_12_50_75.wav,6.851
NM,M,Spk2,U_dd821c97a3,50_75,Nyanja_NM_Spk2_U_dd821c97a3_Utterance_13,mwansanga-msanga  servadaki anathamangira ndikukwera pamwamba pa phiri lalitari,Nyanja_NM_Spk2_U_dd821c97a3_Utterance_13_50_75.wav,6.722
NM,M,Spk2,U_dd821c97a3,50_75,Nyanja_NM_Spk2_U_dd821c97a3_Utterance_14,bwera tizamwa kofi  yathu mucipinda cina ndipo uzatha kutsuta fodya,Nyanja_NM_Spk2_U_dd821c97a3_Utterance_14_50_75.wav,5.745
NM,M,Spk2,U_dd821c97a3,50_75,Nyanja_NM_Spk2_U_dd821c97a3_Utterance_15,kumbali ina sitiyenera kuwaganizira kukhala oipitsitsa kotero kuti tingataye mtima,Nyanja_NM_Spk2_U_dd821c97a3_Utterance_15_50_75.wav,7.13
NM,M,Spk2,U_dd821c97a3,50_75,Nyanja_NM_Spk2_U_dd821c97a3_Utterance_16,nthawi imineyo sindinadziwe ubwino wa utumiki,Nyanja_NM_Spk2_U_dd821c97a3_Utterance_16_50_75.wav,3.065
NM,M,Spk2,U_dd821c97a3,50_75,Nyanja_NM_Spk2_U_dd821c97a3_Utterance_17,a dachi aku southbridge kupita ku lord reggie ai raggie kodi nciani ukunena,Nyanja_NM_Spk2_U_dd821c97a3_Utterance_17_50_75.wav,6.282
NM,M,Spk2,U_dd821c97a3,50_75,Nyanja_NM_Spk2_U_dd821c97a3_Utterance_18,ndipo ndizayambira ndi ulaliki mwacidule pa kulankhula kwa munthu yekha,Nyanja_NM_Spk2_U_dd821c97a3_Utterance_18_50_75.wav,6.188
NM,M,Spk2,U_dd821c97a3,50_75,Nyanja_NM_Spk2_U_dd821c97a3_Utterance_19,kumapsya kopanda kuleka kumauluka momwemo ndiye cimene cionetsa  nzeru zakuya modabwitsa,Nyanja_NM_Spk2_U_dd821c97a3_Utterance_19_50_75.wav,8.119
NM,M,Spk2,U_dd821c97a3,50_75,Nyanja_NM_Spk2_U_dd821c97a3_Utterance_20,inde izo ndizo ananena koma ine ndiganiza kuti zinapambana apo,Nyanja_NM_Spk2_U_dd821c97a3_Utterance_20_50_75.wav,6.851
NM,M,Spk2,U_dd821c97a3,50_75,Nyanja_NM_Spk2_U_dd821c97a3_Utterance_21,ndatenga ii nati yankho yanga ndipo ndasiya pulofesa (mkulu wa maphunziro apamwamba) okwiya cifukwa ca kulephera kudikhira,Nyanja_NM_Spk2_U_dd821c97a3_Utterance_21_50_75.wav,6.695
NM,M,Spk2,U_dd821c97a3,50_75,Nyanja_NM_Spk2_U_dd821c97a3_Utterance_22,sindinakhale ndi mantha alionse ngati ndinagwira bwino nchito anatero bambo wacikulire mosasamala,Nyanja_NM_Spk2_U_dd821c97a3_Utterance_22_50_75.wav,8.91
NM,M,Spk2,U_dd821c97a3,50_75,Nyanja_NM_Spk2_U_dd821c97a3_Utterance_23,ma mita anapitilizabe kugwiritsidwa nchito ku anthu mu caka ca 1899 mwinamwace mphaka ku mathero a zaka makhumi khuminthawi imineyo,Nyanja_NM_Spk2_U_dd821c97a3_Utterance_23_50_75.wav,12.251
NM,M,Spk2,U_dd821c97a3,50_75,Nyanja_NM_Spk2_U_dd821c97a3_Utterance_24,keswick mwezi wa kafukulila matsiku makhumi awiri ndi awiri mwezi wa 1837 kwa inu mai,Nyanja_NM_Spk2_U_dd821c97a3_Utterance_24_50_75.wav,10.392
NM,M,Spk2,U_dd821c97a3,50_75,Nyanja_NM_Spk2_U_dd821c97a3_Utterance_25,iye  anali ndicikhulupiliro mwaiye cimene cingathe kucotsa ma phiri,Nyanja_NM_Spk2_U_dd821c97a3_Utterance_25_50_75.wav,5.48
NM,M,Spk2,U_dd821c97a3,75_100,Nyanja_NM_Spk2_U_dd821c97a3_Utterance_1,sindinaganizire zokonkha njira zocitira mosamala potsegula motulukila utsi,Nyanja_NM_Spk2_U_dd821c97a3_Utterance_1_75_100.wav,7.371
NM,M,Spk2,U_dd821c97a3,75_100,Nyanja_NM_Spk2_U_dd821c97a3_Utterance_2,westmere ndi ine tinabweranso titatha chigawo coyamba koma tinaganiza kuti iye anaoneka osadzidziwa bwino,Nyanja_NM_Spk2_U_dd821c97a3_Utterance_2_75_100.wav,9.283
NM,M,Spk2,U_dd821c97a3,75_100,Nyanja_NM_Spk2_U_dd821c97a3_Utterance_3,anasegula kosaneneka njira yoyenera kulowera mu msasa robin mwadzidzidzi anathamangirako ndi zobvuta zace ali kufuula mokweza,Nyanja_NM_Spk2_U_dd821c97a3_Utterance_3_75_100.wav,10.145
NM,M,Spk2,U_dd821c97a3,75_100,Nyanja_NM_Spk2_U_dd821c97a3_Utterance_4,sevadaki anafuula mokweza ali kuonaetsetsa mu telesikopu  mosagwedezea,Nyanja_NM_Spk2_U_dd821c97a3_Utterance_4_75_100.wav,7.586
NM,M,Spk2,U_dd821c97a3,75_100,Nyanja_NM_Spk2_U_dd821c97a3_Utterance_5,nguba sizimera pa mwamba pampesa  koma pansi pa mizyu imene ioeka monga cinangwa,Nyanja_NM_Spk2_U_dd821c97a3_Utterance_5_75_100.wav,8.636
NM,M,Spk2,U_dd821c97a3,75_100,Nyanja_NM_Spk2_U_dd821c97a3_Utterance_6,ndizatengako dothi yakudayi napita nayo pamodzi nditimitengo topangila maphensulo tsalani bwino,Nyanja_NM_Spk2_U_dd821c97a3_Utterance_6_75_100.wav,6.485
NM,M,Spk2,U_dd821c97a3,75_100,Nyanja_NM_Spk2_U_dd821c97a3_Utterance_7,ngati iye asamal;ira kulumbira kwace ku modzi nchito yace iyenera kuthesedwa pa nyenyezi ya umoyo wake isanalankhulidwe,Nyanja_NM_Spk2_U_dd821c97a3_Utterance_7_75_100.wav,12.094
NM,M,Spk2,U_dd821c97a3,75_100,Nyanja_NM_Spk2_U_dd821c97a3_Utterance_8,ndipo ndikunenetsa ico ndi coipa mmene zilili tero,Nyanja_NM_Spk2_U_dd821c97a3_Utterance_8_75_100.wav,3.99
NM,M,Spk2,U_dd821c97a3,75_100,Nyanja_NM_Spk2_U_dd821c97a3_Utterance_9,munandipatsa zisanu mobweleza ine ndifuna zobweleza zisanu ndi zinai hallo  kodi ndiwe horatio hamlet akulankhura,Nyanja_NM_Spk2_U_dd821c97a3_Utterance_9_75_100.wav,8.888
NM,M,Spk2,U_dd821c97a3,75_100,Nyanja_NM_Spk2_U_dd821c97a3_Utterance_10,iye anawapempha kuti azawaone mu mzinda wa chelsea  ndipo analankhula zabwino kwambiri kumbali ya hilda,Nyanja_NM_Spk2_U_dd821c97a3_Utterance_10_75_100.wav,7.74
NM,M,Spk2,U_dd821c97a3,75_100,Nyanja_NM_Spk2_U_dd821c97a3_Utterance_11,inde cinacake zonse anatero lakele mwansanga-msanga akuona duwa mosakondwa imene anali kugwiragwira ndi manja ace,Nyanja_NM_Spk2_U_dd821c97a3_Utterance_11_75_100.wav,10.863
NM,M,Spk2,U_dd821c97a3,75_100,Nyanja_NM_Spk2_U_dd821c97a3_Utterance_12,mu umoyo wanga wa ndekha-ndekha iyi inali pwando/msonkhano wabwino,Nyanja_NM_Spk2_U_dd821c97a3_Utterance_12_75_100.wav,6.003
NM,M,Spk2,U_dd821c97a3,75_100,Nyanja_NM_Spk2_U_dd821c97a3_Utterance_13,mwadzidzidzi anamunva pa citseko comweco kunalibe njira yothawiramo iliyonse,Nyanja_NM_Spk2_U_dd821c97a3_Utterance_13_75_100.wav,6.323
NM,M,Spk2,U_dd821c97a3,75_100,Nyanja_NM_Spk2_U_dd821c97a3_Utterance_14,indetu ndipo cinthu cina cabwino cinthu cina cacikulupo cizayenerabe kukutsatani kapena chifukwa chake ayenera kundikongoletsa,Nyanja_NM_Spk2_U_dd821c97a3_Utterance_14_75_100.wav,12.154
NM,M,Spk2,U_dd821c97a3,75_100,Nyanja_NM_Spk2_U_dd821c97a3_Utterance_15,uku cimadzibitsa mu mau amene agwiritsidwa ncito kufananitsa zinthu zosiyana,Nyanja_NM_Spk2_U_dd821c97a3_Utterance_15_75_100.wav,8.119
NM,M,Spk2,U_dd821c97a3,75_100,Nyanja_NM_Spk2_U_dd821c97a3_Utterance_16,koma ndinagwebana naye munthuyu kuma ndipo ndidziwa kuti anacita masewera ace mosayenera mu mpikisano wa ciwiri,Nyanja_NM_Spk2_U_dd821c97a3_Utterance_16_75_100.wav,11.412
NM,M,Spk2,U_dd821c97a3,75_100,Nyanja_NM_Spk2_U_dd821c97a3_Utterance_17,makhalidwe ao oganizilidwa cabe anasintha kulingana ndi kusintha kwa mwai kapena zofuna,Nyanja_NM_Spk2_U_dd821c97a3_Utterance_17_75_100.wav,7.747
NM,M,Spk2,U_dd821c97a3,75_100,Nyanja_NM_Spk2_U_dd821c97a3_Utterance_18,mphundu mzace wa mwamuna anacita cinthu cimene iye sanakondwere naco ndipo aanatembenuzila cithunzithunzi cake ku cipupa,Nyanja_NM_Spk2_U_dd821c97a3_Utterance_18_75_100.wav,10.299
NM,M,Spk2,U_dd821c97a3,75_100,Nyanja_NM_Spk2_U_dd821c97a3_Utterance_19,ndikukonda momasuka pamene azibambo ayesesa kupeza cifuniro ndikukonda ndi mtima onse pamene ali kubwelera ku mathokodzo,Nyanja_NM_Spk2_U_dd821c97a3_Utterance_19_75_100.wav,11.336
NM,M,Spk2,U_dd821c97a3,75_100,Nyanja_NM_Spk2_U_dd821c97a3_Utterance_20,akhala akufunafuna ku kwatira hilda zaka zonse zapitazi,Nyanja_NM_Spk2_U_dd821c97a3_Utterance_20_75_100.wav,4.806
NM,M,Spk2,U_dd821c97a3,75_100,Nyanja_NM_Spk2_U_dd821c97a3_Utterance_21,ndi paci suweni muziwe onsefe ndife asuweni,Nyanja_NM_Spk2_U_dd821c97a3_Utterance_21_75_100.wav,4.357
NM,M,Spk2,U_dd821c97a3,75_100,Nyanja_NM_Spk2_U_dd821c97a3_Utterance_22,pemphelani mutisate pamodzi ndi anthu anga ndi a ambuya anga a sherriff,Nyanja_NM_Spk2_U_dd821c97a3_Utterance_22_75_100.wav,5.34
NM,M,Spk2,U_dd821c97a3,75_100,Nyanja_NM_Spk2_U_dd821c97a3_Utterance_23,sindine wabwino kopotsa kwa iwe ndipo uyenera kupewetsedwa ku kutengera cibwenzi capamtima copitilira ca mdziko,Nyanja_NM_Spk2_U_dd821c97a3_Utterance_23_75_100.wav,10.1
NM,M,Spk2,U_dd821c97a3,75_100,Nyanja_NM_Spk2_U_dd821c97a3_Utterance_24,koma anakwanits bwanji kucipanga motsamala,Nyanja_NM_Spk2_U_dd821c97a3_Utterance_24_75_100.wav,3.437
NM,M,Spk2,U_dd821c97a3,75_100,Nyanja_NM_Spk2_U_dd821c97a3_Utterance_25,kodi siukudziwa cimodzi pa ma kandulo ocedwa bacon ndi tonnay kodi siungathe kusimba nkhani zodyelamo,Nyanja_NM_Spk2_U_dd821c97a3_Utterance_25_75_100.wav,8.887
NM,M,Spk9,U_8105853265,425_450,Nyanja_NM_Spk9_U_8105853265_Utterance_1,paulo anyadira mpingo wace osati cifukwa ca kuyamikidwa kwace koma kuyamikidwa kwa ambuye,Nyanja_NM_Spk9_U_8105853265_Utterance_1_425_450.wav,12.281
NM,M,Spk9,U_8105853265,425_450,Nyanja_NM_Spk9_U_8105853265_Utterance_2,koma sindinu munthuamene adziwa kukonda  okendedwa wanga,Nyanja_NM_Spk9_U_8105853265_Utterance_2_425_450.wav,6.74
NM,M,Spk9,U_8105853265,425_450,Nyanja_NM_Spk9_U_8105853265_Utterance_3,alexander anaima nazigwedeza mokwiiya inde ndiziwa kuti ndine wamantha,Nyanja_NM_Spk9_U_8105853265_Utterance_3_425_450.wav,9.11
NM,M,Spk9,U_8105853265,425_450,Nyanja_NM_Spk9_U_8105853265_Utterance_4,oopani inu cifukwa ndizatsowa ndipo simuzandionanso,Nyanja_NM_Spk9_U_8105853265_Utterance_4_425_450.wav,7.479
NM,M,Spk9,U_8105853265,425_450,Nyanja_NM_Spk9_U_8105853265_Utterance_5,sungani mau anga muzamupeza ali olimba koposa kwa iwe aye ndipo wakuya kwambiri,Nyanja_NM_Spk9_U_8105853265_Utterance_5_425_450.wav,13.645
NM,M,Spk9,U_8105853265,425_450,Nyanja_NM_Spk9_U_8105853265_Utterance_6,khalani m'malo mwanu ndipo tione  cimene galasi litha kukuonetsani,Nyanja_NM_Spk9_U_8105853265_Utterance_6_425_450.wav,9.191
NM,M,Spk9,U_8105853265,425_450,Nyanja_NM_Spk9_U_8105853265_Utterance_7,mungathe kuyamba ndi kunyamula ndodo ndikulemba ma numbala,Nyanja_NM_Spk9_U_8105853265_Utterance_7_425_450.wav,6.968
NM,M,Spk9,U_8105853265,425_450,Nyanja_NM_Spk9_U_8105853265_Utterance_8,ndinali wofulumira kuti ndibwere kwa iwe wasiya citseko cako cosakhomedwa,Nyanja_NM_Spk9_U_8105853265_Utterance_8_425_450.wav,11.765
NM,M,Spk9,U_8105853265,425_450,Nyanja_NM_Spk9_U_8105853265_Utterance_9,ino tsopano ndi nthawi ya mpepo kunja kwa zitseko unaganiza mtengo,Nyanja_NM_Spk9_U_8105853265_Utterance_9_425_450.wav,10.505
NM,M,Spk9,U_8105853265,425_450,Nyanja_NM_Spk9_U_8105853265_Utterance_10,pamene ndinali munyamata wa cicepeele ndinali kuganiza kuti paulo anali kucita/kupanga zambiri mu utumiki wace,Nyanja_NM_Spk9_U_8105853265_Utterance_10_425_450.wav,11.983
NM,M,Spk9,U_8105853265,425_450,Nyanja_NM_Spk9_U_8105853265_Utterance_11,ndi zimenezi zomwe ndikukupempha kuti usinthe pa zooipa zimene wandicita,Nyanja_NM_Spk9_U_8105853265_Utterance_11_425_450.wav,6.701
NM,M,Spk9,U_8105853265,425_450,Nyanja_NM_Spk9_U_8105853265_Utterance_12,nthawi yonseyo imene ali kulankhula naine maso ake ang'ono-ang'ono ndiponso okwiya anali kundisata,Nyanja_NM_Spk9_U_8105853265_Utterance_12_425_450.wav,14.023
NM,M,Spk9,U_8105853265,425_450,Nyanja_NM_Spk9_U_8105853265_Utterance_13,ndikhumba kuti sindinalire kwambiri anatero alice ali kusambira pofuna kupeza pocookera,Nyanja_NM_Spk9_U_8105853265_Utterance_13_425_450.wav,13.728
NM,M,Spk9,U_8105853265,425_450,Nyanja_NM_Spk9_U_8105853265_Utterance_14,wokondedwa wanga ndiphunzitseko kukhala munthuoyamikira momwe iwe umacitira zabwino,Nyanja_NM_Spk9_U_8105853265_Utterance_14_425_450.wav,10.958
NM,M,Spk9,U_8105853265,425_450,Nyanja_NM_Spk9_U_8105853265_Utterance_15,ukali wa mzangayo sunacepelere kucokera pomwe analetsedwa kupezeka ku malo omwe iye anakondetsetsa omwe anali pafupi ndi kanjira kocedwa baker,Nyanja_NM_Spk9_U_8105853265_Utterance_15_425_450.wav,20.019
NM,M,Spk9,U_8105853265,425_450,Nyanja_NM_Spk9_U_8105853265_Utterance_16,ananvera kunjenjemera kwa cinthu cimene cinali cikuthamanga camaonekedwe a cikasu patsogoro pace,Nyanja_NM_Spk9_U_8105853265_Utterance_16_425_450.wav,16.402
NM,M,Spk9,U_8105853265,425_450,Nyanja_NM_Spk9_U_8105853265_Utterance_17,anakana poyamba kunva uphungu wosamala ici sicinali conyansa kulingana ndi cilengedwe ca mnyamatayu,Nyanja_NM_Spk9_U_8105853265_Utterance_17_425_450.wav,12.992
NM,M,Spk9,U_8105853265,425_450,Nyanja_NM_Spk9_U_8105853265_Utterance_18,kodi nciani khutu dziwa la madzi yoopsya kutengako mbali ku za cilengedwe,Nyanja_NM_Spk9_U_8105853265_Utterance_18_425_450.wav,9.68
NM,M,Spk9,U_8105853265,425_450,Nyanja_NM_Spk9_U_8105853265_Utterance_19,ngati zicitidwe za zinthu ndi zoletsedwa mwina kowawitsa sicikutanthauza kuti zicitidwezo ndi zosayenera,Nyanja_NM_Spk9_U_8105853265_Utterance_19_425_450.wav,14.134
NM,M,Spk9,U_8105853265,425_450,Nyanja_NM_Spk9_U_8105853265_Utterance_20,manyazi akugwireni nzika zinalira iye ine tinagwiridwa ndi manyazi cifukwa ca anzathu a ku nottingham,Nyanja_NM_Spk9_U_8105853265_Utterance_20_425_450.wav,14.884
NM,M,Spk9,U_8105853265,425_450,Nyanja_NM_Spk9_U_8105853265_Utterance_21,tsopano mungathe kumufunsa mafunso pa ukatukumeni dedalus,Nyanja_NM_Spk9_U_8105853265_Utterance_21_425_450.wav,8.31
NM,M,Spk9,U_8105853265,425_450,Nyanja_NM_Spk9_U_8105853265_Utterance_22,obvina a kaleacepetsedwa mzifuniro zao mkupita kwa nthawi,Nyanja_NM_Spk9_U_8105853265_Utterance_22_425_450.wav,8.855
NM,M,Spk9,U_8105853265,425_450,Nyanja_NM_Spk9_U_8105853265_Utterance_23,ndikupita ku bwalo ya milandu ball anayankha andalla,Nyanja_NM_Spk9_U_8105853265_Utterance_23_425_450.wav,9.892
NM,M,Spk9,U_8105853265,425_450,Nyanja_NM_Spk9_U_8105853265_Utterance_24,ndizabwera tsiku lina kuti ndizaonane ndi amuna anu ndifuna tikakambitsana pa za a kavalo,Nyanja_NM_Spk9_U_8105853265_Utterance_24_425_450.wav,9.59
NM,M,Spk9,U_8105853265,425_450,Nyanja_NM_Spk9_U_8105853265_Utterance_25,anathamangira mu mitengo naimitsa mzibambo wamtali ndi olimba koma ooonda,Nyanja_NM_Spk9_U_8105853265_Utterance_25_425_450.wav,11.538
NM,M,Spk9,U_8105853265,400_425,Nyanja_NM_Spk9_U_8105853265_Utterance_1,tsistsi yace inali yaulutsi wofilira ndipo inagwera mu khosi mwace zomangidwa zace zita oneka bwino,Nyanja_NM_Spk9_U_8105853265_Utterance_1_400_425.wav,13.955
NM,M,Spk9,U_8105853265,400_425,Nyanja_NM_Spk9_U_8105853265_Utterance_2,kuli m'modzi ndipo kulinso wina osedwa dudley ndi flint,Nyanja_NM_Spk9_U_8105853265_Utterance_2_400_425.wav,5.66
NM,M,Spk9,U_8105853265,400_425,Nyanja_NM_Spk9_U_8105853265_Utterance_3,pali izi madame anaceuka nazungulusa maso ace modabwa ca kumene kunali comte mofuna kuona cinali kucitika,Nyanja_NM_Spk9_U_8105853265_Utterance_3_400_425.wav,11.047
NM,M,Spk9,U_8105853265,400_425,Nyanja_NM_Spk9_U_8105853265_Utterance_4,mobwereza anasakira maganizo ace osati mopanda phindu ngati poyamba,Nyanja_NM_Spk9_U_8105853265_Utterance_4_400_425.wav,6.965
NM,M,Spk9,U_8105853265,400_425,Nyanja_NM_Spk9_U_8105853265_Utterance_5,tiyeni tinve zoganizirazo ndizafunafuna ambuni,Nyanja_NM_Spk9_U_8105853265_Utterance_5_400_425.wav,5.57
NM,M,Spk9,U_8105853265,400_425,Nyanja_NM_Spk9_U_8105853265_Utterance_6,kweni kweni sindiganiza kuti mwina anadziwa zambiri za izo bambo holmes,Nyanja_NM_Spk9_U_8105853265_Utterance_6_400_425.wav,9.65
NM,M,Spk9,U_8105853265,400_425,Nyanja_NM_Spk9_U_8105853265_Utterance_7,ndimatopa nazo kuona azibambo ndi akavalo akuyenda-yenda akuyenda-yenda,Nyanja_NM_Spk9_U_8105853265_Utterance_7_400_425.wav,10.13
NM,M,Spk9,U_8105853265,400_425,Nyanja_NM_Spk9_U_8105853265_Utterance_8,mu kuumitsa kwanga ndinasemera mcira pamwamba monga ngati ndi mutu,Nyanja_NM_Spk9_U_8105853265_Utterance_8_400_425.wav,10.94
NM,M,Spk9,U_8105853265,400_425,Nyanja_NM_Spk9_U_8105853265_Utterance_9,kulibe zina zambiri kopotsa izi kulibe ngakhale nzanja kumene ingathe kuikidwako,Nyanja_NM_Spk9_U_8105853265_Utterance_9_400_425.wav,10.04
NM,M,Spk9,U_8105853265,400_425,Nyanja_NM_Spk9_U_8105853265_Utterance_10,zithunzi-thunzi ca bwato/ngalawa cinali kuooneka poyera pa mwamba pa mafunde,Nyanja_NM_Spk9_U_8105853265_Utterance_10_400_425.wav,11.535
NM,M,Spk9,U_8105853265,400_425,Nyanja_NM_Spk9_U_8105853265_Utterance_11,anali kufuna kuonako ma buku atsopano ndi magazini ndi zolankhulapo za achifundo odziwika ndi zosinta zina,Nyanja_NM_Spk9_U_8105853265_Utterance_11_400_425.wav,13.11
NM,M,Spk9,U_8105853265,400_425,Nyanja_NM_Spk9_U_8105853265_Utterance_12,chimbalangondo  anagwedeza mbari za thupi lace ndipo mau odziwika anayankha,Nyanja_NM_Spk9_U_8105853265_Utterance_12_400_425.wav,14.237
NM,M,Spk9,U_8105853265,400_425,Nyanja_NM_Spk9_U_8105853265_Utterance_13,ndicabwino kuti iwe ulankhule bambo okalamba anayankha nyancito okwiya,Nyanja_NM_Spk9_U_8105853265_Utterance_13_400_425.wav,10.67
NM,M,Spk9,U_8105853265,400_425,Nyanja_NM_Spk9_U_8105853265_Utterance_14,mwatsopano iye alumpha pansi pa cipinda cake ndi mapondedwe anzeru,Nyanja_NM_Spk9_U_8105853265_Utterance_14_400_425.wav,9.275
NM,M,Spk9,U_8105853265,400_425,Nyanja_NM_Spk9_U_8105853265_Utterance_15,analankhula wopelekedza atalephera kudikila ndipo unali iwe umene ndinapatsa kacola moika ndalama zanga,Nyanja_NM_Spk9_U_8105853265_Utterance_15_400_425.wav,15.454
NM,M,Spk9,U_8105853265,400_425,Nyanja_NM_Spk9_U_8105853265_Utterance_16,hakoni kuzakhala nthawi zonse mlimi mzako,Nyanja_NM_Spk9_U_8105853265_Utterance_16_400_425.wav,6.305
NM,M,Spk9,U_8105853265,400_425,Nyanja_NM_Spk9_U_8105853265_Utterance_17,pothera peni peni kuphatikidzidwa ka thonje kunaoneka kwa ena aliyense ngati cilungamo cotsimikidzidwa ndipo cina konzedwa kupita ku boma la pamwamba,Nyanja_NM_Spk9_U_8105853265_Utterance_17_400_425.wav,18.735
NM,M,Spk9,U_8105853265,400_425,Nyanja_NM_Spk9_U_8105853265_Utterance_18,zizindikiro zosaoneka zonse za nkhani imeniyi za zocitika za panopa zaonetsedwa kale,Nyanja_NM_Spk9_U_8105853265_Utterance_18_400_425.wav,12.318
NM,M,Spk9,U_8105853265,400_425,Nyanja_NM_Spk9_U_8105853265_Utterance_19,pamenepo lake anaseka mosakweza mau  ali kupenyabe pa khadi ya masewera a njuga ndi maso ace ochenjera,Nyanja_NM_Spk9_U_8105853265_Utterance_19_400_425.wav,16.265
NM,M,Spk9,U_8105853265,400_425,Nyanja_NM_Spk9_U_8105853265_Utterance_20,ngati nzika yapadera ndizakhala ngati cisanzo camwambo poti ngati sininacite tero zimenezo zinghalete mabvuto oopysa,Nyanja_NM_Spk9_U_8105853265_Utterance_20_400_425.wav,20.343
NM,M,Spk9,U_8105853265,400_425,Nyanja_NM_Spk9_U_8105853265_Utterance_21,thonje ndi cinthu cabwino si anyamata iye anatero poyamba,Nyanja_NM_Spk9_U_8105853265_Utterance_21_400_425.wav,9.275
NM,M,Spk9,U_8105853265,400_425,Nyanja_NM_Spk9_U_8105853265_Utterance_22,bill harmon anakuwa mokweza kwa akazi ace pamene anali kupita pa holo yotsanikidwa bwino,Nyanja_NM_Spk9_U_8105853265_Utterance_22_400_425.wav,15.83
NM,M,Spk9,U_8105853265,400_425,Nyanja_NM_Spk9_U_8105853265_Utterance_23,inde wokondedwa wanga watson ndakwanitsa kuziwa cinsinsi (zobisika),Nyanja_NM_Spk9_U_8105853265_Utterance_23_400_425.wav,11.0
NM,M,Spk9,U_8105853265,400_425,Nyanja_NM_Spk9_U_8105853265_Utterance_24,inde ndakhala kuno pa kotala wa ola ino anayankha la vallierie,Nyanja_NM_Spk9_U_8105853265_Utterance_24_400_425.wav,9.62
NM,M,Spk9,U_8105853265,400_425,Nyanja_NM_Spk9_U_8105853265_Utterance_25,sindingathe kupweteka ciliconse ndidzindikila sitizasokoneza cina cili conse munjira iliyonse,Nyanja_NM_Spk9_U_8105853265_Utterance_25_400_425.wav,9.5
NM,M,Spk9,U_c0b62e32a2,425_450,Nyanja_NM_Spk9_U_c0b62e32a2_Utterance_1,paulo anyadira mpingo wace osati cifukwa ca kuyamikidwa kwace koma kuyamikidwa kwa ambuye,Nyanja_NM_Spk9_U_c0b62e32a2_Utterance_1_425_450.wav,8.795
NM,M,Spk9,U_c0b62e32a2,425_450,Nyanja_NM_Spk9_U_c0b62e32a2_Utterance_2,koma sindinu munthuamene adziwa kukonda  okendedwa wanga,Nyanja_NM_Spk9_U_c0b62e32a2_Utterance_2_425_450.wav,7.49
NM,M,Spk9,U_c0b62e32a2,425_450,Nyanja_NM_Spk9_U_c0b62e32a2_Utterance_3,alexander anaima nazigwedeza mokwiiya inde ndiziwa kuti ndine wamantha,Nyanja_NM_Spk9_U_c0b62e32a2_Utterance_3_425_450.wav,7.49
NM,M,Spk9,U_c0b62e32a2,425_450,Nyanja_NM_Spk9_U_c0b62e32a2_Utterance_4,oopani inu cifukwa ndizatsowa ndipo simuzandionanso,Nyanja_NM_Spk9_U_c0b62e32a2_Utterance_4_425_450.wav,5.09
NM,M,Spk9,U_c0b62e32a2,425_450,Nyanja_NM_Spk9_U_c0b62e32a2_Utterance_5,sungani mau anga muzamupeza ali olimba koposa kwa iwe aye ndipo wakuya kwambiri,Nyanja_NM_Spk9_U_c0b62e32a2_Utterance_5_425_450.wav,9.606
NM,M,Spk9,U_c0b62e32a2,425_450,Nyanja_NM_Spk9_U_c0b62e32a2_Utterance_6,khalani m'malo mwanu ndipo tione  cimene galasi litha kukuonetsani,Nyanja_NM_Spk9_U_c0b62e32a2_Utterance_6_425_450.wav,8.511
NM,M,Spk9,U_c0b62e32a2,425_450,Nyanja_NM_Spk9_U_c0b62e32a2_Utterance_7,mungathe kuyamba ndi kunyamula ndodo ndikulemba ma numbala,Nyanja_NM_Spk9_U_c0b62e32a2_Utterance_7_425_450.wav,7.581
NM,M,Spk9,U_c0b62e32a2,425_450,Nyanja_NM_Spk9_U_c0b62e32a2_Utterance_8,ndinali wofulumira kuti ndibwere kwa iwe wasiya citseko cako cosakhomedwa,Nyanja_NM_Spk9_U_c0b62e32a2_Utterance_8_425_450.wav,7.581
NM,M,Spk9,U_c0b62e32a2,425_450,Nyanja_NM_Spk9_U_c0b62e32a2_Utterance_9,ino tsopano ndi nthawi ya mpepo kunja kwa zitseko unaganiza mtengo,Nyanja_NM_Spk9_U_c0b62e32a2_Utterance_9_425_450.wav,7.581
NM,M,Spk9,U_c0b62e32a2,425_450,Nyanja_NM_Spk9_U_c0b62e32a2_Utterance_10,pamene ndinali munyamata wa cicepeele ndinali kuganiza kuti paulo anali kucita/kupanga zambiri mu utumiki wace,Nyanja_NM_Spk9_U_c0b62e32a2_Utterance_10_425_450.wav,3.306
NM,M,Spk9,U_c0b62e32a2,425_450,Nyanja_NM_Spk9_U_c0b62e32a2_Utterance_11,ndi zimenezi zomwe ndikukupempha kuti usinthe pa zooipa zimene wandicita,Nyanja_NM_Spk9_U_c0b62e32a2_Utterance_11_425_450.wav,10.201
NM,M,Spk9,U_c0b62e32a2,425_450,Nyanja_NM_Spk9_U_c0b62e32a2_Utterance_12,nthawi yonseyo imene ali kulankhula naine maso ake ang'ono-ang'ono ndiponso okwiya anali kundisata,Nyanja_NM_Spk9_U_c0b62e32a2_Utterance_12_425_450.wav,9.515
NM,M,Spk9,U_c0b62e32a2,425_450,Nyanja_NM_Spk9_U_c0b62e32a2_Utterance_13,ndikhumba kuti sindinalire kwambiri anatero alice ali kusambira pofuna kupeza pocookera,Nyanja_NM_Spk9_U_c0b62e32a2_Utterance_13_425_450.wav,8.165
NM,M,Spk9,U_c0b62e32a2,425_450,Nyanja_NM_Spk9_U_c0b62e32a2_Utterance_14,wokondedwa wanga ndiphunzitseko kukhala munthuoyamikira momwe iwe umacitira zabwino,Nyanja_NM_Spk9_U_c0b62e32a2_Utterance_14_425_450.wav,8.739
NM,M,Spk9,U_c0b62e32a2,425_450,Nyanja_NM_Spk9_U_c0b62e32a2_Utterance_15,ukali wa mzangayo sunacepelere kucokera pomwe analetsedwa kupezeka ku malo omwe iye anakondetsetsa omwe anali pafupi ndi kanjira kocedwa baker,Nyanja_NM_Spk9_U_c0b62e32a2_Utterance_15_425_450.wav,15.305
NM,M,Spk9,U_c0b62e32a2,425_450,Nyanja_NM_Spk9_U_c0b62e32a2_Utterance_16,ananvera kunjenjemera kwa cinthu cimene cinali cikuthamanga camaonekedwe a cikasu patsogoro pace,Nyanja_NM_Spk9_U_c0b62e32a2_Utterance_16_425_450.wav,10.295
NM,M,Spk9,U_c0b62e32a2,425_450,Nyanja_NM_Spk9_U_c0b62e32a2_Utterance_17,anakana poyamba kunva uphungu wosamala ici sicinali conyansa kulingana ndi cilengedwe ca mnyamatayu,Nyanja_NM_Spk9_U_c0b62e32a2_Utterance_17_425_450.wav,12.155
NM,M,Spk9,U_c0b62e32a2,425_450,Nyanja_NM_Spk9_U_c0b62e32a2_Utterance_18,kodi nciani khutu dziwa la madzi yoopsya kutengako mbali ku za cilengedwe,Nyanja_NM_Spk9_U_c0b62e32a2_Utterance_18_425_450.wav,7.655
NM,M,Spk9,U_c0b62e32a2,425_450,Nyanja_NM_Spk9_U_c0b62e32a2_Utterance_19,ngati zicitidwe za zinthu ndi zoletsedwa mwina kowawitsa sicikutanthauza kuti zicitidwezo ndi zosayenera,Nyanja_NM_Spk9_U_c0b62e32a2_Utterance_19_425_450.wav,11.33
NM,M,Spk9,U_c0b62e32a2,425_450,Nyanja_NM_Spk9_U_c0b62e32a2_Utterance_20,manyazi akugwireni nzika zinalira iye ine tinagwiridwa ndi manyazi cifukwa ca anzathu a ku nottingham,Nyanja_NM_Spk9_U_c0b62e32a2_Utterance_20_425_450.wav,12.08
NM,M,Spk9,U_c0b62e32a2,425_450,Nyanja_NM_Spk9_U_c0b62e32a2_Utterance_21,tsopano mungathe kumufunsa mafunso pa ukatukumeni dedalus,Nyanja_NM_Spk9_U_c0b62e32a2_Utterance_21_425_450.wav,6.155
NM,M,Spk9,U_c0b62e32a2,425_450,Nyanja_NM_Spk9_U_c0b62e32a2_Utterance_22,obvina a kaleacepetsedwa mzifuniro zao mkupita kwa nthawi,Nyanja_NM_Spk9_U_c0b62e32a2_Utterance_22_425_450.wav,6.635
NM,M,Spk9,U_c0b62e32a2,425_450,Nyanja_NM_Spk9_U_c0b62e32a2_Utterance_23,ndikupita ku bwalo ya milandu ball anayankha andalla,Nyanja_NM_Spk9_U_c0b62e32a2_Utterance_23_425_450.wav,5.225
NM,M,Spk9,U_c0b62e32a2,425_450,Nyanja_NM_Spk9_U_c0b62e32a2_Utterance_24,ndizabwera tsiku lina kuti ndizaonane ndi amuna anu ndifuna tikakambitsana pa za a kavalo,Nyanja_NM_Spk9_U_c0b62e32a2_Utterance_24_425_450.wav,9.575
NM,M,Spk9,U_c0b62e32a2,425_450,Nyanja_NM_Spk9_U_c0b62e32a2_Utterance_25,anathamangira mu mitengo naimitsa mzibambo wamtali ndi olimba koma ooonda,Nyanja_NM_Spk9_U_c0b62e32a2_Utterance_25_425_450.wav,7.97
NM,M,Spk9,U_c0b62e32a2,400_425,Nyanja_NM_Spk9_U_c0b62e32a2_Utterance_1,tsistsi yace inali yaulutsi wofilira ndipo inagwera mu khosi mwace zomangidwa zace zita oneka bwino,Nyanja_NM_Spk9_U_c0b62e32a2_Utterance_1_400_425.wav,1.79
NM,M,Spk9,U_c0b62e32a2,400_425,Nyanja_NM_Spk9_U_c0b62e32a2_Utterance_2,kuli m'modzi ndipo kulinso wina osedwa dudley ndi flint,Nyanja_NM_Spk9_U_c0b62e32a2_Utterance_2_400_425.wav,5.63
NM,M,Spk9,U_c0b62e32a2,400_425,Nyanja_NM_Spk9_U_c0b62e32a2_Utterance_3,pali izi madame anaceuka nazungulusa maso ace modabwa ca kumene kunali comte mofuna kuona cinali kucitika,Nyanja_NM_Spk9_U_c0b62e32a2_Utterance_3_400_425.wav,10.775
NM,M,Spk9,U_c0b62e32a2,400_425,Nyanja_NM_Spk9_U_c0b62e32a2_Utterance_4,mobwereza anasakira maganizo ace osati mopanda phindu ngati poyamba,Nyanja_NM_Spk9_U_c0b62e32a2_Utterance_4_400_425.wav,6.605
NM,M,Spk9,U_c0b62e32a2,400_425,Nyanja_NM_Spk9_U_c0b62e32a2_Utterance_5,tiyeni tinve zoganizirazo ndizafunafuna ambuni,Nyanja_NM_Spk9_U_c0b62e32a2_Utterance_5_400_425.wav,5.3
NM,M,Spk9,U_c0b62e32a2,400_425,Nyanja_NM_Spk9_U_c0b62e32a2_Utterance_6,kweni kweni sindiganiza kuti mwina anadziwa zambiri za izo bambo holmes,Nyanja_NM_Spk9_U_c0b62e32a2_Utterance_6_400_425.wav,8.27
NM,M,Spk9,U_c0b62e32a2,400_425,Nyanja_NM_Spk9_U_c0b62e32a2_Utterance_7,ndimatopa nazo kuona azibambo ndi akavalo akuyenda-yenda akuyenda-yenda,Nyanja_NM_Spk9_U_c0b62e32a2_Utterance_7_400_425.wav,6.785
NM,M,Spk9,U_c0b62e32a2,400_425,Nyanja_NM_Spk9_U_c0b62e32a2_Utterance_8,mu kuumitsa kwanga ndinasemera mcira pamwamba monga ngati ndi mutu,Nyanja_NM_Spk9_U_c0b62e32a2_Utterance_8_400_425.wav,6.695
NM,M,Spk9,U_c0b62e32a2,400_425,Nyanja_NM_Spk9_U_c0b62e32a2_Utterance_9,kulibe zina zambiri kopotsa izi kulibe ngakhale nzanja kumene ingathe kuikidwako,Nyanja_NM_Spk9_U_c0b62e32a2_Utterance_9_400_425.wav,8.87
NM,M,Spk9,U_c0b62e32a2,400_425,Nyanja_NM_Spk9_U_c0b62e32a2_Utterance_10,zithunzi-thunzi ca bwato/ngalawa cinali kuooneka poyera pa mwamba pa mafunde,Nyanja_NM_Spk9_U_c0b62e32a2_Utterance_10_400_425.wav,8.555
NM,M,Spk9,U_c0b62e32a2,400_425,Nyanja_NM_Spk9_U_c0b62e32a2_Utterance_11,anali kufuna kuonako ma buku atsopano ndi magazini ndi zolankhulapo za achifundo odziwika ndi zosinta zina,Nyanja_NM_Spk9_U_c0b62e32a2_Utterance_11_400_425.wav,12.185
NM,M,Spk9,U_c0b62e32a2,400_425,Nyanja_NM_Spk9_U_c0b62e32a2_Utterance_12,chimbalangondo  anagwedeza mbari za thupi lace ndipo mau odziwika anayankha,Nyanja_NM_Spk9_U_c0b62e32a2_Utterance_12_400_425.wav,8.18
NM,M,Spk9,U_c0b62e32a2,400_425,Nyanja_NM_Spk9_U_c0b62e32a2_Utterance_13,ndicabwino kuti iwe ulankhule bambo okalamba anayankha nyancito okwiya,Nyanja_NM_Spk9_U_c0b62e32a2_Utterance_13_400_425.wav,8.78
NM,M,Spk9,U_c0b62e32a2,400_425,Nyanja_NM_Spk9_U_c0b62e32a2_Utterance_14,mwatsopano iye alumpha pansi pa cipinda cake ndi mapondedwe anzeru,Nyanja_NM_Spk9_U_c0b62e32a2_Utterance_14_400_425.wav,6.965
NM,M,Spk9,U_c0b62e32a2,400_425,Nyanja_NM_Spk9_U_c0b62e32a2_Utterance_15,analankhula wopelekedza atalephera kudikila ndipo unali iwe umene ndinapatsa kacola moika ndalama zanga,Nyanja_NM_Spk9_U_c0b62e32a2_Utterance_15_400_425.wav,10.985
NM,M,Spk9,U_c0b62e32a2,400_425,Nyanja_NM_Spk9_U_c0b62e32a2_Utterance_16,hakoni kuzakhala nthawi zonse mlimi mzako,Nyanja_NM_Spk9_U_c0b62e32a2_Utterance_16_400_425.wav,4.22
NM,M,Spk9,U_c0b62e32a2,400_425,Nyanja_NM_Spk9_U_c0b62e32a2_Utterance_17,pothera peni peni kuphatikidzidwa ka thonje kunaoneka kwa ena aliyense ngati cilungamo cotsimikidzidwa ndipo cina konzedwa kupita ku boma la pamwamba,Nyanja_NM_Spk9_U_c0b62e32a2_Utterance_17_400_425.wav,13.13
NM,M,Spk9,U_c0b62e32a2,400_425,Nyanja_NM_Spk9_U_c0b62e32a2_Utterance_18,zizindikiro zosaoneka zonse za nkhani imeniyi za zocitika za panopa zaonetsedwa kale,Nyanja_NM_Spk9_U_c0b62e32a2_Utterance_18_400_425.wav,8.615
NM,M,Spk9,U_c0b62e32a2,400_425,Nyanja_NM_Spk9_U_c0b62e32a2_Utterance_19,pamenepo lake anaseka mosakweza mau  ali kupenyabe pa khadi ya masewera a njuga ndi maso ace ochenjera,Nyanja_NM_Spk9_U_c0b62e32a2_Utterance_19_400_425.wav,2.015
NM,M,Spk9,U_c0b62e32a2,400_425,Nyanja_NM_Spk9_U_c0b62e32a2_Utterance_20,ngati nzika yapadera ndizakhala ngati cisanzo camwambo poti ngati sininacite tero zimenezo zinghalete mabvuto oopysa,Nyanja_NM_Spk9_U_c0b62e32a2_Utterance_20_400_425.wav,10.805
NM,M,Spk9,U_c0b62e32a2,400_425,Nyanja_NM_Spk9_U_c0b62e32a2_Utterance_21,thonje ndi cinthu cabwino si anyamata iye anatero poyamba,Nyanja_NM_Spk9_U_c0b62e32a2_Utterance_21_400_425.wav,4.685
NM,M,Spk9,U_c0b62e32a2,400_425,Nyanja_NM_Spk9_U_c0b62e32a2_Utterance_22,bill harmon anakuwa mokweza kwa akazi ace pamene anali kupita pa holo yotsanikidwa bwino,Nyanja_NM_Spk9_U_c0b62e32a2_Utterance_22_400_425.wav,8.99
NM,M,Spk9,U_c0b62e32a2,400_425,Nyanja_NM_Spk9_U_c0b62e32a2_Utterance_23,inde wokondedwa wanga watson ndakwanitsa kuziwa cinsinsi (zobisika),Nyanja_NM_Spk9_U_c0b62e32a2_Utterance_23_400_425.wav,6.365
NM,M,Spk9,U_c0b62e32a2,400_425,Nyanja_NM_Spk9_U_c0b62e32a2_Utterance_24,inde ndakhala kuno pa kotala wa ola ino anayankha la vallierie,Nyanja_NM_Spk9_U_c0b62e32a2_Utterance_24_400_425.wav,7.25
NM,M,Spk9,U_c0b62e32a2,400_425,Nyanja_NM_Spk9_U_c0b62e32a2_Utterance_25,sindingathe kupweteka ciliconse ndidzindikila sitizasokoneza cina cili conse munjira iliyonse,Nyanja_NM_Spk9_U_c0b62e32a2_Utterance_25_400_425.wav,8.375
NM,M,Spk9,U_e350b0fa0f,425_450,Nyanja_NM_Spk9_U_e350b0fa0f_Utterance_1,paulo anyadira mpingo wace osati cifukwa ca kuyamikidwa kwace koma kuyamikidwa kwa ambuye,Nyanja_NM_Spk9_U_e350b0fa0f_Utterance_1_425_450.wav,11.761
NM,M,Spk9,U_e350b0fa0f,425_450,Nyanja_NM_Spk9_U_e350b0fa0f_Utterance_2,koma sindinu munthuamene adziwa kukonda  okendedwa wanga,Nyanja_NM_Spk9_U_e350b0fa0f_Utterance_2_425_450.wav,7.93
NM,M,Spk9,U_e350b0fa0f,425_450,Nyanja_NM_Spk9_U_e350b0fa0f_Utterance_3,alexander anaima nazigwedeza mokwiiya inde ndiziwa kuti ndine wamantha,Nyanja_NM_Spk9_U_e350b0fa0f_Utterance_3_425_450.wav,9.799
NM,M,Spk9,U_e350b0fa0f,425_450,Nyanja_NM_Spk9_U_e350b0fa0f_Utterance_4,oopani inu cifukwa ndizatsowa ndipo simuzandionanso,Nyanja_NM_Spk9_U_e350b0fa0f_Utterance_4_425_450.wav,7.326
NM,M,Spk9,U_e350b0fa0f,425_450,Nyanja_NM_Spk9_U_e350b0fa0f_Utterance_5,sungani mau anga muzamupeza ali olimba koposa kwa iwe aye ndipo wakuya kwambiri,Nyanja_NM_Spk9_U_e350b0fa0f_Utterance_5_425_450.wav,10.275
NM,M,Spk9,U_e350b0fa0f,425_450,Nyanja_NM_Spk9_U_e350b0fa0f_Utterance_6,khalani m'malo mwanu ndipo tione  cimene galasi litha kukuonetsani,Nyanja_NM_Spk9_U_e350b0fa0f_Utterance_6_425_450.wav,8.634
NM,M,Spk9,U_e350b0fa0f,425_450,Nyanja_NM_Spk9_U_e350b0fa0f_Utterance_7,mungathe kuyamba ndi kunyamula ndodo ndikulemba ma numbala,Nyanja_NM_Spk9_U_e350b0fa0f_Utterance_7_425_450.wav,8.046
NM,M,Spk9,U_e350b0fa0f,425_450,Nyanja_NM_Spk9_U_e350b0fa0f_Utterance_8,ndinali wofulumira kuti ndibwere kwa iwe wasiya citseko cako cosakhomedwa,Nyanja_NM_Spk9_U_e350b0fa0f_Utterance_8_425_450.wav,9.636
NM,M,Spk9,U_e350b0fa0f,425_450,Nyanja_NM_Spk9_U_e350b0fa0f_Utterance_9,ino tsopano ndi nthawi ya mpepo kunja kwa zitseko unaganiza mtengo,Nyanja_NM_Spk9_U_e350b0fa0f_Utterance_9_425_450.wav,8.615
NM,M,Spk9,U_e350b0fa0f,425_450,Nyanja_NM_Spk9_U_e350b0fa0f_Utterance_10,pamene ndinali munyamata wa cicepeele ndinali kuganiza kuti paulo anali kucita/kupanga zambiri mu utumiki wace,Nyanja_NM_Spk9_U_e350b0fa0f_Utterance_10_425_450.wav,13.34
NM,M,Spk9,U_e350b0fa0f,425_450,Nyanja_NM_Spk9_U_e350b0fa0f_Utterance_11,ndi zimenezi zomwe ndikukupempha kuti usinthe pa zooipa zimene wandicita,Nyanja_NM_Spk9_U_e350b0fa0f_Utterance_11_425_450.wav,10.089
NM,M,Spk9,U_e350b0fa0f,425_450,Nyanja_NM_Spk9_U_e350b0fa0f_Utterance_12,nthawi yonseyo imene ali kulankhula naine maso ake ang'ono-ang'ono ndiponso okwiya anali kundisata,Nyanja_NM_Spk9_U_e350b0fa0f_Utterance_12_425_450.wav,6.583
NM,M,Spk9,U_e350b0fa0f,425_450,Nyanja_NM_Spk9_U_e350b0fa0f_Utterance_13,ndikhumba kuti sindinalire kwambiri anatero alice ali kusambira pofuna kupeza pocookera,Nyanja_NM_Spk9_U_e350b0fa0f_Utterance_13_425_450.wav,10.74
NM,M,Spk9,U_e350b0fa0f,425_450,Nyanja_NM_Spk9_U_e350b0fa0f_Utterance_14,wokondedwa wanga ndiphunzitseko kukhala munthuoyamikira momwe iwe umacitira zabwino,Nyanja_NM_Spk9_U_e350b0fa0f_Utterance_14_425_450.wav,11.132
NM,M,Spk9,U_e350b0fa0f,425_450,Nyanja_NM_Spk9_U_e350b0fa0f_Utterance_15,ukali wa mzangayo sunacepelere kucokera pomwe analetsedwa kupezeka ku malo omwe iye anakondetsetsa omwe anali pafupi ndi kanjira kocedwa baker,Nyanja_NM_Spk9_U_e350b0fa0f_Utterance_15_425_450.wav,18.34
NM,M,Spk9,U_e350b0fa0f,425_450,Nyanja_NM_Spk9_U_e350b0fa0f_Utterance_16,ananvera kunjenjemera kwa cinthu cimene cinali cikuthamanga camaonekedwe a cikasu patsogoro pace,Nyanja_NM_Spk9_U_e350b0fa0f_Utterance_16_425_450.wav,13.375
NM,M,Spk9,U_e350b0fa0f,425_450,Nyanja_NM_Spk9_U_e350b0fa0f_Utterance_17,anakana poyamba kunva uphungu wosamala ici sicinali conyansa kulingana ndi cilengedwe ca mnyamatayu,Nyanja_NM_Spk9_U_e350b0fa0f_Utterance_17_425_450.wav,13.255
NM,M,Spk9,U_e350b0fa0f,425_450,Nyanja_NM_Spk9_U_e350b0fa0f_Utterance_18,kodi nciani khutu dziwa la madzi yoopsya kutengako mbali ku za cilengedwe,Nyanja_NM_Spk9_U_e350b0fa0f_Utterance_18_425_450.wav,9.532
NM,M,Spk9,U_e350b0fa0f,425_450,Nyanja_NM_Spk9_U_e350b0fa0f_Utterance_19,ngati zicitidwe za zinthu ndi zoletsedwa mwina kowawitsa sicikutanthauza kuti zicitidwezo ndi zosayenera,Nyanja_NM_Spk9_U_e350b0fa0f_Utterance_19_425_450.wav,14.245
NM,M,Spk9,U_e350b0fa0f,425_450,Nyanja_NM_Spk9_U_e350b0fa0f_Utterance_20,manyazi akugwireni nzika zinalira iye ine tinagwiridwa ndi manyazi cifukwa ca anzathu a ku nottingham,Nyanja_NM_Spk9_U_e350b0fa0f_Utterance_20_425_450.wav,14.129
NM,M,Spk9,U_e350b0fa0f,425_450,Nyanja_NM_Spk9_U_e350b0fa0f_Utterance_21,tsopano mungathe kumufunsa mafunso pa ukatukumeni dedalus,Nyanja_NM_Spk9_U_e350b0fa0f_Utterance_21_425_450.wav,6.989
NM,M,Spk9,U_e350b0fa0f,425_450,Nyanja_NM_Spk9_U_e350b0fa0f_Utterance_22,obvina a kaleacepetsedwa mzifuniro zao mkupita kwa nthawi,Nyanja_NM_Spk9_U_e350b0fa0f_Utterance_22_425_450.wav,8.331
NM,M,Spk9,U_e350b0fa0f,425_450,Nyanja_NM_Spk9_U_e350b0fa0f_Utterance_23,ndikupita ku bwalo ya milandu ball anayankha andalla,Nyanja_NM_Spk9_U_e350b0fa0f_Utterance_23_425_450.wav,7.786
NM,M,Spk9,U_e350b0fa0f,425_450,Nyanja_NM_Spk9_U_e350b0fa0f_Utterance_24,ndizabwera tsiku lina kuti ndizaonane ndi amuna anu ndifuna tikakambitsana pa za a kavalo,Nyanja_NM_Spk9_U_e350b0fa0f_Utterance_24_425_450.wav,13.642
NM,M,Spk9,U_e350b0fa0f,425_450,Nyanja_NM_Spk9_U_e350b0fa0f_Utterance_25,anathamangira mu mitengo naimitsa mzibambo wamtali ndi olimba koma ooonda,Nyanja_NM_Spk9_U_e350b0fa0f_Utterance_25_425_450.wav,10.356
NM,M,Spk9,U_e350b0fa0f,400_425,Nyanja_NM_Spk9_U_e350b0fa0f_Utterance_1,tsistsi yace inali yaulutsi wofilira ndipo inagwera mu khosi mwace zomangidwa zace zita oneka bwino,Nyanja_NM_Spk9_U_e350b0fa0f_Utterance_1_400_425.wav,9.288
NM,M,Spk9,U_e350b0fa0f,400_425,Nyanja_NM_Spk9_U_e350b0fa0f_Utterance_2,kuli m'modzi ndipo kulinso wina osedwa dudley ndi flint,Nyanja_NM_Spk9_U_e350b0fa0f_Utterance_2_400_425.wav,6.095
NM,M,Spk9,U_e350b0fa0f,400_425,Nyanja_NM_Spk9_U_e350b0fa0f_Utterance_3,pali izi madame anaceuka nazungulusa maso ace modabwa ca kumene kunali comte mofuna kuona cinali kucitika,Nyanja_NM_Spk9_U_e350b0fa0f_Utterance_3_400_425.wav,11.084
NM,M,Spk9,U_e350b0fa0f,400_425,Nyanja_NM_Spk9_U_e350b0fa0f_Utterance_4,mobwereza anasakira maganizo ace osati mopanda phindu ngati poyamba,Nyanja_NM_Spk9_U_e350b0fa0f_Utterance_4_400_425.wav,7.355
NM,M,Spk9,U_e350b0fa0f,400_425,Nyanja_NM_Spk9_U_e350b0fa0f_Utterance_5,tiyeni tinve zoganizirazo ndizafunafuna ambuni,Nyanja_NM_Spk9_U_e350b0fa0f_Utterance_5_400_425.wav,6.084
NM,M,Spk9,U_e350b0fa0f,400_425,Nyanja_NM_Spk9_U_e350b0fa0f_Utterance_6,kweni kweni sindiganiza kuti mwina anadziwa zambiri za izo bambo holmes,Nyanja_NM_Spk9_U_e350b0fa0f_Utterance_6_400_425.wav,8.253
NM,M,Spk9,U_e350b0fa0f,400_425,Nyanja_NM_Spk9_U_e350b0fa0f_Utterance_7,ndimatopa nazo kuona azibambo ndi akavalo akuyenda-yenda akuyenda-yenda,Nyanja_NM_Spk9_U_e350b0fa0f_Utterance_7_400_425.wav,9.005
NM,M,Spk9,U_e350b0fa0f,400_425,Nyanja_NM_Spk9_U_e350b0fa0f_Utterance_8,mu kuumitsa kwanga ndinasemera mcira pamwamba monga ngati ndi mutu,Nyanja_NM_Spk9_U_e350b0fa0f_Utterance_8_400_425.wav,8.683
NM,M,Spk9,U_e350b0fa0f,400_425,Nyanja_NM_Spk9_U_e350b0fa0f_Utterance_9,kulibe zina zambiri kopotsa izi kulibe ngakhale nzanja kumene ingathe kuikidwako,Nyanja_NM_Spk9_U_e350b0fa0f_Utterance_9_400_425.wav,8.96
NM,M,Spk9,U_e350b0fa0f,400_425,Nyanja_NM_Spk9_U_e350b0fa0f_Utterance_10,zithunzi-thunzi ca bwato/ngalawa cinali kuooneka poyera pa mwamba pa mafunde,Nyanja_NM_Spk9_U_e350b0fa0f_Utterance_10_400_425.wav,10.235
NM,M,Spk9,U_e350b0fa0f,400_425,Nyanja_NM_Spk9_U_e350b0fa0f_Utterance_11,anali kufuna kuonako ma buku atsopano ndi magazini ndi zolankhulapo za achifundo odziwika ndi zosinta zina,Nyanja_NM_Spk9_U_e350b0fa0f_Utterance_11_400_425.wav,15.43
NM,M,Spk9,U_e350b0fa0f,400_425,Nyanja_NM_Spk9_U_e350b0fa0f_Utterance_12,chimbalangondo  anagwedeza mbari za thupi lace ndipo mau odziwika anayankha,Nyanja_NM_Spk9_U_e350b0fa0f_Utterance_12_400_425.wav,11.073
NM,M,Spk9,U_e350b0fa0f,400_425,Nyanja_NM_Spk9_U_e350b0fa0f_Utterance_13,ndicabwino kuti iwe ulankhule bambo okalamba anayankha nyancito okwiya,Nyanja_NM_Spk9_U_e350b0fa0f_Utterance_13_400_425.wav,9.983
NM,M,Spk9,U_e350b0fa0f,400_425,Nyanja_NM_Spk9_U_e350b0fa0f_Utterance_14,mwatsopano iye alumpha pansi pa cipinda cake ndi mapondedwe anzeru,Nyanja_NM_Spk9_U_e350b0fa0f_Utterance_14_400_425.wav,8.847
NM,M,Spk9,U_e350b0fa0f,400_425,Nyanja_NM_Spk9_U_e350b0fa0f_Utterance_15,analankhula wopelekedza atalephera kudikila ndipo unali iwe umene ndinapatsa kacola moika ndalama zanga,Nyanja_NM_Spk9_U_e350b0fa0f_Utterance_15_400_425.wav,14.355
NM,M,Spk9,U_e350b0fa0f,400_425,Nyanja_NM_Spk9_U_e350b0fa0f_Utterance_16,hakoni kuzakhala nthawi zonse mlimi mzako,Nyanja_NM_Spk9_U_e350b0fa0f_Utterance_16_400_425.wav,6.142
NM,M,Spk9,U_e350b0fa0f,400_425,Nyanja_NM_Spk9_U_e350b0fa0f_Utterance_17,pothera peni peni kuphatikidzidwa ka thonje kunaoneka kwa ena aliyense ngati cilungamo cotsimikidzidwa ndipo cina konzedwa kupita ku boma la pamwamba,Nyanja_NM_Spk9_U_e350b0fa0f_Utterance_17_400_425.wav,19.563
NM,M,Spk9,U_e350b0fa0f,400_425,Nyanja_NM_Spk9_U_e350b0fa0f_Utterance_18,zizindikiro zosaoneka zonse za nkhani imeniyi za zocitika za panopa zaonetsedwa kale,Nyanja_NM_Spk9_U_e350b0fa0f_Utterance_18_400_425.wav,14.129
NM,M,Spk9,U_e350b0fa0f,400_425,Nyanja_NM_Spk9_U_e350b0fa0f_Utterance_19,pamenepo lake anaseka mosakweza mau  ali kupenyabe pa khadi ya masewera a njuga ndi maso ace ochenjera,Nyanja_NM_Spk9_U_e350b0fa0f_Utterance_19_400_425.wav,14.332
NM,M,Spk9,U_e350b0fa0f,400_425,Nyanja_NM_Spk9_U_e350b0fa0f_Utterance_20,ngati nzika yapadera ndizakhala ngati cisanzo camwambo poti ngati sininacite tero zimenezo zinghalete mabvuto oopysa,Nyanja_NM_Spk9_U_e350b0fa0f_Utterance_20_400_425.wav,15.542
NM,M,Spk9,U_e350b0fa0f,400_425,Nyanja_NM_Spk9_U_e350b0fa0f_Utterance_21,thonje ndi cinthu cabwino si anyamata iye anatero poyamba,Nyanja_NM_Spk9_U_e350b0fa0f_Utterance_21_400_425.wav,6.91
NM,M,Spk9,U_e350b0fa0f,400_425,Nyanja_NM_Spk9_U_e350b0fa0f_Utterance_22,bill harmon anakuwa mokweza kwa akazi ace pamene anali kupita pa holo yotsanikidwa bwino,Nyanja_NM_Spk9_U_e350b0fa0f_Utterance_22_400_425.wav,11.796
NM,M,Spk9,U_e350b0fa0f,400_425,Nyanja_NM_Spk9_U_e350b0fa0f_Utterance_23,inde wokondedwa wanga watson ndakwanitsa kuziwa cinsinsi (zobisika),Nyanja_NM_Spk9_U_e350b0fa0f_Utterance_23_400_425.wav,9.671
NM,M,Spk9,U_e350b0fa0f,400_425,Nyanja_NM_Spk9_U_e350b0fa0f_Utterance_24,inde ndakhala kuno pa kotala wa ola ino anayankha la vallierie,Nyanja_NM_Spk9_U_e350b0fa0f_Utterance_24_400_425.wav,9.787
NM,M,Spk9,U_e350b0fa0f,400_425,Nyanja_NM_Spk9_U_e350b0fa0f_Utterance_25,sindingathe kupweteka ciliconse ndidzindikila sitizasokoneza cina cili conse munjira iliyonse,Nyanja_NM_Spk9_U_e350b0fa0f_Utterance_25_400_425.wav,11.935
NM,M,Spk10,U_0d74e5d65a,450_475,Nyanja_NM_Spk10_U_0d74e5d65a_Utterance_1,kunva kwa ubwino wa ufulu ndipo ine ndinali maso komweko,Nyanja_NM_Spk10_U_0d74e5d65a_Utterance_1_450_475.wav,6.245
NM,M,Spk10,U_0d74e5d65a,450_475,Nyanja_NM_Spk10_U_0d74e5d65a_Utterance_2,kunalibe ziri zonse zimene zinkanacitika koma kumabwelera mosakondwera tinayamba kumapita ca kumpoto,Nyanja_NM_Spk10_U_0d74e5d65a_Utterance_2_450_475.wav,10.775
NM,M,Spk10,U_0d74e5d65a,450_475,Nyanja_NM_Spk10_U_0d74e5d65a_Utterance_3,ici ndico cifukwa cimene kenneth ndi beti anamupezera akuchezetsana ndi mzimai wa cicepeele mun ngolo,Nyanja_NM_Spk10_U_0d74e5d65a_Utterance_3_450_475.wav,10.681
NM,M,Spk10,U_0d74e5d65a,450_475,Nyanja_NM_Spk10_U_0d74e5d65a_Utterance_4,hilda anamuona kucokera ku kona akunjenjemera ndiponso ali kubvutika namaona zithunzi-thunzi za kuda zoopya zimene zinaoneka mu maso ace,Nyanja_NM_Spk10_U_0d74e5d65a_Utterance_4_450_475.wav,13.685
NM,M,Spk10,U_0d74e5d65a,450_475,Nyanja_NM_Spk10_U_0d74e5d65a_Utterance_5,munganve kununkila kwa maluwa amuthengo amakhala onunkila nthawi zonse mvula itagwa,Nyanja_NM_Spk10_U_0d74e5d65a_Utterance_5_450_475.wav,9.365
NM,M,Spk10,U_0d74e5d65a,450_475,Nyanja_NM_Spk10_U_0d74e5d65a_Utterance_6,cona anauluma mwapang'ono pang'ono nanyamula mphoto lace ndi mafupa a mmano mwace  nathamangira pathengo kuti,Nyanja_NM_Spk10_U_0d74e5d65a_Utterance_6_450_475.wav,11.825
NM,M,Spk10,U_0d74e5d65a,450_475,Nyanja_NM_Spk10_U_0d74e5d65a_Utterance_7,akatundu athu ananyamulidwa pamenepo napelekedwa pansi pa sitima ndinathamanga ku kalowamo,Nyanja_NM_Spk10_U_0d74e5d65a_Utterance_7_450_475.wav,10.235
NM,M,Spk10,U_0d74e5d65a,450_475,Nyanja_NM_Spk10_U_0d74e5d65a_Utterance_8,kodi udziwa kuti ndinaganiza kuti kubvina modzindikir pang'ono utsiku walerokwanthawi yoyamba,Nyanja_NM_Spk10_U_0d74e5d65a_Utterance_8_450_475.wav,8.555
NM,M,Spk10,U_0d74e5d65a,450_475,Nyanja_NM_Spk10_U_0d74e5d65a_Utterance_9,kumwambako mcipinda ca odwara zola anagona pa khama laling'onop loyera,Nyanja_NM_Spk10_U_0d74e5d65a_Utterance_9_450_475.wav,8.495
NM,M,Spk10,U_0d74e5d65a,450_475,Nyanja_NM_Spk10_U_0d74e5d65a_Utterance_10,mwansanga mwansanga ndipo pakati pa ma bango aatali anayero montalais gwadani anthenias ndinu aatali kwambiri,Nyanja_NM_Spk10_U_0d74e5d65a_Utterance_10_450_475.wav,13.16
NM,M,Spk10,U_0d74e5d65a,450_475,Nyanja_NM_Spk10_U_0d74e5d65a_Utterance_11,pa mtengo wa kanjedza panali ma pilamidi atatu opangidwa ndi dongo ladothi lakuda,Nyanja_NM_Spk10_U_0d74e5d65a_Utterance_11_450_475.wav,8.465
NM,M,Spk10,U_0d74e5d65a,450_475,Nyanja_NM_Spk10_U_0d74e5d65a_Utterance_12,inde inde anayenda mofulumira ali kumguza dzanja lace mwapang'ono ali kumtengera kutali naye,Nyanja_NM_Spk10_U_0d74e5d65a_Utterance_12_450_475.wav,10.235
NM,M,Spk10,U_0d74e5d65a,450_475,Nyanja_NM_Spk10_U_0d74e5d65a_Utterance_13,mosokoneza ci gamuro cace zofuna zace pa maganizo chingachgook anali a mwamsangamsanga ndi acilungamoace pa,Nyanja_NM_Spk10_U_0d74e5d65a_Utterance_13_450_475.wav,12.83
NM,M,Spk10,U_0d74e5d65a,450_475,Nyanja_NM_Spk10_U_0d74e5d65a_Utterance_14,mwa mwai mwinanso infa ya kaffar ingathe kumuphunzitsa/ku muika m'malo,Nyanja_NM_Spk10_U_0d74e5d65a_Utterance_14_450_475.wav,9.395
NM,M,Spk10,U_0d74e5d65a,450_475,Nyanja_NM_Spk10_U_0d74e5d65a_Utterance_15,iye anamtenga m'manja mwake mosasamala kodi udziwa zomwe ndikutanthauza,Nyanja_NM_Spk10_U_0d74e5d65a_Utterance_15_450_475.wav,7.745
NM,M,Spk10,U_0d74e5d65a,450_475,Nyanja_NM_Spk10_U_0d74e5d65a_Utterance_16,pofuna kuti asamalile zofuna za zokanganazo  zoonongelatu apanga cilankhuro cankhondo cimene cili cosanveka bwino kwaonse,Nyanja_NM_Spk10_U_0d74e5d65a_Utterance_16_450_475.wav,15.665
NM,M,Spk10,U_0d74e5d65a,450_475,Nyanja_NM_Spk10_U_0d74e5d65a_Utterance_17,indetu analiko bwino utsiku ngakhale kuti sanali atagona bwino utsikuwo,Nyanja_NM_Spk10_U_0d74e5d65a_Utterance_17_450_475.wav,7.925
NM,M,Spk10,U_0d74e5d65a,450_475,Nyanja_NM_Spk10_U_0d74e5d65a_Utterance_18,robin anali okondwera cifukwa pa mene mwapatali anasiidwa ndi zida zao,Nyanja_NM_Spk10_U_0d74e5d65a_Utterance_18_450_475.wav,8.66
NM,M,Spk10,U_0d74e5d65a,450_475,Nyanja_NM_Spk10_U_0d74e5d65a_Utterance_19,palibe coopysa ciliconse ca onenelera  masewera amakono pa timaeus kugwera mu zosadziwika bwino akacenjeda atsopano monga gulu ya plato,Nyanja_NM_Spk10_U_0d74e5d65a_Utterance_19_450_475.wav,19.085
NM,M,Spk10,U_0d74e5d65a,450_475,Nyanja_NM_Spk10_U_0d74e5d65a_Utterance_20,kubvutika kwao sikuna neneledwe bwino ndi mbadwa wa anthu,Nyanja_NM_Spk10_U_0d74e5d65a_Utterance_20_450_475.wav,7.175
NM,M,Spk10,U_0d74e5d65a,450_475,Nyanja_NM_Spk10_U_0d74e5d65a_Utterance_21,nditha kukomooka dziwani kuti ngati ndiyenera kupeeza nchito yabwino kwambiri analila mtengo uli kusangalala,Nyanja_NM_Spk10_U_0d74e5d65a_Utterance_21_450_475.wav,11.465
NM,M,Spk10,U_0d74e5d65a,450_475,Nyanja_NM_Spk10_U_0d74e5d65a_Utterance_22,della anali ndi mn'gono wace  ocedwa maliya ndi msuweni wace ocedwa jani,Nyanja_NM_Spk10_U_0d74e5d65a_Utterance_22_450_475.wav,6.59
NM,M,Spk10,U_0d74e5d65a,450_475,Nyanja_NM_Spk10_U_0d74e5d65a_Utterance_23,osapeleka maganizo ako angwilyo kwa ayu mwana wa aja ocita zinthu pa siteji kopanda kulankhula,Nyanja_NM_Spk10_U_0d74e5d65a_Utterance_23_450_475.wav,10.205
NM,M,Spk10,U_0d74e5d65a,450_475,Nyanja_NM_Spk10_U_0d74e5d65a_Utterance_24,zolembedwa munsi sumner kwa shannon mwezi wa kolola caka ca 1856,Nyanja_NM_Spk10_U_0d74e5d65a_Utterance_24_450_475.wav,9.305
NM,M,Spk10,U_0d74e5d65a,450_475,Nyanja_NM_Spk10_U_0d74e5d65a_Utterance_25,kupyolera mu mvula ya usiku wakuda iye anamuimbira pa nsimbi za dzenera yace,Nyanja_NM_Spk10_U_0d74e5d65a_Utterance_25_450_475.wav,10.79
NM,M,Spk10,U_0d74e5d65a,475_500,Nyanja_NM_Spk10_U_0d74e5d65a_Utterance_1,anatsegula citseko naitana alendo athu awa pano tomu,Nyanja_NM_Spk10_U_0d74e5d65a_Utterance_1_475_500.wav,9.725
NM,M,Spk10,U_0d74e5d65a,475_500,Nyanja_NM_Spk10_U_0d74e5d65a_Utterance_2,atsogoleri ogwirizana mu zicitidwe zao anakhala osakhulupilika ndi mphanvu zao zoti apwanye mzinda,Nyanja_NM_Spk10_U_0d74e5d65a_Utterance_2_475_500.wav,12.575
NM,M,Spk10,U_0d74e5d65a,475_500,Nyanja_NM_Spk10_U_0d74e5d65a_Utterance_3,wa cipani ici edward mnyamata wa zaka khumi zisanu ndi ziwiri anapempha kumvelera cifundo konenetsa nayenso anaphedwa ndi hollani,Nyanja_NM_Spk10_U_0d74e5d65a_Utterance_3_475_500.wav,15.83
NM,M,Spk10,U_0d74e5d65a,475_500,Nyanja_NM_Spk10_U_0d74e5d65a_Utterance_4,anayetsa kuyeza ndi kuyezanso ma mbale za ma mita nasaata nthambo zonse zakafukufuku zomwe zingaganizilidwe koma zonsezo zinali mwacabe,Nyanja_NM_Spk10_U_0d74e5d65a_Utterance_4_475_500.wav,12.275
NM,M,Spk10,U_0d74e5d65a,475_500,Nyanja_NM_Spk10_U_0d74e5d65a_Utterance_5,philipo lefrank awa ndiye ondiyanganira bambo jago anatero mzibambo wacikulire ali kutiziwanitsa mwa wina wace,Nyanja_NM_Spk10_U_0d74e5d65a_Utterance_5_475_500.wav,13.025
NM,M,Spk10,U_0d74e5d65a,475_500,Nyanja_NM_Spk10_U_0d74e5d65a_Utterance_6,nthawi imeneyo cidzanja ca cikulu ca munthu ndipo cooneka bwinocinaoneka mosiyana pa mwamba pa dziwe la madzi lopangidwa(pondi),Nyanja_NM_Spk10_U_0d74e5d65a_Utterance_6_475_500.wav,9.755
NM,M,Spk10,U_0d74e5d65a,475_500,Nyanja_NM_Spk10_U_0d74e5d65a_Utterance_7,uyu mkhalidwe umapezeka konse ndipo maka-maka mwa aja amene amaziona kuti ndiopambana kopotsa ena,Nyanja_NM_Spk10_U_0d74e5d65a_Utterance_7_475_500.wav,9.47
NM,M,Spk10,U_0d74e5d65a,475_500,Nyanja_NM_Spk10_U_0d74e5d65a_Utterance_8,banja yokanikana ndipo yosagwirizana kwambiri pwando imene  sindinakhalepo nalo pa thebulo,Nyanja_NM_Spk10_U_0d74e5d65a_Utterance_8_475_500.wav,6.305
NM,M,Spk10,U_0d74e5d65a,475_500,Nyanja_NM_Spk10_U_0d74e5d65a_Utterance_9,inali imodzi mwa nthano yo lembedwa bwino ndipo yosangalatsa za bambo dumas,Nyanja_NM_Spk10_U_0d74e5d65a_Utterance_9_475_500.wav,11.585
NM,M,Spk10,U_0d74e5d65a,475_500,Nyanja_NM_Spk10_U_0d74e5d65a_Utterance_10,iye anaima ali kuimba mosakweza mau ace mu mphepo kumene anali kupita kukabvina nthawi yomweyo,Nyanja_NM_Spk10_U_0d74e5d65a_Utterance_10_475_500.wav,7.835
NM,M,Spk10,U_0d74e5d65a,475_500,Nyanja_NM_Spk10_U_0d74e5d65a_Utterance_11,si kamodzi kokha pamene analankhulapo pa utali kapena zobvuta za ulendo,Nyanja_NM_Spk10_U_0d74e5d65a_Utterance_11_475_500.wav,8.54
NM,M,Spk10,U_0d74e5d65a,475_500,Nyanja_NM_Spk10_U_0d74e5d65a_Utterance_12,sindifuna kungoimilira ndi kumaona,Nyanja_NM_Spk10_U_0d74e5d65a_Utterance_12_475_500.wav,16.79
NM,M,Spk10,U_0d74e5d65a,475_500,Nyanja_NM_Spk10_U_0d74e5d65a_Utterance_13,ngati kuti anali ataloledwa kuona phronsie mwakanthawi kocepa cabe,Nyanja_NM_Spk10_U_0d74e5d65a_Utterance_13_475_500.wav,7.565
NM,M,Spk10,U_0d74e5d65a,475_500,Nyanja_NM_Spk10_U_0d74e5d65a_Utterance_14,ofalitsa uthenga wina atakanana ndi zimene anacita pa maso pace ndi kulephera kucita zinthu moyenera analamula kuti nyimbo ya masalimo kuimbidwa,Nyanja_NM_Spk10_U_0d74e5d65a_Utterance_14_475_500.wav,12.71
NM,M,Spk10,U_0d74e5d65a,475_500,Nyanja_NM_Spk10_U_0d74e5d65a_Utterance_15,mupindikira kuli jane anafunsa mu mau osintidwa kodi akhala mtsikana wa bwino jane,Nyanja_NM_Spk10_U_0d74e5d65a_Utterance_15_475_500.wav,4.83
NM,M,Spk10,U_0d74e5d65a,475_500,Nyanja_NM_Spk10_U_0d74e5d65a_Utterance_16,kodi unapitako ku mzinda wa paris mwapafupi-pafupi zaka zapitazi,Nyanja_NM_Spk10_U_0d74e5d65a_Utterance_16_475_500.wav,15.41
NM,M,Spk10,U_0d74e5d65a,475_500,Nyanja_NM_Spk10_U_0d74e5d65a_Utterance_17,zicitidwe ndi maganizidwe a zocita za timaeus ndizosiyana kopambana ndi zina mwa zalanhula za plato,Nyanja_NM_Spk10_U_0d74e5d65a_Utterance_17_475_500.wav,11.33
NM,M,Spk10,U_0d74e5d65a,475_500,Nyanja_NM_Spk10_U_0d74e5d65a_Utterance_18,iye anaciponya pansi natenga comwe cinakonkhapo,Nyanja_NM_Spk10_U_0d74e5d65a_Utterance_18_475_500.wav,7.175
NM,M,Spk10,U_0d74e5d65a,475_500,Nyanja_NM_Spk10_U_0d74e5d65a_Utterance_19,apo ndipo panagwera kufunsidwa kodetsa nkhawa amai fitzooth akubvomereza ndi kukaana nchito ya opelekedza mukapemedwe,Nyanja_NM_Spk10_U_0d74e5d65a_Utterance_19_475_500.wav,9.844
NM,M,Spk10,U_0d74e5d65a,475_500,Nyanja_NM_Spk10_U_0d74e5d65a_Utterance_20,iye anakhala akuunguza pa kanthawi ndipo anati ai sindiganiza tero koma ndine wosangalara pakuti mwandifunsa,Nyanja_NM_Spk10_U_0d74e5d65a_Utterance_20_475_500.wav,5.945
NM,M,Spk10,U_0d74e5d65a,475_500,Nyanja_NM_Spk10_U_0d74e5d65a_Utterance_21,ndizakhala okondwera kutenga ulamuliro pa iwo anatero bambo ferdinando,Nyanja_NM_Spk10_U_0d74e5d65a_Utterance_21_475_500.wav,13.445
NM,M,Spk10,U_0d74e5d65a,475_500,Nyanja_NM_Spk10_U_0d74e5d65a_Utterance_22,sizinali kuti analankhura conco koma kuti ndinadziwa sanatero ndinasimikiza ndinali kuona,Nyanja_NM_Spk10_U_0d74e5d65a_Utterance_22_475_500.wav,12.425
NM,M,Spk10,U_0d74e5d65a,475_500,Nyanja_NM_Spk10_U_0d74e5d65a_Utterance_23,inde koma mwanamwace ndinamuopysa munjira yotani,Nyanja_NM_Spk10_U_0d74e5d65a_Utterance_23_475_500.wav,6.395
NM,M,Spk10,U_0d74e5d65a,475_500,Nyanja_NM_Spk10_U_0d74e5d65a_Utterance_24,frank anawerenga cingelezi mwapang'ono -pan'gono ndipo kulingana ndi unyingi wa mau emwe adawerenga ukali wace unapitira patsogoro,Nyanja_NM_Spk10_U_0d74e5d65a_Utterance_24_475_500.wav,4.265
NM,M,Spk10,U_0d74e5d65a,475_500,Nyanja_NM_Spk10_U_0d74e5d65a_Utterance_25,ndidziwa analira polly mobvutikira ali kuyetsetsa kuleka kulira sindizacita ndiponso sindizakuthokozani,Nyanja_NM_Spk10_U_0d74e5d65a_Utterance_25_475_500.wav,9.74
NM,M,Spk10,U_8b0d135fb7,450_475,Nyanja_NM_Spk10_U_8b0d135fb7_Utterance_1,kunva kwa ubwino wa ufulu ndipo ine ndinali maso komweko,Nyanja_NM_Spk10_U_8b0d135fb7_Utterance_1_450_475.wav,6.965
NM,M,Spk10,U_8b0d135fb7,450_475,Nyanja_NM_Spk10_U_8b0d135fb7_Utterance_2,kunalibe ziri zonse zimene zinkanacitika koma kumabwelera mosakondwera tinayamba kumapita ca kumpoto,Nyanja_NM_Spk10_U_8b0d135fb7_Utterance_2_450_475.wav,12.065
NM,M,Spk10,U_8b0d135fb7,450_475,Nyanja_NM_Spk10_U_8b0d135fb7_Utterance_3,ici ndico cifukwa cimene kenneth ndi beti anamupezera akuchezetsana ndi mzimai wa cicepeele mun ngolo,Nyanja_NM_Spk10_U_8b0d135fb7_Utterance_3_450_475.wav,11.54
NM,M,Spk10,U_8b0d135fb7,450_475,Nyanja_NM_Spk10_U_8b0d135fb7_Utterance_4,hilda anamuona kucokera ku kona akunjenjemera ndiponso ali kubvutika namaona zithunzi-thunzi za kuda zoopya zimene zinaoneka mu maso ace,Nyanja_NM_Spk10_U_8b0d135fb7_Utterance_4_450_475.wav,18.545
NM,M,Spk10,U_8b0d135fb7,450_475,Nyanja_NM_Spk10_U_8b0d135fb7_Utterance_5,munganve kununkila kwa maluwa amuthengo amakhala onunkila nthawi zonse mvula itagwa,Nyanja_NM_Spk10_U_8b0d135fb7_Utterance_5_450_475.wav,9.32
NM,M,Spk10,U_8b0d135fb7,450_475,Nyanja_NM_Spk10_U_8b0d135fb7_Utterance_6,cona anauluma mwapang'ono pang'ono nanyamula mphoto lace ndi mafupa a mmano mwace  nathamangira pathengo kuti,Nyanja_NM_Spk10_U_8b0d135fb7_Utterance_6_450_475.wav,13.025
NM,M,Spk10,U_8b0d135fb7,450_475,Nyanja_NM_Spk10_U_8b0d135fb7_Utterance_7,akatundu athu ananyamulidwa pamenepo napelekedwa pansi pa sitima ndinathamanga ku kalowamo,Nyanja_NM_Spk10_U_8b0d135fb7_Utterance_7_450_475.wav,11.645
NM,M,Spk10,U_8b0d135fb7,450_475,Nyanja_NM_Spk10_U_8b0d135fb7_Utterance_8,kodi udziwa kuti ndinaganiza kuti kubvina modzindikir pang'ono utsiku walerokwanthawi yoyamba,Nyanja_NM_Spk10_U_8b0d135fb7_Utterance_8_450_475.wav,11.6
NM,M,Spk10,U_8b0d135fb7,450_475,Nyanja_NM_Spk10_U_8b0d135fb7_Utterance_9,kumwambako mcipinda ca odwara zola anagona pa khama laling'onop loyera,Nyanja_NM_Spk10_U_8b0d135fb7_Utterance_9_450_475.wav,9.74
NM,M,Spk10,U_8b0d135fb7,450_475,Nyanja_NM_Spk10_U_8b0d135fb7_Utterance_10,mwansanga mwansanga ndipo pakati pa ma bango aatali anayero montalais gwadani anthenias ndinu aatali kwambiri,Nyanja_NM_Spk10_U_8b0d135fb7_Utterance_10_450_475.wav,13.52
NM,M,Spk10,U_8b0d135fb7,450_475,Nyanja_NM_Spk10_U_8b0d135fb7_Utterance_11,pa mtengo wa kanjedza panali ma pilamidi atatu opangidwa ndi dongo ladothi lakuda,Nyanja_NM_Spk10_U_8b0d135fb7_Utterance_11_450_475.wav,9.425
NM,M,Spk10,U_8b0d135fb7,450_475,Nyanja_NM_Spk10_U_8b0d135fb7_Utterance_12,inde inde anayenda mofulumira ali kumguza dzanja lace mwapang'ono ali kumtengera kutali naye,Nyanja_NM_Spk10_U_8b0d135fb7_Utterance_12_450_475.wav,11.615
NM,M,Spk10,U_8b0d135fb7,450_475,Nyanja_NM_Spk10_U_8b0d135fb7_Utterance_13,mosokoneza ci gamuro cace zofuna zace pa maganizo chingachgook anali a mwamsangamsanga ndi acilungamoace pa,Nyanja_NM_Spk10_U_8b0d135fb7_Utterance_13_450_475.wav,12.065
NM,M,Spk10,U_8b0d135fb7,450_475,Nyanja_NM_Spk10_U_8b0d135fb7_Utterance_14,mwa mwai mwinanso infa ya kaffar ingathe kumuphunzitsa/ku muika m'malo,Nyanja_NM_Spk10_U_8b0d135fb7_Utterance_14_450_475.wav,9.77
NM,M,Spk10,U_8b0d135fb7,450_475,Nyanja_NM_Spk10_U_8b0d135fb7_Utterance_15,iye anamtenga m'manja mwake mosasamala kodi udziwa zomwe ndikutanthauza,Nyanja_NM_Spk10_U_8b0d135fb7_Utterance_15_450_475.wav,9.485
NM,M,Spk10,U_8b0d135fb7,450_475,Nyanja_NM_Spk10_U_8b0d135fb7_Utterance_16,pofuna kuti asamalile zofuna za zokanganazo  zoonongelatu apanga cilankhuro cankhondo cimene cili cosanveka bwino kwaonse,Nyanja_NM_Spk10_U_8b0d135fb7_Utterance_16_450_475.wav,15.155
NM,M,Spk10,U_8b0d135fb7,450_475,Nyanja_NM_Spk10_U_8b0d135fb7_Utterance_17,indetu analiko bwino utsiku ngakhale kuti sanali atagona bwino utsikuwo,Nyanja_NM_Spk10_U_8b0d135fb7_Utterance_17_450_475.wav,9.14
NM,M,Spk10,U_8b0d135fb7,450_475,Nyanja_NM_Spk10_U_8b0d135fb7_Utterance_18,robin anali okondwera cifukwa pa mene mwapatali anasiidwa ndi zida zao,Nyanja_NM_Spk10_U_8b0d135fb7_Utterance_18_450_475.wav,8.735
NM,M,Spk10,U_8b0d135fb7,450_475,Nyanja_NM_Spk10_U_8b0d135fb7_Utterance_19,palibe coopysa ciliconse ca onenelera  masewera amakono pa timaeus kugwera mu zosadziwika bwino akacenjeda atsopano monga gulu ya plato,Nyanja_NM_Spk10_U_8b0d135fb7_Utterance_19_450_475.wav,18.65
NM,M,Spk10,U_8b0d135fb7,450_475,Nyanja_NM_Spk10_U_8b0d135fb7_Utterance_20,kubvutika kwao sikuna neneledwe bwino ndi mbadwa wa anthu,Nyanja_NM_Spk10_U_8b0d135fb7_Utterance_20_450_475.wav,6.89
NM,M,Spk10,U_8b0d135fb7,450_475,Nyanja_NM_Spk10_U_8b0d135fb7_Utterance_21,nditha kukomooka dziwani kuti ngati ndiyenera kupeeza nchito yabwino kwambiri analila mtengo uli kusangalala,Nyanja_NM_Spk10_U_8b0d135fb7_Utterance_21_450_475.wav,12.8
NM,M,Spk10,U_8b0d135fb7,450_475,Nyanja_NM_Spk10_U_8b0d135fb7_Utterance_22,della anali ndi mn'gono wace  ocedwa maliya ndi msuweni wace ocedwa jani,Nyanja_NM_Spk10_U_8b0d135fb7_Utterance_22_450_475.wav,9.62
NM,M,Spk10,U_8b0d135fb7,450_475,Nyanja_NM_Spk10_U_8b0d135fb7_Utterance_23,osapeleka maganizo ako angwilyo kwa ayu mwana wa aja ocita zinthu pa siteji kopanda kulankhula,Nyanja_NM_Spk10_U_8b0d135fb7_Utterance_23_450_475.wav,11.761
NM,M,Spk10,U_8b0d135fb7,450_475,Nyanja_NM_Spk10_U_8b0d135fb7_Utterance_24,zolembedwa munsi sumner kwa shannon mwezi wa kolola caka ca 1856,Nyanja_NM_Spk10_U_8b0d135fb7_Utterance_24_450_475.wav,8.165
NM,M,Spk10,U_8b0d135fb7,450_475,Nyanja_NM_Spk10_U_8b0d135fb7_Utterance_25,kupyolera mu mvula ya usiku wakuda iye anamuimbira pa nsimbi za dzenera yace,Nyanja_NM_Spk10_U_8b0d135fb7_Utterance_25_450_475.wav,9.8
NM,M,Spk10,U_8b0d135fb7,475_500,Nyanja_NM_Spk10_U_8b0d135fb7_Utterance_1,anatsegula citseko naitana alendo athu awa pano tomu,Nyanja_NM_Spk10_U_8b0d135fb7_Utterance_1_475_500.wav,7.16
NM,M,Spk10,U_8b0d135fb7,475_500,Nyanja_NM_Spk10_U_8b0d135fb7_Utterance_2,atsogoleri ogwirizana mu zicitidwe zao anakhala osakhulupilika ndi mphanvu zao zoti apwanye mzinda,Nyanja_NM_Spk10_U_8b0d135fb7_Utterance_2_475_500.wav,13.46
NM,M,Spk10,U_8b0d135fb7,475_500,Nyanja_NM_Spk10_U_8b0d135fb7_Utterance_3,wa cipani ici edward mnyamata wa zaka khumi zisanu ndi ziwiri anapempha kumvelera cifundo konenetsa nayenso anaphedwa ndi hollani,Nyanja_NM_Spk10_U_8b0d135fb7_Utterance_3_475_500.wav,15.62
NM,M,Spk10,U_8b0d135fb7,475_500,Nyanja_NM_Spk10_U_8b0d135fb7_Utterance_4,anayetsa kuyeza ndi kuyezanso ma mbale za ma mita nasaata nthambo zonse zakafukufuku zomwe zingaganizilidwe koma zonsezo zinali mwacabe,Nyanja_NM_Spk10_U_8b0d135fb7_Utterance_4_475_500.wav,17.12
NM,M,Spk10,U_8b0d135fb7,475_500,Nyanja_NM_Spk10_U_8b0d135fb7_Utterance_5,philipo lefrank awa ndiye ondiyanganira bambo jago anatero mzibambo wacikulire ali kutiziwanitsa mwa wina wace,Nyanja_NM_Spk10_U_8b0d135fb7_Utterance_5_475_500.wav,13.895
NM,M,Spk10,U_8b0d135fb7,475_500,Nyanja_NM_Spk10_U_8b0d135fb7_Utterance_6,nthawi imeneyo cidzanja ca cikulu ca munthu ndipo cooneka bwinocinaoneka mosiyana pa mwamba pa dziwe la madzi lopangidwa(pondi),Nyanja_NM_Spk10_U_8b0d135fb7_Utterance_6_475_500.wav,15.708
NM,M,Spk10,U_8b0d135fb7,475_500,Nyanja_NM_Spk10_U_8b0d135fb7_Utterance_7,uyu mkhalidwe umapezeka konse ndipo maka-maka mwa aja amene amaziona kuti ndiopambana kopotsa ena,Nyanja_NM_Spk10_U_8b0d135fb7_Utterance_7_475_500.wav,11.375
NM,M,Spk10,U_8b0d135fb7,475_500,Nyanja_NM_Spk10_U_8b0d135fb7_Utterance_8,banja yokanikana ndipo yosagwirizana kwambiri pwando imene  sindinakhalepo nalo pa thebulo,Nyanja_NM_Spk10_U_8b0d135fb7_Utterance_8_475_500.wav,9.334
NM,M,Spk10,U_8b0d135fb7,475_500,Nyanja_NM_Spk10_U_8b0d135fb7_Utterance_9,inali imodzi mwa nthano yo lembedwa bwino ndipo yosangalatsa za bambo dumas,Nyanja_NM_Spk10_U_8b0d135fb7_Utterance_9_475_500.wav,8.885
NM,M,Spk10,U_8b0d135fb7,475_500,Nyanja_NM_Spk10_U_8b0d135fb7_Utterance_10,iye anaima ali kuimba mosakweza mau ace mu mphepo kumene anali kupita kukabvina nthawi yomweyo,Nyanja_NM_Spk10_U_8b0d135fb7_Utterance_10_475_500.wav,11.795
NM,M,Spk10,U_8b0d135fb7,475_500,Nyanja_NM_Spk10_U_8b0d135fb7_Utterance_11,si kamodzi kokha pamene analankhulapo pa utali kapena zobvuta za ulendo,Nyanja_NM_Spk10_U_8b0d135fb7_Utterance_11_475_500.wav,7.235
NM,M,Spk10,U_8b0d135fb7,475_500,Nyanja_NM_Spk10_U_8b0d135fb7_Utterance_12,sindifuna kungoimilira ndi kumaona,Nyanja_NM_Spk10_U_8b0d135fb7_Utterance_12_475_500.wav,4.31
NM,M,Spk10,U_8b0d135fb7,475_500,Nyanja_NM_Spk10_U_8b0d135fb7_Utterance_13,ngati kuti anali ataloledwa kuona phronsie mwakanthawi kocepa cabe,Nyanja_NM_Spk10_U_8b0d135fb7_Utterance_13_475_500.wav,8.24
NM,M,Spk10,U_8b0d135fb7,475_500,Nyanja_NM_Spk10_U_8b0d135fb7_Utterance_14,ofalitsa uthenga wina atakanana ndi zimene anacita pa maso pace ndi kulephera kucita zinthu moyenera analamula kuti nyimbo ya masalimo kuimbidwa,Nyanja_NM_Spk10_U_8b0d135fb7_Utterance_14_475_500.wav,15.47
NM,M,Spk10,U_8b0d135fb7,475_500,Nyanja_NM_Spk10_U_8b0d135fb7_Utterance_15,mupindikira kuli jane anafunsa mu mau osintidwa kodi akhala mtsikana wa bwino jane,Nyanja_NM_Spk10_U_8b0d135fb7_Utterance_15_475_500.wav,9.425
NM,M,Spk10,U_8b0d135fb7,475_500,Nyanja_NM_Spk10_U_8b0d135fb7_Utterance_16,kodi unapitako ku mzinda wa paris mwapafupi-pafupi zaka zapitazi,Nyanja_NM_Spk10_U_8b0d135fb7_Utterance_16_475_500.wav,7.73
NM,M,Spk10,U_8b0d135fb7,475_500,Nyanja_NM_Spk10_U_8b0d135fb7_Utterance_17,zicitidwe ndi maganizidwe a zocita za timaeus ndizosiyana kopambana ndi zina mwa zalanhula za plato,Nyanja_NM_Spk10_U_8b0d135fb7_Utterance_17_475_500.wav,10.345
NM,M,Spk10,U_8b0d135fb7,475_500,Nyanja_NM_Spk10_U_8b0d135fb7_Utterance_18,iye anaciponya pansi natenga comwe cinakonkhapo,Nyanja_NM_Spk10_U_8b0d135fb7_Utterance_18_475_500.wav,6.11
NM,M,Spk10,U_8b0d135fb7,475_500,Nyanja_NM_Spk10_U_8b0d135fb7_Utterance_19,apo ndipo panagwera kufunsidwa kodetsa nkhawa amai fitzooth akubvomereza ndi kukaana nchito ya opelekedza mukapemedwe,Nyanja_NM_Spk10_U_8b0d135fb7_Utterance_19_475_500.wav,13.985
NM,M,Spk10,U_8b0d135fb7,475_500,Nyanja_NM_Spk10_U_8b0d135fb7_Utterance_20,iye anakhala akuunguza pa kanthawi ndipo anati ai sindiganiza tero koma ndine wosangalara pakuti mwandifunsa,Nyanja_NM_Spk10_U_8b0d135fb7_Utterance_20_475_500.wav,11.465
NM,M,Spk10,U_8b0d135fb7,475_500,Nyanja_NM_Spk10_U_8b0d135fb7_Utterance_21,ndizakhala okondwera kutenga ulamuliro pa iwo anatero bambo ferdinando,Nyanja_NM_Spk10_U_8b0d135fb7_Utterance_21_475_500.wav,6.769
NM,M,Spk10,U_8b0d135fb7,475_500,Nyanja_NM_Spk10_U_8b0d135fb7_Utterance_22,sizinali kuti analankhura conco koma kuti ndinadziwa sanatero ndinasimikiza ndinali kuona,Nyanja_NM_Spk10_U_8b0d135fb7_Utterance_22_475_500.wav,8.406
NM,M,Spk10,U_8b0d135fb7,475_500,Nyanja_NM_Spk10_U_8b0d135fb7_Utterance_23,inde koma mwanamwace ndinamuopysa munjira yotani,Nyanja_NM_Spk10_U_8b0d135fb7_Utterance_23_475_500.wav,4.586
NM,M,Spk10,U_8b0d135fb7,475_500,Nyanja_NM_Spk10_U_8b0d135fb7_Utterance_24,frank anawerenga cingelezi mwapang'ono -pan'gono ndipo kulingana ndi unyingi wa mau emwe adawerenga ukali wace unapitira patsogoro,Nyanja_NM_Spk10_U_8b0d135fb7_Utterance_24_475_500.wav,13.305
NM,M,Spk10,U_8b0d135fb7,475_500,Nyanja_NM_Spk10_U_8b0d135fb7_Utterance_25,ndidziwa analira polly mobvutikira ali kuyetsetsa kuleka kulira sindizacita ndiponso sindizakuthokozani,Nyanja_NM_Spk10_U_8b0d135fb7_Utterance_25_475_500.wav,10.1
NM,M,Spk10,U_9bb3f5b8fb,450_475,Nyanja_NM_Spk10_U_9bb3f5b8fb_Utterance_1,kunva kwa ubwino wa ufulu ndipo ine ndinali maso komweko,Nyanja_NM_Spk10_U_9bb3f5b8fb_Utterance_1_450_475.wav,9.567
NM,M,Spk10,U_9bb3f5b8fb,450_475,Nyanja_NM_Spk10_U_9bb3f5b8fb_Utterance_2,kunalibe ziri zonse zimene zinkanacitika koma kumabwelera mosakondwera tinayamba kumapita ca kumpoto,Nyanja_NM_Spk10_U_9bb3f5b8fb_Utterance_2_450_475.wav,8.684
NM,M,Spk10,U_9bb3f5b8fb,450_475,Nyanja_NM_Spk10_U_9bb3f5b8fb_Utterance_3,ici ndico cifukwa cimene kenneth ndi beti anamupezera akuchezetsana ndi mzimai wa cicepeele mun ngolo,Nyanja_NM_Spk10_U_9bb3f5b8fb_Utterance_3_450_475.wav,11.622
NM,M,Spk10,U_9bb3f5b8fb,450_475,Nyanja_NM_Spk10_U_9bb3f5b8fb_Utterance_4,hilda anamuona kucokera ku kona akunjenjemera ndiponso ali kubvutika namaona zithunzi-thunzi za kuda zoopya zimene zinaoneka mu maso ace,Nyanja_NM_Spk10_U_9bb3f5b8fb_Utterance_4_450_475.wav,13.711
NM,M,Spk10,U_9bb3f5b8fb,450_475,Nyanja_NM_Spk10_U_9bb3f5b8fb_Utterance_5,munganve kununkila kwa maluwa amuthengo amakhala onunkila nthawi zonse mvula itagwa,Nyanja_NM_Spk10_U_9bb3f5b8fb_Utterance_5_450_475.wav,12.527
NM,M,Spk10,U_9bb3f5b8fb,450_475,Nyanja_NM_Spk10_U_9bb3f5b8fb_Utterance_6,cona anauluma mwapang'ono pang'ono nanyamula mphoto lace ndi mafupa a mmano mwace  nathamangira pathengo kuti,Nyanja_NM_Spk10_U_9bb3f5b8fb_Utterance_6_450_475.wav,11.769
NM,M,Spk10,U_9bb3f5b8fb,450_475,Nyanja_NM_Spk10_U_9bb3f5b8fb_Utterance_7,akatundu athu ananyamulidwa pamenepo napelekedwa pansi pa sitima ndinathamanga ku kalowamo,Nyanja_NM_Spk10_U_9bb3f5b8fb_Utterance_7_450_475.wav,12.005
NM,M,Spk10,U_9bb3f5b8fb,450_475,Nyanja_NM_Spk10_U_9bb3f5b8fb_Utterance_8,kodi udziwa kuti ndinaganiza kuti kubvina modzindikir pang'ono utsiku walerokwanthawi yoyamba,Nyanja_NM_Spk10_U_9bb3f5b8fb_Utterance_8_450_475.wav,12.191
NM,M,Spk10,U_9bb3f5b8fb,450_475,Nyanja_NM_Spk10_U_9bb3f5b8fb_Utterance_9,kumwambako mcipinda ca odwara zola anagona pa khama laling'onop loyera,Nyanja_NM_Spk10_U_9bb3f5b8fb_Utterance_9_450_475.wav,7.514
NM,M,Spk10,U_9bb3f5b8fb,450_475,Nyanja_NM_Spk10_U_9bb3f5b8fb_Utterance_10,mwansanga mwansanga ndipo pakati pa ma bango aatali anayero montalais gwadani anthenias ndinu aatali kwambiri,Nyanja_NM_Spk10_U_9bb3f5b8fb_Utterance_10_450_475.wav,12.945
NM,M,Spk10,U_9bb3f5b8fb,450_475,Nyanja_NM_Spk10_U_9bb3f5b8fb_Utterance_11,pa mtengo wa kanjedza panali ma pilamidi atatu opangidwa ndi dongo ladothi lakuda,Nyanja_NM_Spk10_U_9bb3f5b8fb_Utterance_11_450_475.wav,14.34
NM,M,Spk10,U_9bb3f5b8fb,450_475,Nyanja_NM_Spk10_U_9bb3f5b8fb_Utterance_12,inde inde anayenda mofulumira ali kumguza dzanja lace mwapang'ono ali kumtengera kutali naye,Nyanja_NM_Spk10_U_9bb3f5b8fb_Utterance_12_450_475.wav,10.402
NM,M,Spk10,U_9bb3f5b8fb,450_475,Nyanja_NM_Spk10_U_9bb3f5b8fb_Utterance_13,mosokoneza ci gamuro cace zofuna zace pa maganizo chingachgook anali a mwamsangamsanga ndi acilungamoace pa,Nyanja_NM_Spk10_U_9bb3f5b8fb_Utterance_13_450_475.wav,11.977
NM,M,Spk10,U_9bb3f5b8fb,450_475,Nyanja_NM_Spk10_U_9bb3f5b8fb_Utterance_14,mwa mwai mwinanso infa ya kaffar ingathe kumuphunzitsa/ku muika m'malo,Nyanja_NM_Spk10_U_9bb3f5b8fb_Utterance_14_450_475.wav,7.079
NM,M,Spk10,U_9bb3f5b8fb,450_475,Nyanja_NM_Spk10_U_9bb3f5b8fb_Utterance_15,iye anamtenga m'manja mwake mosasamala kodi udziwa zomwe ndikutanthauza,Nyanja_NM_Spk10_U_9bb3f5b8fb_Utterance_15_450_475.wav,8.29
NM,M,Spk10,U_9bb3f5b8fb,450_475,Nyanja_NM_Spk10_U_9bb3f5b8fb_Utterance_16,pofuna kuti asamalile zofuna za zokanganazo  zoonongelatu apanga cilankhuro cankhondo cimene cili cosanveka bwino kwaonse,Nyanja_NM_Spk10_U_9bb3f5b8fb_Utterance_16_450_475.wav,10.125
NM,M,Spk10,U_9bb3f5b8fb,450_475,Nyanja_NM_Spk10_U_9bb3f5b8fb_Utterance_17,indetu analiko bwino utsiku ngakhale kuti sanali atagona bwino utsikuwo,Nyanja_NM_Spk10_U_9bb3f5b8fb_Utterance_17_450_475.wav,6.28
NM,M,Spk10,U_9bb3f5b8fb,450_475,Nyanja_NM_Spk10_U_9bb3f5b8fb_Utterance_18,robin anali okondwera cifukwa pa mene mwapatali anasiidwa ndi zida zao,Nyanja_NM_Spk10_U_9bb3f5b8fb_Utterance_18_450_475.wav,7.118
NM,M,Spk10,U_9bb3f5b8fb,450_475,Nyanja_NM_Spk10_U_9bb3f5b8fb_Utterance_19,palibe coopysa ciliconse ca onenelera  masewera amakono pa timaeus kugwera mu zosadziwika bwino akacenjeda atsopano monga gulu ya plato,Nyanja_NM_Spk10_U_9bb3f5b8fb_Utterance_19_450_475.wav,16.719
NM,M,Spk10,U_9bb3f5b8fb,450_475,Nyanja_NM_Spk10_U_9bb3f5b8fb_Utterance_20,kubvutika kwao sikuna neneledwe bwino ndi mbadwa wa anthu,Nyanja_NM_Spk10_U_9bb3f5b8fb_Utterance_20_450_475.wav,5.462
NM,M,Spk10,U_9bb3f5b8fb,450_475,Nyanja_NM_Spk10_U_9bb3f5b8fb_Utterance_21,nditha kukomooka dziwani kuti ngati ndiyenera kupeeza nchito yabwino kwambiri analila mtengo uli kusangalala,Nyanja_NM_Spk10_U_9bb3f5b8fb_Utterance_21_450_475.wav,10.123
NM,M,Spk10,U_9bb3f5b8fb,450_475,Nyanja_NM_Spk10_U_9bb3f5b8fb_Utterance_22,della anali ndi mn'gono wace  ocedwa maliya ndi msuweni wace ocedwa jani,Nyanja_NM_Spk10_U_9bb3f5b8fb_Utterance_22_450_475.wav,8.115
NM,M,Spk10,U_9bb3f5b8fb,450_475,Nyanja_NM_Spk10_U_9bb3f5b8fb_Utterance_23,osapeleka maganizo ako angwilyo kwa ayu mwana wa aja ocita zinthu pa siteji kopanda kulankhula,Nyanja_NM_Spk10_U_9bb3f5b8fb_Utterance_23_450_475.wav,10.972
NM,M,Spk10,U_9bb3f5b8fb,450_475,Nyanja_NM_Spk10_U_9bb3f5b8fb_Utterance_24,zolembedwa munsi sumner kwa shannon mwezi wa kolola caka ca 1856,Nyanja_NM_Spk10_U_9bb3f5b8fb_Utterance_24_450_475.wav,7.825
NM,M,Spk10,U_9bb3f5b8fb,450_475,Nyanja_NM_Spk10_U_9bb3f5b8fb_Utterance_25,kupyolera mu mvula ya usiku wakuda iye anamuimbira pa nsimbi za dzenera yace,Nyanja_NM_Spk10_U_9bb3f5b8fb_Utterance_25_450_475.wav,7.332
NM,M,Spk10,U_9bb3f5b8fb,475_500,Nyanja_NM_Spk10_U_9bb3f5b8fb_Utterance_1,anatsegula citseko naitana alendo athu awa pano tomu,Nyanja_NM_Spk10_U_9bb3f5b8fb_Utterance_1_475_500.wav,5.159
NM,M,Spk10,U_9bb3f5b8fb,475_500,Nyanja_NM_Spk10_U_9bb3f5b8fb_Utterance_2,atsogoleri ogwirizana mu zicitidwe zao anakhala osakhulupilika ndi mphanvu zao zoti apwanye mzinda,Nyanja_NM_Spk10_U_9bb3f5b8fb_Utterance_2_475_500.wav,9.756
NM,M,Spk10,U_9bb3f5b8fb,475_500,Nyanja_NM_Spk10_U_9bb3f5b8fb_Utterance_3,wa cipani ici edward mnyamata wa zaka khumi zisanu ndi ziwiri anapempha kumvelera cifundo konenetsa nayenso anaphedwa ndi hollani,Nyanja_NM_Spk10_U_9bb3f5b8fb_Utterance_3_475_500.wav,12.581
NM,M,Spk10,U_9bb3f5b8fb,475_500,Nyanja_NM_Spk10_U_9bb3f5b8fb_Utterance_4,anayetsa kuyeza ndi kuyezanso ma mbale za ma mita nasaata nthambo zonse zakafukufuku zomwe zingaganizilidwe koma zonsezo zinali mwacabe,Nyanja_NM_Spk10_U_9bb3f5b8fb_Utterance_4_475_500.wav,17.832
NM,M,Spk10,U_9bb3f5b8fb,475_500,Nyanja_NM_Spk10_U_9bb3f5b8fb_Utterance_5,philipo lefrank awa ndiye ondiyanganira bambo jago anatero mzibambo wacikulire ali kutiziwanitsa mwa wina wace,Nyanja_NM_Spk10_U_9bb3f5b8fb_Utterance_5_475_500.wav,12.075
NM,M,Spk10,U_9bb3f5b8fb,475_500,Nyanja_NM_Spk10_U_9bb3f5b8fb_Utterance_6,nthawi imeneyo cidzanja ca cikulu ca munthu ndipo cooneka bwinocinaoneka mosiyana pa mwamba pa dziwe la madzi lopangidwa(pondi),Nyanja_NM_Spk10_U_9bb3f5b8fb_Utterance_6_475_500.wav,17.554
NM,M,Spk10,U_9bb3f5b8fb,475_500,Nyanja_NM_Spk10_U_9bb3f5b8fb_Utterance_7,uyu mkhalidwe umapezeka konse ndipo maka-maka mwa aja amene amaziona kuti ndiopambana kopotsa ena,Nyanja_NM_Spk10_U_9bb3f5b8fb_Utterance_7_475_500.wav,12.52
NM,M,Spk10,U_9bb3f5b8fb,475_500,Nyanja_NM_Spk10_U_9bb3f5b8fb_Utterance_8,banja yokanikana ndipo yosagwirizana kwambiri pwando imene  sindinakhalepo nalo pa thebulo,Nyanja_NM_Spk10_U_9bb3f5b8fb_Utterance_8_475_500.wav,13.934
NM,M,Spk10,U_9bb3f5b8fb,475_500,Nyanja_NM_Spk10_U_9bb3f5b8fb_Utterance_9,inali imodzi mwa nthano yo lembedwa bwino ndipo yosangalatsa za bambo dumas,Nyanja_NM_Spk10_U_9bb3f5b8fb_Utterance_9_475_500.wav,7.047
NM,M,Spk10,U_9bb3f5b8fb,475_500,Nyanja_NM_Spk10_U_9bb3f5b8fb_Utterance_10,iye anaima ali kuimba mosakweza mau ace mu mphepo kumene anali kupita kukabvina nthawi yomweyo,Nyanja_NM_Spk10_U_9bb3f5b8fb_Utterance_10_475_500.wav,11.146
NM,M,Spk10,U_9bb3f5b8fb,475_500,Nyanja_NM_Spk10_U_9bb3f5b8fb_Utterance_11,si kamodzi kokha pamene analankhulapo pa utali kapena zobvuta za ulendo,Nyanja_NM_Spk10_U_9bb3f5b8fb_Utterance_11_475_500.wav,7.253
NM,M,Spk10,U_9bb3f5b8fb,475_500,Nyanja_NM_Spk10_U_9bb3f5b8fb_Utterance_12,sindifuna kungoimilira ndi kumaona,Nyanja_NM_Spk10_U_9bb3f5b8fb_Utterance_12_475_500.wav,4.414
NM,M,Spk10,U_9bb3f5b8fb,475_500,Nyanja_NM_Spk10_U_9bb3f5b8fb_Utterance_13,ngati kuti anali ataloledwa kuona phronsie mwakanthawi kocepa cabe,Nyanja_NM_Spk10_U_9bb3f5b8fb_Utterance_13_475_500.wav,7.189
NM,M,Spk10,U_9bb3f5b8fb,475_500,Nyanja_NM_Spk10_U_9bb3f5b8fb_Utterance_14,ofalitsa uthenga wina atakanana ndi zimene anacita pa maso pace ndi kulephera kucita zinthu moyenera analamula kuti nyimbo ya masalimo kuimbidwa,Nyanja_NM_Spk10_U_9bb3f5b8fb_Utterance_14_475_500.wav,13.509
NM,M,Spk10,U_9bb3f5b8fb,475_500,Nyanja_NM_Spk10_U_9bb3f5b8fb_Utterance_15,mupindikira kuli jane anafunsa mu mau osintidwa kodi akhala mtsikana wa bwino jane,Nyanja_NM_Spk10_U_9bb3f5b8fb_Utterance_15_475_500.wav,8.462
NM,M,Spk10,U_9bb3f5b8fb,475_500,Nyanja_NM_Spk10_U_9bb3f5b8fb_Utterance_16,kodi unapitako ku mzinda wa paris mwapafupi-pafupi zaka zapitazi,Nyanja_NM_Spk10_U_9bb3f5b8fb_Utterance_16_475_500.wav,6.984
NM,M,Spk10,U_9bb3f5b8fb,475_500,Nyanja_NM_Spk10_U_9bb3f5b8fb_Utterance_17,zicitidwe ndi maganizidwe a zocita za timaeus ndizosiyana kopambana ndi zina mwa zalanhula za plato,Nyanja_NM_Spk10_U_9bb3f5b8fb_Utterance_17_475_500.wav,9.81
NM,M,Spk10,U_9bb3f5b8fb,475_500,Nyanja_NM_Spk10_U_9bb3f5b8fb_Utterance_18,iye anaciponya pansi natenga comwe cinakonkhapo,Nyanja_NM_Spk10_U_9bb3f5b8fb_Utterance_18_475_500.wav,3.622
NM,M,Spk10,U_9bb3f5b8fb,475_500,Nyanja_NM_Spk10_U_9bb3f5b8fb_Utterance_19,apo ndipo panagwera kufunsidwa kodetsa nkhawa amai fitzooth akubvomereza ndi kukaana nchito ya opelekedza mukapemedwe,Nyanja_NM_Spk10_U_9bb3f5b8fb_Utterance_19_475_500.wav,12.421
NM,M,Spk10,U_9bb3f5b8fb,475_500,Nyanja_NM_Spk10_U_9bb3f5b8fb_Utterance_20,iye anakhala akuunguza pa kanthawi ndipo anati ai sindiganiza tero koma ndine wosangalara pakuti mwandifunsa,Nyanja_NM_Spk10_U_9bb3f5b8fb_Utterance_20_475_500.wav,9.784
NM,M,Spk10,U_9bb3f5b8fb,475_500,Nyanja_NM_Spk10_U_9bb3f5b8fb_Utterance_21,ndizakhala okondwera kutenga ulamuliro pa iwo anatero bambo ferdinando,Nyanja_NM_Spk10_U_9bb3f5b8fb_Utterance_21_475_500.wav,5.352
NM,M,Spk10,U_9bb3f5b8fb,475_500,Nyanja_NM_Spk10_U_9bb3f5b8fb_Utterance_22,sizinali kuti analankhura conco koma kuti ndinadziwa sanatero ndinasimikiza ndinali kuona,Nyanja_NM_Spk10_U_9bb3f5b8fb_Utterance_22_475_500.wav,7.86
NM,M,Spk10,U_9bb3f5b8fb,475_500,Nyanja_NM_Spk10_U_9bb3f5b8fb_Utterance_23,inde koma mwanamwace ndinamuopysa munjira yotani,Nyanja_NM_Spk10_U_9bb3f5b8fb_Utterance_23_475_500.wav,4.075
NM,M,Spk10,U_9bb3f5b8fb,475_500,Nyanja_NM_Spk10_U_9bb3f5b8fb_Utterance_24,frank anawerenga cingelezi mwapang'ono -pan'gono ndipo kulingana ndi unyingi wa mau emwe adawerenga ukali wace unapitira patsogoro,Nyanja_NM_Spk10_U_9bb3f5b8fb_Utterance_24_475_500.wav,10.193
NM,M,Spk10,U_9bb3f5b8fb,475_500,Nyanja_NM_Spk10_U_9bb3f5b8fb_Utterance_25,ndidziwa analira polly mobvutikira ali kuyetsetsa kuleka kulira sindizacita ndiponso sindizakuthokozani,Nyanja_NM_Spk10_U_9bb3f5b8fb_Utterance_25_475_500.wav,8.615
NM,M,Spk10,U_794919d619,450_475,Nyanja_NM_Spk10_U_794919d619_Utterance_1,kunva kwa ubwino wa ufulu ndipo ine ndinali maso komweko,Nyanja_NM_Spk10_U_794919d619_Utterance_1_450_475.wav,6.339
NM,M,Spk10,U_794919d619,450_475,Nyanja_NM_Spk10_U_794919d619_Utterance_2,kunalibe ziri zonse zimene zinkanacitika koma kumabwelera mosakondwera tinayamba kumapita ca kumpoto,Nyanja_NM_Spk10_U_794919d619_Utterance_2_450_475.wav,6.339
NM,M,Spk10,U_794919d619,450_475,Nyanja_NM_Spk10_U_794919d619_Utterance_3,ici ndico cifukwa cimene kenneth ndi beti anamupezera akuchezetsana ndi mzimai wa cicepeele mun ngolo,Nyanja_NM_Spk10_U_794919d619_Utterance_3_450_475.wav,6.339
NM,M,Spk10,U_794919d619,450_475,Nyanja_NM_Spk10_U_794919d619_Utterance_4,hilda anamuona kucokera ku kona akunjenjemera ndiponso ali kubvutika namaona zithunzi-thunzi za kuda zoopya zimene zinaoneka mu maso ace,Nyanja_NM_Spk10_U_794919d619_Utterance_4_450_475.wav,6.339
NM,M,Spk10,U_794919d619,450_475,Nyanja_NM_Spk10_U_794919d619_Utterance_5,munganve kununkila kwa maluwa amuthengo amakhala onunkila nthawi zonse mvula itagwa,Nyanja_NM_Spk10_U_794919d619_Utterance_5_450_475.wav,6.339
NM,M,Spk10,U_794919d619,450_475,Nyanja_NM_Spk10_U_794919d619_Utterance_6,cona anauluma mwapang'ono pang'ono nanyamula mphoto lace ndi mafupa a mmano mwace  nathamangira pathengo kuti,Nyanja_NM_Spk10_U_794919d619_Utterance_6_450_475.wav,6.339
NM,M,Spk10,U_794919d619,450_475,Nyanja_NM_Spk10_U_794919d619_Utterance_7,akatundu athu ananyamulidwa pamenepo napelekedwa pansi pa sitima ndinathamanga ku kalowamo,Nyanja_NM_Spk10_U_794919d619_Utterance_7_450_475.wav,6.339
NM,M,Spk10,U_794919d619,450_475,Nyanja_NM_Spk10_U_794919d619_Utterance_8,kodi udziwa kuti ndinaganiza kuti kubvina modzindikir pang'ono utsiku walerokwanthawi yoyamba,Nyanja_NM_Spk10_U_794919d619_Utterance_8_450_475.wav,6.339
NM,M,Spk10,U_794919d619,450_475,Nyanja_NM_Spk10_U_794919d619_Utterance_9,kumwambako mcipinda ca odwara zola anagona pa khama laling'onop loyera,Nyanja_NM_Spk10_U_794919d619_Utterance_9_450_475.wav,6.339
NM,M,Spk10,U_794919d619,450_475,Nyanja_NM_Spk10_U_794919d619_Utterance_10,mwansanga mwansanga ndipo pakati pa ma bango aatali anayero montalais gwadani anthenias ndinu aatali kwambiri,Nyanja_NM_Spk10_U_794919d619_Utterance_10_450_475.wav,6.339
NM,M,Spk10,U_794919d619,450_475,Nyanja_NM_Spk10_U_794919d619_Utterance_11,pa mtengo wa kanjedza panali ma pilamidi atatu opangidwa ndi dongo ladothi lakuda,Nyanja_NM_Spk10_U_794919d619_Utterance_11_450_475.wav,6.339
NM,M,Spk10,U_794919d619,450_475,Nyanja_NM_Spk10_U_794919d619_Utterance_12,inde inde anayenda mofulumira ali kumguza dzanja lace mwapang'ono ali kumtengera kutali naye,Nyanja_NM_Spk10_U_794919d619_Utterance_12_450_475.wav,6.339
NM,M,Spk10,U_794919d619,450_475,Nyanja_NM_Spk10_U_794919d619_Utterance_13,mosokoneza ci gamuro cace zofuna zace pa maganizo chingachgook anali a mwamsangamsanga ndi acilungamoace pa,Nyanja_NM_Spk10_U_794919d619_Utterance_13_450_475.wav,6.339
NM,M,Spk10,U_794919d619,450_475,Nyanja_NM_Spk10_U_794919d619_Utterance_14,mwa mwai mwinanso infa ya kaffar ingathe kumuphunzitsa/ku muika m'malo,Nyanja_NM_Spk10_U_794919d619_Utterance_14_450_475.wav,6.339
NM,M,Spk10,U_794919d619,450_475,Nyanja_NM_Spk10_U_794919d619_Utterance_15,iye anamtenga m'manja mwake mosasamala kodi udziwa zomwe ndikutanthauza,Nyanja_NM_Spk10_U_794919d619_Utterance_15_450_475.wav,6.339
NM,M,Spk10,U_794919d619,450_475,Nyanja_NM_Spk10_U_794919d619_Utterance_16,pofuna kuti asamalile zofuna za zokanganazo  zoonongelatu apanga cilankhuro cankhondo cimene cili cosanveka bwino kwaonse,Nyanja_NM_Spk10_U_794919d619_Utterance_16_450_475.wav,6.339
NM,M,Spk10,U_794919d619,450_475,Nyanja_NM_Spk10_U_794919d619_Utterance_17,indetu analiko bwino utsiku ngakhale kuti sanali atagona bwino utsikuwo,Nyanja_NM_Spk10_U_794919d619_Utterance_17_450_475.wav,6.339
NM,M,Spk10,U_794919d619,450_475,Nyanja_NM_Spk10_U_794919d619_Utterance_18,robin anali okondwera cifukwa pa mene mwapatali anasiidwa ndi zida zao,Nyanja_NM_Spk10_U_794919d619_Utterance_18_450_475.wav,6.339
NM,M,Spk10,U_794919d619,450_475,Nyanja_NM_Spk10_U_794919d619_Utterance_19,palibe coopysa ciliconse ca onenelera  masewera amakono pa timaeus kugwera mu zosadziwika bwino akacenjeda atsopano monga gulu ya plato,Nyanja_NM_Spk10_U_794919d619_Utterance_19_450_475.wav,6.339
NM,M,Spk10,U_794919d619,450_475,Nyanja_NM_Spk10_U_794919d619_Utterance_20,kubvutika kwao sikuna neneledwe bwino ndi mbadwa wa anthu,Nyanja_NM_Spk10_U_794919d619_Utterance_20_450_475.wav,6.339
NM,M,Spk10,U_794919d619,450_475,Nyanja_NM_Spk10_U_794919d619_Utterance_21,nditha kukomooka dziwani kuti ngati ndiyenera kupeeza nchito yabwino kwambiri analila mtengo uli kusangalala,Nyanja_NM_Spk10_U_794919d619_Utterance_21_450_475.wav,6.339
NM,M,Spk10,U_794919d619,450_475,Nyanja_NM_Spk10_U_794919d619_Utterance_22,della anali ndi mn'gono wace  ocedwa maliya ndi msuweni wace ocedwa jani,Nyanja_NM_Spk10_U_794919d619_Utterance_22_450_475.wav,6.339
NM,M,Spk10,U_794919d619,450_475,Nyanja_NM_Spk10_U_794919d619_Utterance_23,osapeleka maganizo ako angwilyo kwa ayu mwana wa aja ocita zinthu pa siteji kopanda kulankhula,Nyanja_NM_Spk10_U_794919d619_Utterance_23_450_475.wav,6.339
NM,M,Spk10,U_794919d619,450_475,Nyanja_NM_Spk10_U_794919d619_Utterance_24,zolembedwa munsi sumner kwa shannon mwezi wa kolola caka ca 1856,Nyanja_NM_Spk10_U_794919d619_Utterance_24_450_475.wav,6.339
NM,M,Spk10,U_794919d619,450_475,Nyanja_NM_Spk10_U_794919d619_Utterance_25,kupyolera mu mvula ya usiku wakuda iye anamuimbira pa nsimbi za dzenera yace,Nyanja_NM_Spk10_U_794919d619_Utterance_25_450_475.wav,6.339
NM,M,Spk10,U_794919d619,475_500,Nyanja_NM_Spk10_U_794919d619_Utterance_1,anatsegula citseko naitana alendo athu awa pano tomu,Nyanja_NM_Spk10_U_794919d619_Utterance_1_475_500.wav,10.844
NM,M,Spk10,U_794919d619,475_500,Nyanja_NM_Spk10_U_794919d619_Utterance_2,atsogoleri ogwirizana mu zicitidwe zao anakhala osakhulupilika ndi mphanvu zao zoti apwanye mzinda,Nyanja_NM_Spk10_U_794919d619_Utterance_2_475_500.wav,10.844
NM,M,Spk10,U_794919d619,475_500,Nyanja_NM_Spk10_U_794919d619_Utterance_3,wa cipani ici edward mnyamata wa zaka khumi zisanu ndi ziwiri anapempha kumvelera cifundo konenetsa nayenso anaphedwa ndi hollani,Nyanja_NM_Spk10_U_794919d619_Utterance_3_475_500.wav,10.844
NM,M,Spk10,U_794919d619,475_500,Nyanja_NM_Spk10_U_794919d619_Utterance_4,anayetsa kuyeza ndi kuyezanso ma mbale za ma mita nasaata nthambo zonse zakafukufuku zomwe zingaganizilidwe koma zonsezo zinali mwacabe,Nyanja_NM_Spk10_U_794919d619_Utterance_4_475_500.wav,10.844
NM,M,Spk10,U_794919d619,475_500,Nyanja_NM_Spk10_U_794919d619_Utterance_5,philipo lefrank awa ndiye ondiyanganira bambo jago anatero mzibambo wacikulire ali kutiziwanitsa mwa wina wace,Nyanja_NM_Spk10_U_794919d619_Utterance_5_475_500.wav,10.844
NM,M,Spk10,U_794919d619,475_500,Nyanja_NM_Spk10_U_794919d619_Utterance_6,nthawi imeneyo cidzanja ca cikulu ca munthu ndipo cooneka bwinocinaoneka mosiyana pa mwamba pa dziwe la madzi lopangidwa(pondi),Nyanja_NM_Spk10_U_794919d619_Utterance_6_475_500.wav,10.844
NM,M,Spk10,U_794919d619,475_500,Nyanja_NM_Spk10_U_794919d619_Utterance_7,uyu mkhalidwe umapezeka konse ndipo maka-maka mwa aja amene amaziona kuti ndiopambana kopotsa ena,Nyanja_NM_Spk10_U_794919d619_Utterance_7_475_500.wav,10.844
NM,M,Spk10,U_794919d619,475_500,Nyanja_NM_Spk10_U_794919d619_Utterance_8,banja yokanikana ndipo yosagwirizana kwambiri pwando imene  sindinakhalepo nalo pa thebulo,Nyanja_NM_Spk10_U_794919d619_Utterance_8_475_500.wav,10.844
NM,M,Spk10,U_794919d619,475_500,Nyanja_NM_Spk10_U_794919d619_Utterance_9,inali imodzi mwa nthano yo lembedwa bwino ndipo yosangalatsa za bambo dumas,Nyanja_NM_Spk10_U_794919d619_Utterance_9_475_500.wav,10.844
NM,M,Spk10,U_794919d619,475_500,Nyanja_NM_Spk10_U_794919d619_Utterance_10,iye anaima ali kuimba mosakweza mau ace mu mphepo kumene anali kupita kukabvina nthawi yomweyo,Nyanja_NM_Spk10_U_794919d619_Utterance_10_475_500.wav,10.844
NM,M,Spk10,U_794919d619,475_500,Nyanja_NM_Spk10_U_794919d619_Utterance_11,si kamodzi kokha pamene analankhulapo pa utali kapena zobvuta za ulendo,Nyanja_NM_Spk10_U_794919d619_Utterance_11_475_500.wav,10.844
NM,M,Spk10,U_794919d619,475_500,Nyanja_NM_Spk10_U_794919d619_Utterance_12,sindifuna kungoimilira ndi kumaona,Nyanja_NM_Spk10_U_794919d619_Utterance_12_475_500.wav,10.844
NM,M,Spk10,U_794919d619,475_500,Nyanja_NM_Spk10_U_794919d619_Utterance_13,ngati kuti anali ataloledwa kuona phronsie mwakanthawi kocepa cabe,Nyanja_NM_Spk10_U_794919d619_Utterance_13_475_500.wav,10.844
NM,M,Spk10,U_794919d619,475_500,Nyanja_NM_Spk10_U_794919d619_Utterance_14,ofalitsa uthenga wina atakanana ndi zimene anacita pa maso pace ndi kulephera kucita zinthu moyenera analamula kuti nyimbo ya masalimo kuimbidwa,Nyanja_NM_Spk10_U_794919d619_Utterance_14_475_500.wav,10.844
NM,M,Spk10,U_794919d619,475_500,Nyanja_NM_Spk10_U_794919d619_Utterance_15,mupindikira kuli jane anafunsa mu mau osintidwa kodi akhala mtsikana wa bwino jane,Nyanja_NM_Spk10_U_794919d619_Utterance_15_475_500.wav,10.844
NM,M,Spk10,U_794919d619,475_500,Nyanja_NM_Spk10_U_794919d619_Utterance_16,kodi unapitako ku mzinda wa paris mwapafupi-pafupi zaka zapitazi,Nyanja_NM_Spk10_U_794919d619_Utterance_16_475_500.wav,10.844
NM,M,Spk10,U_794919d619,475_500,Nyanja_NM_Spk10_U_794919d619_Utterance_17,zicitidwe ndi maganizidwe a zocita za timaeus ndizosiyana kopambana ndi zina mwa zalanhula za plato,Nyanja_NM_Spk10_U_794919d619_Utterance_17_475_500.wav,10.844
NM,M,Spk10,U_794919d619,475_500,Nyanja_NM_Spk10_U_794919d619_Utterance_18,iye anaciponya pansi natenga comwe cinakonkhapo,Nyanja_NM_Spk10_U_794919d619_Utterance_18_475_500.wav,10.844
NM,M,Spk10,U_794919d619,475_500,Nyanja_NM_Spk10_U_794919d619_Utterance_19,apo ndipo panagwera kufunsidwa kodetsa nkhawa amai fitzooth akubvomereza ndi kukaana nchito ya opelekedza mukapemedwe,Nyanja_NM_Spk10_U_794919d619_Utterance_19_475_500.wav,10.844
NM,M,Spk10,U_794919d619,475_500,Nyanja_NM_Spk10_U_794919d619_Utterance_20,iye anakhala akuunguza pa kanthawi ndipo anati ai sindiganiza tero koma ndine wosangalara pakuti mwandifunsa,Nyanja_NM_Spk10_U_794919d619_Utterance_20_475_500.wav,10.844
NM,M,Spk10,U_794919d619,475_500,Nyanja_NM_Spk10_U_794919d619_Utterance_21,ndizakhala okondwera kutenga ulamuliro pa iwo anatero bambo ferdinando,Nyanja_NM_Spk10_U_794919d619_Utterance_21_475_500.wav,10.844
NM,M,Spk10,U_794919d619,475_500,Nyanja_NM_Spk10_U_794919d619_Utterance_22,sizinali kuti analankhura conco koma kuti ndinadziwa sanatero ndinasimikiza ndinali kuona,Nyanja_NM_Spk10_U_794919d619_Utterance_22_475_500.wav,10.844
NM,M,Spk10,U_794919d619,475_500,Nyanja_NM_Spk10_U_794919d619_Utterance_23,inde koma mwanamwace ndinamuopysa munjira yotani,Nyanja_NM_Spk10_U_794919d619_Utterance_23_475_500.wav,10.844
NM,M,Spk10,U_794919d619,475_500,Nyanja_NM_Spk10_U_794919d619_Utterance_24,frank anawerenga cingelezi mwapang'ono -pan'gono ndipo kulingana ndi unyingi wa mau emwe adawerenga ukali wace unapitira patsogoro,Nyanja_NM_Spk10_U_794919d619_Utterance_24_475_500.wav,10.844
NM,M,Spk10,U_794919d619,475_500,Nyanja_NM_Spk10_U_794919d619_Utterance_25,ndidziwa analira polly mobvutikira ali kuyetsetsa kuleka kulira sindizacita ndiponso sindizakuthokozani,Nyanja_NM_Spk10_U_794919d619_Utterance_25_475_500.wav,10.844
NM,M,Spk10,U_fbde93f297,450_475,Nyanja_NM_Spk10_U_fbde93f297_Utterance_1,kunva kwa ubwino wa ufulu ndipo ine ndinali maso komweko,Nyanja_NM_Spk10_U_fbde93f297_Utterance_1_450_475.wav,6.275
NM,M,Spk10,U_fbde93f297,450_475,Nyanja_NM_Spk10_U_fbde93f297_Utterance_2,kunalibe ziri zonse zimene zinkanacitika koma kumabwelera mosakondwera tinayamba kumapita ca kumpoto,Nyanja_NM_Spk10_U_fbde93f297_Utterance_2_450_475.wav,10.91
NM,M,Spk10,U_fbde93f297,450_475,Nyanja_NM_Spk10_U_fbde93f297_Utterance_3,ici ndico cifukwa cimene kenneth ndi beti anamupezera akuchezetsana ndi mzimai wa cicepeele mun ngolo,Nyanja_NM_Spk10_U_fbde93f297_Utterance_3_450_475.wav,9.41
NM,M,Spk10,U_fbde93f297,450_475,Nyanja_NM_Spk10_U_fbde93f297_Utterance_4,hilda anamuona kucokera ku kona akunjenjemera ndiponso ali kubvutika namaona zithunzi-thunzi za kuda zoopya zimene zinaoneka mu maso ace,Nyanja_NM_Spk10_U_fbde93f297_Utterance_4_450_475.wav,12.47
NM,M,Spk10,U_fbde93f297,450_475,Nyanja_NM_Spk10_U_fbde93f297_Utterance_5,munganve kununkila kwa maluwa amuthengo amakhala onunkila nthawi zonse mvula itagwa,Nyanja_NM_Spk10_U_fbde93f297_Utterance_5_450_475.wav,10.01
NM,M,Spk10,U_fbde93f297,450_475,Nyanja_NM_Spk10_U_fbde93f297_Utterance_6,cona anauluma mwapang'ono pang'ono nanyamula mphoto lace ndi mafupa a mmano mwace  nathamangira pathengo kuti,Nyanja_NM_Spk10_U_fbde93f297_Utterance_6_450_475.wav,10.565
NM,M,Spk10,U_fbde93f297,450_475,Nyanja_NM_Spk10_U_fbde93f297_Utterance_7,akatundu athu ananyamulidwa pamenepo napelekedwa pansi pa sitima ndinathamanga ku kalowamo,Nyanja_NM_Spk10_U_fbde93f297_Utterance_7_450_475.wav,9.44
NM,M,Spk10,U_fbde93f297,450_475,Nyanja_NM_Spk10_U_fbde93f297_Utterance_8,kodi udziwa kuti ndinaganiza kuti kubvina modzindikir pang'ono utsiku walerokwanthawi yoyamba,Nyanja_NM_Spk10_U_fbde93f297_Utterance_8_450_475.wav,9.725
NM,M,Spk10,U_fbde93f297,450_475,Nyanja_NM_Spk10_U_fbde93f297_Utterance_9,kumwambako mcipinda ca odwara zola anagona pa khama laling'onop loyera,Nyanja_NM_Spk10_U_fbde93f297_Utterance_9_450_475.wav,8.66
NM,M,Spk10,U_fbde93f297,450_475,Nyanja_NM_Spk10_U_fbde93f297_Utterance_10,mwansanga mwansanga ndipo pakati pa ma bango aatali anayero montalais gwadani anthenias ndinu aatali kwambiri,Nyanja_NM_Spk10_U_fbde93f297_Utterance_10_450_475.wav,12.845
NM,M,Spk10,U_fbde93f297,450_475,Nyanja_NM_Spk10_U_fbde93f297_Utterance_11,pa mtengo wa kanjedza panali ma pilamidi atatu opangidwa ndi dongo ladothi lakuda,Nyanja_NM_Spk10_U_fbde93f297_Utterance_11_450_475.wav,8.045
NM,M,Spk10,U_fbde93f297,450_475,Nyanja_NM_Spk10_U_fbde93f297_Utterance_12,inde inde anayenda mofulumira ali kumguza dzanja lace mwapang'ono ali kumtengera kutali naye,Nyanja_NM_Spk10_U_fbde93f297_Utterance_12_450_475.wav,9.725
NM,M,Spk10,U_fbde93f297,450_475,Nyanja_NM_Spk10_U_fbde93f297_Utterance_13,mosokoneza ci gamuro cace zofuna zace pa maganizo chingachgook anali a mwamsangamsanga ndi acilungamoace pa,Nyanja_NM_Spk10_U_fbde93f297_Utterance_13_450_475.wav,11.915
NM,M,Spk10,U_fbde93f297,450_475,Nyanja_NM_Spk10_U_fbde93f297_Utterance_14,mwa mwai mwinanso infa ya kaffar ingathe kumuphunzitsa/ku muika m'malo,Nyanja_NM_Spk10_U_fbde93f297_Utterance_14_450_475.wav,7.7
NM,M,Spk10,U_fbde93f297,450_475,Nyanja_NM_Spk10_U_fbde93f297_Utterance_15,iye anamtenga m'manja mwake mosasamala kodi udziwa zomwe ndikutanthauza,Nyanja_NM_Spk10_U_fbde93f297_Utterance_15_450_475.wav,8.105
NM,M,Spk10,U_fbde93f297,450_475,Nyanja_NM_Spk10_U_fbde93f297_Utterance_16,pofuna kuti asamalile zofuna za zokanganazo  zoonongelatu apanga cilankhuro cankhondo cimene cili cosanveka bwino kwaonse,Nyanja_NM_Spk10_U_fbde93f297_Utterance_16_450_475.wav,11.33
NM,M,Spk10,U_fbde93f297,450_475,Nyanja_NM_Spk10_U_fbde93f297_Utterance_17,indetu analiko bwino utsiku ngakhale kuti sanali atagona bwino utsikuwo,Nyanja_NM_Spk10_U_fbde93f297_Utterance_17_450_475.wav,7.94
NM,M,Spk10,U_fbde93f297,450_475,Nyanja_NM_Spk10_U_fbde93f297_Utterance_18,robin anali okondwera cifukwa pa mene mwapatali anasiidwa ndi zida zao,Nyanja_NM_Spk10_U_fbde93f297_Utterance_18_450_475.wav,7.04
NM,M,Spk10,U_fbde93f297,450_475,Nyanja_NM_Spk10_U_fbde93f297_Utterance_19,palibe coopysa ciliconse ca onenelera  masewera amakono pa timaeus kugwera mu zosadziwika bwino akacenjeda atsopano monga gulu ya plato,Nyanja_NM_Spk10_U_fbde93f297_Utterance_19_450_475.wav,11.63
NM,M,Spk10,U_fbde93f297,450_475,Nyanja_NM_Spk10_U_fbde93f297_Utterance_20,kubvutika kwao sikuna neneledwe bwino ndi mbadwa wa anthu,Nyanja_NM_Spk10_U_fbde93f297_Utterance_20_450_475.wav,5.33
NM,M,Spk10,U_fbde93f297,450_475,Nyanja_NM_Spk10_U_fbde93f297_Utterance_21,nditha kukomooka dziwani kuti ngati ndiyenera kupeeza nchito yabwino kwambiri analila mtengo uli kusangalala,Nyanja_NM_Spk10_U_fbde93f297_Utterance_21_450_475.wav,9.29
NM,M,Spk10,U_fbde93f297,450_475,Nyanja_NM_Spk10_U_fbde93f297_Utterance_22,della anali ndi mn'gono wace  ocedwa maliya ndi msuweni wace ocedwa jani,Nyanja_NM_Spk10_U_fbde93f297_Utterance_22_450_475.wav,7.925
NM,M,Spk10,U_fbde93f297,450_475,Nyanja_NM_Spk10_U_fbde93f297_Utterance_23,osapeleka maganizo ako angwilyo kwa ayu mwana wa aja ocita zinthu pa siteji kopanda kulankhula,Nyanja_NM_Spk10_U_fbde93f297_Utterance_23_450_475.wav,8.81
NM,M,Spk10,U_fbde93f297,450_475,Nyanja_NM_Spk10_U_fbde93f297_Utterance_24,zolembedwa munsi sumner kwa shannon mwezi wa kolola caka ca 1856,Nyanja_NM_Spk10_U_fbde93f297_Utterance_24_450_475.wav,8.105
NM,M,Spk10,U_fbde93f297,450_475,Nyanja_NM_Spk10_U_fbde93f297_Utterance_25,kupyolera mu mvula ya usiku wakuda iye anamuimbira pa nsimbi za dzenera yace,Nyanja_NM_Spk10_U_fbde93f297_Utterance_25_450_475.wav,8.255
NM,M,Spk10,U_fbde93f297,475_500,Nyanja_NM_Spk10_U_fbde93f297_Utterance_1,anatsegula citseko naitana alendo athu awa pano tomu,Nyanja_NM_Spk10_U_fbde93f297_Utterance_1_475_500.wav,4.804
NM,M,Spk10,U_fbde93f297,475_500,Nyanja_NM_Spk10_U_fbde93f297_Utterance_2,atsogoleri ogwirizana mu zicitidwe zao anakhala osakhulupilika ndi mphanvu zao zoti apwanye mzinda,Nyanja_NM_Spk10_U_fbde93f297_Utterance_2_475_500.wav,9.753
NM,M,Spk10,U_fbde93f297,475_500,Nyanja_NM_Spk10_U_fbde93f297_Utterance_3,wa cipani ici edward mnyamata wa zaka khumi zisanu ndi ziwiri anapempha kumvelera cifundo konenetsa nayenso anaphedwa ndi hollani,Nyanja_NM_Spk10_U_fbde93f297_Utterance_3_475_500.wav,10.348
NM,M,Spk10,U_fbde93f297,475_500,Nyanja_NM_Spk10_U_fbde93f297_Utterance_4,anayetsa kuyeza ndi kuyezanso ma mbale za ma mita nasaata nthambo zonse zakafukufuku zomwe zingaganizilidwe koma zonsezo zinali mwacabe,Nyanja_NM_Spk10_U_fbde93f297_Utterance_4_475_500.wav,14.76
NM,M,Spk10,U_fbde93f297,475_500,Nyanja_NM_Spk10_U_fbde93f297_Utterance_5,philipo lefrank awa ndiye ondiyanganira bambo jago anatero mzibambo wacikulire ali kutiziwanitsa mwa wina wace,Nyanja_NM_Spk10_U_fbde93f297_Utterance_5_475_500.wav,11.204
NM,M,Spk10,U_fbde93f297,475_500,Nyanja_NM_Spk10_U_fbde93f297_Utterance_6,nthawi imeneyo cidzanja ca cikulu ca munthu ndipo cooneka bwinocinaoneka mosiyana pa mwamba pa dziwe la madzi lopangidwa(pondi),Nyanja_NM_Spk10_U_fbde93f297_Utterance_6_475_500.wav,8.984
NM,M,Spk10,U_fbde93f297,475_500,Nyanja_NM_Spk10_U_fbde93f297_Utterance_7,uyu mkhalidwe umapezeka konse ndipo maka-maka mwa aja amene amaziona kuti ndiopambana kopotsa ena,Nyanja_NM_Spk10_U_fbde93f297_Utterance_7_475_500.wav,8.287
NM,M,Spk10,U_fbde93f297,475_500,Nyanja_NM_Spk10_U_fbde93f297_Utterance_8,banja yokanikana ndipo yosagwirizana kwambiri pwando imene  sindinakhalepo nalo pa thebulo,Nyanja_NM_Spk10_U_fbde93f297_Utterance_8_475_500.wav,8.984
NM,M,Spk10,U_fbde93f297,475_500,Nyanja_NM_Spk10_U_fbde93f297_Utterance_9,inali imodzi mwa nthano yo lembedwa bwino ndipo yosangalatsa za bambo dumas,Nyanja_NM_Spk10_U_fbde93f297_Utterance_9_475_500.wav,7.895
NM,M,Spk10,U_fbde93f297,475_500,Nyanja_NM_Spk10_U_fbde93f297_Utterance_10,iye anaima ali kuimba mosakweza mau ace mu mphepo kumene anali kupita kukabvina nthawi yomweyo,Nyanja_NM_Spk10_U_fbde93f297_Utterance_10_475_500.wav,9.303
NM,M,Spk10,U_fbde93f297,475_500,Nyanja_NM_Spk10_U_fbde93f297_Utterance_11,si kamodzi kokha pamene analankhulapo pa utali kapena zobvuta za ulendo,Nyanja_NM_Spk10_U_fbde93f297_Utterance_11_475_500.wav,7.895
NM,M,Spk10,U_fbde93f297,475_500,Nyanja_NM_Spk10_U_fbde93f297_Utterance_12,sindifuna kungoimilira ndi kumaona,Nyanja_NM_Spk10_U_fbde93f297_Utterance_12_475_500.wav,5.196
NM,M,Spk10,U_fbde93f297,475_500,Nyanja_NM_Spk10_U_fbde93f297_Utterance_13,ngati kuti anali ataloledwa kuona phronsie mwakanthawi kocepa cabe,Nyanja_NM_Spk10_U_fbde93f297_Utterance_13_475_500.wav,9.1
NM,M,Spk10,U_fbde93f297,475_500,Nyanja_NM_Spk10_U_fbde93f297_Utterance_14,ofalitsa uthenga wina atakanana ndi zimene anacita pa maso pace ndi kulephera kucita zinthu moyenera analamula kuti nyimbo ya masalimo kuimbidwa,Nyanja_NM_Spk10_U_fbde93f297_Utterance_14_475_500.wav,12.264
NM,M,Spk10,U_fbde93f297,475_500,Nyanja_NM_Spk10_U_fbde93f297_Utterance_15,mupindikira kuli jane anafunsa mu mau osintidwa kodi akhala mtsikana wa bwino jane,Nyanja_NM_Spk10_U_fbde93f297_Utterance_15_475_500.wav,9.942
NM,M,Spk10,U_fbde93f297,475_500,Nyanja_NM_Spk10_U_fbde93f297_Utterance_16,kodi unapitako ku mzinda wa paris mwapafupi-pafupi zaka zapitazi,Nyanja_NM_Spk10_U_fbde93f297_Utterance_16_475_500.wav,8.563
NM,M,Spk10,U_fbde93f297,475_500,Nyanja_NM_Spk10_U_fbde93f297_Utterance_17,zicitidwe ndi maganizidwe a zocita za timaeus ndizosiyana kopambana ndi zina mwa zalanhula za plato,Nyanja_NM_Spk10_U_fbde93f297_Utterance_17_475_500.wav,12.365
NM,M,Spk10,U_fbde93f297,475_500,Nyanja_NM_Spk10_U_fbde93f297_Utterance_18,iye anaciponya pansi natenga comwe cinakonkhapo,Nyanja_NM_Spk10_U_fbde93f297_Utterance_18_475_500.wav,4.761
NM,M,Spk10,U_fbde93f297,475_500,Nyanja_NM_Spk10_U_fbde93f297_Utterance_19,apo ndipo panagwera kufunsidwa kodetsa nkhawa amai fitzooth akubvomereza ndi kukaana nchito ya opelekedza mukapemedwe,Nyanja_NM_Spk10_U_fbde93f297_Utterance_19_475_500.wav,12.264
NM,M,Spk10,U_fbde93f297,475_500,Nyanja_NM_Spk10_U_fbde93f297_Utterance_20,iye anakhala akuunguza pa kanthawi ndipo anati ai sindiganiza tero koma ndine wosangalara pakuti mwandifunsa,Nyanja_NM_Spk10_U_fbde93f297_Utterance_20_475_500.wav,12.452
NM,M,Spk10,U_fbde93f297,475_500,Nyanja_NM_Spk10_U_fbde93f297_Utterance_21,ndizakhala okondwera kutenga ulamuliro pa iwo anatero bambo ferdinando,Nyanja_NM_Spk10_U_fbde93f297_Utterance_21_475_500.wav,8.345
NM,M,Spk10,U_fbde93f297,475_500,Nyanja_NM_Spk10_U_fbde93f297_Utterance_22,sizinali kuti analankhura conco koma kuti ndinadziwa sanatero ndinasimikiza ndinali kuona,Nyanja_NM_Spk10_U_fbde93f297_Utterance_22_475_500.wav,10.493
NM,M,Spk10,U_fbde93f297,475_500,Nyanja_NM_Spk10_U_fbde93f297_Utterance_23,inde koma mwanamwace ndinamuopysa munjira yotani,Nyanja_NM_Spk10_U_fbde93f297_Utterance_23_475_500.wav,7.213
NM,M,Spk10,U_fbde93f297,475_500,Nyanja_NM_Spk10_U_fbde93f297_Utterance_24,frank anawerenga cingelezi mwapang'ono -pan'gono ndipo kulingana ndi unyingi wa mau emwe adawerenga ukali wace unapitira patsogoro,Nyanja_NM_Spk10_U_fbde93f297_Utterance_24_475_500.wav,11.64
NM,M,Spk10,U_fbde93f297,475_500,Nyanja_NM_Spk10_U_fbde93f297_Utterance_25,ndidziwa analira polly mobvutikira ali kuyetsetsa kuleka kulira sindizacita ndiponso sindizakuthokozani,Nyanja_NM_Spk10_U_fbde93f297_Utterance_25_475_500.wav,10.987
