group,gender,spk_id,user_id,batch_id,audio_id,sentence,audio,duration_seconds
NNM,M,Spk5,U_fbd78a4b87,725_750,Nyanja_NNM_Spk5_U_fbd78a4b87_Utterance_1,alexander anawelama capatsogoro na thumitsa manja ake ku moto,Nyanja_NNM_Spk5_U_fbd78a4b87_Utterance_1_725_750.wav,21.455
NNM,M,Spk5,U_fbd78a4b87,725_750,Nyanja_NNM_Spk5_U_fbd78a4b87_Utterance_2,kodi siabwino kopotsa analira jasper ali kuzikweza motheratu atateanadziwa mocitira,Nyanja_NNM_Spk5_U_fbd78a4b87_Utterance_2_725_750.wav,27.167
NNM,M,Spk5,U_fbd78a4b87,725_750,Nyanja_NNM_Spk5_U_fbd78a4b87_Utterance_3,indetu anali atapenya kumbali ndi colinga cosafuna kuoona,Nyanja_NNM_Spk5_U_fbd78a4b87_Utterance_3_725_750.wav,17.197
NNM,M,Spk5,U_fbd78a4b87,725_750,Nyanja_NNM_Spk5_U_fbd78a4b87_Utterance_4,ndizacita ciliconse cimene iwe ufuna kuti nkucitile bartley anatero monjenjemera,Nyanja_NNM_Spk5_U_fbd78a4b87_Utterance_4_725_750.wav,18.982
NNM,M,Spk5,U_fbd78a4b87,725_750,Nyanja_NNM_Spk5_U_fbd78a4b87_Utterance_5,sanaleke kuyenda mofulumira kufikira atapyeela mpaka ca kunyanja ndi pa malo amene apedzeka pa nyanja ocefdwa lo thonje inali patsogolo pache,Nyanja_NNM_Spk5_U_fbd78a4b87_Utterance_5_725_750.wav,19.58
NNM,M,Spk5,U_fbd78a4b87,725_750,Nyanja_NNM_Spk5_U_fbd78a4b87_Utterance_6,ku malo a mkhalidwe wa ku ulaya malo ano pa nthawi ino akupezeka pakati pa aja osauka,Nyanja_NNM_Spk5_U_fbd78a4b87_Utterance_6_725_750.wav,20.705
NNM,M,Spk5,U_fbd78a4b87,725_750,Nyanja_NNM_Spk5_U_fbd78a4b87_Utterance_7,iye anathamangira kumbali kumene kunali amuna ace nthawi imeneyo nawathandiza kucotsa ma ketulo anai pamoto,Nyanja_NNM_Spk5_U_fbd78a4b87_Utterance_7_725_750.wav,20.0
NNM,M,Spk5,U_fbd78a4b87,725_750,Nyanja_NNM_Spk5_U_fbd78a4b87_Utterance_8,kodi muzandisiya mcipinda cangaci ndekha kapena ndikusiyeni pofuna ku kuthawani,Nyanja_NNM_Spk5_U_fbd78a4b87_Utterance_8_725_750.wav,16.775
NNM,M,Spk5,U_fbd78a4b87,725_750,Nyanja_NNM_Spk5_U_fbd78a4b87_Utterance_9,ananditumila ma tsamba olembedwao asanafe,Nyanja_NNM_Spk5_U_fbd78a4b87_Utterance_9_725_750.wav,9.215
NNM,M,Spk5,U_fbd78a4b87,725_750,Nyanja_NNM_Spk5_U_fbd78a4b87_Utterance_10,ndikhulupilira mu kuphunzitsa anthu mofikapo mzungu kuno anatero mobvomeredzana naye ndi mtima onse,Nyanja_NNM_Spk5_U_fbd78a4b87_Utterance_10_725_750.wav,32.285
NNM,M,Spk5,U_fbd78a4b87,725_750,Nyanja_NNM_Spk5_U_fbd78a4b87_Utterance_11,nyuma ya malamulo ndi a scot (ena) anapeleka zoganiza zao kwa a mfumu,Nyanja_NNM_Spk5_U_fbd78a4b87_Utterance_11_725_750.wav,13.385
NNM,M,Spk5,U_fbd78a4b87,725_750,Nyanja_NNM_Spk5_U_fbd78a4b87_Utterance_12,motheratu uku ndiye kunali kumasulira kwa  maonekedwe a abwana ace yakobo ndi akazi ao  kulingana ndi momwe  yakobo analankhulira,Nyanja_NNM_Spk5_U_fbd78a4b87_Utterance_12_725_750.wav,13.1
NNM,M,Spk5,U_fbd78a4b87,725_750,Nyanja_NNM_Spk5_U_fbd78a4b87_Utterance_13,tsopano anali kusewera ndi akadoli ao pa malo amalonda aja,Nyanja_NNM_Spk5_U_fbd78a4b87_Utterance_13_725_750.wav,11.97
NNM,M,Spk5,U_fbd78a4b87,725_750,Nyanja_NNM_Spk5_U_fbd78a4b87_Utterance_14,cinkhuni cinayaka kopootsa pamene panali kuoceledwa mwala wa kopa ndipo cidalila mokweza,Nyanja_NNM_Spk5_U_fbd78a4b87_Utterance_14_725_750.wav,16.505
NNM,M,Spk5,U_fbd78a4b87,725_750,Nyanja_NNM_Spk5_U_fbd78a4b87_Utterance_15,inde khalidwe imene mfumu yanu inaganiszila ndizogwirizana bwino ndi lanu,Nyanja_NNM_Spk5_U_fbd78a4b87_Utterance_15_725_750.wav,17.84
NNM,M,Spk5,U_fbd78a4b87,725_750,Nyanja_NNM_Spk5_U_fbd78a4b87_Utterance_16,uncas anataya khungu lace nabwera patsogoro m'maonekedwe ace okongola,Nyanja_NNM_Spk5_U_fbd78a4b87_Utterance_16_725_750.wav,18.389
NNM,M,Spk5,U_fbd78a4b87,725_750,Nyanja_NNM_Spk5_U_fbd78a4b87_Utterance_17,bwerani ndithu tiwathire mathope,Nyanja_NNM_Spk5_U_fbd78a4b87_Utterance_17_725_750.wav,22.662
NNM,M,Spk5,U_fbd78a4b87,725_750,Nyanja_NNM_Spk5_U_fbd78a4b87_Utterance_18,tizabwere kuno lere masana titabvala  zobvala zathu zakale kuti tikonze konze mnyumba,Nyanja_NNM_Spk5_U_fbd78a4b87_Utterance_18_725_750.wav,19.58
NNM,M,Spk5,U_fbd78a4b87,725_750,Nyanja_NNM_Spk5_U_fbd78a4b87_Utterance_19,uku ndiye kumatsulira kwa kusakumbika kwambiri kumene kupezeka m'malo ena a pa nyanja ya atlantic,Nyanja_NNM_Spk5_U_fbd78a4b87_Utterance_19_725_750.wav,29.717
NNM,M,Spk5,U_fbd78a4b87,725_750,Nyanja_NNM_Spk5_U_fbd78a4b87_Utterance_20,ici ndico cimene tikufunisisa pa zolembedwa za ukacende pa nzeru,Nyanja_NNM_Spk5_U_fbd78a4b87_Utterance_20_725_750.wav,29.392
NNM,M,Spk5,U_fbd78a4b87,725_750,Nyanja_NNM_Spk5_U_fbd78a4b87_Utterance_21,kodi ncifukwa ciani adona a kunyumba ya hur angakhumudwe/angadabwe nazo,Nyanja_NNM_Spk5_U_fbd78a4b87_Utterance_21_725_750.wav,12.097
NNM,M,Spk5,U_fbd78a4b87,725_750,Nyanja_NNM_Spk5_U_fbd78a4b87_Utterance_22,kuli chabe zolembedwa zofanizila za nyumbayo d'este kodi ukuona,Nyanja_NNM_Spk5_U_fbd78a4b87_Utterance_22_725_750.wav,17.513
NNM,M,Spk5,U_fbd78a4b87,725_750,Nyanja_NNM_Spk5_U_fbd78a4b87_Utterance_23,ndikuganiza kuti zimenezi zizakhala zokwanira anapitiliza kulankhula poti zina zace zofunikira siziyenera mu wanchito,Nyanja_NNM_Spk5_U_fbd78a4b87_Utterance_23_725_750.wav,10.357
NNM,M,Spk5,U_fbd78a4b87,725_750,Nyanja_NNM_Spk5_U_fbd78a4b87_Utterance_24,kodi mungatandauze ciani mukatero amai woodley mumalankhula mosadziwika bwino,Nyanja_NNM_Spk5_U_fbd78a4b87_Utterance_24_725_750.wav,17.744
NNM,M,Spk5,U_fbd78a4b87,725_750,Nyanja_NNM_Spk5_U_fbd78a4b87_Utterance_25,ukulu wa muombolo wa khristu mwana wa mulungu utionetsa ici,Nyanja_NNM_Spk5_U_fbd78a4b87_Utterance_25_725_750.wav,16.717
NNM,M,Spk5,U_fbd78a4b87,725_750,Nyanja_NNM_Spk5_U_fbd78a4b87_Utterance_1,alexander anawelama capatsogoro na thumitsa manja ake ku moto,Nyanja_NNM_Spk5_U_fbd78a4b87_Utterance_1_725_750.wav,12.965
NNM,M,Spk5,U_fbd78a4b87,725_750,Nyanja_NNM_Spk5_U_fbd78a4b87_Utterance_2,kodi siabwino kopotsa analira jasper ali kuzikweza motheratu atateanadziwa mocitira,Nyanja_NNM_Spk5_U_fbd78a4b87_Utterance_2_725_750.wav,15.32
NNM,M,Spk5,U_fbd78a4b87,725_750,Nyanja_NNM_Spk5_U_fbd78a4b87_Utterance_3,indetu anali atapenya kumbali ndi colinga cosafuna kuoona,Nyanja_NNM_Spk5_U_fbd78a4b87_Utterance_3_725_750.wav,8.45
NNM,M,Spk5,U_fbd78a4b87,725_750,Nyanja_NNM_Spk5_U_fbd78a4b87_Utterance_4,ndizacita ciliconse cimene iwe ufuna kuti nkucitile bartley anatero monjenjemera,Nyanja_NNM_Spk5_U_fbd78a4b87_Utterance_4_725_750.wav,10.055
NNM,M,Spk5,U_fbd78a4b87,725_750,Nyanja_NNM_Spk5_U_fbd78a4b87_Utterance_5,sanaleke kuyenda mofulumira kufikira atapyeela mpaka ca kunyanja ndi pa malo amene apedzeka pa nyanja ocefdwa lo thonje inali patsogolo pache,Nyanja_NNM_Spk5_U_fbd78a4b87_Utterance_5_725_750.wav,23.284
NNM,M,Spk5,U_fbd78a4b87,725_750,Nyanja_NNM_Spk5_U_fbd78a4b87_Utterance_6,ku malo a mkhalidwe wa ku ulaya malo ano pa nthawi ino akupezeka pakati pa aja osauka,Nyanja_NNM_Spk5_U_fbd78a4b87_Utterance_6_725_750.wav,14.669
NNM,M,Spk5,U_fbd78a4b87,725_750,Nyanja_NNM_Spk5_U_fbd78a4b87_Utterance_7,iye anathamangira kumbali kumene kunali amuna ace nthawi imeneyo nawathandiza kucotsa ma ketulo anai pamoto,Nyanja_NNM_Spk5_U_fbd78a4b87_Utterance_7_725_750.wav,20.301
NNM,M,Spk5,U_fbd78a4b87,725_750,Nyanja_NNM_Spk5_U_fbd78a4b87_Utterance_8,kodi muzandisiya mcipinda cangaci ndekha kapena ndikusiyeni pofuna ku kuthawani,Nyanja_NNM_Spk5_U_fbd78a4b87_Utterance_8_725_750.wav,16.576
NNM,M,Spk5,U_fbd78a4b87,725_750,Nyanja_NNM_Spk5_U_fbd78a4b87_Utterance_9,ananditumila ma tsamba olembedwao asanafe,Nyanja_NNM_Spk5_U_fbd78a4b87_Utterance_9_725_750.wav,9.432
NNM,M,Spk5,U_fbd78a4b87,725_750,Nyanja_NNM_Spk5_U_fbd78a4b87_Utterance_10,ndikhulupilira mu kuphunzitsa anthu mofikapo mzungu kuno anatero mobvomeredzana naye ndi mtima onse,Nyanja_NNM_Spk5_U_fbd78a4b87_Utterance_10_725_750.wav,19.273
NNM,M,Spk5,U_fbd78a4b87,725_750,Nyanja_NNM_Spk5_U_fbd78a4b87_Utterance_11,nyuma ya malamulo ndi a scot (ena) anapeleka zoganiza zao kwa a mfumu,Nyanja_NNM_Spk5_U_fbd78a4b87_Utterance_11_725_750.wav,15.691
NNM,M,Spk5,U_fbd78a4b87,725_750,Nyanja_NNM_Spk5_U_fbd78a4b87_Utterance_12,motheratu uku ndiye kunali kumasulira kwa  maonekedwe a abwana ace yakobo ndi akazi ao  kulingana ndi momwe  yakobo analankhulira,Nyanja_NNM_Spk5_U_fbd78a4b87_Utterance_12_725_750.wav,22.999
NNM,M,Spk5,U_fbd78a4b87,725_750,Nyanja_NNM_Spk5_U_fbd78a4b87_Utterance_13,tsopano anali kusewera ndi akadoli ao pa malo amalonda aja,Nyanja_NNM_Spk5_U_fbd78a4b87_Utterance_13_725_750.wav,8.742
NNM,M,Spk5,U_fbd78a4b87,725_750,Nyanja_NNM_Spk5_U_fbd78a4b87_Utterance_14,cinkhuni cinayaka kopootsa pamene panali kuoceledwa mwala wa kopa ndipo cidalila mokweza,Nyanja_NNM_Spk5_U_fbd78a4b87_Utterance_14_725_750.wav,16.413
NNM,M,Spk5,U_fbd78a4b87,725_750,Nyanja_NNM_Spk5_U_fbd78a4b87_Utterance_15,inde khalidwe imene mfumu yanu inaganiszila ndizogwirizana bwino ndi lanu,Nyanja_NNM_Spk5_U_fbd78a4b87_Utterance_15_725_750.wav,13.492
NNM,M,Spk5,U_fbd78a4b87,725_750,Nyanja_NNM_Spk5_U_fbd78a4b87_Utterance_16,uncas anataya khungu lace nabwera patsogoro m'maonekedwe ace okongola,Nyanja_NNM_Spk5_U_fbd78a4b87_Utterance_16_725_750.wav,11.59
NNM,M,Spk5,U_fbd78a4b87,725_750,Nyanja_NNM_Spk5_U_fbd78a4b87_Utterance_17,bwerani ndithu tiwathire mathope,Nyanja_NNM_Spk5_U_fbd78a4b87_Utterance_17_725_750.wav,8.26
NNM,M,Spk5,U_fbd78a4b87,725_750,Nyanja_NNM_Spk5_U_fbd78a4b87_Utterance_18,tizabwere kuno lere masana titabvala  zobvala zathu zakale kuti tikonze konze mnyumba,Nyanja_NNM_Spk5_U_fbd78a4b87_Utterance_18_725_750.wav,13.425
NNM,M,Spk5,U_fbd78a4b87,725_750,Nyanja_NNM_Spk5_U_fbd78a4b87_Utterance_19,uku ndiye kumatsulira kwa kusakumbika kwambiri kumene kupezeka m'malo ena a pa nyanja ya atlantic,Nyanja_NNM_Spk5_U_fbd78a4b87_Utterance_19_725_750.wav,16.319
NNM,M,Spk5,U_fbd78a4b87,725_750,Nyanja_NNM_Spk5_U_fbd78a4b87_Utterance_20,ici ndico cimene tikufunisisa pa zolembedwa za ukacende pa nzeru,Nyanja_NNM_Spk5_U_fbd78a4b87_Utterance_20_725_750.wav,11.094
NNM,M,Spk5,U_fbd78a4b87,725_750,Nyanja_NNM_Spk5_U_fbd78a4b87_Utterance_21,kodi ncifukwa ciani adona a kunyumba ya hur angakhumudwe/angadabwe nazo,Nyanja_NNM_Spk5_U_fbd78a4b87_Utterance_21_725_750.wav,13.764
NNM,M,Spk5,U_fbd78a4b87,725_750,Nyanja_NNM_Spk5_U_fbd78a4b87_Utterance_22,kuli chabe zolembedwa zofanizila za nyumbayo d'este kodi ukuona,Nyanja_NNM_Spk5_U_fbd78a4b87_Utterance_22_725_750.wav,11.886
NNM,M,Spk5,U_fbd78a4b87,725_750,Nyanja_NNM_Spk5_U_fbd78a4b87_Utterance_23,ndikuganiza kuti zimenezi zizakhala zokwanira anapitiliza kulankhula poti zina zace zofunikira siziyenera mu wanchito,Nyanja_NNM_Spk5_U_fbd78a4b87_Utterance_23_725_750.wav,19.273
NNM,M,Spk5,U_fbd78a4b87,725_750,Nyanja_NNM_Spk5_U_fbd78a4b87_Utterance_24,kodi mungatandauze ciani mukatero amai woodley mumalankhula mosadziwika bwino,Nyanja_NNM_Spk5_U_fbd78a4b87_Utterance_24_725_750.wav,14.44
NNM,M,Spk5,U_fbd78a4b87,725_750,Nyanja_NNM_Spk5_U_fbd78a4b87_Utterance_25,ukulu wa muombolo wa khristu mwana wa mulungu utionetsa ici,Nyanja_NNM_Spk5_U_fbd78a4b87_Utterance_25_725_750.wav,11.635
NNM,M,Spk5,U_fd01d0a7a2,700_725,Nyanja_NNM_Spk5_U_fd01d0a7a2_Utterance_1,koma pkacenjede plato alibe zosadziwika pa zida zace zimene aonetsa mu buku lace locedwa  phaedrus kapena symposium,Nyanja_NNM_Spk5_U_fd01d0a7a2_Utterance_1_700_725.wav,9.172
NNM,M,Spk5,U_fd01d0a7a2,700_725,Nyanja_NNM_Spk5_U_fd01d0a7a2_Utterance_2,iye anali mzimai wamkulu thupi amene anankapezeka pa nyumba nthawi zonse anali anthu aciyera/azungu wamba amene sanali kudziwika ku malo amene anali kukhala,Nyanja_NNM_Spk5_U_fd01d0a7a2_Utterance_2_700_725.wav,14.919
NNM,M,Spk5,U_fd01d0a7a2,700_725,Nyanja_NNM_Spk5_U_fd01d0a7a2_Utterance_3,munda wa zipatso unali kunyezimila ndi kugwedezeka gwedezeka mkadzuwa,Nyanja_NNM_Spk5_U_fd01d0a7a2_Utterance_3_700_725.wav,6.699
NNM,M,Spk5,U_fd01d0a7a2,700_725,Nyanja_NNM_Spk5_U_fd01d0a7a2_Utterance_4,mimba ya nomondwe wanga simakhuta ndipo munakwelanso/munalinso  golide,Nyanja_NNM_Spk5_U_fd01d0a7a2_Utterance_4_700_725.wav,6.362
NNM,M,Spk5,U_fd01d0a7a2,700_725,Nyanja_NNM_Spk5_U_fd01d0a7a2_Utterance_5,cabwino kodi amfumu ali ndi mphamvu iliyonse yoti angathe kulankhulako pa nkhani za mtundu umenewo,Nyanja_NNM_Spk5_U_fd01d0a7a2_Utterance_5_700_725.wav,8.464
NNM,M,Spk5,U_fd01d0a7a2,700_725,Nyanja_NNM_Spk5_U_fd01d0a7a2_Utterance_6,mu izi zonse episkopo paulo akumucita kuukanso kwa ambuye yesu,Nyanja_NNM_Spk5_U_fd01d0a7a2_Utterance_6_700_725.wav,5.178
NNM,M,Spk5,U_fd01d0a7a2,700_725,Nyanja_NNM_Spk5_U_fd01d0a7a2_Utterance_7,kwa nthawi yaitali anafuna kudziwitsitsa malo okongola ocedwa oz komwe iwo nali kukhalila,Nyanja_NNM_Spk5_U_fd01d0a7a2_Utterance_7_700_725.wav,7.338
NNM,M,Spk5,U_fd01d0a7a2,700_725,Nyanja_NNM_Spk5_U_fd01d0a7a2_Utterance_8,ici cinali nthawi ya masankho mu mwezi wa kafukulira caka ca 1855,Nyanja_NNM_Spk5_U_fd01d0a7a2_Utterance_8_700_725.wav,6.803
NNM,M,Spk5,U_fd01d0a7a2,700_725,Nyanja_NNM_Spk5_U_fd01d0a7a2_Utterance_9,izi zingakukhalileni bwino nonse ngati apita ndi carl,Nyanja_NNM_Spk5_U_fd01d0a7a2_Utterance_9_700_725.wav,5.735
NNM,M,Spk5,U_fd01d0a7a2,700_725,Nyanja_NNM_Spk5_U_fd01d0a7a2_Utterance_10,momwe zilili pa nkhani imeneyi monga momwe zimakhalila mu mankhani ena ambiri cimene cingatengedwa ngati coonekeratu/codziwikiratu kutsogoroko sicingakhale tero,Nyanja_NNM_Spk5_U_fd01d0a7a2_Utterance_10_700_725.wav,13.886
NNM,M,Spk5,U_fd01d0a7a2,700_725,Nyanja_NNM_Spk5_U_fd01d0a7a2_Utterance_11,tiyenera kunvera kristu amane anaikidwa kuti akhale mphunzitsi wathu ndi atate mulungu,Nyanja_NNM_Spk5_U_fd01d0a7a2_Utterance_11_700_725.wav,7.546
NNM,M,Spk5,U_fd01d0a7a2,700_725,Nyanja_NNM_Spk5_U_fd01d0a7a2_Utterance_12,ndipo nchito ija sinali yopweeka ngati mmene inu muganizira,Nyanja_NNM_Spk5_U_fd01d0a7a2_Utterance_12_700_725.wav,5.735
NNM,M,Spk5,U_fd01d0a7a2,700_725,Nyanja_NNM_Spk5_U_fd01d0a7a2_Utterance_13,mwina pa za mkhalidwe wa anthu athu cili cinthu cosatheka,Nyanja_NNM_Spk5_U_fd01d0a7a2_Utterance_13_700_725.wav,6.2
NNM,M,Spk5,U_fd01d0a7a2,700_725,Nyanja_NNM_Spk5_U_fd01d0a7a2_Utterance_14,pa nthawi imodzi-modzi paulo asimikiza cikhulupiliro cathu kuti yesu ndi wabwino/ndi mulungu emwe,Nyanja_NNM_Spk5_U_fd01d0a7a2_Utterance_14_700_725.wav,10.112
NNM,M,Spk5,U_fd01d0a7a2,700_725,Nyanja_NNM_Spk5_U_fd01d0a7a2_Utterance_15,anafunsa mosadzindikira sindinadziwe kuti ungathe kupanga atate ace kubvomerezana ndi zomwe unali kunena/kufuna,Nyanja_NNM_Spk5_U_fd01d0a7a2_Utterance_15_700_725.wav,11.238
NNM,M,Spk5,U_fd01d0a7a2,700_725,Nyanja_NNM_Spk5_U_fd01d0a7a2_Utterance_16,ndipo ndinali kukhala bwino ndipo tsopano ndine kapolo wako cabwino ndi mwai wa nkhondo,Nyanja_NNM_Spk5_U_fd01d0a7a2_Utterance_16_700_725.wav,6.49
NNM,M,Spk5,U_fd01d0a7a2,700_725,Nyanja_NNM_Spk5_U_fd01d0a7a2_Utterance_17,pakati pa atumwi aboza ozitukumula/ozikweza paulo anateteza mphanvu zace za utumwi ndi za chalichi poyera,Nyanja_NNM_Spk5_U_fd01d0a7a2_Utterance_17_700_725.wav,10.089
NNM,M,Spk5,U_fd01d0a7a2,700_725,Nyanja_NNM_Spk5_U_fd01d0a7a2_Utterance_18,pa zonsezi anaganiza lobini pa atate acekodi nciani cimene angafune kulankhulapo,Nyanja_NNM_Spk5_U_fd01d0a7a2_Utterance_18_700_725.wav,8.603
NNM,M,Spk5,U_fd01d0a7a2,700_725,Nyanja_NNM_Spk5_U_fd01d0a7a2_Utterance_19,moonana maso ndi maso tiyeni tilandile kacenjede wa maphunziro akuuya kacipinda kogonamo kanu muno kali kukudikhilani,Nyanja_NNM_Spk5_U_fd01d0a7a2_Utterance_19_700_725.wav,10.542
NNM,M,Spk5,U_fd01d0a7a2,700_725,Nyanja_NNM_Spk5_U_fd01d0a7a2_Utterance_20,akuyenda mofika pafupi ndi thebulo/gome yodyerapo cakudya ca m'madzulo iye mosamala ndithu anaik pepala imene munalembedwa nkhani pakati nacotsapo ka nsalu,Nyanja_NNM_Spk5_U_fd01d0a7a2_Utterance_20_700_725.wav,13.363
NNM,M,Spk5,U_fd01d0a7a2,700_725,Nyanja_NNM_Spk5_U_fd01d0a7a2_Utterance_21,indetu ngati sindidziwa amene anali naye mu cikondi ndiye kuti ndidziwa omwe anali naye mcikondi,Nyanja_NNM_Spk5_U_fd01d0a7a2_Utterance_21_700_725.wav,8.664
NNM,M,Spk5,U_fd01d0a7a2,700_725,Nyanja_NNM_Spk5_U_fd01d0a7a2_Utterance_22,ndipo kodi ncionetsero cotani cimene mumapeleka anafunsa servadaki mofunitsitsa kudziwa ngati sidzizacitika,Nyanja_NNM_Spk5_U_fd01d0a7a2_Utterance_22_700_725.wav,8.522
NNM,M,Spk5,U_fd01d0a7a2,700_725,Nyanja_NNM_Spk5_U_fd01d0a7a2_Utterance_23,cifundo ca ambuye kuchokera kwa atate ndi mtendere kuchokera kwa ambuye yesu khristu,Nyanja_NNM_Spk5_U_fd01d0a7a2_Utterance_23_700_725.wav,6.142
NNM,M,Spk5,U_fd01d0a7a2,700_725,Nyanja_NNM_Spk5_U_fd01d0a7a2_Utterance_24,sadzakusiyani  m'masana kapena utsiku ngakhale mukugwira nchito kapena kusewera mwina mtagona,Nyanja_NNM_Spk5_U_fd01d0a7a2_Utterance_24_700_725.wav,9.067
NNM,M,Spk5,U_fd01d0a7a2,700_725,Nyanja_NNM_Spk5_U_fd01d0a7a2_Utterance_25,ndipo abale ndi alongo ace onse anaimilira mozungulira nanva atatsegula kukamwa kwao,Nyanja_NNM_Spk5_U_fd01d0a7a2_Utterance_25_700_725.wav,7.495
NNM,M,Spk5,U_fd01d0a7a2,725_750,Nyanja_NNM_Spk5_U_fd01d0a7a2_Utterance_1,alexander anawelama capatsogoro na thumitsa manja ake ku moto,Nyanja_NNM_Spk5_U_fd01d0a7a2_Utterance_1_725_750.wav,5.48
NNM,M,Spk5,U_fd01d0a7a2,725_750,Nyanja_NNM_Spk5_U_fd01d0a7a2_Utterance_2,kodi siabwino kopotsa analira jasper ali kuzikweza motheratu atateanadziwa mocitira,Nyanja_NNM_Spk5_U_fd01d0a7a2_Utterance_2_725_750.wav,7.326
NNM,M,Spk5,U_fd01d0a7a2,725_750,Nyanja_NNM_Spk5_U_fd01d0a7a2_Utterance_3,indetu anali atapenya kumbali ndi colinga cosafuna kuoona,Nyanja_NNM_Spk5_U_fd01d0a7a2_Utterance_3_725_750.wav,6.49
NNM,M,Spk5,U_fd01d0a7a2,725_750,Nyanja_NNM_Spk5_U_fd01d0a7a2_Utterance_4,ndizacita ciliconse cimene iwe ufuna kuti nkucitile bartley anatero monjenjemera,Nyanja_NNM_Spk5_U_fd01d0a7a2_Utterance_4_725_750.wav,7.187
NNM,M,Spk5,U_fd01d0a7a2,725_750,Nyanja_NNM_Spk5_U_fd01d0a7a2_Utterance_5,sanaleke kuyenda mofulumira kufikira atapyeela mpaka ca kunyanja ndi pa malo amene apedzeka pa nyanja ocefdwa lo thonje inali patsogolo pache,Nyanja_NNM_Spk5_U_fd01d0a7a2_Utterance_5_725_750.wav,11.598
NNM,M,Spk5,U_fd01d0a7a2,725_750,Nyanja_NNM_Spk5_U_fd01d0a7a2_Utterance_6,ku malo a mkhalidwe wa ku ulaya malo ano pa nthawi ino akupezeka pakati pa aja osauka,Nyanja_NNM_Spk5_U_fd01d0a7a2_Utterance_6_725_750.wav,7.117
NNM,M,Spk5,U_fd01d0a7a2,725_750,Nyanja_NNM_Spk5_U_fd01d0a7a2_Utterance_7,iye anathamangira kumbali kumene kunali amuna ace nthawi imeneyo nawathandiza kucotsa ma ketulo anai pamoto,Nyanja_NNM_Spk5_U_fd01d0a7a2_Utterance_7_725_750.wav,9.056
NNM,M,Spk5,U_fd01d0a7a2,725_750,Nyanja_NNM_Spk5_U_fd01d0a7a2_Utterance_8,kodi muzandisiya mcipinda cangaci ndekha kapena ndikusiyeni pofuna ku kuthawani,Nyanja_NNM_Spk5_U_fd01d0a7a2_Utterance_8_725_750.wav,6.08
NNM,M,Spk5,U_fd01d0a7a2,725_750,Nyanja_NNM_Spk5_U_fd01d0a7a2_Utterance_9,ananditumila ma tsamba olembedwao asanafe,Nyanja_NNM_Spk5_U_fd01d0a7a2_Utterance_9_725_750.wav,4.31
NNM,M,Spk5,U_fd01d0a7a2,725_750,Nyanja_NNM_Spk5_U_fd01d0a7a2_Utterance_10,ndikhulupilira mu kuphunzitsa anthu mofikapo mzungu kuno anatero mobvomeredzana naye ndi mtima onse,Nyanja_NNM_Spk5_U_fd01d0a7a2_Utterance_10_725_750.wav,9.035
NNM,M,Spk5,U_fd01d0a7a2,725_750,Nyanja_NNM_Spk5_U_fd01d0a7a2_Utterance_11,nyuma ya malamulo ndi a scot (ena) anapeleka zoganiza zao kwa a mfumu,Nyanja_NNM_Spk5_U_fd01d0a7a2_Utterance_11_725_750.wav,6.65
NNM,M,Spk5,U_fd01d0a7a2,725_750,Nyanja_NNM_Spk5_U_fd01d0a7a2_Utterance_12,motheratu uku ndiye kunali kumasulira kwa  maonekedwe a abwana ace yakobo ndi akazi ao  kulingana ndi momwe  yakobo analankhulira,Nyanja_NNM_Spk5_U_fd01d0a7a2_Utterance_12_725_750.wav,11.435
NNM,M,Spk5,U_fd01d0a7a2,725_750,Nyanja_NNM_Spk5_U_fd01d0a7a2_Utterance_13,tsopano anali kusewera ndi akadoli ao pa malo amalonda aja,Nyanja_NNM_Spk5_U_fd01d0a7a2_Utterance_13_725_750.wav,6.485
NNM,M,Spk5,U_fd01d0a7a2,725_750,Nyanja_NNM_Spk5_U_fd01d0a7a2_Utterance_14,cinkhuni cinayaka kopootsa pamene panali kuoceledwa mwala wa kopa ndipo cidalila mokweza,Nyanja_NNM_Spk5_U_fd01d0a7a2_Utterance_14_725_750.wav,6.92
NNM,M,Spk5,U_fd01d0a7a2,725_750,Nyanja_NNM_Spk5_U_fd01d0a7a2_Utterance_15,inde khalidwe imene mfumu yanu inaganiszila ndizogwirizana bwino ndi lanu,Nyanja_NNM_Spk5_U_fd01d0a7a2_Utterance_15_725_750.wav,6.26
NNM,M,Spk5,U_fd01d0a7a2,725_750,Nyanja_NNM_Spk5_U_fd01d0a7a2_Utterance_16,uncas anataya khungu lace nabwera patsogoro m'maonekedwe ace okongola,Nyanja_NNM_Spk5_U_fd01d0a7a2_Utterance_16_725_750.wav,6.485
NNM,M,Spk5,U_fd01d0a7a2,725_750,Nyanja_NNM_Spk5_U_fd01d0a7a2_Utterance_17,bwerani ndithu tiwathire mathope,Nyanja_NNM_Spk5_U_fd01d0a7a2_Utterance_17_725_750.wav,3.47
NNM,M,Spk5,U_fd01d0a7a2,725_750,Nyanja_NNM_Spk5_U_fd01d0a7a2_Utterance_18,tizabwere kuno lere masana titabvala  zobvala zathu zakale kuti tikonze konze mnyumba,Nyanja_NNM_Spk5_U_fd01d0a7a2_Utterance_18_725_750.wav,7.535
NNM,M,Spk5,U_fd01d0a7a2,725_750,Nyanja_NNM_Spk5_U_fd01d0a7a2_Utterance_19,uku ndiye kumatsulira kwa kusakumbika kwambiri kumene kupezeka m'malo ena a pa nyanja ya atlantic,Nyanja_NNM_Spk5_U_fd01d0a7a2_Utterance_19_725_750.wav,7.975
NNM,M,Spk5,U_fd01d0a7a2,725_750,Nyanja_NNM_Spk5_U_fd01d0a7a2_Utterance_20,ici ndico cimene tikufunisisa pa zolembedwa za ukacende pa nzeru,Nyanja_NNM_Spk5_U_fd01d0a7a2_Utterance_20_725_750.wav,5.675
NNM,M,Spk5,U_fd01d0a7a2,725_750,Nyanja_NNM_Spk5_U_fd01d0a7a2_Utterance_21,kodi ncifukwa ciani adona a kunyumba ya hur angakhumudwe/angadabwe nazo,Nyanja_NNM_Spk5_U_fd01d0a7a2_Utterance_21_725_750.wav,6.815
NNM,M,Spk5,U_fd01d0a7a2,725_750,Nyanja_NNM_Spk5_U_fd01d0a7a2_Utterance_22,kuli chabe zolembedwa zofanizila za nyumbayo d'este kodi ukuona,Nyanja_NNM_Spk5_U_fd01d0a7a2_Utterance_22_725_750.wav,5.72
NNM,M,Spk5,U_fd01d0a7a2,725_750,Nyanja_NNM_Spk5_U_fd01d0a7a2_Utterance_23,ndikuganiza kuti zimenezi zizakhala zokwanira anapitiliza kulankhula poti zina zace zofunikira siziyenera mu wanchito,Nyanja_NNM_Spk5_U_fd01d0a7a2_Utterance_23_725_750.wav,9.545
NNM,M,Spk5,U_fd01d0a7a2,725_750,Nyanja_NNM_Spk5_U_fd01d0a7a2_Utterance_24,kodi mungatandauze ciani mukatero amai woodley mumalankhula mosadziwika bwino,Nyanja_NNM_Spk5_U_fd01d0a7a2_Utterance_24_725_750.wav,7.265
NNM,M,Spk5,U_fd01d0a7a2,725_750,Nyanja_NNM_Spk5_U_fd01d0a7a2_Utterance_25,ukulu wa muombolo wa khristu mwana wa mulungu utionetsa ici,Nyanja_NNM_Spk5_U_fd01d0a7a2_Utterance_25_725_750.wav,4.985
NNM,M,Spk5,U_280915d9a9,700_725,Nyanja_NNM_Spk5_U_280915d9a9_Utterance_1,koma pkacenjede plato alibe zosadziwika pa zida zace zimene aonetsa mu buku lace locedwa  phaedrus kapena symposium,Nyanja_NNM_Spk5_U_280915d9a9_Utterance_1_700_725.wav,10.7
NNM,M,Spk5,U_280915d9a9,700_725,Nyanja_NNM_Spk5_U_280915d9a9_Utterance_2,iye anali mzimai wamkulu thupi amene anankapezeka pa nyumba nthawi zonse anali anthu aciyera/azungu wamba amene sanali kudziwika ku malo amene anali kukhala,Nyanja_NNM_Spk5_U_280915d9a9_Utterance_2_700_725.wav,12.14
NNM,M,Spk5,U_280915d9a9,700_725,Nyanja_NNM_Spk5_U_280915d9a9_Utterance_3,munda wa zipatso unali kunyezimila ndi kugwedezeka gwedezeka mkadzuwa,Nyanja_NNM_Spk5_U_280915d9a9_Utterance_3_700_725.wav,4.82
NNM,M,Spk5,U_280915d9a9,700_725,Nyanja_NNM_Spk5_U_280915d9a9_Utterance_4,mimba ya nomondwe wanga simakhuta ndipo munakwelanso/munalinso  golide,Nyanja_NNM_Spk5_U_280915d9a9_Utterance_4_700_725.wav,4.82
NNM,M,Spk5,U_280915d9a9,700_725,Nyanja_NNM_Spk5_U_280915d9a9_Utterance_5,cabwino kodi amfumu ali ndi mphamvu iliyonse yoti angathe kulankhulako pa nkhani za mtundu umenewo,Nyanja_NNM_Spk5_U_280915d9a9_Utterance_5_700_725.wav,9.785
NNM,M,Spk5,U_280915d9a9,700_725,Nyanja_NNM_Spk5_U_280915d9a9_Utterance_6,mu izi zonse episkopo paulo akumucita kuukanso kwa ambuye yesu,Nyanja_NNM_Spk5_U_280915d9a9_Utterance_6_700_725.wav,6.41
NNM,M,Spk5,U_280915d9a9,700_725,Nyanja_NNM_Spk5_U_280915d9a9_Utterance_7,kwa nthawi yaitali anafuna kudziwitsitsa malo okongola ocedwa oz komwe iwo nali kukhalila,Nyanja_NNM_Spk5_U_280915d9a9_Utterance_7_700_725.wav,9.35
NNM,M,Spk5,U_280915d9a9,700_725,Nyanja_NNM_Spk5_U_280915d9a9_Utterance_8,ici cinali nthawi ya masankho mu mwezi wa kafukulira caka ca 1855,Nyanja_NNM_Spk5_U_280915d9a9_Utterance_8_700_725.wav,8.465
NNM,M,Spk5,U_280915d9a9,700_725,Nyanja_NNM_Spk5_U_280915d9a9_Utterance_9,izi zingakukhalileni bwino nonse ngati apita ndi carl,Nyanja_NNM_Spk5_U_280915d9a9_Utterance_9_700_725.wav,5.45
NNM,M,Spk5,U_280915d9a9,700_725,Nyanja_NNM_Spk5_U_280915d9a9_Utterance_10,momwe zilili pa nkhani imeneyi monga momwe zimakhalila mu mankhani ena ambiri cimene cingatengedwa ngati coonekeratu/codziwikiratu kutsogoroko sicingakhale tero,Nyanja_NNM_Spk5_U_280915d9a9_Utterance_10_700_725.wav,14.18
NNM,M,Spk5,U_280915d9a9,700_725,Nyanja_NNM_Spk5_U_280915d9a9_Utterance_11,tiyenera kunvera kristu amane anaikidwa kuti akhale mphunzitsi wathu ndi atate mulungu,Nyanja_NNM_Spk5_U_280915d9a9_Utterance_11_700_725.wav,7.745
NNM,M,Spk5,U_280915d9a9,700_725,Nyanja_NNM_Spk5_U_280915d9a9_Utterance_12,ndipo nchito ija sinali yopweeka ngati mmene inu muganizira,Nyanja_NNM_Spk5_U_280915d9a9_Utterance_12_700_725.wav,5.99
NNM,M,Spk5,U_280915d9a9,700_725,Nyanja_NNM_Spk5_U_280915d9a9_Utterance_13,mwina pa za mkhalidwe wa anthu athu cili cinthu cosatheka,Nyanja_NNM_Spk5_U_280915d9a9_Utterance_13_700_725.wav,7.61
NNM,M,Spk5,U_280915d9a9,700_725,Nyanja_NNM_Spk5_U_280915d9a9_Utterance_14,pa nthawi imodzi-modzi paulo asimikiza cikhulupiliro cathu kuti yesu ndi wabwino/ndi mulungu emwe,Nyanja_NNM_Spk5_U_280915d9a9_Utterance_14_700_725.wav,8.42
NNM,M,Spk5,U_280915d9a9,700_725,Nyanja_NNM_Spk5_U_280915d9a9_Utterance_15,anafunsa mosadzindikira sindinadziwe kuti ungathe kupanga atate ace kubvomerezana ndi zomwe unali kunena/kufuna,Nyanja_NNM_Spk5_U_280915d9a9_Utterance_15_700_725.wav,10.565
NNM,M,Spk5,U_280915d9a9,700_725,Nyanja_NNM_Spk5_U_280915d9a9_Utterance_16,ndipo ndinali kukhala bwino ndipo tsopano ndine kapolo wako cabwino ndi mwai wa nkhondo,Nyanja_NNM_Spk5_U_280915d9a9_Utterance_16_700_725.wav,9.155
NNM,M,Spk5,U_280915d9a9,700_725,Nyanja_NNM_Spk5_U_280915d9a9_Utterance_17,pakati pa atumwi aboza ozitukumula/ozikweza paulo anateteza mphanvu zace za utumwi ndi za chalichi poyera,Nyanja_NNM_Spk5_U_280915d9a9_Utterance_17_700_725.wav,10.685
NNM,M,Spk5,U_280915d9a9,700_725,Nyanja_NNM_Spk5_U_280915d9a9_Utterance_18,pa zonsezi anaganiza lobini pa atate acekodi nciani cimene angafune kulankhulapo,Nyanja_NNM_Spk5_U_280915d9a9_Utterance_18_700_725.wav,10.97
NNM,M,Spk5,U_280915d9a9,700_725,Nyanja_NNM_Spk5_U_280915d9a9_Utterance_19,moonana maso ndi maso tiyeni tilandile kacenjede wa maphunziro akuuya kacipinda kogonamo kanu muno kali kukudikhilani,Nyanja_NNM_Spk5_U_280915d9a9_Utterance_19_700_725.wav,17.435
NNM,M,Spk5,U_280915d9a9,700_725,Nyanja_NNM_Spk5_U_280915d9a9_Utterance_20,akuyenda mofika pafupi ndi thebulo/gome yodyerapo cakudya ca m'madzulo iye mosamala ndithu anaik pepala imene munalembedwa nkhani pakati nacotsapo ka nsalu,Nyanja_NNM_Spk5_U_280915d9a9_Utterance_20_700_725.wav,15.14
NNM,M,Spk5,U_280915d9a9,700_725,Nyanja_NNM_Spk5_U_280915d9a9_Utterance_21,indetu ngati sindidziwa amene anali naye mu cikondi ndiye kuti ndidziwa omwe anali naye mcikondi,Nyanja_NNM_Spk5_U_280915d9a9_Utterance_21_700_725.wav,11.99
NNM,M,Spk5,U_280915d9a9,700_725,Nyanja_NNM_Spk5_U_280915d9a9_Utterance_22,ndipo kodi ncionetsero cotani cimene mumapeleka anafunsa servadaki mofunitsitsa kudziwa ngati sidzizacitika,Nyanja_NNM_Spk5_U_280915d9a9_Utterance_22_700_725.wav,12.425
NNM,M,Spk5,U_280915d9a9,700_725,Nyanja_NNM_Spk5_U_280915d9a9_Utterance_23,cifundo ca ambuye kuchokera kwa atate ndi mtendere kuchokera kwa ambuye yesu khristu,Nyanja_NNM_Spk5_U_280915d9a9_Utterance_23_700_725.wav,9.455
NNM,M,Spk5,U_280915d9a9,700_725,Nyanja_NNM_Spk5_U_280915d9a9_Utterance_24,sadzakusiyani  m'masana kapena utsiku ngakhale mukugwira nchito kapena kusewera mwina mtagona,Nyanja_NNM_Spk5_U_280915d9a9_Utterance_24_700_725.wav,9.155
NNM,M,Spk5,U_280915d9a9,700_725,Nyanja_NNM_Spk5_U_280915d9a9_Utterance_25,ndipo abale ndi alongo ace onse anaimilira mozungulira nanva atatsegula kukamwa kwao,Nyanja_NNM_Spk5_U_280915d9a9_Utterance_25_700_725.wav,8.99
NNM,M,Spk5,U_280915d9a9,725_750,Nyanja_NNM_Spk5_U_280915d9a9_Utterance_1,alexander anawelama capatsogoro na thumitsa manja ake ku moto,Nyanja_NNM_Spk5_U_280915d9a9_Utterance_1_725_750.wav,5.405
NNM,M,Spk5,U_280915d9a9,725_750,Nyanja_NNM_Spk5_U_280915d9a9_Utterance_2,kodi siabwino kopotsa analira jasper ali kuzikweza motheratu atateanadziwa mocitira,Nyanja_NNM_Spk5_U_280915d9a9_Utterance_2_725_750.wav,8.705
NNM,M,Spk5,U_280915d9a9,725_750,Nyanja_NNM_Spk5_U_280915d9a9_Utterance_3,indetu anali atapenya kumbali ndi colinga cosafuna kuoona,Nyanja_NNM_Spk5_U_280915d9a9_Utterance_3_725_750.wav,6.575
NNM,M,Spk5,U_280915d9a9,725_750,Nyanja_NNM_Spk5_U_280915d9a9_Utterance_4,ndizacita ciliconse cimene iwe ufuna kuti nkucitile bartley anatero monjenjemera,Nyanja_NNM_Spk5_U_280915d9a9_Utterance_4_725_750.wav,8.39
NNM,M,Spk5,U_280915d9a9,725_750,Nyanja_NNM_Spk5_U_280915d9a9_Utterance_5,sanaleke kuyenda mofulumira kufikira atapyeela mpaka ca kunyanja ndi pa malo amene apedzeka pa nyanja ocefdwa lo thonje inali patsogolo pache,Nyanja_NNM_Spk5_U_280915d9a9_Utterance_5_725_750.wav,15.425
NNM,M,Spk5,U_280915d9a9,725_750,Nyanja_NNM_Spk5_U_280915d9a9_Utterance_6,ku malo a mkhalidwe wa ku ulaya malo ano pa nthawi ino akupezeka pakati pa aja osauka,Nyanja_NNM_Spk5_U_280915d9a9_Utterance_6_725_750.wav,7.895
NNM,M,Spk5,U_280915d9a9,725_750,Nyanja_NNM_Spk5_U_280915d9a9_Utterance_7,iye anathamangira kumbali kumene kunali amuna ace nthawi imeneyo nawathandiza kucotsa ma ketulo anai pamoto,Nyanja_NNM_Spk5_U_280915d9a9_Utterance_7_725_750.wav,8.045
NNM,M,Spk5,U_280915d9a9,725_750,Nyanja_NNM_Spk5_U_280915d9a9_Utterance_8,kodi muzandisiya mcipinda cangaci ndekha kapena ndikusiyeni pofuna ku kuthawani,Nyanja_NNM_Spk5_U_280915d9a9_Utterance_8_725_750.wav,7.28
NNM,M,Spk5,U_280915d9a9,725_750,Nyanja_NNM_Spk5_U_280915d9a9_Utterance_9,ananditumila ma tsamba olembedwao asanafe,Nyanja_NNM_Spk5_U_280915d9a9_Utterance_9_725_750.wav,3.395
NNM,M,Spk5,U_280915d9a9,725_750,Nyanja_NNM_Spk5_U_280915d9a9_Utterance_10,ndikhulupilira mu kuphunzitsa anthu mofikapo mzungu kuno anatero mobvomeredzana naye ndi mtima onse,Nyanja_NNM_Spk5_U_280915d9a9_Utterance_10_725_750.wav,10.16
NNM,M,Spk5,U_280915d9a9,725_750,Nyanja_NNM_Spk5_U_280915d9a9_Utterance_11,nyuma ya malamulo ndi a scot (ena) anapeleka zoganiza zao kwa a mfumu,Nyanja_NNM_Spk5_U_280915d9a9_Utterance_11_725_750.wav,6.95
NNM,M,Spk5,U_280915d9a9,725_750,Nyanja_NNM_Spk5_U_280915d9a9_Utterance_12,motheratu uku ndiye kunali kumasulira kwa  maonekedwe a abwana ace yakobo ndi akazi ao  kulingana ndi momwe  yakobo analankhulira,Nyanja_NNM_Spk5_U_280915d9a9_Utterance_12_725_750.wav,14.345
NNM,M,Spk5,U_280915d9a9,725_750,Nyanja_NNM_Spk5_U_280915d9a9_Utterance_13,tsopano anali kusewera ndi akadoli ao pa malo amalonda aja,Nyanja_NNM_Spk5_U_280915d9a9_Utterance_13_725_750.wav,5.78
NNM,M,Spk5,U_280915d9a9,725_750,Nyanja_NNM_Spk5_U_280915d9a9_Utterance_14,cinkhuni cinayaka kopootsa pamene panali kuoceledwa mwala wa kopa ndipo cidalila mokweza,Nyanja_NNM_Spk5_U_280915d9a9_Utterance_14_725_750.wav,8.84
NNM,M,Spk5,U_280915d9a9,725_750,Nyanja_NNM_Spk5_U_280915d9a9_Utterance_15,inde khalidwe imene mfumu yanu inaganiszila ndizogwirizana bwino ndi lanu,Nyanja_NNM_Spk5_U_280915d9a9_Utterance_15_725_750.wav,9.455
NNM,M,Spk5,U_280915d9a9,725_750,Nyanja_NNM_Spk5_U_280915d9a9_Utterance_16,uncas anataya khungu lace nabwera patsogoro m'maonekedwe ace okongola,Nyanja_NNM_Spk5_U_280915d9a9_Utterance_16_725_750.wav,5.225
NNM,M,Spk5,U_280915d9a9,725_750,Nyanja_NNM_Spk5_U_280915d9a9_Utterance_17,bwerani ndithu tiwathire mathope,Nyanja_NNM_Spk5_U_280915d9a9_Utterance_17_725_750.wav,5.45
NNM,M,Spk5,U_280915d9a9,725_750,Nyanja_NNM_Spk5_U_280915d9a9_Utterance_18,tizabwere kuno lere masana titabvala  zobvala zathu zakale kuti tikonze konze mnyumba,Nyanja_NNM_Spk5_U_280915d9a9_Utterance_18_725_750.wav,8.3
NNM,M,Spk5,U_280915d9a9,725_750,Nyanja_NNM_Spk5_U_280915d9a9_Utterance_19,uku ndiye kumatsulira kwa kusakumbika kwambiri kumene kupezeka m'malo ena a pa nyanja ya atlantic,Nyanja_NNM_Spk5_U_280915d9a9_Utterance_19_725_750.wav,13.505
NNM,M,Spk5,U_280915d9a9,725_750,Nyanja_NNM_Spk5_U_280915d9a9_Utterance_20,ici ndico cimene tikufunisisa pa zolembedwa za ukacende pa nzeru,Nyanja_NNM_Spk5_U_280915d9a9_Utterance_20_725_750.wav,9.515
NNM,M,Spk5,U_280915d9a9,725_750,Nyanja_NNM_Spk5_U_280915d9a9_Utterance_21,kodi ncifukwa ciani adona a kunyumba ya hur angakhumudwe/angadabwe nazo,Nyanja_NNM_Spk5_U_280915d9a9_Utterance_21_725_750.wav,6.095
NNM,M,Spk5,U_280915d9a9,725_750,Nyanja_NNM_Spk5_U_280915d9a9_Utterance_22,kuli chabe zolembedwa zofanizila za nyumbayo d'este kodi ukuona,Nyanja_NNM_Spk5_U_280915d9a9_Utterance_22_725_750.wav,7.085
NNM,M,Spk5,U_280915d9a9,725_750,Nyanja_NNM_Spk5_U_280915d9a9_Utterance_23,ndikuganiza kuti zimenezi zizakhala zokwanira anapitiliza kulankhula poti zina zace zofunikira siziyenera mu wanchito,Nyanja_NNM_Spk5_U_280915d9a9_Utterance_23_725_750.wav,13.265
NNM,M,Spk5,U_280915d9a9,725_750,Nyanja_NNM_Spk5_U_280915d9a9_Utterance_24,kodi mungatandauze ciani mukatero amai woodley mumalankhula mosadziwika bwino,Nyanja_NNM_Spk5_U_280915d9a9_Utterance_24_725_750.wav,7.115
NNM,M,Spk5,U_280915d9a9,725_750,Nyanja_NNM_Spk5_U_280915d9a9_Utterance_25,ukulu wa muombolo wa khristu mwana wa mulungu utionetsa ici,Nyanja_NNM_Spk5_U_280915d9a9_Utterance_25_725_750.wav,6.335
NNM,M,Spk8,U_110823b4c8,875_900,Nyanja_NNM_Spk8_U_110823b4c8_Utterance_1,ananene kwa agalantiya nati mulibe mphanvu yoganizira paulo mwapamwamba,Nyanja_NNM_Spk8_U_110823b4c8_Utterance_1_875_900.wav,7.175
NNM,M,Spk8,U_110823b4c8,875_900,Nyanja_NNM_Spk8_U_110823b4c8_Utterance_2,kulibe kwina kwace kotseguka pokhapokhapo khola imodzi anatero wotiyanganira wathu ophunzira,Nyanja_NNM_Spk8_U_110823b4c8_Utterance_2_875_900.wav,8.719
NNM,M,Spk8,U_110823b4c8,875_900,Nyanja_NNM_Spk8_U_110823b4c8_Utterance_3,kwangwala wa mkulu analondola mwansanga kufuna kuti acotse nyama yace /cimene anagwira pansi,Nyanja_NNM_Spk8_U_110823b4c8_Utterance_3_875_900.wav,9.555
NNM,M,Spk8,U_110823b4c8,875_900,Nyanja_NNM_Spk8_U_110823b4c8_Utterance_4,wina waceananena nkhani ngakhala sanainene bwino yomwe ninaona kuti sanali kunvetsetsa,Nyanja_NNM_Spk8_U_110823b4c8_Utterance_4_875_900.wav,8.552
NNM,M,Spk8,U_110823b4c8,875_900,Nyanja_NNM_Spk8_U_110823b4c8_Utterance_5,cinali cinthu ca bwino kwa iye kuganiza kuti mkaziyo zanali kumkonda kopotsa kudziwa cilungamo,Nyanja_NNM_Spk8_U_110823b4c8_Utterance_5_875_900.wav,8.661
NNM,M,Spk8,U_110823b4c8,875_900,Nyanja_NNM_Spk8_U_110823b4c8_Utterance_6,pamenepo anaika dzanja lace pa mkono wace  naseka nati,Nyanja_NNM_Spk8_U_110823b4c8_Utterance_6_875_900.wav,5.631
NNM,M,Spk8,U_110823b4c8,875_900,Nyanja_NNM_Spk8_U_110823b4c8_Utterance_7,chingachgook anali ataona izi ndi mayendedwe ndipo ndi manja ake anawalola kulankhula,Nyanja_NNM_Spk8_U_110823b4c8_Utterance_7_875_900.wav,8.626
NNM,M,Spk8,U_110823b4c8,875_900,Nyanja_NNM_Spk8_U_110823b4c8_Utterance_8,apa apo anatero motonthoza ali kupapatsa mutu wace wofilira,Nyanja_NNM_Spk8_U_110823b4c8_Utterance_8_875_900.wav,5.991
NNM,M,Spk8,U_110823b4c8,875_900,Nyanja_NNM_Spk8_U_110823b4c8_Utterance_9,anayenda mwamsanga ngati mwivi napita mun ma holo onsewo ma sitepi okwelera mnyumba ndi pa bwalo ponse,Nyanja_NNM_Spk8_U_110823b4c8_Utterance_9_875_900.wav,10.345
NNM,M,Spk8,U_110823b4c8,875_900,Nyanja_NNM_Spk8_U_110823b4c8_Utterance_10,iye anafuna kuyambira pamwamba pa matanda,Nyanja_NNM_Spk8_U_110823b4c8_Utterance_10_875_900.wav,3.622
NNM,M,Spk8,U_110823b4c8,875_900,Nyanja_NNM_Spk8_U_110823b4c8_Utterance_11,humpy dumpy anali atagwa pansipa koma anakwatira ndithu mwana wa amfumu wa mkazi,Nyanja_NNM_Spk8_U_110823b4c8_Utterance_11_875_900.wav,6.85
NNM,M,Spk8,U_110823b4c8,875_900,Nyanja_NNM_Spk8_U_110823b4c8_Utterance_12,m'mene analonjezera kuteteza hotela nzika zimene zitauzidwa kuti zisade nkhawa mogogomedza zinayamba kuseka mantha ao,Nyanja_NNM_Spk8_U_110823b4c8_Utterance_12_875_900.wav,12.33
NNM,M,Spk8,U_110823b4c8,875_900,Nyanja_NNM_Spk8_U_110823b4c8_Utterance_13,mabwalo ya tolasa twa thonje tolema anali pafupi kuphulika,Nyanja_NNM_Spk8_U_110823b4c8_Utterance_13_875_900.wav,5.341
NNM,M,Spk8,U_110823b4c8,875_900,Nyanja_NNM_Spk8_U_110823b4c8_Utterance_14,lute anakhala zii kwanthawi yaitali ali kuoneka ndi pa maso pofunisisa  kunali kutatulukila,Nyanja_NNM_Spk8_U_110823b4c8_Utterance_14_875_900.wav,9.16
NNM,M,Spk8,U_110823b4c8,875_900,Nyanja_NNM_Spk8_U_110823b4c8_Utterance_15,kodi unabwera liti bartley ndipo kodi zakhala bwanji zotheka kuti sunalankhule kanthu kali konse,Nyanja_NNM_Spk8_U_110823b4c8_Utterance_15_875_900.wav,9.311
NNM,M,Spk8,U_110823b4c8,875_900,Nyanja_NNM_Spk8_U_110823b4c8_Utterance_16,sindinathe kuonana mwana wanga wacimuna opwetekedwa mwaubwino koma akucita zinchito zace ngati m'modzi wa ana a bamba cumberland,Nyanja_NNM_Spk8_U_110823b4c8_Utterance_16_875_900.wav,11.958
NNM,M,Spk8,U_110823b4c8,875_900,Nyanja_NNM_Spk8_U_110823b4c8_Utterance_17,ngati ndili kunva conjo ndiye kuti ndili kunva conjo,Nyanja_NNM_Spk8_U_110823b4c8_Utterance_17_875_900.wav,4.598
NNM,M,Spk8,U_110823b4c8,875_900,Nyanja_NNM_Spk8_U_110823b4c8_Utterance_18,anzanga anatero montifichet mosakweza mau ace kwa ena anali kucita masewera ya kumenyana tipelekezeni mkatifikiseko ca kunyumba kwa ogwira nchito ku ndende,Nyanja_NNM_Spk8_U_110823b4c8_Utterance_18_875_900.wav,15.464
NNM,M,Spk8,U_110823b4c8,875_900,Nyanja_NNM_Spk8_U_110823b4c8_Utterance_19,koma sindinadziwe apa ndipo pomwe mundiuza,Nyanja_NNM_Spk8_U_110823b4c8_Utterance_19_875_900.wav,4.133
NNM,M,Spk8,U_110823b4c8,875_900,Nyanja_NNM_Spk8_U_110823b4c8_Utterance_20,bulakitoni ndi mzanga wabwino kwambiri ndinenetsa nzo kwa iwe,Nyanja_NNM_Spk8_U_110823b4c8_Utterance_20_875_900.wav,6.467
NNM,M,Spk8,U_110823b4c8,875_900,Nyanja_NNM_Spk8_U_110823b4c8_Utterance_21,ndanyowa kufika munkongono mwanga ntawerama kuti ndidoba cherries,Nyanja_NNM_Spk8_U_110823b4c8_Utterance_21_875_900.wav,6.072
NNM,M,Spk8,U_110823b4c8,875_900,Nyanja_NNM_Spk8_U_110823b4c8_Utterance_22,ena ace sanafune kuti zimenezi zikacitike tsiku lina mtsogolo koma zina cabe zopanga zace zimene zinandisangalasa,Nyanja_NNM_Spk8_U_110823b4c8_Utterance_22_875_900.wav,11.796
NNM,M,Spk8,U_110823b4c8,875_900,Nyanja_NNM_Spk8_U_110823b4c8_Utterance_23,kodi kuti sangakhale mphatso yabwino kwa mwana wanthu wakhandayu,Nyanja_NNM_Spk8_U_110823b4c8_Utterance_23_875_900.wav,5.631
NNM,M,Spk8,U_110823b4c8,875_900,Nyanja_NNM_Spk8_U_110823b4c8_Utterance_24,izo zitapita cinali ca pafupi kuziiwalako indetu kuziiwala,Nyanja_NNM_Spk8_U_110823b4c8_Utterance_24_875_900.wav,5.666
NNM,M,Spk8,U_110823b4c8,850_875,Nyanja_NNM_Spk8_U_110823b4c8_Utterance_1,lobini anaselutsa matanda ace mosamala ndipo mwamsanga  anazipeza pansi pa miyala yolimba kwabatsi,Nyanja_NNM_Spk8_U_110823b4c8_Utterance_1_850_875.wav,7.79
NNM,M,Spk8,U_110823b4c8,850_875,Nyanja_NNM_Spk8_U_110823b4c8_Utterance_2,koma kulingana ndi zomwe zili kucitiika sindidziwa ngati zinthu ngati izo kuti zingathe kucitika,Nyanja_NNM_Spk8_U_110823b4c8_Utterance_2_850_875.wav,8.487
NNM,M,Spk8,U_110823b4c8,850_875,Nyanja_NNM_Spk8_U_110823b4c8_Utterance_3,oho iye amakhala pafupi ndi piano anatero van ayenera kukhalapo pa nthawi ino kwinakwace  ndipo wina anaseka.,Nyanja_NNM_Spk8_U_110823b4c8_Utterance_3_850_875.wav,9.125
NNM,M,Spk8,U_110823b4c8,850_875,Nyanja_NNM_Spk8_U_110823b4c8_Utterance_4,amai taylor sanadziwe zambiri za kotoni koma conena cimodzi cabe coonjedzedwa cinaoneka coyenera,Nyanja_NNM_Spk8_U_110823b4c8_Utterance_4_850_875.wav,9.485
NNM,M,Spk8,U_110823b4c8,850_875,Nyanja_NNM_Spk8_U_110823b4c8_Utterance_5,mkupita ndi kupita sindinaonepo bulu lanu limene mu malembedwa za umoyo wanu ndiyenera kuiona bukuli missus poyser,Nyanja_NNM_Spk8_U_110823b4c8_Utterance_5_850_875.wav,11.773
NNM,M,Spk8,U_110823b4c8,850_875,Nyanja_NNM_Spk8_U_110823b4c8_Utterance_6,mnyamata wacicepele ndi omangidwa ndipo ndiopa imfa yace ngati yanenedwa,Nyanja_NNM_Spk8_U_110823b4c8_Utterance_6_850_875.wav,7.872
NNM,M,Spk8,U_110823b4c8,850_875,Nyanja_NNM_Spk8_U_110823b4c8_Utterance_7,nthawi imeneyo ntaona pa thebulo yanga ndinadziwa kuti wina wace anatayataya ma pepeela anga,Nyanja_NNM_Spk8_U_110823b4c8_Utterance_7_850_875.wav,9.23
NNM,M,Spk8,U_110823b4c8,850_875,Nyanja_NNM_Spk8_U_110823b4c8_Utterance_8,maonekedwa a lakelo ofooka ndi ocenjeletsa maso amene anali ku mupenya ndi codabwitsa cowawitsa,Nyanja_NNM_Spk8_U_110823b4c8_Utterance_8_850_875.wav,9.291
NNM,M,Spk8,U_110823b4c8,850_875,Nyanja_NNM_Spk8_U_110823b4c8_Utterance_9,ndikhulupilira ndithu kuti ndimadziwa kusankha zokoma mnjira imeneyo zonsezo ndi za zoona mukuzidziwa zobvara zimenezo,Nyanja_NNM_Spk8_U_110823b4c8_Utterance_9_850_875.wav,13.804
NNM,M,Spk8,U_110823b4c8,850_875,Nyanja_NNM_Spk8_U_110823b4c8_Utterance_10,cilungamo ici ciyamba kumatsulira mphanvu ya kuda zokhumba zina za dziko za magulu okwanira madzana makhumi awiri pansi pa nyanja,Nyanja_NNM_Spk8_U_110823b4c8_Utterance_10_850_875.wav,13.502
NNM,M,Spk8,U_110823b4c8,850_875,Nyanja_NNM_Spk8_U_110823b4c8_Utterance_11,ndipo anaseka mwapang'ono ndikuyankha ai amai beti ndine elizabeth parsons,Nyanja_NNM_Spk8_U_110823b4c8_Utterance_11_850_875.wav,7.195
NNM,M,Spk8,U_110823b4c8,850_875,Nyanja_NNM_Spk8_U_110823b4c8_Utterance_12,kuguzidwa kwace ku mlomo ndi kuunika kwace ku mapaphiko ace zinali zosanveka kwa iye ndipo zodabwitsa,Nyanja_NNM_Spk8_U_110823b4c8_Utterance_12_850_875.wav,8.986
NNM,M,Spk8,U_110823b4c8,850_875,Nyanja_NNM_Spk8_U_110823b4c8_Utterance_13,munny nsimbi zanga zili zozizila anauzidwa pease iiika pansi kuti zithumeko,Nyanja_NNM_Spk8_U_110823b4c8_Utterance_13_850_875.wav,8.046
NNM,M,Spk8,U_110823b4c8,850_875,Nyanja_NNM_Spk8_U_110823b4c8_Utterance_14,sindikucicepetsa nitalankhula kuti ma siku ano sicili cosaoneka=oneka,Nyanja_NNM_Spk8_U_110823b4c8_Utterance_14_850_875.wav,6.13
NNM,M,Spk8,U_110823b4c8,850_875,Nyanja_NNM_Spk8_U_110823b4c8_Utterance_15,nthawi zina cimachedwa copangidwa codabwitsa/cosokonedzetsa cifukwa zodindidwa zace ndi mitundu ndi zinaikidwa mosokoneza/mosasamala,Nyanja_NNM_Spk8_U_110823b4c8_Utterance_15_850_875.wav,10.217
NNM,M,Spk8,U_110823b4c8,850_875,Nyanja_NNM_Spk8_U_110823b4c8_Utterance_16,bwera pita ukanditengere ndalama yosala ya bambo louis ndilinayo bambo,Nyanja_NNM_Spk8_U_110823b4c8_Utterance_16_850_875.wav,6.49
NNM,M,Spk8,U_110823b4c8,850_875,Nyanja_NNM_Spk8_U_110823b4c8_Utterance_17,anandigwiritsa ncito kotheratu anali kufuna kumandimenya tsiku ndi tsiku,Nyanja_NNM_Spk8_U_110823b4c8_Utterance_17_850_875.wav,6.409
NNM,M,Spk8,U_110823b4c8,850_875,Nyanja_NNM_Spk8_U_110823b4c8_Utterance_18,mwamene njira ya cifundo ingapezekele kuli chalichi yoyera/yangwilyo ngakhale kuti anthu osakhulupilira mwa ambuye yesu apezeka komweko,Nyanja_NNM_Spk8_U_110823b4c8_Utterance_18_850_875.wav,10.345
NNM,M,Spk8,U_110823b4c8,850_875,Nyanja_NNM_Spk8_U_110823b4c8_Utterance_19,indetu iye anasautsa mpingo wa ambuye yesu kristu kwa nthawi ya itali,Nyanja_NNM_Spk8_U_110823b4c8_Utterance_19_850_875.wav,2.601
NNM,M,Spk8,U_110823b4c8,850_875,Nyanja_NNM_Spk8_U_110823b4c8_Utterance_20,pamene anayamba kucita zinthu anali kutsogolera yopatulika ya atsilikali oyenda pansi kupitila mu njira yolowera pansi,Nyanja_NNM_Spk8_U_110823b4c8_Utterance_20_850_875.wav,6.861
NNM,M,Spk8,U_110823b4c8,850_875,Nyanja_NNM_Spk8_U_110823b4c8_Utterance_21,ndifuna kusiys zonsezi kotheratu,Nyanja_NNM_Spk8_U_110823b4c8_Utterance_21_850_875.wav,10.844
NNM,M,Spk8,U_110823b4c8,850_875,Nyanja_NNM_Spk8_U_110823b4c8_Utterance_22,kodi sizingatheke kuti zoonekela za mumzinda za bwino zizionekera poyera,Nyanja_NNM_Spk8_U_110823b4c8_Utterance_22_850_875.wav,3.228
NNM,M,Spk8,U_110823b4c8,850_875,Nyanja_NNM_Spk8_U_110823b4c8_Utterance_23,anatero kapitawo donnithrone atakhala pamene anali kukwanitsa kuona  mkanjira kakafupi kamene kanalin kupita kumene anali kusungira mkaka,Nyanja_NNM_Spk8_U_110823b4c8_Utterance_23_850_875.wav,6.954
NNM,M,Spk8,U_110823b4c8,850_875,Nyanja_NNM_Spk8_U_110823b4c8_Utterance_24,tikuganiza kuti kupyolera mu nchito yocepa kapena ubwino tingathe kuthesa cimo,Nyanja_NNM_Spk8_U_110823b4c8_Utterance_24_850_875.wav,13.096
NNM,M,Spk8,U_110823b4c8,850_875,Nyanja_NNM_Spk8_U_110823b4c8_Utterance_25,indetu ndikupita ngati enginiya nanunso mungathe kupita ngati amodzi,Nyanja_NNM_Spk8_U_110823b4c8_Utterance_25_850_875.wav,7.036
NNM,M,Spk8,U_887c3224c9,875_900,Nyanja_NNM_Spk8_U_887c3224c9_Utterance_1,ananene kwa agalantiya nati mulibe mphanvu yoganizira paulo mwapamwamba,Nyanja_NNM_Spk8_U_887c3224c9_Utterance_1_875_900.wav,9.0
NNM,M,Spk8,U_887c3224c9,875_900,Nyanja_NNM_Spk8_U_887c3224c9_Utterance_2,kulibe kwina kwace kotseguka pokhapokhapo khola imodzi anatero wotiyanganira wathu ophunzira,Nyanja_NNM_Spk8_U_887c3224c9_Utterance_2_875_900.wav,12.25
NNM,M,Spk8,U_887c3224c9,875_900,Nyanja_NNM_Spk8_U_887c3224c9_Utterance_3,kwangwala wa mkulu analondola mwansanga kufuna kuti acotse nyama yace /cimene anagwira pansi,Nyanja_NNM_Spk8_U_887c3224c9_Utterance_3_875_900.wav,12.0
NNM,M,Spk8,U_887c3224c9,875_900,Nyanja_NNM_Spk8_U_887c3224c9_Utterance_4,wina waceananena nkhani ngakhala sanainene bwino yomwe ninaona kuti sanali kunvetsetsa,Nyanja_NNM_Spk8_U_887c3224c9_Utterance_4_875_900.wav,12.0
NNM,M,Spk8,U_887c3224c9,875_900,Nyanja_NNM_Spk8_U_887c3224c9_Utterance_5,cinali cinthu ca bwino kwa iye kuganiza kuti mkaziyo zanali kumkonda kopotsa kudziwa cilungamo,Nyanja_NNM_Spk8_U_887c3224c9_Utterance_5_875_900.wav,11.25
NNM,M,Spk8,U_887c3224c9,875_900,Nyanja_NNM_Spk8_U_887c3224c9_Utterance_6,oho bambo anatero bambo missus poyser ataopyedwa simungazikonde konse,Nyanja_NNM_Spk8_U_887c3224c9_Utterance_6_875_900.wav,9.0
NNM,M,Spk8,U_887c3224c9,875_900,Nyanja_NNM_Spk8_U_887c3224c9_Utterance_7,pamenepo anaika dzanja lace pa mkono wace  naseka nati,Nyanja_NNM_Spk8_U_887c3224c9_Utterance_7_875_900.wav,7.5
NNM,M,Spk8,U_887c3224c9,875_900,Nyanja_NNM_Spk8_U_887c3224c9_Utterance_8,chingachgook anali ataona izi ndi mayendedwe ndipo ndi manja ake anawalola kulankhula,Nyanja_NNM_Spk8_U_887c3224c9_Utterance_8_875_900.wav,10.5
NNM,M,Spk8,U_887c3224c9,875_900,Nyanja_NNM_Spk8_U_887c3224c9_Utterance_9,apa apo anatero motonthoza ali kupapatsa mutu wace wofilira,Nyanja_NNM_Spk8_U_887c3224c9_Utterance_9_875_900.wav,8.295
NNM,M,Spk8,U_887c3224c9,875_900,Nyanja_NNM_Spk8_U_887c3224c9_Utterance_10,anayenda mwamsanga ngati mwivi napita mun ma holo onsewo ma sitepi okwelera mnyumba ndi pa bwalo ponse,Nyanja_NNM_Spk8_U_887c3224c9_Utterance_10_875_900.wav,11.0
NNM,M,Spk8,U_887c3224c9,875_900,Nyanja_NNM_Spk8_U_887c3224c9_Utterance_11,iye anafuna kuyambira pamwamba pa matanda,Nyanja_NNM_Spk8_U_887c3224c9_Utterance_11_875_900.wav,4.5
NNM,M,Spk8,U_887c3224c9,875_900,Nyanja_NNM_Spk8_U_887c3224c9_Utterance_12,humpy dumpy anali atagwa pansipa koma anakwatira ndithu mwana wa amfumu wa mkazi,Nyanja_NNM_Spk8_U_887c3224c9_Utterance_12_875_900.wav,9.75
NNM,M,Spk8,U_887c3224c9,875_900,Nyanja_NNM_Spk8_U_887c3224c9_Utterance_13,m'mene analonjezera kuteteza hotela nzika zimene zitauzidwa kuti zisade nkhawa mogogomedza zinayamba kuseka mantha ao,Nyanja_NNM_Spk8_U_887c3224c9_Utterance_13_875_900.wav,14.5
NNM,M,Spk8,U_887c3224c9,875_900,Nyanja_NNM_Spk8_U_887c3224c9_Utterance_14,mabwalo ya tolasa twa thonje tolema anali pafupi kuphulika,Nyanja_NNM_Spk8_U_887c3224c9_Utterance_14_875_900.wav,7.5
NNM,M,Spk8,U_887c3224c9,875_900,Nyanja_NNM_Spk8_U_887c3224c9_Utterance_15,lute anakhala zii kwanthawi yaitali ali kuoneka ndi pa maso pofunisisa  kunali kutatulukila,Nyanja_NNM_Spk8_U_887c3224c9_Utterance_15_875_900.wav,10.5
NNM,M,Spk8,U_887c3224c9,875_900,Nyanja_NNM_Spk8_U_887c3224c9_Utterance_16,kodi unabwera liti bartley ndipo kodi zakhala bwanji zotheka kuti sunalankhule kanthu kali konse,Nyanja_NNM_Spk8_U_887c3224c9_Utterance_16_875_900.wav,10.25
NNM,M,Spk8,U_887c3224c9,875_900,Nyanja_NNM_Spk8_U_887c3224c9_Utterance_17,sindinathe kuonana mwana wanga wacimuna opwetekedwa mwaubwino koma akucita zinchito zace ngati m'modzi wa ana a bamba cumberland,Nyanja_NNM_Spk8_U_887c3224c9_Utterance_17_875_900.wav,14.75
NNM,M,Spk8,U_887c3224c9,875_900,Nyanja_NNM_Spk8_U_887c3224c9_Utterance_18,ngati ndili kunva conjo ndiye kuti ndili kunva conjo,Nyanja_NNM_Spk8_U_887c3224c9_Utterance_18_875_900.wav,5.25
NNM,M,Spk8,U_887c3224c9,875_900,Nyanja_NNM_Spk8_U_887c3224c9_Utterance_19,anzanga anatero montifichet mosakweza mau ace kwa ena anali kucita masewera ya kumenyana tipelekezeni mkatifikiseko ca kunyumba kwa ogwira nchito ku ndende,Nyanja_NNM_Spk8_U_887c3224c9_Utterance_19_875_900.wav,19.25
NNM,M,Spk8,U_887c3224c9,875_900,Nyanja_NNM_Spk8_U_887c3224c9_Utterance_20,koma sindinadziwe apa ndipo pomwe mundiuza,Nyanja_NNM_Spk8_U_887c3224c9_Utterance_20_875_900.wav,5.0
NNM,M,Spk8,U_887c3224c9,875_900,Nyanja_NNM_Spk8_U_887c3224c9_Utterance_21,bulakitoni ndi mzanga wabwino kwambiri ndinenetsa nzo kwa iwe,Nyanja_NNM_Spk8_U_887c3224c9_Utterance_21_875_900.wav,6.75
NNM,M,Spk8,U_887c3224c9,875_900,Nyanja_NNM_Spk8_U_887c3224c9_Utterance_22,ndanyowa kufika munkongono mwanga ntawerama kuti ndidoba cherries,Nyanja_NNM_Spk8_U_887c3224c9_Utterance_22_875_900.wav,7.75
NNM,M,Spk8,U_887c3224c9,875_900,Nyanja_NNM_Spk8_U_887c3224c9_Utterance_23,ena ace sanafune kuti zimenezi zikacitike tsiku lina mtsogolo koma zina cabe zopanga zace zimene zinandisangalasa,Nyanja_NNM_Spk8_U_887c3224c9_Utterance_23_875_900.wav,15.0
NNM,M,Spk8,U_887c3224c9,875_900,Nyanja_NNM_Spk8_U_887c3224c9_Utterance_24,kodi kuti sangakhale mphatso yabwino kwa mwana wanthu wakhandayu,Nyanja_NNM_Spk8_U_887c3224c9_Utterance_24_875_900.wav,9.0
NNM,M,Spk8,U_887c3224c9,875_900,Nyanja_NNM_Spk8_U_887c3224c9_Utterance_25,izo zitapita cinali ca pafupi kuziiwalako indetu kuziiwala,Nyanja_NNM_Spk8_U_887c3224c9_Utterance_25_875_900.wav,8.75
NNM,M,Spk8,U_887c3224c9,850_875,Nyanja_NNM_Spk8_U_887c3224c9_Utterance_1,lobini anaselutsa matanda ace mosamala ndipo mwamsanga  anazipeza pansi pa miyala yolimba kwabatsi,Nyanja_NNM_Spk8_U_887c3224c9_Utterance_1_850_875.wav,11.75
NNM,M,Spk8,U_887c3224c9,850_875,Nyanja_NNM_Spk8_U_887c3224c9_Utterance_2,koma kulingana ndi zomwe zili kucitiika sindidziwa ngati zinthu ngati izo kuti zingathe kucitika,Nyanja_NNM_Spk8_U_887c3224c9_Utterance_2_850_875.wav,12.595
NNM,M,Spk8,U_887c3224c9,850_875,Nyanja_NNM_Spk8_U_887c3224c9_Utterance_3,oho iye amakhala pafupi ndi piano anatero van ayenera kukhalapo pa nthawi ino kwinakwace  ndipo wina anaseka.,Nyanja_NNM_Spk8_U_887c3224c9_Utterance_3_850_875.wav,14.0
NNM,M,Spk8,U_887c3224c9,850_875,Nyanja_NNM_Spk8_U_887c3224c9_Utterance_4,amai taylor sanadziwe zambiri za kotoni koma conena cimodzi cabe coonjedzedwa cinaoneka coyenera,Nyanja_NNM_Spk8_U_887c3224c9_Utterance_4_850_875.wav,12.5
NNM,M,Spk8,U_887c3224c9,850_875,Nyanja_NNM_Spk8_U_887c3224c9_Utterance_5,mkupita ndi kupita sindinaonepo bulu lanu limene mu malembedwa za umoyo wanu ndiyenera kuiona bukuli missus poyser,Nyanja_NNM_Spk8_U_887c3224c9_Utterance_5_850_875.wav,14.5
NNM,M,Spk8,U_887c3224c9,850_875,Nyanja_NNM_Spk8_U_887c3224c9_Utterance_6,mnyamata wacicepele ndi omangidwa ndipo ndiopa imfa yace ngati yanenedwa,Nyanja_NNM_Spk8_U_887c3224c9_Utterance_6_850_875.wav,9.0
NNM,M,Spk8,U_887c3224c9,850_875,Nyanja_NNM_Spk8_U_887c3224c9_Utterance_7,nthawi imeneyo ntaona pa thebulo yanga ndinadziwa kuti wina wace anatayataya ma pepeela anga,Nyanja_NNM_Spk8_U_887c3224c9_Utterance_7_850_875.wav,9.75
NNM,M,Spk8,U_887c3224c9,850_875,Nyanja_NNM_Spk8_U_887c3224c9_Utterance_8,maonekedwa a lakelo ofooka ndi ocenjeletsa maso amene anali ku mupenya ndi codabwitsa cowawitsa,Nyanja_NNM_Spk8_U_887c3224c9_Utterance_8_850_875.wav,12.75
NNM,M,Spk8,U_887c3224c9,850_875,Nyanja_NNM_Spk8_U_887c3224c9_Utterance_9,ndikhulupilira ndithu kuti ndimadziwa kusankha zokoma mnjira imeneyo zonsezo ndi za zoona mukuzidziwa zobvara zimenezo,Nyanja_NNM_Spk8_U_887c3224c9_Utterance_9_850_875.wav,17.0
NNM,M,Spk8,U_887c3224c9,850_875,Nyanja_NNM_Spk8_U_887c3224c9_Utterance_10,cilungamo ici ciyamba kumatsulira mphanvu ya kuda zokhumba zina za dziko za magulu okwanira madzana makhumi awiri pansi pa nyanja,Nyanja_NNM_Spk8_U_887c3224c9_Utterance_10_850_875.wav,19.0
NNM,M,Spk8,U_887c3224c9,850_875,Nyanja_NNM_Spk8_U_887c3224c9_Utterance_11,ndipo anaseka mwapang'ono ndikuyankha ai amai beti ndine elizabeth parsons,Nyanja_NNM_Spk8_U_887c3224c9_Utterance_11_850_875.wav,9.0
NNM,M,Spk8,U_887c3224c9,850_875,Nyanja_NNM_Spk8_U_887c3224c9_Utterance_12,kuguzidwa kwace ku mlomo ndi kuunika kwace ku mapaphiko ace zinali zosanveka kwa iye ndipo zodabwitsa,Nyanja_NNM_Spk8_U_887c3224c9_Utterance_12_850_875.wav,13.25
NNM,M,Spk8,U_887c3224c9,850_875,Nyanja_NNM_Spk8_U_887c3224c9_Utterance_13,munny nsimbi zanga zili zozizila anauzidwa pease iiika pansi kuti zithumeko,Nyanja_NNM_Spk8_U_887c3224c9_Utterance_13_850_875.wav,10.0
NNM,M,Spk8,U_887c3224c9,850_875,Nyanja_NNM_Spk8_U_887c3224c9_Utterance_14,sindikucicepetsa nitalankhula kuti ma siku ano sicili cosaoneka=oneka,Nyanja_NNM_Spk8_U_887c3224c9_Utterance_14_850_875.wav,10.5
NNM,M,Spk8,U_887c3224c9,850_875,Nyanja_NNM_Spk8_U_887c3224c9_Utterance_15,nthawi zina cimachedwa copangidwa codabwitsa/cosokonedzetsa cifukwa zodindidwa zace ndi mitundu ndi zinaikidwa mosokoneza/mosasamala,Nyanja_NNM_Spk8_U_887c3224c9_Utterance_15_850_875.wav,17.295
NNM,M,Spk8,U_887c3224c9,850_875,Nyanja_NNM_Spk8_U_887c3224c9_Utterance_16,bwera pita ukanditengere ndalama yosala ya bambo louis ndilinayo bambo,Nyanja_NNM_Spk8_U_887c3224c9_Utterance_16_850_875.wav,9.75
NNM,M,Spk8,U_887c3224c9,850_875,Nyanja_NNM_Spk8_U_887c3224c9_Utterance_17,anandigwiritsa ncito kotheratu anali kufuna kumandimenya tsiku ndi tsiku,Nyanja_NNM_Spk8_U_887c3224c9_Utterance_17_850_875.wav,9.5
NNM,M,Spk8,U_887c3224c9,850_875,Nyanja_NNM_Spk8_U_887c3224c9_Utterance_18,mwamene njira ya cifundo ingapezekele kuli chalichi yoyera/yangwilyo ngakhale kuti anthu osakhulupilira mwa ambuye yesu apezeka komweko,Nyanja_NNM_Spk8_U_887c3224c9_Utterance_18_850_875.wav,17.5
NNM,M,Spk8,U_887c3224c9,850_875,Nyanja_NNM_Spk8_U_887c3224c9_Utterance_19,indetu iye anasautsa mpingo wa ambuye yesu kristu kwa nthawi ya itali,Nyanja_NNM_Spk8_U_887c3224c9_Utterance_19_850_875.wav,8.505
NNM,M,Spk8,U_887c3224c9,850_875,Nyanja_NNM_Spk8_U_887c3224c9_Utterance_20,pamene anayamba kucita zinthu anali kutsogolera yopatulika ya atsilikali oyenda pansi kupitila mu njira yolowera pansi,Nyanja_NNM_Spk8_U_887c3224c9_Utterance_20_850_875.wav,15.0
NNM,M,Spk8,U_887c3224c9,850_875,Nyanja_NNM_Spk8_U_887c3224c9_Utterance_21,ndifuna kusiys zonsezi kotheratu,Nyanja_NNM_Spk8_U_887c3224c9_Utterance_21_850_875.wav,5.0
NNM,M,Spk8,U_887c3224c9,850_875,Nyanja_NNM_Spk8_U_887c3224c9_Utterance_22,kodi sizingatheke kuti zoonekela za mumzinda za bwino zizionekera poyera,Nyanja_NNM_Spk8_U_887c3224c9_Utterance_22_850_875.wav,10.5
NNM,M,Spk8,U_887c3224c9,850_875,Nyanja_NNM_Spk8_U_887c3224c9_Utterance_23,anatero kapitawo donnithrone atakhala pamene anali kukwanitsa kuona  mkanjira kakafupi kamene kanalin kupita kumene anali kusungira mkaka,Nyanja_NNM_Spk8_U_887c3224c9_Utterance_23_850_875.wav,17.0
NNM,M,Spk8,U_887c3224c9,850_875,Nyanja_NNM_Spk8_U_887c3224c9_Utterance_24,tikuganiza kuti kupyolera mu nchito yocepa kapena ubwino tingathe kuthesa cimo,Nyanja_NNM_Spk8_U_887c3224c9_Utterance_24_850_875.wav,9.0
NNM,M,Spk8,U_887c3224c9,850_875,Nyanja_NNM_Spk8_U_887c3224c9_Utterance_25,indetu ndikupita ngati enginiya nanunso mungathe kupita ngati amodzi,Nyanja_NNM_Spk8_U_887c3224c9_Utterance_25_850_875.wav,8.5
NNM,M,Spk8,U_c1896a63cb,875_900,Nyanja_NNM_Spk8_U_c1896a63cb_Utterance_1,ananene kwa agalantiya nati mulibe mphanvu yoganizira paulo mwapamwamba,Nyanja_NNM_Spk8_U_c1896a63cb_Utterance_1_875_900.wav,5.968
NNM,M,Spk8,U_c1896a63cb,875_900,Nyanja_NNM_Spk8_U_c1896a63cb_Utterance_2,kulibe kwina kwace kotseguka pokhapokhapo khola imodzi anatero wotiyanganira wathu ophunzira,Nyanja_NNM_Spk8_U_c1896a63cb_Utterance_2_875_900.wav,7.628
NNM,M,Spk8,U_c1896a63cb,875_900,Nyanja_NNM_Spk8_U_c1896a63cb_Utterance_3,kwangwala wa mkulu analondola mwansanga kufuna kuti acotse nyama yace /cimene anagwira pansi,Nyanja_NNM_Spk8_U_c1896a63cb_Utterance_3_875_900.wav,7.755
NNM,M,Spk8,U_c1896a63cb,875_900,Nyanja_NNM_Spk8_U_c1896a63cb_Utterance_4,wina waceananena nkhani ngakhala sanainene bwino yomwe ninaona kuti sanali kunvetsetsa,Nyanja_NNM_Spk8_U_c1896a63cb_Utterance_4_875_900.wav,6.687
NNM,M,Spk8,U_c1896a63cb,875_900,Nyanja_NNM_Spk8_U_c1896a63cb_Utterance_5,cinali cinthu ca bwino kwa iye kuganiza kuti mkaziyo zanali kumkonda kopotsa kudziwa cilungamo,Nyanja_NNM_Spk8_U_c1896a63cb_Utterance_5_875_900.wav,7.43
NNM,M,Spk8,U_c1896a63cb,875_900,Nyanja_NNM_Spk8_U_c1896a63cb_Utterance_6,oho bambo anatero bambo missus poyser ataopyedwa simungazikonde konse,Nyanja_NNM_Spk8_U_c1896a63cb_Utterance_6_875_900.wav,6.502
NNM,M,Spk8,U_c1896a63cb,875_900,Nyanja_NNM_Spk8_U_c1896a63cb_Utterance_7,pamenepo anaika dzanja lace pa mkono wace  naseka nati,Nyanja_NNM_Spk8_U_c1896a63cb_Utterance_7_875_900.wav,5.55
NNM,M,Spk8,U_c1896a63cb,875_900,Nyanja_NNM_Spk8_U_c1896a63cb_Utterance_8,chingachgook anali ataona izi ndi mayendedwe ndipo ndi manja ake anawalola kulankhula,Nyanja_NNM_Spk8_U_c1896a63cb_Utterance_8_875_900.wav,8.255
NNM,M,Spk8,U_c1896a63cb,875_900,Nyanja_NNM_Spk8_U_c1896a63cb_Utterance_9,apa apo anatero motonthoza ali kupapatsa mutu wace wofilira,Nyanja_NNM_Spk8_U_c1896a63cb_Utterance_9_875_900.wav,5.863
NNM,M,Spk8,U_c1896a63cb,875_900,Nyanja_NNM_Spk8_U_c1896a63cb_Utterance_10,anayenda mwamsanga ngati mwivi napita mun ma holo onsewo ma sitepi okwelera mnyumba ndi pa bwalo ponse,Nyanja_NNM_Spk8_U_c1896a63cb_Utterance_10_875_900.wav,8.638
NNM,M,Spk8,U_c1896a63cb,875_900,Nyanja_NNM_Spk8_U_c1896a63cb_Utterance_11,iye anafuna kuyambira pamwamba pa matanda,Nyanja_NNM_Spk8_U_c1896a63cb_Utterance_11_875_900.wav,3.611
NNM,M,Spk8,U_c1896a63cb,875_900,Nyanja_NNM_Spk8_U_c1896a63cb_Utterance_12,humpy dumpy anali atagwa pansipa koma anakwatira ndithu mwana wa amfumu wa mkazi,Nyanja_NNM_Spk8_U_c1896a63cb_Utterance_12_875_900.wav,6.862
NNM,M,Spk8,U_c1896a63cb,875_900,Nyanja_NNM_Spk8_U_c1896a63cb_Utterance_13,m'mene analonjezera kuteteza hotela nzika zimene zitauzidwa kuti zisade nkhawa mogogomedza zinayamba kuseka mantha ao,Nyanja_NNM_Spk8_U_c1896a63cb_Utterance_13_875_900.wav,9.729
NNM,M,Spk8,U_c1896a63cb,875_900,Nyanja_NNM_Spk8_U_c1896a63cb_Utterance_14,mabwalo ya tolasa twa thonje tolema anali pafupi kuphulika,Nyanja_NNM_Spk8_U_c1896a63cb_Utterance_14_875_900.wav,4.911
NNM,M,Spk8,U_c1896a63cb,875_900,Nyanja_NNM_Spk8_U_c1896a63cb_Utterance_15,lute anakhala zii kwanthawi yaitali ali kuoneka ndi pa maso pofunisisa  kunali kutatulukila,Nyanja_NNM_Spk8_U_c1896a63cb_Utterance_15_875_900.wav,6.85
NNM,M,Spk8,U_c1896a63cb,875_900,Nyanja_NNM_Spk8_U_c1896a63cb_Utterance_16,kodi unabwera liti bartley ndipo kodi zakhala bwanji zotheka kuti sunalankhule kanthu kali konse,Nyanja_NNM_Spk8_U_c1896a63cb_Utterance_16_875_900.wav,7.651
NNM,M,Spk8,U_c1896a63cb,875_900,Nyanja_NNM_Spk8_U_c1896a63cb_Utterance_17,sindinathe kuonana mwana wanga wacimuna opwetekedwa mwaubwino koma akucita zinchito zace ngati m'modzi wa ana a bamba cumberland,Nyanja_NNM_Spk8_U_c1896a63cb_Utterance_17_875_900.wav,11.215
NNM,M,Spk8,U_c1896a63cb,875_900,Nyanja_NNM_Spk8_U_c1896a63cb_Utterance_18,ngati ndili kunva conjo ndiye kuti ndili kunva conjo,Nyanja_NNM_Spk8_U_c1896a63cb_Utterance_18_875_900.wav,3.913
NNM,M,Spk8,U_c1896a63cb,875_900,Nyanja_NNM_Spk8_U_c1896a63cb_Utterance_19,anzanga anatero montifichet mosakweza mau ace kwa ena anali kucita masewera ya kumenyana tipelekezeni mkatifikiseko ca kunyumba kwa ogwira nchito ku ndende,Nyanja_NNM_Spk8_U_c1896a63cb_Utterance_19_875_900.wav,11.854
NNM,M,Spk8,U_c1896a63cb,875_900,Nyanja_NNM_Spk8_U_c1896a63cb_Utterance_20,koma sindinadziwe apa ndipo pomwe mundiuza,Nyanja_NNM_Spk8_U_c1896a63cb_Utterance_20_875_900.wav,4.087
NNM,M,Spk8,U_c1896a63cb,875_900,Nyanja_NNM_Spk8_U_c1896a63cb_Utterance_21,bulakitoni ndi mzanga wabwino kwambiri ndinenetsa nzo kwa iwe,Nyanja_NNM_Spk8_U_c1896a63cb_Utterance_21_875_900.wav,4.83
NNM,M,Spk8,U_c1896a63cb,875_900,Nyanja_NNM_Spk8_U_c1896a63cb_Utterance_22,ndanyowa kufika munkongono mwanga ntawerama kuti ndidoba cherries,Nyanja_NNM_Spk8_U_c1896a63cb_Utterance_22_875_900.wav,5.41
NNM,M,Spk8,U_c1896a63cb,875_900,Nyanja_NNM_Spk8_U_c1896a63cb_Utterance_23,ena ace sanafune kuti zimenezi zikacitike tsiku lina mtsogolo koma zina cabe zopanga zace zimene zinandisangalasa,Nyanja_NNM_Spk8_U_c1896a63cb_Utterance_23_875_900.wav,9.404
NNM,M,Spk8,U_c1896a63cb,875_900,Nyanja_NNM_Spk8_U_c1896a63cb_Utterance_24,kodi kuti sangakhale mphatso yabwino kwa mwana wanthu wakhandayu,Nyanja_NNM_Spk8_U_c1896a63cb_Utterance_24_875_900.wav,4.714
NNM,M,Spk8,U_c1896a63cb,875_900,Nyanja_NNM_Spk8_U_c1896a63cb_Utterance_25,izo zitapita cinali ca pafupi kuziiwalako indetu kuziiwala,Nyanja_NNM_Spk8_U_c1896a63cb_Utterance_25_875_900.wav,5.77
NNM,M,Spk8,U_c1896a63cb,850_875,Nyanja_NNM_Spk8_U_c1896a63cb_Utterance_1,lobini anaselutsa matanda ace mosamala ndipo mwamsanga  anazipeza pansi pa miyala yolimba kwabatsi,Nyanja_NNM_Spk8_U_c1896a63cb_Utterance_1_850_875.wav,7.953
NNM,M,Spk8,U_c1896a63cb,850_875,Nyanja_NNM_Spk8_U_c1896a63cb_Utterance_2,koma kulingana ndi zomwe zili kucitiika sindidziwa ngati zinthu ngati izo kuti zingathe kucitika,Nyanja_NNM_Spk8_U_c1896a63cb_Utterance_2_850_875.wav,6.502
NNM,M,Spk8,U_c1896a63cb,850_875,Nyanja_NNM_Spk8_U_c1896a63cb_Utterance_3,oho iye amakhala pafupi ndi piano anatero van ayenera kukhalapo pa nthawi ino kwinakwace  ndipo wina anaseka.,Nyanja_NNM_Spk8_U_c1896a63cb_Utterance_3_850_875.wav,8.243
NNM,M,Spk8,U_c1896a63cb,850_875,Nyanja_NNM_Spk8_U_c1896a63cb_Utterance_4,amai taylor sanadziwe zambiri za kotoni koma conena cimodzi cabe coonjedzedwa cinaoneka coyenera,Nyanja_NNM_Spk8_U_c1896a63cb_Utterance_4_850_875.wav,7.721
NNM,M,Spk8,U_c1896a63cb,850_875,Nyanja_NNM_Spk8_U_c1896a63cb_Utterance_5,mkupita ndi kupita sindinaonepo bulu lanu limene mu malembedwa za umoyo wanu ndiyenera kuiona bukuli missus poyser,Nyanja_NNM_Spk8_U_c1896a63cb_Utterance_5_850_875.wav,9.764
NNM,M,Spk8,U_c1896a63cb,850_875,Nyanja_NNM_Spk8_U_c1896a63cb_Utterance_6,mnyamata wacicepele ndi omangidwa ndipo ndiopa imfa yace ngati yanenedwa,Nyanja_NNM_Spk8_U_c1896a63cb_Utterance_6_850_875.wav,5.898
NNM,M,Spk8,U_c1896a63cb,850_875,Nyanja_NNM_Spk8_U_c1896a63cb_Utterance_7,nthawi imeneyo ntaona pa thebulo yanga ndinadziwa kuti wina wace anatayataya ma pepeela anga,Nyanja_NNM_Spk8_U_c1896a63cb_Utterance_7_850_875.wav,6.989
NNM,M,Spk8,U_c1896a63cb,850_875,Nyanja_NNM_Spk8_U_c1896a63cb_Utterance_8,maonekedwa a lakelo ofooka ndi ocenjeletsa maso amene anali ku mupenya ndi codabwitsa cowawitsa,Nyanja_NNM_Spk8_U_c1896a63cb_Utterance_8_850_875.wav,7.732
NNM,M,Spk8,U_c1896a63cb,850_875,Nyanja_NNM_Spk8_U_c1896a63cb_Utterance_9,ndikhulupilira ndithu kuti ndimadziwa kusankha zokoma mnjira imeneyo zonsezo ndi za zoona mukuzidziwa zobvara zimenezo,Nyanja_NNM_Spk8_U_c1896a63cb_Utterance_9_850_875.wav,9.741
NNM,M,Spk8,U_c1896a63cb,850_875,Nyanja_NNM_Spk8_U_c1896a63cb_Utterance_10,cilungamo ici ciyamba kumatsulira mphanvu ya kuda zokhumba zina za dziko za magulu okwanira madzana makhumi awiri pansi pa nyanja,Nyanja_NNM_Spk8_U_c1896a63cb_Utterance_10_850_875.wav,9.16
NNM,M,Spk8,U_c1896a63cb,850_875,Nyanja_NNM_Spk8_U_c1896a63cb_Utterance_11,ndipo anaseka mwapang'ono ndikuyankha ai amai beti ndine elizabeth parsons,Nyanja_NNM_Spk8_U_c1896a63cb_Utterance_11_850_875.wav,6.42
NNM,M,Spk8,U_c1896a63cb,850_875,Nyanja_NNM_Spk8_U_c1896a63cb_Utterance_12,kuguzidwa kwace ku mlomo ndi kuunika kwace ku mapaphiko ace zinali zosanveka kwa iye ndipo zodabwitsa,Nyanja_NNM_Spk8_U_c1896a63cb_Utterance_12_850_875.wav,7.918
NNM,M,Spk8,U_c1896a63cb,850_875,Nyanja_NNM_Spk8_U_c1896a63cb_Utterance_13,munny nsimbi zanga zili zozizila anauzidwa pease iiika pansi kuti zithumeko,Nyanja_NNM_Spk8_U_c1896a63cb_Utterance_13_850_875.wav,7.454
NNM,M,Spk8,U_c1896a63cb,850_875,Nyanja_NNM_Spk8_U_c1896a63cb_Utterance_14,sindikucicepetsa nitalankhula kuti ma siku ano sicili cosaoneka=oneka,Nyanja_NNM_Spk8_U_c1896a63cb_Utterance_14_850_875.wav,13.56
NNM,M,Spk8,U_c1896a63cb,850_875,Nyanja_NNM_Spk8_U_c1896a63cb_Utterance_15,nthawi zina cimachedwa copangidwa codabwitsa/cosokonedzetsa cifukwa zodindidwa zace ndi mitundu ndi zinaikidwa mosokoneza/mosasamala,Nyanja_NNM_Spk8_U_c1896a63cb_Utterance_15_850_875.wav,3.599
NNM,M,Spk8,U_c1896a63cb,850_875,Nyanja_NNM_Spk8_U_c1896a63cb_Utterance_16,bwera pita ukanditengere ndalama yosala ya bambo louis ndilinayo bambo,Nyanja_NNM_Spk8_U_c1896a63cb_Utterance_16_850_875.wav,5.747
NNM,M,Spk8,U_c1896a63cb,850_875,Nyanja_NNM_Spk8_U_c1896a63cb_Utterance_17,anandigwiritsa ncito kotheratu anali kufuna kumandimenya tsiku ndi tsiku,Nyanja_NNM_Spk8_U_c1896a63cb_Utterance_17_850_875.wav,5.642
NNM,M,Spk8,U_c1896a63cb,850_875,Nyanja_NNM_Spk8_U_c1896a63cb_Utterance_18,mwamene njira ya cifundo ingapezekele kuli chalichi yoyera/yangwilyo ngakhale kuti anthu osakhulupilira mwa ambuye yesu apezeka komweko,Nyanja_NNM_Spk8_U_c1896a63cb_Utterance_18_850_875.wav,10.577
NNM,M,Spk8,U_c1896a63cb,850_875,Nyanja_NNM_Spk8_U_c1896a63cb_Utterance_19,indetu iye anasautsa mpingo wa ambuye yesu kristu kwa nthawi ya itali,Nyanja_NNM_Spk8_U_c1896a63cb_Utterance_19_850_875.wav,5.375
NNM,M,Spk8,U_c1896a63cb,850_875,Nyanja_NNM_Spk8_U_c1896a63cb_Utterance_20,pamene anayamba kucita zinthu anali kutsogolera yopatulika ya atsilikali oyenda pansi kupitila mu njira yolowera pansi,Nyanja_NNM_Spk8_U_c1896a63cb_Utterance_20_850_875.wav,8.766
NNM,M,Spk8,U_c1896a63cb,850_875,Nyanja_NNM_Spk8_U_c1896a63cb_Utterance_21,ndifuna kusiys zonsezi kotheratu,Nyanja_NNM_Spk8_U_c1896a63cb_Utterance_21_850_875.wav,2.81
NNM,M,Spk8,U_c1896a63cb,850_875,Nyanja_NNM_Spk8_U_c1896a63cb_Utterance_22,kodi sizingatheke kuti zoonekela za mumzinda za bwino zizionekera poyera,Nyanja_NNM_Spk8_U_c1896a63cb_Utterance_22_850_875.wav,5.631
NNM,M,Spk8,U_c1896a63cb,850_875,Nyanja_NNM_Spk8_U_c1896a63cb_Utterance_23,anatero kapitawo donnithrone atakhala pamene anali kukwanitsa kuona  mkanjira kakafupi kamene kanalin kupita kumene anali kusungira mkaka,Nyanja_NNM_Spk8_U_c1896a63cb_Utterance_23_850_875.wav,11.749
NNM,M,Spk8,U_c1896a63cb,850_875,Nyanja_NNM_Spk8_U_c1896a63cb_Utterance_24,tikuganiza kuti kupyolera mu nchito yocepa kapena ubwino tingathe kuthesa cimo,Nyanja_NNM_Spk8_U_c1896a63cb_Utterance_24_850_875.wav,5.747
NNM,M,Spk8,U_c1896a63cb,850_875,Nyanja_NNM_Spk8_U_c1896a63cb_Utterance_25,indetu ndikupita ngati enginiya nanunso mungathe kupita ngati amodzi,Nyanja_NNM_Spk8_U_c1896a63cb_Utterance_25_850_875.wav,5.526
NNM,M,Spk8,U_f87d8b30d7,875_900,Nyanja_NNM_Spk8_U_f87d8b30d7_Utterance_1,ananene kwa agalantiya nati mulibe mphanvu yoganizira paulo mwapamwamba,Nyanja_NNM_Spk8_U_f87d8b30d7_Utterance_1_875_900.wav,24.989
NNM,M,Spk8,U_f87d8b30d7,875_900,Nyanja_NNM_Spk8_U_f87d8b30d7_Utterance_2,kulibe kwina kwace kotseguka pokhapokhapo khola imodzi anatero wotiyanganira wathu ophunzira,Nyanja_NNM_Spk8_U_f87d8b30d7_Utterance_2_875_900.wav,24.989
NNM,M,Spk8,U_f87d8b30d7,875_900,Nyanja_NNM_Spk8_U_f87d8b30d7_Utterance_3,kwangwala wa mkulu analondola mwansanga kufuna kuti acotse nyama yace /cimene anagwira pansi,Nyanja_NNM_Spk8_U_f87d8b30d7_Utterance_3_875_900.wav,24.989
NNM,M,Spk8,U_f87d8b30d7,875_900,Nyanja_NNM_Spk8_U_f87d8b30d7_Utterance_4,wina waceananena nkhani ngakhala sanainene bwino yomwe ninaona kuti sanali kunvetsetsa,Nyanja_NNM_Spk8_U_f87d8b30d7_Utterance_4_875_900.wav,24.989
NNM,M,Spk8,U_f87d8b30d7,875_900,Nyanja_NNM_Spk8_U_f87d8b30d7_Utterance_5,cinali cinthu ca bwino kwa iye kuganiza kuti mkaziyo zanali kumkonda kopotsa kudziwa cilungamo,Nyanja_NNM_Spk8_U_f87d8b30d7_Utterance_5_875_900.wav,24.989
NNM,M,Spk8,U_f87d8b30d7,875_900,Nyanja_NNM_Spk8_U_f87d8b30d7_Utterance_6,oho bambo anatero bambo missus poyser ataopyedwa simungazikonde konse,Nyanja_NNM_Spk8_U_f87d8b30d7_Utterance_6_875_900.wav,24.989
NNM,M,Spk8,U_f87d8b30d7,875_900,Nyanja_NNM_Spk8_U_f87d8b30d7_Utterance_7,pamenepo anaika dzanja lace pa mkono wace  naseka nati,Nyanja_NNM_Spk8_U_f87d8b30d7_Utterance_7_875_900.wav,24.989
NNM,M,Spk8,U_f87d8b30d7,875_900,Nyanja_NNM_Spk8_U_f87d8b30d7_Utterance_8,chingachgook anali ataona izi ndi mayendedwe ndipo ndi manja ake anawalola kulankhula,Nyanja_NNM_Spk8_U_f87d8b30d7_Utterance_8_875_900.wav,24.989
NNM,M,Spk8,U_f87d8b30d7,875_900,Nyanja_NNM_Spk8_U_f87d8b30d7_Utterance_9,apa apo anatero motonthoza ali kupapatsa mutu wace wofilira,Nyanja_NNM_Spk8_U_f87d8b30d7_Utterance_9_875_900.wav,24.989
NNM,M,Spk8,U_f87d8b30d7,875_900,Nyanja_NNM_Spk8_U_f87d8b30d7_Utterance_10,anayenda mwamsanga ngati mwivi napita mun ma holo onsewo ma sitepi okwelera mnyumba ndi pa bwalo ponse,Nyanja_NNM_Spk8_U_f87d8b30d7_Utterance_10_875_900.wav,24.989
NNM,M,Spk8,U_f87d8b30d7,875_900,Nyanja_NNM_Spk8_U_f87d8b30d7_Utterance_11,iye anafuna kuyambira pamwamba pa matanda,Nyanja_NNM_Spk8_U_f87d8b30d7_Utterance_11_875_900.wav,24.989
NNM,M,Spk8,U_f87d8b30d7,875_900,Nyanja_NNM_Spk8_U_f87d8b30d7_Utterance_12,humpy dumpy anali atagwa pansipa koma anakwatira ndithu mwana wa amfumu wa mkazi,Nyanja_NNM_Spk8_U_f87d8b30d7_Utterance_12_875_900.wav,24.989
NNM,M,Spk8,U_f87d8b30d7,875_900,Nyanja_NNM_Spk8_U_f87d8b30d7_Utterance_13,m'mene analonjezera kuteteza hotela nzika zimene zitauzidwa kuti zisade nkhawa mogogomedza zinayamba kuseka mantha ao,Nyanja_NNM_Spk8_U_f87d8b30d7_Utterance_13_875_900.wav,24.989
NNM,M,Spk8,U_f87d8b30d7,875_900,Nyanja_NNM_Spk8_U_f87d8b30d7_Utterance_14,mabwalo ya tolasa twa thonje tolema anali pafupi kuphulika,Nyanja_NNM_Spk8_U_f87d8b30d7_Utterance_14_875_900.wav,24.989
NNM,M,Spk8,U_f87d8b30d7,875_900,Nyanja_NNM_Spk8_U_f87d8b30d7_Utterance_15,lute anakhala zii kwanthawi yaitali ali kuoneka ndi pa maso pofunisisa  kunali kutatulukila,Nyanja_NNM_Spk8_U_f87d8b30d7_Utterance_15_875_900.wav,24.989
NNM,M,Spk8,U_f87d8b30d7,875_900,Nyanja_NNM_Spk8_U_f87d8b30d7_Utterance_16,kodi unabwera liti bartley ndipo kodi zakhala bwanji zotheka kuti sunalankhule kanthu kali konse,Nyanja_NNM_Spk8_U_f87d8b30d7_Utterance_16_875_900.wav,24.989
NNM,M,Spk8,U_f87d8b30d7,875_900,Nyanja_NNM_Spk8_U_f87d8b30d7_Utterance_17,sindinathe kuonana mwana wanga wacimuna opwetekedwa mwaubwino koma akucita zinchito zace ngati m'modzi wa ana a bamba cumberland,Nyanja_NNM_Spk8_U_f87d8b30d7_Utterance_17_875_900.wav,24.989
NNM,M,Spk8,U_f87d8b30d7,875_900,Nyanja_NNM_Spk8_U_f87d8b30d7_Utterance_18,ngati ndili kunva conjo ndiye kuti ndili kunva conjo,Nyanja_NNM_Spk8_U_f87d8b30d7_Utterance_18_875_900.wav,24.989
NNM,M,Spk8,U_f87d8b30d7,875_900,Nyanja_NNM_Spk8_U_f87d8b30d7_Utterance_19,anzanga anatero montifichet mosakweza mau ace kwa ena anali kucita masewera ya kumenyana tipelekezeni mkatifikiseko ca kunyumba kwa ogwira nchito ku ndende,Nyanja_NNM_Spk8_U_f87d8b30d7_Utterance_19_875_900.wav,24.989
NNM,M,Spk8,U_f87d8b30d7,875_900,Nyanja_NNM_Spk8_U_f87d8b30d7_Utterance_20,koma sindinadziwe apa ndipo pomwe mundiuza,Nyanja_NNM_Spk8_U_f87d8b30d7_Utterance_20_875_900.wav,24.989
NNM,M,Spk8,U_f87d8b30d7,875_900,Nyanja_NNM_Spk8_U_f87d8b30d7_Utterance_21,bulakitoni ndi mzanga wabwino kwambiri ndinenetsa nzo kwa iwe,Nyanja_NNM_Spk8_U_f87d8b30d7_Utterance_21_875_900.wav,24.989
NNM,M,Spk8,U_f87d8b30d7,875_900,Nyanja_NNM_Spk8_U_f87d8b30d7_Utterance_22,ndanyowa kufika munkongono mwanga ntawerama kuti ndidoba cherries,Nyanja_NNM_Spk8_U_f87d8b30d7_Utterance_22_875_900.wav,24.989
NNM,M,Spk8,U_f87d8b30d7,875_900,Nyanja_NNM_Spk8_U_f87d8b30d7_Utterance_23,ena ace sanafune kuti zimenezi zikacitike tsiku lina mtsogolo koma zina cabe zopanga zace zimene zinandisangalasa,Nyanja_NNM_Spk8_U_f87d8b30d7_Utterance_23_875_900.wav,24.989
NNM,M,Spk8,U_f87d8b30d7,875_900,Nyanja_NNM_Spk8_U_f87d8b30d7_Utterance_24,kodi kuti sangakhale mphatso yabwino kwa mwana wanthu wakhandayu,Nyanja_NNM_Spk8_U_f87d8b30d7_Utterance_24_875_900.wav,24.989
NNM,M,Spk8,U_f87d8b30d7,875_900,Nyanja_NNM_Spk8_U_f87d8b30d7_Utterance_25,izo zitapita cinali ca pafupi kuziiwalako indetu kuziiwala,Nyanja_NNM_Spk8_U_f87d8b30d7_Utterance_25_875_900.wav,24.989
NNM,M,Spk8,U_f87d8b30d7,850_875,Nyanja_NNM_Spk8_U_f87d8b30d7_Utterance_1,lobini anaselutsa matanda ace mosamala ndipo mwamsanga  anazipeza pansi pa miyala yolimba kwabatsi,Nyanja_NNM_Spk8_U_f87d8b30d7_Utterance_1_850_875.wav,20.295
NNM,M,Spk8,U_f87d8b30d7,850_875,Nyanja_NNM_Spk8_U_f87d8b30d7_Utterance_2,koma kulingana ndi zomwe zili kucitiika sindidziwa ngati zinthu ngati izo kuti zingathe kucitika,Nyanja_NNM_Spk8_U_f87d8b30d7_Utterance_2_850_875.wav,20.295
NNM,M,Spk8,U_f87d8b30d7,850_875,Nyanja_NNM_Spk8_U_f87d8b30d7_Utterance_3,oho iye amakhala pafupi ndi piano anatero van ayenera kukhalapo pa nthawi ino kwinakwace  ndipo wina anaseka.,Nyanja_NNM_Spk8_U_f87d8b30d7_Utterance_3_850_875.wav,20.295
NNM,M,Spk8,U_f87d8b30d7,850_875,Nyanja_NNM_Spk8_U_f87d8b30d7_Utterance_4,amai taylor sanadziwe zambiri za kotoni koma conena cimodzi cabe coonjedzedwa cinaoneka coyenera,Nyanja_NNM_Spk8_U_f87d8b30d7_Utterance_4_850_875.wav,20.295
NNM,M,Spk8,U_f87d8b30d7,850_875,Nyanja_NNM_Spk8_U_f87d8b30d7_Utterance_5,mkupita ndi kupita sindinaonepo bulu lanu limene mu malembedwa za umoyo wanu ndiyenera kuiona bukuli missus poyser,Nyanja_NNM_Spk8_U_f87d8b30d7_Utterance_5_850_875.wav,20.295
NNM,M,Spk8,U_f87d8b30d7,850_875,Nyanja_NNM_Spk8_U_f87d8b30d7_Utterance_6,mnyamata wacicepele ndi omangidwa ndipo ndiopa imfa yace ngati yanenedwa,Nyanja_NNM_Spk8_U_f87d8b30d7_Utterance_6_850_875.wav,20.295
NNM,M,Spk8,U_f87d8b30d7,850_875,Nyanja_NNM_Spk8_U_f87d8b30d7_Utterance_7,nthawi imeneyo ntaona pa thebulo yanga ndinadziwa kuti wina wace anatayataya ma pepeela anga,Nyanja_NNM_Spk8_U_f87d8b30d7_Utterance_7_850_875.wav,20.295
NNM,M,Spk8,U_f87d8b30d7,850_875,Nyanja_NNM_Spk8_U_f87d8b30d7_Utterance_8,maonekedwa a lakelo ofooka ndi ocenjeletsa maso amene anali ku mupenya ndi codabwitsa cowawitsa,Nyanja_NNM_Spk8_U_f87d8b30d7_Utterance_8_850_875.wav,20.295
NNM,M,Spk8,U_f87d8b30d7,850_875,Nyanja_NNM_Spk8_U_f87d8b30d7_Utterance_9,ndikhulupilira ndithu kuti ndimadziwa kusankha zokoma mnjira imeneyo zonsezo ndi za zoona mukuzidziwa zobvara zimenezo,Nyanja_NNM_Spk8_U_f87d8b30d7_Utterance_9_850_875.wav,20.295
NNM,M,Spk8,U_f87d8b30d7,850_875,Nyanja_NNM_Spk8_U_f87d8b30d7_Utterance_10,cilungamo ici ciyamba kumatsulira mphanvu ya kuda zokhumba zina za dziko za magulu okwanira madzana makhumi awiri pansi pa nyanja,Nyanja_NNM_Spk8_U_f87d8b30d7_Utterance_10_850_875.wav,20.295
NNM,M,Spk8,U_f87d8b30d7,850_875,Nyanja_NNM_Spk8_U_f87d8b30d7_Utterance_11,ndipo anaseka mwapang'ono ndikuyankha ai amai beti ndine elizabeth parsons,Nyanja_NNM_Spk8_U_f87d8b30d7_Utterance_11_850_875.wav,20.295
NNM,M,Spk8,U_f87d8b30d7,850_875,Nyanja_NNM_Spk8_U_f87d8b30d7_Utterance_12,kuguzidwa kwace ku mlomo ndi kuunika kwace ku mapaphiko ace zinali zosanveka kwa iye ndipo zodabwitsa,Nyanja_NNM_Spk8_U_f87d8b30d7_Utterance_12_850_875.wav,20.295
NNM,M,Spk8,U_f87d8b30d7,850_875,Nyanja_NNM_Spk8_U_f87d8b30d7_Utterance_13,munny nsimbi zanga zili zozizila anauzidwa pease iiika pansi kuti zithumeko,Nyanja_NNM_Spk8_U_f87d8b30d7_Utterance_13_850_875.wav,20.295
NNM,M,Spk8,U_f87d8b30d7,850_875,Nyanja_NNM_Spk8_U_f87d8b30d7_Utterance_14,sindikucicepetsa nitalankhula kuti ma siku ano sicili cosaoneka=oneka,Nyanja_NNM_Spk8_U_f87d8b30d7_Utterance_14_850_875.wav,20.295
NNM,M,Spk8,U_f87d8b30d7,850_875,Nyanja_NNM_Spk8_U_f87d8b30d7_Utterance_15,nthawi zina cimachedwa copangidwa codabwitsa/cosokonedzetsa cifukwa zodindidwa zace ndi mitundu ndi zinaikidwa mosokoneza/mosasamala,Nyanja_NNM_Spk8_U_f87d8b30d7_Utterance_15_850_875.wav,20.295
NNM,M,Spk8,U_f87d8b30d7,850_875,Nyanja_NNM_Spk8_U_f87d8b30d7_Utterance_16,bwera pita ukanditengere ndalama yosala ya bambo louis ndilinayo bambo,Nyanja_NNM_Spk8_U_f87d8b30d7_Utterance_16_850_875.wav,20.295
NNM,M,Spk8,U_f87d8b30d7,850_875,Nyanja_NNM_Spk8_U_f87d8b30d7_Utterance_17,anandigwiritsa ncito kotheratu anali kufuna kumandimenya tsiku ndi tsiku,Nyanja_NNM_Spk8_U_f87d8b30d7_Utterance_17_850_875.wav,20.295
NNM,M,Spk8,U_f87d8b30d7,850_875,Nyanja_NNM_Spk8_U_f87d8b30d7_Utterance_18,mwamene njira ya cifundo ingapezekele kuli chalichi yoyera/yangwilyo ngakhale kuti anthu osakhulupilira mwa ambuye yesu apezeka komweko,Nyanja_NNM_Spk8_U_f87d8b30d7_Utterance_18_850_875.wav,20.295
NNM,M,Spk8,U_f87d8b30d7,850_875,Nyanja_NNM_Spk8_U_f87d8b30d7_Utterance_19,indetu iye anasautsa mpingo wa ambuye yesu kristu kwa nthawi ya itali,Nyanja_NNM_Spk8_U_f87d8b30d7_Utterance_19_850_875.wav,20.295
NNM,M,Spk8,U_f87d8b30d7,850_875,Nyanja_NNM_Spk8_U_f87d8b30d7_Utterance_20,pamene anayamba kucita zinthu anali kutsogolera yopatulika ya atsilikali oyenda pansi kupitila mu njira yolowera pansi,Nyanja_NNM_Spk8_U_f87d8b30d7_Utterance_20_850_875.wav,20.295
NNM,M,Spk8,U_f87d8b30d7,850_875,Nyanja_NNM_Spk8_U_f87d8b30d7_Utterance_21,ndifuna kusiys zonsezi kotheratu,Nyanja_NNM_Spk8_U_f87d8b30d7_Utterance_21_850_875.wav,20.295
NNM,M,Spk8,U_f87d8b30d7,850_875,Nyanja_NNM_Spk8_U_f87d8b30d7_Utterance_22,kodi sizingatheke kuti zoonekela za mumzinda za bwino zizionekera poyera,Nyanja_NNM_Spk8_U_f87d8b30d7_Utterance_22_850_875.wav,20.295
NNM,M,Spk8,U_f87d8b30d7,850_875,Nyanja_NNM_Spk8_U_f87d8b30d7_Utterance_23,anatero kapitawo donnithrone atakhala pamene anali kukwanitsa kuona  mkanjira kakafupi kamene kanalin kupita kumene anali kusungira mkaka,Nyanja_NNM_Spk8_U_f87d8b30d7_Utterance_23_850_875.wav,20.295
NNM,M,Spk8,U_f87d8b30d7,850_875,Nyanja_NNM_Spk8_U_f87d8b30d7_Utterance_24,tikuganiza kuti kupyolera mu nchito yocepa kapena ubwino tingathe kuthesa cimo,Nyanja_NNM_Spk8_U_f87d8b30d7_Utterance_24_850_875.wav,20.295
NNM,M,Spk8,U_f87d8b30d7,850_875,Nyanja_NNM_Spk8_U_f87d8b30d7_Utterance_25,indetu ndikupita ngati enginiya nanunso mungathe kupita ngati amodzi,Nyanja_NNM_Spk8_U_f87d8b30d7_Utterance_25_850_875.wav,20.295
NNM,M,Spk8,U_0b8885c6cd,875_900,Nyanja_NNM_Spk8_U_0b8885c6cd_Utterance_1,ananene kwa agalantiya nati mulibe mphanvu yoganizira paulo mwapamwamba,Nyanja_NNM_Spk8_U_0b8885c6cd_Utterance_1_875_900.wav,7.895
NNM,M,Spk8,U_0b8885c6cd,875_900,Nyanja_NNM_Spk8_U_0b8885c6cd_Utterance_2,kulibe kwina kwace kotseguka pokhapokhapo khola imodzi anatero wotiyanganira wathu ophunzira,Nyanja_NNM_Spk8_U_0b8885c6cd_Utterance_2_875_900.wav,10.713
NNM,M,Spk8,U_0b8885c6cd,875_900,Nyanja_NNM_Spk8_U_0b8885c6cd_Utterance_3,kwangwala wa mkulu analondola mwansanga kufuna kuti acotse nyama yace /cimene anagwira pansi,Nyanja_NNM_Spk8_U_0b8885c6cd_Utterance_3_875_900.wav,10.713
NNM,M,Spk8,U_0b8885c6cd,875_900,Nyanja_NNM_Spk8_U_0b8885c6cd_Utterance_4,wina waceananena nkhani ngakhala sanainene bwino yomwe ninaona kuti sanali kunvetsetsa,Nyanja_NNM_Spk8_U_0b8885c6cd_Utterance_4_875_900.wav,10.713
NNM,M,Spk8,U_0b8885c6cd,875_900,Nyanja_NNM_Spk8_U_0b8885c6cd_Utterance_5,cinali cinthu ca bwino kwa iye kuganiza kuti mkaziyo zanali kumkonda kopotsa kudziwa cilungamo,Nyanja_NNM_Spk8_U_0b8885c6cd_Utterance_5_875_900.wav,10.713
NNM,M,Spk8,U_0b8885c6cd,875_900,Nyanja_NNM_Spk8_U_0b8885c6cd_Utterance_6,oho bambo anatero bambo missus poyser ataopyedwa simungazikonde konse,Nyanja_NNM_Spk8_U_0b8885c6cd_Utterance_6_875_900.wav,10.713
NNM,M,Spk8,U_0b8885c6cd,875_900,Nyanja_NNM_Spk8_U_0b8885c6cd_Utterance_7,pamenepo anaika dzanja lace pa mkono wace  naseka nati,Nyanja_NNM_Spk8_U_0b8885c6cd_Utterance_7_875_900.wav,10.713
NNM,M,Spk8,U_0b8885c6cd,875_900,Nyanja_NNM_Spk8_U_0b8885c6cd_Utterance_8,chingachgook anali ataona izi ndi mayendedwe ndipo ndi manja ake anawalola kulankhula,Nyanja_NNM_Spk8_U_0b8885c6cd_Utterance_8_875_900.wav,10.713
NNM,M,Spk8,U_0b8885c6cd,875_900,Nyanja_NNM_Spk8_U_0b8885c6cd_Utterance_9,apa apo anatero motonthoza ali kupapatsa mutu wace wofilira,Nyanja_NNM_Spk8_U_0b8885c6cd_Utterance_9_875_900.wav,10.713
NNM,M,Spk8,U_0b8885c6cd,875_900,Nyanja_NNM_Spk8_U_0b8885c6cd_Utterance_10,anayenda mwamsanga ngati mwivi napita mun ma holo onsewo ma sitepi okwelera mnyumba ndi pa bwalo ponse,Nyanja_NNM_Spk8_U_0b8885c6cd_Utterance_10_875_900.wav,13.402
NNM,M,Spk8,U_0b8885c6cd,875_900,Nyanja_NNM_Spk8_U_0b8885c6cd_Utterance_11,iye anafuna kuyambira pamwamba pa matanda,Nyanja_NNM_Spk8_U_0b8885c6cd_Utterance_11_875_900.wav,13.402
NNM,M,Spk8,U_0b8885c6cd,875_900,Nyanja_NNM_Spk8_U_0b8885c6cd_Utterance_12,humpy dumpy anali atagwa pansipa koma anakwatira ndithu mwana wa amfumu wa mkazi,Nyanja_NNM_Spk8_U_0b8885c6cd_Utterance_12_875_900.wav,13.402
NNM,M,Spk8,U_0b8885c6cd,875_900,Nyanja_NNM_Spk8_U_0b8885c6cd_Utterance_13,m'mene analonjezera kuteteza hotela nzika zimene zitauzidwa kuti zisade nkhawa mogogomedza zinayamba kuseka mantha ao,Nyanja_NNM_Spk8_U_0b8885c6cd_Utterance_13_875_900.wav,15.616
NNM,M,Spk8,U_0b8885c6cd,875_900,Nyanja_NNM_Spk8_U_0b8885c6cd_Utterance_14,mabwalo ya tolasa twa thonje tolema anali pafupi kuphulika,Nyanja_NNM_Spk8_U_0b8885c6cd_Utterance_14_875_900.wav,15.616
NNM,M,Spk8,U_0b8885c6cd,875_900,Nyanja_NNM_Spk8_U_0b8885c6cd_Utterance_15,lute anakhala zii kwanthawi yaitali ali kuoneka ndi pa maso pofunisisa  kunali kutatulukila,Nyanja_NNM_Spk8_U_0b8885c6cd_Utterance_15_875_900.wav,15.616
NNM,M,Spk8,U_0b8885c6cd,875_900,Nyanja_NNM_Spk8_U_0b8885c6cd_Utterance_16,kodi unabwera liti bartley ndipo kodi zakhala bwanji zotheka kuti sunalankhule kanthu kali konse,Nyanja_NNM_Spk8_U_0b8885c6cd_Utterance_16_875_900.wav,15.616
NNM,M,Spk8,U_0b8885c6cd,875_900,Nyanja_NNM_Spk8_U_0b8885c6cd_Utterance_17,sindinathe kuonana mwana wanga wacimuna opwetekedwa mwaubwino koma akucita zinchito zace ngati m'modzi wa ana a bamba cumberland,Nyanja_NNM_Spk8_U_0b8885c6cd_Utterance_17_875_900.wav,15.616
NNM,M,Spk8,U_0b8885c6cd,875_900,Nyanja_NNM_Spk8_U_0b8885c6cd_Utterance_18,ngati ndili kunva conjo ndiye kuti ndili kunva conjo,Nyanja_NNM_Spk8_U_0b8885c6cd_Utterance_18_875_900.wav,15.616
NNM,M,Spk8,U_0b8885c6cd,875_900,Nyanja_NNM_Spk8_U_0b8885c6cd_Utterance_19,anzanga anatero montifichet mosakweza mau ace kwa ena anali kucita masewera ya kumenyana tipelekezeni mkatifikiseko ca kunyumba kwa ogwira nchito ku ndende,Nyanja_NNM_Spk8_U_0b8885c6cd_Utterance_19_875_900.wav,17.993
NNM,M,Spk8,U_0b8885c6cd,875_900,Nyanja_NNM_Spk8_U_0b8885c6cd_Utterance_20,koma sindinadziwe apa ndipo pomwe mundiuza,Nyanja_NNM_Spk8_U_0b8885c6cd_Utterance_20_875_900.wav,17.993
NNM,M,Spk8,U_0b8885c6cd,875_900,Nyanja_NNM_Spk8_U_0b8885c6cd_Utterance_21,bulakitoni ndi mzanga wabwino kwambiri ndinenetsa nzo kwa iwe,Nyanja_NNM_Spk8_U_0b8885c6cd_Utterance_21_875_900.wav,17.993
NNM,M,Spk8,U_0b8885c6cd,875_900,Nyanja_NNM_Spk8_U_0b8885c6cd_Utterance_22,ndanyowa kufika munkongono mwanga ntawerama kuti ndidoba cherries,Nyanja_NNM_Spk8_U_0b8885c6cd_Utterance_22_875_900.wav,17.993
NNM,M,Spk8,U_0b8885c6cd,875_900,Nyanja_NNM_Spk8_U_0b8885c6cd_Utterance_23,ena ace sanafune kuti zimenezi zikacitike tsiku lina mtsogolo koma zina cabe zopanga zace zimene zinandisangalasa,Nyanja_NNM_Spk8_U_0b8885c6cd_Utterance_23_875_900.wav,17.993
NNM,M,Spk8,U_0b8885c6cd,875_900,Nyanja_NNM_Spk8_U_0b8885c6cd_Utterance_24,kodi kuti sangakhale mphatso yabwino kwa mwana wanthu wakhandayu,Nyanja_NNM_Spk8_U_0b8885c6cd_Utterance_24_875_900.wav,17.993
NNM,M,Spk8,U_0b8885c6cd,875_900,Nyanja_NNM_Spk8_U_0b8885c6cd_Utterance_25,izo zitapita cinali ca pafupi kuziiwalako indetu kuziiwala,Nyanja_NNM_Spk8_U_0b8885c6cd_Utterance_25_875_900.wav,17.993
NNM,M,Spk8,U_0b8885c6cd,850_875,Nyanja_NNM_Spk8_U_0b8885c6cd_Utterance_1,lobini anaselutsa matanda ace mosamala ndipo mwamsanga  anazipeza pansi pa miyala yolimba kwabatsi,Nyanja_NNM_Spk8_U_0b8885c6cd_Utterance_1_850_875.wav,14.097
NNM,M,Spk8,U_0b8885c6cd,850_875,Nyanja_NNM_Spk8_U_0b8885c6cd_Utterance_2,koma kulingana ndi zomwe zili kucitiika sindidziwa ngati zinthu ngati izo kuti zingathe kucitika,Nyanja_NNM_Spk8_U_0b8885c6cd_Utterance_2_850_875.wav,14.097
NNM,M,Spk8,U_0b8885c6cd,850_875,Nyanja_NNM_Spk8_U_0b8885c6cd_Utterance_3,oho iye amakhala pafupi ndi piano anatero van ayenera kukhalapo pa nthawi ino kwinakwace  ndipo wina anaseka.,Nyanja_NNM_Spk8_U_0b8885c6cd_Utterance_3_850_875.wav,14.097
NNM,M,Spk8,U_0b8885c6cd,850_875,Nyanja_NNM_Spk8_U_0b8885c6cd_Utterance_4,amai taylor sanadziwe zambiri za kotoni koma conena cimodzi cabe coonjedzedwa cinaoneka coyenera,Nyanja_NNM_Spk8_U_0b8885c6cd_Utterance_4_850_875.wav,14.097
NNM,M,Spk8,U_0b8885c6cd,850_875,Nyanja_NNM_Spk8_U_0b8885c6cd_Utterance_5,mkupita ndi kupita sindinaonepo bulu lanu limene mu malembedwa za umoyo wanu ndiyenera kuiona bukuli missus poyser,Nyanja_NNM_Spk8_U_0b8885c6cd_Utterance_5_850_875.wav,14.097
NNM,M,Spk8,U_0b8885c6cd,850_875,Nyanja_NNM_Spk8_U_0b8885c6cd_Utterance_6,mnyamata wacicepele ndi omangidwa ndipo ndiopa imfa yace ngati yanenedwa,Nyanja_NNM_Spk8_U_0b8885c6cd_Utterance_6_850_875.wav,14.097
NNM,M,Spk8,U_0b8885c6cd,850_875,Nyanja_NNM_Spk8_U_0b8885c6cd_Utterance_7,nthawi imeneyo ntaona pa thebulo yanga ndinadziwa kuti wina wace anatayataya ma pepeela anga,Nyanja_NNM_Spk8_U_0b8885c6cd_Utterance_7_850_875.wav,14.097
NNM,M,Spk8,U_0b8885c6cd,850_875,Nyanja_NNM_Spk8_U_0b8885c6cd_Utterance_8,maonekedwa a lakelo ofooka ndi ocenjeletsa maso amene anali ku mupenya ndi codabwitsa cowawitsa,Nyanja_NNM_Spk8_U_0b8885c6cd_Utterance_8_850_875.wav,14.097
NNM,M,Spk8,U_0b8885c6cd,850_875,Nyanja_NNM_Spk8_U_0b8885c6cd_Utterance_9,ndikhulupilira ndithu kuti ndimadziwa kusankha zokoma mnjira imeneyo zonsezo ndi za zoona mukuzidziwa zobvara zimenezo,Nyanja_NNM_Spk8_U_0b8885c6cd_Utterance_9_850_875.wav,14.411
NNM,M,Spk8,U_0b8885c6cd,850_875,Nyanja_NNM_Spk8_U_0b8885c6cd_Utterance_10,cilungamo ici ciyamba kumatsulira mphanvu ya kuda zokhumba zina za dziko za magulu okwanira madzana makhumi awiri pansi pa nyanja,Nyanja_NNM_Spk8_U_0b8885c6cd_Utterance_10_850_875.wav,16.72
NNM,M,Spk8,U_0b8885c6cd,850_875,Nyanja_NNM_Spk8_U_0b8885c6cd_Utterance_11,ndipo anaseka mwapang'ono ndikuyankha ai amai beti ndine elizabeth parsons,Nyanja_NNM_Spk8_U_0b8885c6cd_Utterance_11_850_875.wav,16.72
NNM,M,Spk8,U_0b8885c6cd,850_875,Nyanja_NNM_Spk8_U_0b8885c6cd_Utterance_12,kuguzidwa kwace ku mlomo ndi kuunika kwace ku mapaphiko ace zinali zosanveka kwa iye ndipo zodabwitsa,Nyanja_NNM_Spk8_U_0b8885c6cd_Utterance_12_850_875.wav,16.72
NNM,M,Spk8,U_0b8885c6cd,850_875,Nyanja_NNM_Spk8_U_0b8885c6cd_Utterance_13,munny nsimbi zanga zili zozizila anauzidwa pease iiika pansi kuti zithumeko,Nyanja_NNM_Spk8_U_0b8885c6cd_Utterance_13_850_875.wav,16.72
NNM,M,Spk8,U_0b8885c6cd,850_875,Nyanja_NNM_Spk8_U_0b8885c6cd_Utterance_14,sindikucicepetsa nitalankhula kuti ma siku ano sicili cosaoneka=oneka,Nyanja_NNM_Spk8_U_0b8885c6cd_Utterance_14_850_875.wav,16.72
NNM,M,Spk8,U_0b8885c6cd,850_875,Nyanja_NNM_Spk8_U_0b8885c6cd_Utterance_15,nthawi zina cimachedwa copangidwa codabwitsa/cosokonedzetsa cifukwa zodindidwa zace ndi mitundu ndi zinaikidwa mosokoneza/mosasamala,Nyanja_NNM_Spk8_U_0b8885c6cd_Utterance_15_850_875.wav,17.787
NNM,M,Spk8,U_0b8885c6cd,850_875,Nyanja_NNM_Spk8_U_0b8885c6cd_Utterance_16,bwera pita ukanditengere ndalama yosala ya bambo louis ndilinayo bambo,Nyanja_NNM_Spk8_U_0b8885c6cd_Utterance_16_850_875.wav,17.787
NNM,M,Spk8,U_0b8885c6cd,850_875,Nyanja_NNM_Spk8_U_0b8885c6cd_Utterance_17,anandigwiritsa ncito kotheratu anali kufuna kumandimenya tsiku ndi tsiku,Nyanja_NNM_Spk8_U_0b8885c6cd_Utterance_17_850_875.wav,17.787
NNM,M,Spk8,U_0b8885c6cd,850_875,Nyanja_NNM_Spk8_U_0b8885c6cd_Utterance_18,mwamene njira ya cifundo ingapezekele kuli chalichi yoyera/yangwilyo ngakhale kuti anthu osakhulupilira mwa ambuye yesu apezeka komweko,Nyanja_NNM_Spk8_U_0b8885c6cd_Utterance_18_850_875.wav,18.143
NNM,M,Spk8,U_0b8885c6cd,850_875,Nyanja_NNM_Spk8_U_0b8885c6cd_Utterance_19,indetu iye anasautsa mpingo wa ambuye yesu kristu kwa nthawi ya itali,Nyanja_NNM_Spk8_U_0b8885c6cd_Utterance_19_850_875.wav,18.143
NNM,M,Spk8,U_0b8885c6cd,850_875,Nyanja_NNM_Spk8_U_0b8885c6cd_Utterance_20,pamene anayamba kucita zinthu anali kutsogolera yopatulika ya atsilikali oyenda pansi kupitila mu njira yolowera pansi,Nyanja_NNM_Spk8_U_0b8885c6cd_Utterance_20_850_875.wav,18.143
NNM,M,Spk8,U_0b8885c6cd,850_875,Nyanja_NNM_Spk8_U_0b8885c6cd_Utterance_21,ndifuna kusiys zonsezi kotheratu,Nyanja_NNM_Spk8_U_0b8885c6cd_Utterance_21_850_875.wav,18.143
NNM,M,Spk8,U_0b8885c6cd,850_875,Nyanja_NNM_Spk8_U_0b8885c6cd_Utterance_22,kodi sizingatheke kuti zoonekela za mumzinda za bwino zizionekera poyera,Nyanja_NNM_Spk8_U_0b8885c6cd_Utterance_22_850_875.wav,18.143
NNM,M,Spk8,U_0b8885c6cd,850_875,Nyanja_NNM_Spk8_U_0b8885c6cd_Utterance_23,anatero kapitawo donnithrone atakhala pamene anali kukwanitsa kuona  mkanjira kakafupi kamene kanalin kupita kumene anali kusungira mkaka,Nyanja_NNM_Spk8_U_0b8885c6cd_Utterance_23_850_875.wav,19.81
NNM,M,Spk8,U_0b8885c6cd,850_875,Nyanja_NNM_Spk8_U_0b8885c6cd_Utterance_24,tikuganiza kuti kupyolera mu nchito yocepa kapena ubwino tingathe kuthesa cimo,Nyanja_NNM_Spk8_U_0b8885c6cd_Utterance_24_850_875.wav,19.81
NNM,M,Spk8,U_0b8885c6cd,850_875,Nyanja_NNM_Spk8_U_0b8885c6cd_Utterance_25,indetu ndikupita ngati enginiya nanunso mungathe kupita ngati amodzi,Nyanja_NNM_Spk8_U_0b8885c6cd_Utterance_25_850_875.wav,19.81
NNM,M,Spk10,U_c4603ebd18,975_100,Nyanja_NNM_Spk10_U_c4603ebd18_Utterance_1,tinali ofunitsitsa zicitidwe zace zamakonon kopotsa zincito zace za zikulu,Nyanja_NNM_Spk10_U_c4603ebd18_Utterance_1_975_100.wav,11.842
NNM,M,Spk10,U_c4603ebd18,975_100,Nyanja_NNM_Spk10_U_c4603ebd18_Utterance_2,maso ao anabwi kwambiri thorleif anaimilira na zioloola,Nyanja_NNM_Spk10_U_c4603ebd18_Utterance_2_975_100.wav,7.655
NNM,M,Spk10,U_c4603ebd18,975_100,Nyanja_NNM_Spk10_U_c4603ebd18_Utterance_3,ndikukonda ndi mtima onse cikondi  cimene ndigwilitsa nchito mu zowawa zimene ndinapitamo kale ndiponso ndi chikhulupiliro caku ubwana wanga,Nyanja_NNM_Spk10_U_c4603ebd18_Utterance_3_975_100.wav,18.526
NNM,M,Spk10,U_c4603ebd18,975_100,Nyanja_NNM_Spk10_U_c4603ebd18_Utterance_4,sindinakhale ndi mpata okuuza pa kukooma kwa malo amenewa,Nyanja_NNM_Spk10_U_c4603ebd18_Utterance_4_975_100.wav,10.178
NNM,M,Spk10,U_c4603ebd18,975_100,Nyanja_NNM_Spk10_U_c4603ebd18_Utterance_5,sindinaime kuti ndiganize ngati ndi za ucitsili kapena ai ndinazicita ndipo ndine okondwa pozicita,Nyanja_NNM_Spk10_U_c4603ebd18_Utterance_5_975_100.wav,13.147
NNM,M,Spk10,U_c4603ebd18,975_100,Nyanja_NNM_Spk10_U_c4603ebd18_Utterance_6,mwacisinsi moto wao wakuda unayeeletsa mbanda kuca ndipo kunayera zedi,Nyanja_NNM_Spk10_U_c4603ebd18_Utterance_6_975_100.wav,11.558
NNM,M,Spk10,U_c4603ebd18,975_100,Nyanja_NNM_Spk10_U_c4603ebd18_Utterance_7,iye anaonekanso odabwa pang'ono cifukwa ca momwe analandiliridwa,Nyanja_NNM_Spk10_U_c4603ebd18_Utterance_7_975_100.wav,7.269
NNM,M,Spk10,U_c4603ebd18,975_100,Nyanja_NNM_Spk10_U_c4603ebd18_Utterance_8,zambiri ngati sizoonse zoganiza za kacenjede socrate zipezeka/zinaikidwanzo mu buku yocedwa timaeus,Nyanja_NNM_Spk10_U_c4603ebd18_Utterance_8_975_100.wav,14.978
NNM,M,Spk10,U_c4603ebd18,975_100,Nyanja_NNM_Spk10_U_c4603ebd18_Utterance_9,kulila kwa kwa belu yosasintha ndi yaphindu kunanditengera nthawi imeneyo ku malo kwa za zoona,Nyanja_NNM_Spk10_U_c4603ebd18_Utterance_9_975_100.wav,12.999
NNM,M,Spk10,U_c4603ebd18,975_100,Nyanja_NNM_Spk10_U_c4603ebd18_Utterance_10,ndikukaika gati branwelll anali kuzisamalira pa nthawi  iyo,Nyanja_NNM_Spk10_U_c4603ebd18_Utterance_10_975_100.wav,8.48
NNM,M,Spk10,U_c4603ebd18,975_100,Nyanja_NNM_Spk10_U_c4603ebd18_Utterance_11,zaka za ma tsiku amene anali kufa zinali khumi,Nyanja_NNM_Spk10_U_c4603ebd18_Utterance_11_975_100.wav,3.962
NNM,M,Spk10,U_c4603ebd18,975_100,Nyanja_NNM_Spk10_U_c4603ebd18_Utterance_12,makumbi aja akuoneka ngati azagwera pa nyanja,Nyanja_NNM_Spk10_U_c4603ebd18_Utterance_12_975_100.wav,5.752
NNM,M,Spk10,U_c4603ebd18,975_100,Nyanja_NNM_Spk10_U_c4603ebd18_Utterance_13,mwa umphumphu ndinaondionetsa kukhala pa malo amene anali ku dzanja la manzere,Nyanja_NNM_Spk10_U_c4603ebd18_Utterance_13_975_100.wav,9.643
NNM,M,Spk10,U_c4603ebd18,975_100,Nyanja_NNM_Spk10_U_c4603ebd18_Utterance_14,nvetsa zomwa bambo ferdinando brown anena anayankha kapitawo battleax,Nyanja_NNM_Spk10_U_c4603ebd18_Utterance_14_975_100.wav,9.725
NNM,M,Spk10,U_c4603ebd18,975_100,Nyanja_NNM_Spk10_U_c4603ebd18_Utterance_15,ndipo imfa imene ndalotera sinacitika ai,Nyanja_NNM_Spk10_U_c4603ebd18_Utterance_15_975_100.wav,4.682
NNM,M,Spk10,U_c4603ebd18,975_100,Nyanja_NNM_Spk10_U_c4603ebd18_Utterance_16,tsopano ndapanga ciganizo canga pa nkhani imeneyo ngati ine ndinali mabel nkadakhala komwe kuno,Nyanja_NNM_Spk10_U_c4603ebd18_Utterance_16_975_100.wav,9.954
NNM,M,Spk10,U_c4603ebd18,975_100,Nyanja_NNM_Spk10_U_c4603ebd18_Utterance_17,iwo anayambanso ulendo wao ndipo kupyolera  mu kuunika kwabwino anakwaniritsa ku oloka ma tsindwi yosadetsan nkhawa,Nyanja_NNM_Spk10_U_c4603ebd18_Utterance_17_975_100.wav,16.47
NNM,M,Spk10,U_c4603ebd18,975_100,Nyanja_NNM_Spk10_U_c4603ebd18_Utterance_18,koma sindinu munthuamene adziwa kukonda  okendedwa wanga,Nyanja_NNM_Spk10_U_c4603ebd18_Utterance_18_975_100.wav,6.139
NNM,M,Spk10,U_c4603ebd18,975_100,Nyanja_NNM_Spk10_U_c4603ebd18_Utterance_19,sindizawerenga kufika pa makhumi awiri pa mlingo umenewo,Nyanja_NNM_Spk10_U_c4603ebd18_Utterance_19_975_100.wav,7.367
NNM,M,Spk10,U_c4603ebd18,975_100,Nyanja_NNM_Spk10_U_c4603ebd18_Utterance_20,pa ku ukitsidwa ku imfa kwace  yesu kristu anamenyera nkhondo  ya malamulo ucimo kuthupi dziko imfa gehena ndi zoipa zonse,Nyanja_NNM_Spk10_U_c4603ebd18_Utterance_20_975_100.wav,16.367
NNM,M,Spk10,U_c4603ebd18,975_100,Nyanja_NNM_Spk10_U_c4603ebd18_Utterance_21,kodi mfumu yanu tsopano sikukhulupilira zicitidwe zosakhulupilirika,Nyanja_NNM_Spk10_U_c4603ebd18_Utterance_21_975_100.wav,7.596
NNM,M,Spk10,U_c4603ebd18,975_100,Nyanja_NNM_Spk10_U_c4603ebd18_Utterance_22,anaona mapewa ace olema ndi mutu waukulu ndipo wosimikidza ukukankhidwa patsogoro ngathi mphanga italasidwa,Nyanja_NNM_Spk10_U_c4603ebd18_Utterance_22_975_100.wav,15.661
NNM,M,Spk10,U_c4603ebd18,975_100,Nyanja_NNM_Spk10_U_c4603ebd18_Utterance_23,tiyeni tibwelere mbuyo ndi colinga cofufuza pomwe tikuonetsetsa,Nyanja_NNM_Spk10_U_c4603ebd18_Utterance_23_975_100.wav,8.988
NNM,M,Spk10,U_c4603ebd18,975_100,Nyanja_NNM_Spk10_U_c4603ebd18_Utterance_24,iye sali bwino abwera kuno kunyanja ndicoinga copuuma ndi ku sisintha nmalo,Nyanja_NNM_Spk10_U_c4603ebd18_Utterance_24_975_100.wav,9.963
NNM,M,Spk10,U_c4603ebd18,975_100,Nyanja_NNM_Spk10_U_c4603ebd18_Utterance_25,ngati  iye sadziwa kuyelekedza phindu lace ine ndidziwa,Nyanja_NNM_Spk10_U_c4603ebd18_Utterance_25_975_100.wav,6.488
NNM,M,Spk10,U_021775f8c5,975_100,Nyanja_NNM_Spk10_U_021775f8c5_Utterance_1,tinali ofunitsitsa zicitidwe zace zamakonon kopotsa zincito zace za zikulu,Nyanja_NNM_Spk10_U_021775f8c5_Utterance_1_975_100.wav,6.179
NNM,M,Spk10,U_021775f8c5,975_100,Nyanja_NNM_Spk10_U_021775f8c5_Utterance_2,maso ao anabwi kwambiri thorleif anaimilira na zioloola,Nyanja_NNM_Spk10_U_021775f8c5_Utterance_2_975_100.wav,5.238
NNM,M,Spk10,U_021775f8c5,975_100,Nyanja_NNM_Spk10_U_021775f8c5_Utterance_3,ndikukonda ndi mtima onse cikondi  cimene ndigwilitsa nchito mu zowawa zimene ndinapitamo kale ndiponso ndi chikhulupiliro caku ubwana wanga,Nyanja_NNM_Spk10_U_021775f8c5_Utterance_3_975_100.wav,12.063
NNM,M,Spk10,U_021775f8c5,975_100,Nyanja_NNM_Spk10_U_021775f8c5_Utterance_4,sindinakhale ndi mpata okuuza pa kukooma kwa malo amenewa,Nyanja_NNM_Spk10_U_021775f8c5_Utterance_4_975_100.wav,5.536
NNM,M,Spk10,U_021775f8c5,975_100,Nyanja_NNM_Spk10_U_021775f8c5_Utterance_5,sindinaime kuti ndiganize ngati ndi za ucitsili kapena ai ndinazicita ndipo ndine okondwa pozicita,Nyanja_NNM_Spk10_U_021775f8c5_Utterance_5_975_100.wav,10.18
NNM,M,Spk10,U_021775f8c5,975_100,Nyanja_NNM_Spk10_U_021775f8c5_Utterance_6,mwacisinsi moto wao wakuda unayeeletsa mbanda kuca ndipo kunayera zedi,Nyanja_NNM_Spk10_U_021775f8c5_Utterance_6_975_100.wav,7.326
NNM,M,Spk10,U_021775f8c5,975_100,Nyanja_NNM_Spk10_U_021775f8c5_Utterance_7,iye anaonekanso odabwa pang'ono cifukwa ca momwe analandiliridwa,Nyanja_NNM_Spk10_U_021775f8c5_Utterance_7_975_100.wav,6.049
NNM,M,Spk10,U_021775f8c5,975_100,Nyanja_NNM_Spk10_U_021775f8c5_Utterance_8,zambiri ngati sizoonse zoganiza za kacenjede socrate zipezeka/zinaikidwanzo mu buku yocedwa timaeus,Nyanja_NNM_Spk10_U_021775f8c5_Utterance_8_975_100.wav,9.474
NNM,M,Spk10,U_021775f8c5,975_100,Nyanja_NNM_Spk10_U_021775f8c5_Utterance_9,kulila kwa kwa belu yosasintha ndi yaphindu kunanditengera nthawi imeneyo ku malo kwa za zoona,Nyanja_NNM_Spk10_U_021775f8c5_Utterance_9_975_100.wav,9.694
NNM,M,Spk10,U_021775f8c5,975_100,Nyanja_NNM_Spk10_U_021775f8c5_Utterance_10,ndikukaika gati branwelll anali kuzisamalira pa nthawi  iyo,Nyanja_NNM_Spk10_U_021775f8c5_Utterance_10_975_100.wav,5.479
NNM,M,Spk10,U_021775f8c5,975_100,Nyanja_NNM_Spk10_U_021775f8c5_Utterance_11,zaka za ma tsiku amene anali kufa zinali khumi,Nyanja_NNM_Spk10_U_021775f8c5_Utterance_11_975_100.wav,4.087
NNM,M,Spk10,U_021775f8c5,975_100,Nyanja_NNM_Spk10_U_021775f8c5_Utterance_12,makumbi aja akuoneka ngati azagwera pa nyanja,Nyanja_NNM_Spk10_U_021775f8c5_Utterance_12_975_100.wav,4.168
NNM,M,Spk10,U_021775f8c5,975_100,Nyanja_NNM_Spk10_U_021775f8c5_Utterance_13,mwa umphumphu ndinaondionetsa kukhala pa malo amene anali ku dzanja la manzere,Nyanja_NNM_Spk10_U_021775f8c5_Utterance_13_975_100.wav,6.745
NNM,M,Spk10,U_021775f8c5,975_100,Nyanja_NNM_Spk10_U_021775f8c5_Utterance_14,nvetsa zomwa bambo ferdinando brown anena anayankha kapitawo battleax,Nyanja_NNM_Spk10_U_021775f8c5_Utterance_14_975_100.wav,7.494
NNM,M,Spk10,U_021775f8c5,975_100,Nyanja_NNM_Spk10_U_021775f8c5_Utterance_15,ndipo imfa imene ndalotera sinacitika ai,Nyanja_NNM_Spk10_U_021775f8c5_Utterance_15_975_100.wav,4.052
NNM,M,Spk10,U_021775f8c5,975_100,Nyanja_NNM_Spk10_U_021775f8c5_Utterance_16,tsopano ndapanga ciganizo canga pa nkhani imeneyo ngati ine ndinali mabel nkadakhala komwe kuno,Nyanja_NNM_Spk10_U_021775f8c5_Utterance_16_975_100.wav,9.578
NNM,M,Spk10,U_021775f8c5,975_100,Nyanja_NNM_Spk10_U_021775f8c5_Utterance_17,iwo anayambanso ulendo wao ndipo kupyolera  mu kuunika kwabwino anakwaniritsa ku oloka ma tsindwi yosadetsan nkhawa,Nyanja_NNM_Spk10_U_021775f8c5_Utterance_17_975_100.wav,10.124
NNM,M,Spk10,U_021775f8c5,975_100,Nyanja_NNM_Spk10_U_021775f8c5_Utterance_18,koma sindinu munthuamene adziwa kukonda  okendedwa wanga,Nyanja_NNM_Spk10_U_021775f8c5_Utterance_18_975_100.wav,4.806
NNM,M,Spk10,U_021775f8c5,975_100,Nyanja_NNM_Spk10_U_021775f8c5_Utterance_19,sindizawerenga kufika pa makhumi awiri pa mlingo umenewo,Nyanja_NNM_Spk10_U_021775f8c5_Utterance_19_975_100.wav,4.444
NNM,M,Spk10,U_021775f8c5,975_100,Nyanja_NNM_Spk10_U_021775f8c5_Utterance_20,pa ku ukitsidwa ku imfa kwace  yesu kristu anamenyera nkhondo  ya malamulo ucimo kuthupi dziko imfa gehena ndi zoipa zonse,Nyanja_NNM_Spk10_U_021775f8c5_Utterance_20_975_100.wav,10.089
NNM,M,Spk10,U_021775f8c5,975_100,Nyanja_NNM_Spk10_U_021775f8c5_Utterance_21,kodi mfumu yanu tsopano sikukhulupilira zicitidwe zosakhulupilirika,Nyanja_NNM_Spk10_U_021775f8c5_Utterance_21_975_100.wav,7.055
NNM,M,Spk10,U_021775f8c5,975_100,Nyanja_NNM_Spk10_U_021775f8c5_Utterance_22,anaona mapewa ace olema ndi mutu waukulu ndipo wosimikidza ukukankhidwa patsogoro ngathi mphanga italasidwa,Nyanja_NNM_Spk10_U_021775f8c5_Utterance_22_975_100.wav,9.751
NNM,M,Spk10,U_021775f8c5,975_100,Nyanja_NNM_Spk10_U_021775f8c5_Utterance_23,tiyeni tibwelere mbuyo ndi colinga cofufuza pomwe tikuonetsetsa,Nyanja_NNM_Spk10_U_021775f8c5_Utterance_23_975_100.wav,6.374
NNM,M,Spk10,U_021775f8c5,975_100,Nyanja_NNM_Spk10_U_021775f8c5_Utterance_24,iye sali bwino abwera kuno kunyanja ndicoinga copuuma ndi ku sisintha nmalo,Nyanja_NNM_Spk10_U_021775f8c5_Utterance_24_975_100.wav,6.743
NNM,M,Spk10,U_021775f8c5,975_100,Nyanja_NNM_Spk10_U_021775f8c5_Utterance_25,ngati  iye sadziwa kuyelekedza phindu lace ine ndidziwa,Nyanja_NNM_Spk10_U_021775f8c5_Utterance_25_975_100.wav,4.656
NNM,M,Spk10,U_021775f8c5,950_975,Nyanja_NNM_Spk10_U_021775f8c5_Utterance_1,usade nazo nkhawa mzanga okondedwa sizzle zonsezo zizabwera posacedwa apa,Nyanja_NNM_Spk10_U_021775f8c5_Utterance_1_950_975.wav,5.631
NNM,M,Spk10,U_021775f8c5,950_975,Nyanja_NNM_Spk10_U_021775f8c5_Utterance_2,bwera bwera ndatopa nako kusaonekera kwako,Nyanja_NNM_Spk10_U_021775f8c5_Utterance_2_950_975.wav,3.402
NNM,M,Spk10,U_021775f8c5,950_975,Nyanja_NNM_Spk10_U_021775f8c5_Utterance_3,mopanda kuipa ndi mopanda kaso andimenyera nkhondo ndipo izi ndi zina zambiri ndizayesa ku mcitira,Nyanja_NNM_Spk10_U_021775f8c5_Utterance_3_950_975.wav,5.41
NNM,M,Spk10,U_021775f8c5,950_975,Nyanja_NNM_Spk10_U_021775f8c5_Utterance_4,izi nzeru zili m'maganizo munjira imodzi koma njira ina ai,Nyanja_NNM_Spk10_U_021775f8c5_Utterance_4_950_975.wav,5.41
NNM,M,Spk10,U_021775f8c5,950_975,Nyanja_NNM_Spk10_U_021775f8c5_Utterance_5,mfumu itabwera ku paris anthu onse amaitana mokweza nati umoyo wa utali mfumu yanga,Nyanja_NNM_Spk10_U_021775f8c5_Utterance_5_950_975.wav,7.349
NNM,M,Spk10,U_021775f8c5,950_975,Nyanja_NNM_Spk10_U_021775f8c5_Utterance_6,akuti kuunika ndi khendulo ndi kokometsa mu dziko lonse lapansi,Nyanja_NNM_Spk10_U_021775f8c5_Utterance_6_950_975.wav,6.118
NNM,M,Spk10,U_021775f8c5,950_975,Nyanja_NNM_Spk10_U_021775f8c5_Utterance_7,kunyadira kwa cithunzithunzico cimene sicinali kuoneka bwino cinalenga kuti ukumbukira ubwino wa ufesi imena anakana,Nyanja_NNM_Spk10_U_021775f8c5_Utterance_7_950_975.wav,15.708
NNM,M,Spk10,U_021775f8c5,950_975,Nyanja_NNM_Spk10_U_021775f8c5_Utterance_8,kunyadira kwa cithunzithunzico cimene sicinali kuoneka bwino cinalenga kuti ukumbukira ubwino wa ufesi imena anakana,Nyanja_NNM_Spk10_U_021775f8c5_Utterance_8_950_975.wav,11.986
NNM,M,Spk10,U_021775f8c5,950_975,Nyanja_NNM_Spk10_U_021775f8c5_Utterance_9,bartley anayamba pamene hilda analiza ka belu kakang'ono kamene kanali pa mbali yace wokondedwa wanga kodi ncifukwa ninji unacita zija,Nyanja_NNM_Spk10_U_021775f8c5_Utterance_9_950_975.wav,14.153
NNM,M,Spk10,U_021775f8c5,950_975,Nyanja_NNM_Spk10_U_021775f8c5_Utterance_10,anaoneka ngati anali kufuna kukondweretsa anthu kopanda kudziindikira mphanvu imene anali nayo,Nyanja_NNM_Spk10_U_021775f8c5_Utterance_10_950_975.wav,9.776
NNM,M,Spk10,U_021775f8c5,950_975,Nyanja_NNM_Spk10_U_021775f8c5_Utterance_11,ndiganiza kuti ndikukucitilani zabwino  pokucotsani kumalo ngati aja,Nyanja_NNM_Spk10_U_021775f8c5_Utterance_11_950_975.wav,6.792
NNM,M,Spk10,U_021775f8c5,950_975,Nyanja_NNM_Spk10_U_021775f8c5_Utterance_12,ndipo ndigoneke pa khama lako lozizila ndipo undisiile malo oti ndiwalile,Nyanja_NNM_Spk10_U_021775f8c5_Utterance_12_950_975.wav,8.011
NNM,M,Spk10,U_021775f8c5,950_975,Nyanja_NNM_Spk10_U_021775f8c5_Utterance_13,uyenera kunvetsetsa mau awa cifukwa ali ndi citonthozo ca cikulu pa zofuna inuno nomwe,Nyanja_NNM_Spk10_U_021775f8c5_Utterance_13_950_975.wav,9.543
NNM,M,Spk10,U_021775f8c5,950_975,Nyanja_NNM_Spk10_U_021775f8c5_Utterance_14,osati wacicipere mumene muonera bambo koma ndine munthu wacikulire,Nyanja_NNM_Spk10_U_021775f8c5_Utterance_14_950_975.wav,8.15
NNM,M,Spk10,U_021775f8c5,950_975,Nyanja_NNM_Spk10_U_021775f8c5_Utterance_15,amalume mukuoneka ngati pali cimene mukuyembekezera ni natero nitawaona akuonetsetsa kwambiri galasi yao mwankawa ndithu,Nyanja_NNM_Spk10_U_021775f8c5_Utterance_15_950_975.wav,13.654
NNM,M,Spk10,U_021775f8c5,950_975,Nyanja_NNM_Spk10_U_021775f8c5_Utterance_16,anthu sayenera kumangoyerekezela cilengedwe ca mulungu,Nyanja_NNM_Spk10_U_021775f8c5_Utterance_16_950_975.wav,5.364
NNM,M,Spk10,U_021775f8c5,950_975,Nyanja_NNM_Spk10_U_021775f8c5_Utterance_17,iye atatha  alexander anazigwedeza atatha kuganiza konenetsa,Nyanja_NNM_Spk10_U_021775f8c5_Utterance_17_950_975.wav,9.636
NNM,M,Spk10,U_021775f8c5,950_975,Nyanja_NNM_Spk10_U_021775f8c5_Utterance_18,ma ola anapita pang'ono pang'ono ndipo kunanveka zinthu zikuyenda yenda ku holo,Nyanja_NNM_Spk10_U_021775f8c5_Utterance_18_950_975.wav,9.191
NNM,M,Spk10,U_021775f8c5,950_975,Nyanja_NNM_Spk10_U_021775f8c5_Utterance_19,tsiku iliyonse ili ndi zolilitsa zace zazikulu mwina zabwino zace zocepelera,Nyanja_NNM_Spk10_U_021775f8c5_Utterance_19_950_975.wav,9.3
NNM,M,Spk10,U_021775f8c5,950_975,Nyanja_NNM_Spk10_U_021775f8c5_Utterance_20,anameka na sekelera na pysanta khadi yave m'manja mncira yosaoneka bwino asanathawira pa mwambapo,Nyanja_NNM_Spk10_U_021775f8c5_Utterance_20_950_975.wav,11.285
NNM,M,Spk10,U_021775f8c5,950_975,Nyanja_NNM_Spk10_U_021775f8c5_Utterance_21,ndikhulupilira kuti alexander akhulupilira kuti uzakhala pano iye anatero mosakweza mau,Nyanja_NNM_Spk10_U_021775f8c5_Utterance_21_950_975.wav,10.064
NNM,M,Spk10,U_021775f8c5,950_975,Nyanja_NNM_Spk10_U_021775f8c5_Utterance_22,mzimu wa mbuzi olimba kotheratu unalimbitsidwa ndi ndau imene iwo anapambana,Nyanja_NNM_Spk10_U_021775f8c5_Utterance_22_950_975.wav,9.729
NNM,M,Spk10,U_021775f8c5,950_975,Nyanja_NNM_Spk10_U_021775f8c5_Utterance_23,ndipo anabwezera lozalia mphete yace ya matsenga mothokoza mfiti ya cifundo pa zabwino zimene inamcitira,Nyanja_NNM_Spk10_U_021775f8c5_Utterance_23_950_975.wav,12.423
NNM,M,Spk10,U_021775f8c5,950_975,Nyanja_NNM_Spk10_U_021775f8c5_Utterance_24,conde mundikhululukire cifukwa ca njira yosayenera imene mwadziwiramo kuti ndinakwanitsa zaka makumi anai,Nyanja_NNM_Spk10_U_021775f8c5_Utterance_24_950_975.wav,10.67
NNM,M,Spk10,U_021775f8c5,950_975,Nyanja_NNM_Spk10_U_021775f8c5_Utterance_25,ngati gulu ya ocedwa owerenga anali mgalimoto imeneyo imfa yosadziwika bwino/yodabwitsa inali kumbweretsa ku adani ace,Nyanja_NNM_Spk10_U_021775f8c5_Utterance_25_950_975.wav,13.435
NNM,M,Spk10,U_e37788f1e4,975_100,Nyanja_NNM_Spk10_U_e37788f1e4_Utterance_1,tinali ofunitsitsa zicitidwe zace zamakonon kopotsa zincito zace za zikulu,Nyanja_NNM_Spk10_U_e37788f1e4_Utterance_1_975_100.wav,10.535
NNM,M,Spk10,U_e37788f1e4,975_100,Nyanja_NNM_Spk10_U_e37788f1e4_Utterance_2,maso ao anabwi kwambiri thorleif anaimilira na zioloola,Nyanja_NNM_Spk10_U_e37788f1e4_Utterance_2_975_100.wav,7.16
NNM,M,Spk10,U_e37788f1e4,975_100,Nyanja_NNM_Spk10_U_e37788f1e4_Utterance_3,ndikukonda ndi mtima onse cikondi  cimene ndigwilitsa nchito mu zowawa zimene ndinapitamo kale ndiponso ndi chikhulupiliro caku ubwana wanga,Nyanja_NNM_Spk10_U_e37788f1e4_Utterance_3_975_100.wav,15.697
NNM,M,Spk10,U_e37788f1e4,975_100,Nyanja_NNM_Spk10_U_e37788f1e4_Utterance_4,sindinakhale ndi mpata okuuza pa kukooma kwa malo amenewa,Nyanja_NNM_Spk10_U_e37788f1e4_Utterance_4_975_100.wav,8.21
NNM,M,Spk10,U_e37788f1e4,975_100,Nyanja_NNM_Spk10_U_e37788f1e4_Utterance_5,sindinaime kuti ndiganize ngati ndi za ucitsili kapena ai ndinazicita ndipo ndine okondwa pozicita,Nyanja_NNM_Spk10_U_e37788f1e4_Utterance_5_975_100.wav,12.335
NNM,M,Spk10,U_e37788f1e4,975_100,Nyanja_NNM_Spk10_U_e37788f1e4_Utterance_6,mwacisinsi moto wao wakuda unayeeletsa mbanda kuca ndipo kunayera zedi,Nyanja_NNM_Spk10_U_e37788f1e4_Utterance_6_975_100.wav,8.139
NNM,M,Spk10,U_e37788f1e4,975_100,Nyanja_NNM_Spk10_U_e37788f1e4_Utterance_7,iye anaonekanso odabwa pang'ono cifukwa ca momwe analandiliridwa,Nyanja_NNM_Spk10_U_e37788f1e4_Utterance_7_975_100.wav,6.605
NNM,M,Spk10,U_e37788f1e4,975_100,Nyanja_NNM_Spk10_U_e37788f1e4_Utterance_8,zambiri ngati sizoonse zoganiza za kacenjede socrate zipezeka/zinaikidwanzo mu buku yocedwa timaeus,Nyanja_NNM_Spk10_U_e37788f1e4_Utterance_8_975_100.wav,13.685
NNM,M,Spk10,U_e37788f1e4,975_100,Nyanja_NNM_Spk10_U_e37788f1e4_Utterance_9,kulila kwa kwa belu yosasintha ndi yaphindu kunanditengera nthawi imeneyo ku malo kwa za zoona,Nyanja_NNM_Spk10_U_e37788f1e4_Utterance_9_975_100.wav,11.165
NNM,M,Spk10,U_e37788f1e4,975_100,Nyanja_NNM_Spk10_U_e37788f1e4_Utterance_10,ndikukaika gati branwelll anali kuzisamalira pa nthawi  iyo,Nyanja_NNM_Spk10_U_e37788f1e4_Utterance_10_975_100.wav,7.13
NNM,M,Spk10,U_e37788f1e4,975_100,Nyanja_NNM_Spk10_U_e37788f1e4_Utterance_11,zaka za ma tsiku amene anali kufa zinali khumi,Nyanja_NNM_Spk10_U_e37788f1e4_Utterance_11_975_100.wav,4.458
NNM,M,Spk10,U_e37788f1e4,975_100,Nyanja_NNM_Spk10_U_e37788f1e4_Utterance_12,makumbi aja akuoneka ngati azagwera pa nyanja,Nyanja_NNM_Spk10_U_e37788f1e4_Utterance_12_975_100.wav,4.355
NNM,M,Spk10,U_e37788f1e4,975_100,Nyanja_NNM_Spk10_U_e37788f1e4_Utterance_13,mwa umphumphu ndinaondionetsa kukhala pa malo amene anali ku dzanja la manzere,Nyanja_NNM_Spk10_U_e37788f1e4_Utterance_13_975_100.wav,6.965
NNM,M,Spk10,U_e37788f1e4,975_100,Nyanja_NNM_Spk10_U_e37788f1e4_Utterance_14,nvetsa zomwa bambo ferdinando brown anena anayankha kapitawo battleax,Nyanja_NNM_Spk10_U_e37788f1e4_Utterance_14_975_100.wav,8.359
NNM,M,Spk10,U_e37788f1e4,975_100,Nyanja_NNM_Spk10_U_e37788f1e4_Utterance_15,ndipo imfa imene ndalotera sinacitika ai,Nyanja_NNM_Spk10_U_e37788f1e4_Utterance_15_975_100.wav,3.815
NNM,M,Spk10,U_e37788f1e4,975_100,Nyanja_NNM_Spk10_U_e37788f1e4_Utterance_16,tsopano ndapanga ciganizo canga pa nkhani imeneyo ngati ine ndinali mabel nkadakhala komwe kuno,Nyanja_NNM_Spk10_U_e37788f1e4_Utterance_16_975_100.wav,12.455
NNM,M,Spk10,U_e37788f1e4,975_100,Nyanja_NNM_Spk10_U_e37788f1e4_Utterance_17,iwo anayambanso ulendo wao ndipo kupyolera  mu kuunika kwabwino anakwaniritsa ku oloka ma tsindwi yosadetsan nkhawa,Nyanja_NNM_Spk10_U_e37788f1e4_Utterance_17_975_100.wav,11.99
NNM,M,Spk10,U_e37788f1e4,975_100,Nyanja_NNM_Spk10_U_e37788f1e4_Utterance_18,koma sindinu munthuamene adziwa kukonda  okendedwa wanga,Nyanja_NNM_Spk10_U_e37788f1e4_Utterance_18_975_100.wav,5.105
NNM,M,Spk10,U_e37788f1e4,975_100,Nyanja_NNM_Spk10_U_e37788f1e4_Utterance_19,sindizawerenga kufika pa makhumi awiri pa mlingo umenewo,Nyanja_NNM_Spk10_U_e37788f1e4_Utterance_19_975_100.wav,5.855
NNM,M,Spk10,U_e37788f1e4,975_100,Nyanja_NNM_Spk10_U_e37788f1e4_Utterance_20,pa ku ukitsidwa ku imfa kwace  yesu kristu anamenyera nkhondo  ya malamulo ucimo kuthupi dziko imfa gehena ndi zoipa zonse,Nyanja_NNM_Spk10_U_e37788f1e4_Utterance_20_975_100.wav,14.15
NNM,M,Spk10,U_e37788f1e4,975_100,Nyanja_NNM_Spk10_U_e37788f1e4_Utterance_21,kodi mfumu yanu tsopano sikukhulupilira zicitidwe zosakhulupilirika,Nyanja_NNM_Spk10_U_e37788f1e4_Utterance_21_975_100.wav,7.802
NNM,M,Spk10,U_e37788f1e4,975_100,Nyanja_NNM_Spk10_U_e37788f1e4_Utterance_22,anaona mapewa ace olema ndi mutu waukulu ndipo wosimikidza ukukankhidwa patsogoro ngathi mphanga italasidwa,Nyanja_NNM_Spk10_U_e37788f1e4_Utterance_22_975_100.wav,13.92
NNM,M,Spk10,U_e37788f1e4,975_100,Nyanja_NNM_Spk10_U_e37788f1e4_Utterance_23,tiyeni tibwelere mbuyo ndi colinga cofufuza pomwe tikuonetsetsa,Nyanja_NNM_Spk10_U_e37788f1e4_Utterance_23_975_100.wav,8.231
NNM,M,Spk10,U_e37788f1e4,975_100,Nyanja_NNM_Spk10_U_e37788f1e4_Utterance_24,iye sali bwino abwera kuno kunyanja ndicoinga copuuma ndi ku sisintha nmalo,Nyanja_NNM_Spk10_U_e37788f1e4_Utterance_24_975_100.wav,9.56
NNM,M,Spk10,U_e37788f1e4,975_100,Nyanja_NNM_Spk10_U_e37788f1e4_Utterance_25,ngati  iye sadziwa kuyelekedza phindu lace ine ndidziwa,Nyanja_NNM_Spk10_U_e37788f1e4_Utterance_25_975_100.wav,6.245
NNM,M,Spk10,U_e37788f1e4,950_975,Nyanja_NNM_Spk10_U_e37788f1e4_Utterance_1,usade nazo nkhawa mzanga okondedwa sizzle zonsezo zizabwera posacedwa apa,Nyanja_NNM_Spk10_U_e37788f1e4_Utterance_1_950_975.wav,7.295
NNM,M,Spk10,U_e37788f1e4,950_975,Nyanja_NNM_Spk10_U_e37788f1e4_Utterance_2,bwera bwera ndatopa nako kusaonekera kwako,Nyanja_NNM_Spk10_U_e37788f1e4_Utterance_2_950_975.wav,4.79
NNM,M,Spk10,U_e37788f1e4,950_975,Nyanja_NNM_Spk10_U_e37788f1e4_Utterance_3,mopanda kuipa ndi mopanda kaso andimenyera nkhondo ndipo izi ndi zina zambiri ndizayesa ku mcitira,Nyanja_NNM_Spk10_U_e37788f1e4_Utterance_3_950_975.wav,10.205
NNM,M,Spk10,U_e37788f1e4,950_975,Nyanja_NNM_Spk10_U_e37788f1e4_Utterance_4,izi nzeru zili m'maganizo munjira imodzi koma njira ina ai,Nyanja_NNM_Spk10_U_e37788f1e4_Utterance_4_950_975.wav,5.666
NNM,M,Spk10,U_e37788f1e4,950_975,Nyanja_NNM_Spk10_U_e37788f1e4_Utterance_5,mfumu itabwera ku paris anthu onse amaitana mokweza nati umoyo wa utali mfumu yanga,Nyanja_NNM_Spk10_U_e37788f1e4_Utterance_5_950_975.wav,8.94
NNM,M,Spk10,U_e37788f1e4,950_975,Nyanja_NNM_Spk10_U_e37788f1e4_Utterance_6,akuti kuunika ndi khendulo ndi kokometsa mu dziko lonse lapansi,Nyanja_NNM_Spk10_U_e37788f1e4_Utterance_6_950_975.wav,6.665
NNM,M,Spk10,U_e37788f1e4,950_975,Nyanja_NNM_Spk10_U_e37788f1e4_Utterance_7,kunyadira kwa cithunzithunzico cimene sicinali kuoneka bwino cinalenga kuti ukumbukira ubwino wa ufesi imena anakana,Nyanja_NNM_Spk10_U_e37788f1e4_Utterance_7_950_975.wav,11.495
NNM,M,Spk10,U_e37788f1e4,950_975,Nyanja_NNM_Spk10_U_e37788f1e4_Utterance_8,kunyadira kwa cithunzithunzico cimene sicinali kuoneka bwino cinalenga kuti ukumbukira ubwino wa ufesi imena anakana,Nyanja_NNM_Spk10_U_e37788f1e4_Utterance_8_950_975.wav,10.115
NNM,M,Spk10,U_e37788f1e4,950_975,Nyanja_NNM_Spk10_U_e37788f1e4_Utterance_9,bartley anayamba pamene hilda analiza ka belu kakang'ono kamene kanali pa mbali yace wokondedwa wanga kodi ncifukwa ninji unacita zija,Nyanja_NNM_Spk10_U_e37788f1e4_Utterance_9_950_975.wav,12.17
NNM,M,Spk10,U_e37788f1e4,950_975,Nyanja_NNM_Spk10_U_e37788f1e4_Utterance_10,anaoneka ngati anali kufuna kukondweretsa anthu kopanda kudziindikira mphanvu imene anali nayo,Nyanja_NNM_Spk10_U_e37788f1e4_Utterance_10_950_975.wav,8.045
NNM,M,Spk10,U_e37788f1e4,950_975,Nyanja_NNM_Spk10_U_e37788f1e4_Utterance_11,ndiganiza kuti ndikukucitilani zabwino  pokucotsani kumalo ngati aja,Nyanja_NNM_Spk10_U_e37788f1e4_Utterance_11_950_975.wav,6.455
NNM,M,Spk10,U_e37788f1e4,950_975,Nyanja_NNM_Spk10_U_e37788f1e4_Utterance_12,ndipo ndigoneke pa khama lako lozizila ndipo undisiile malo oti ndiwalile,Nyanja_NNM_Spk10_U_e37788f1e4_Utterance_12_950_975.wav,7.49
NNM,M,Spk10,U_e37788f1e4,950_975,Nyanja_NNM_Spk10_U_e37788f1e4_Utterance_13,uyenera kunvetsetsa mau awa cifukwa ali ndi citonthozo ca cikulu pa zofuna inuno nomwe,Nyanja_NNM_Spk10_U_e37788f1e4_Utterance_13_950_975.wav,10.415
NNM,M,Spk10,U_e37788f1e4,950_975,Nyanja_NNM_Spk10_U_e37788f1e4_Utterance_14,osati wacicipere mumene muonera bambo koma ndine munthu wacikulire,Nyanja_NNM_Spk10_U_e37788f1e4_Utterance_14_950_975.wav,5.944
NNM,M,Spk10,U_e37788f1e4,950_975,Nyanja_NNM_Spk10_U_e37788f1e4_Utterance_15,amalume mukuoneka ngati pali cimene mukuyembekezera ni natero nitawaona akuonetsetsa kwambiri galasi yao mwankawa ndithu,Nyanja_NNM_Spk10_U_e37788f1e4_Utterance_15_950_975.wav,13.607
NNM,M,Spk10,U_e37788f1e4,950_975,Nyanja_NNM_Spk10_U_e37788f1e4_Utterance_16,anthu sayenera kumangoyerekezela cilengedwe ca mulungu,Nyanja_NNM_Spk10_U_e37788f1e4_Utterance_16_950_975.wav,5.69
NNM,M,Spk10,U_e37788f1e4,950_975,Nyanja_NNM_Spk10_U_e37788f1e4_Utterance_17,iye atatha  alexander anazigwedeza atatha kuganiza konenetsa,Nyanja_NNM_Spk10_U_e37788f1e4_Utterance_17_950_975.wav,6.444
NNM,M,Spk10,U_e37788f1e4,950_975,Nyanja_NNM_Spk10_U_e37788f1e4_Utterance_18,ma ola anapita pang'ono pang'ono ndipo kunanveka zinthu zikuyenda yenda ku holo,Nyanja_NNM_Spk10_U_e37788f1e4_Utterance_18_950_975.wav,8.09
NNM,M,Spk10,U_e37788f1e4,950_975,Nyanja_NNM_Spk10_U_e37788f1e4_Utterance_19,tsiku iliyonse ili ndi zolilitsa zace zazikulu mwina zabwino zace zocepelera,Nyanja_NNM_Spk10_U_e37788f1e4_Utterance_19_950_975.wav,9.215
NNM,M,Spk10,U_e37788f1e4,950_975,Nyanja_NNM_Spk10_U_e37788f1e4_Utterance_20,anameka na sekelera na pysanta khadi yave m'manja mncira yosaoneka bwino asanathawira pa mwambapo,Nyanja_NNM_Spk10_U_e37788f1e4_Utterance_20_950_975.wav,9.021
NNM,M,Spk10,U_e37788f1e4,950_975,Nyanja_NNM_Spk10_U_e37788f1e4_Utterance_21,ndikhulupilira kuti alexander akhulupilira kuti uzakhala pano iye anatero mosakweza mau,Nyanja_NNM_Spk10_U_e37788f1e4_Utterance_21_950_975.wav,10.147
NNM,M,Spk10,U_e37788f1e4,950_975,Nyanja_NNM_Spk10_U_e37788f1e4_Utterance_22,mzimu wa mbuzi olimba kotheratu unalimbitsidwa ndi ndau imene iwo anapambana,Nyanja_NNM_Spk10_U_e37788f1e4_Utterance_22_950_975.wav,9.53
NNM,M,Spk10,U_e37788f1e4,950_975,Nyanja_NNM_Spk10_U_e37788f1e4_Utterance_23,ndipo anabwezera lozalia mphete yace ya matsenga mothokoza mfiti ya cifundo pa zabwino zimene inamcitira,Nyanja_NNM_Spk10_U_e37788f1e4_Utterance_23_950_975.wav,10.1
NNM,M,Spk10,U_e37788f1e4,950_975,Nyanja_NNM_Spk10_U_e37788f1e4_Utterance_24,conde mundikhululukire cifukwa ca njira yosayenera imene mwadziwiramo kuti ndinakwanitsa zaka makumi anai,Nyanja_NNM_Spk10_U_e37788f1e4_Utterance_24_950_975.wav,10.205
NNM,M,Spk10,U_e37788f1e4,950_975,Nyanja_NNM_Spk10_U_e37788f1e4_Utterance_25,ngati gulu ya ocedwa owerenga anali mgalimoto imeneyo imfa yosadziwika bwino/yodabwitsa inali kumbweretsa ku adani ace,Nyanja_NNM_Spk10_U_e37788f1e4_Utterance_25_950_975.wav,12.156
NNM,M,Spk10,U_4f29424f7f,975_100,Nyanja_NNM_Spk10_U_4f29424f7f_Utterance_1,tinali ofunitsitsa zicitidwe zace zamakonon kopotsa zincito zace za zikulu,Nyanja_NNM_Spk10_U_4f29424f7f_Utterance_1_975_100.wav,7.136
NNM,M,Spk10,U_4f29424f7f,975_100,Nyanja_NNM_Spk10_U_4f29424f7f_Utterance_2,maso ao anabwi kwambiri thorleif anaimilira na zioloola,Nyanja_NNM_Spk10_U_4f29424f7f_Utterance_2_975_100.wav,6.237
NNM,M,Spk10,U_4f29424f7f,975_100,Nyanja_NNM_Spk10_U_4f29424f7f_Utterance_3,ndikukonda ndi mtima onse cikondi  cimene ndigwilitsa nchito mu zowawa zimene ndinapitamo kale ndiponso ndi chikhulupiliro caku ubwana wanga,Nyanja_NNM_Spk10_U_4f29424f7f_Utterance_3_975_100.wav,14.731
NNM,M,Spk10,U_4f29424f7f,975_100,Nyanja_NNM_Spk10_U_4f29424f7f_Utterance_4,sindinakhale ndi mpata okuuza pa kukooma kwa malo amenewa,Nyanja_NNM_Spk10_U_4f29424f7f_Utterance_4_975_100.wav,5.37
NNM,M,Spk10,U_4f29424f7f,975_100,Nyanja_NNM_Spk10_U_4f29424f7f_Utterance_5,sindinaime kuti ndiganize ngati ndi za ucitsili kapena ai ndinazicita ndipo ndine okondwa pozicita,Nyanja_NNM_Spk10_U_4f29424f7f_Utterance_5_975_100.wav,9.763
NNM,M,Spk10,U_4f29424f7f,975_100,Nyanja_NNM_Spk10_U_4f29424f7f_Utterance_6,mwacisinsi moto wao wakuda unayeeletsa mbanda kuca ndipo kunayera zedi,Nyanja_NNM_Spk10_U_4f29424f7f_Utterance_6_975_100.wav,8.851
NNM,M,Spk10,U_4f29424f7f,975_100,Nyanja_NNM_Spk10_U_4f29424f7f_Utterance_7,iye anaonekanso odabwa pang'ono cifukwa ca momwe analandiliridwa,Nyanja_NNM_Spk10_U_4f29424f7f_Utterance_7_975_100.wav,6.601
NNM,M,Spk10,U_4f29424f7f,975_100,Nyanja_NNM_Spk10_U_4f29424f7f_Utterance_8,zambiri ngati sizoonse zoganiza za kacenjede socrate zipezeka/zinaikidwanzo mu buku yocedwa timaeus,Nyanja_NNM_Spk10_U_4f29424f7f_Utterance_8_975_100.wav,14.9
NNM,M,Spk10,U_4f29424f7f,975_100,Nyanja_NNM_Spk10_U_4f29424f7f_Utterance_9,kulila kwa kwa belu yosasintha ndi yaphindu kunanditengera nthawi imeneyo ku malo kwa za zoona,Nyanja_NNM_Spk10_U_4f29424f7f_Utterance_9_975_100.wav,10.955
NNM,M,Spk10,U_4f29424f7f,975_100,Nyanja_NNM_Spk10_U_4f29424f7f_Utterance_10,ndikukaika gati branwelll anali kuzisamalira pa nthawi  iyo,Nyanja_NNM_Spk10_U_4f29424f7f_Utterance_10_975_100.wav,7.471
NNM,M,Spk10,U_4f29424f7f,975_100,Nyanja_NNM_Spk10_U_4f29424f7f_Utterance_11,zaka za ma tsiku amene anali kufa zinali khumi,Nyanja_NNM_Spk10_U_4f29424f7f_Utterance_11_975_100.wav,4.783
NNM,M,Spk10,U_4f29424f7f,975_100,Nyanja_NNM_Spk10_U_4f29424f7f_Utterance_12,makumbi aja akuoneka ngati azagwera pa nyanja,Nyanja_NNM_Spk10_U_4f29424f7f_Utterance_12_975_100.wav,4.923
NNM,M,Spk10,U_4f29424f7f,975_100,Nyanja_NNM_Spk10_U_4f29424f7f_Utterance_13,mwa umphumphu ndinaondionetsa kukhala pa malo amene anali ku dzanja la manzere,Nyanja_NNM_Spk10_U_4f29424f7f_Utterance_13_975_100.wav,8.197
NNM,M,Spk10,U_4f29424f7f,975_100,Nyanja_NNM_Spk10_U_4f29424f7f_Utterance_14,nvetsa zomwa bambo ferdinando brown anena anayankha kapitawo battleax,Nyanja_NNM_Spk10_U_4f29424f7f_Utterance_14_975_100.wav,9.009
NNM,M,Spk10,U_4f29424f7f,975_100,Nyanja_NNM_Spk10_U_4f29424f7f_Utterance_15,ndipo imfa imene ndalotera sinacitika ai,Nyanja_NNM_Spk10_U_4f29424f7f_Utterance_15_975_100.wav,4.76
NNM,M,Spk10,U_4f29424f7f,975_100,Nyanja_NNM_Spk10_U_4f29424f7f_Utterance_16,tsopano ndapanga ciganizo canga pa nkhani imeneyo ngati ine ndinali mabel nkadakhala komwe kuno,Nyanja_NNM_Spk10_U_4f29424f7f_Utterance_16_975_100.wav,10.031
NNM,M,Spk10,U_4f29424f7f,975_100,Nyanja_NNM_Spk10_U_4f29424f7f_Utterance_17,iwo anayambanso ulendo wao ndipo kupyolera  mu kuunika kwabwino anakwaniritsa ku oloka ma tsindwi yosadetsan nkhawa,Nyanja_NNM_Spk10_U_4f29424f7f_Utterance_17_975_100.wav,14.954
NNM,M,Spk10,U_4f29424f7f,975_100,Nyanja_NNM_Spk10_U_4f29424f7f_Utterance_18,koma sindinu munthuamene adziwa kukonda  okendedwa wanga,Nyanja_NNM_Spk10_U_4f29424f7f_Utterance_18_975_100.wav,5.956
NNM,M,Spk10,U_4f29424f7f,975_100,Nyanja_NNM_Spk10_U_4f29424f7f_Utterance_19,sindizawerenga kufika pa makhumi awiri pa mlingo umenewo,Nyanja_NNM_Spk10_U_4f29424f7f_Utterance_19_975_100.wav,5.515
NNM,M,Spk10,U_4f29424f7f,975_100,Nyanja_NNM_Spk10_U_4f29424f7f_Utterance_20,pa ku ukitsidwa ku imfa kwace  yesu kristu anamenyera nkhondo  ya malamulo ucimo kuthupi dziko imfa gehena ndi zoipa zonse,Nyanja_NNM_Spk10_U_4f29424f7f_Utterance_20_975_100.wav,14.095
NNM,M,Spk10,U_4f29424f7f,975_100,Nyanja_NNM_Spk10_U_4f29424f7f_Utterance_21,kodi mfumu yanu tsopano sikukhulupilira zicitidwe zosakhulupilirika,Nyanja_NNM_Spk10_U_4f29424f7f_Utterance_21_975_100.wav,6.165
NNM,M,Spk10,U_4f29424f7f,975_100,Nyanja_NNM_Spk10_U_4f29424f7f_Utterance_22,anaona mapewa ace olema ndi mutu waukulu ndipo wosimikidza ukukankhidwa patsogoro ngathi mphanga italasidwa,Nyanja_NNM_Spk10_U_4f29424f7f_Utterance_22_975_100.wav,14.129
NNM,M,Spk10,U_4f29424f7f,975_100,Nyanja_NNM_Spk10_U_4f29424f7f_Utterance_23,tiyeni tibwelere mbuyo ndi colinga cofufuza pomwe tikuonetsetsa,Nyanja_NNM_Spk10_U_4f29424f7f_Utterance_23_975_100.wav,6.943
NNM,M,Spk10,U_4f29424f7f,975_100,Nyanja_NNM_Spk10_U_4f29424f7f_Utterance_24,iye sali bwino abwera kuno kunyanja ndicoinga copuuma ndi ku sisintha nmalo,Nyanja_NNM_Spk10_U_4f29424f7f_Utterance_24_975_100.wav,9.288
NNM,M,Spk10,U_4f29424f7f,975_100,Nyanja_NNM_Spk10_U_4f29424f7f_Utterance_25,ngati  iye sadziwa kuyelekedza phindu lace ine ndidziwa,Nyanja_NNM_Spk10_U_4f29424f7f_Utterance_25_975_100.wav,5.224
NNM,M,Spk10,U_4f29424f7f,950_975,Nyanja_NNM_Spk10_U_4f29424f7f_Utterance_1,usade nazo nkhawa mzanga okondedwa sizzle zonsezo zizabwera posacedwa apa,Nyanja_NNM_Spk10_U_4f29424f7f_Utterance_1_950_975.wav,7.721
NNM,M,Spk10,U_4f29424f7f,950_975,Nyanja_NNM_Spk10_U_4f29424f7f_Utterance_2,bwera bwera ndatopa nako kusaonekera kwako,Nyanja_NNM_Spk10_U_4f29424f7f_Utterance_2_950_975.wav,3.46
NNM,M,Spk10,U_4f29424f7f,950_975,Nyanja_NNM_Spk10_U_4f29424f7f_Utterance_3,mopanda kuipa ndi mopanda kaso andimenyera nkhondo ndipo izi ndi zina zambiri ndizayesa ku mcitira,Nyanja_NNM_Spk10_U_4f29424f7f_Utterance_3_950_975.wav,8.882
NNM,M,Spk10,U_4f29424f7f,950_975,Nyanja_NNM_Spk10_U_4f29424f7f_Utterance_4,izi nzeru zili m'maganizo munjira imodzi koma njira ina ai,Nyanja_NNM_Spk10_U_4f29424f7f_Utterance_4_950_975.wav,5.271
NNM,M,Spk10,U_4f29424f7f,950_975,Nyanja_NNM_Spk10_U_4f29424f7f_Utterance_5,mfumu itabwera ku paris anthu onse amaitana mokweza nati umoyo wa utali mfumu yanga,Nyanja_NNM_Spk10_U_4f29424f7f_Utterance_5_950_975.wav,7.419
NNM,M,Spk10,U_4f29424f7f,950_975,Nyanja_NNM_Spk10_U_4f29424f7f_Utterance_6,akuti kuunika ndi khendulo ndi kokometsa mu dziko lonse lapansi,Nyanja_NNM_Spk10_U_4f29424f7f_Utterance_6_950_975.wav,7.558
NNM,M,Spk10,U_4f29424f7f,950_975,Nyanja_NNM_Spk10_U_4f29424f7f_Utterance_7,kunyadira kwa cithunzithunzico cimene sicinali kuoneka bwino cinalenga kuti ukumbukira ubwino wa ufesi imena anakana,Nyanja_NNM_Spk10_U_4f29424f7f_Utterance_7_950_975.wav,12.26
NNM,M,Spk10,U_4f29424f7f,950_975,Nyanja_NNM_Spk10_U_4f29424f7f_Utterance_8,kunyadira kwa cithunzithunzico cimene sicinali kuoneka bwino cinalenga kuti ukumbukira ubwino wa ufesi imena anakana,Nyanja_NNM_Spk10_U_4f29424f7f_Utterance_8_950_975.wav,12.26
NNM,M,Spk10,U_4f29424f7f,950_975,Nyanja_NNM_Spk10_U_4f29424f7f_Utterance_9,bartley anayamba pamene hilda analiza ka belu kakang'ono kamene kanali pa mbali yace wokondedwa wanga kodi ncifukwa ninji unacita zija,Nyanja_NNM_Spk10_U_4f29424f7f_Utterance_9_950_975.wav,12.307
NNM,M,Spk10,U_4f29424f7f,950_975,Nyanja_NNM_Spk10_U_4f29424f7f_Utterance_10,anaoneka ngati anali kufuna kukondweretsa anthu kopanda kudziindikira mphanvu imene anali nayo,Nyanja_NNM_Spk10_U_4f29424f7f_Utterance_10_950_975.wav,7.442
NNM,M,Spk10,U_4f29424f7f,950_975,Nyanja_NNM_Spk10_U_4f29424f7f_Utterance_11,ndiganiza kuti ndikukucitilani zabwino  pokucotsani kumalo ngati aja,Nyanja_NNM_Spk10_U_4f29424f7f_Utterance_11_950_975.wav,5.944
NNM,M,Spk10,U_4f29424f7f,950_975,Nyanja_NNM_Spk10_U_4f29424f7f_Utterance_12,ndipo ndigoneke pa khama lako lozizila ndipo undisiile malo oti ndiwalile,Nyanja_NNM_Spk10_U_4f29424f7f_Utterance_12_950_975.wav,7.814
NNM,M,Spk10,U_4f29424f7f,950_975,Nyanja_NNM_Spk10_U_4f29424f7f_Utterance_13,uyenera kunvetsetsa mau awa cifukwa ali ndi citonthozo ca cikulu pa zofuna inuno nomwe,Nyanja_NNM_Spk10_U_4f29424f7f_Utterance_13_950_975.wav,9.729
NNM,M,Spk10,U_4f29424f7f,950_975,Nyanja_NNM_Spk10_U_4f29424f7f_Utterance_14,osati wacicipere mumene muonera bambo koma ndine munthu wacikulire,Nyanja_NNM_Spk10_U_4f29424f7f_Utterance_14_950_975.wav,7.396
NNM,M,Spk10,U_4f29424f7f,950_975,Nyanja_NNM_Spk10_U_4f29424f7f_Utterance_15,amalume mukuoneka ngati pali cimene mukuyembekezera ni natero nitawaona akuonetsetsa kwambiri galasi yao mwankawa ndithu,Nyanja_NNM_Spk10_U_4f29424f7f_Utterance_15_950_975.wav,13.154
NNM,M,Spk10,U_4f29424f7f,950_975,Nyanja_NNM_Spk10_U_4f29424f7f_Utterance_16,anthu sayenera kumangoyerekezela cilengedwe ca mulungu,Nyanja_NNM_Spk10_U_4f29424f7f_Utterance_16_950_975.wav,5.213
NNM,M,Spk10,U_4f29424f7f,950_975,Nyanja_NNM_Spk10_U_4f29424f7f_Utterance_17,iye atatha  alexander anazigwedeza atatha kuganiza konenetsa,Nyanja_NNM_Spk10_U_4f29424f7f_Utterance_17_950_975.wav,6.838
NNM,M,Spk10,U_4f29424f7f,950_975,Nyanja_NNM_Spk10_U_4f29424f7f_Utterance_18,ma ola anapita pang'ono pang'ono ndipo kunanveka zinthu zikuyenda yenda ku holo,Nyanja_NNM_Spk10_U_4f29424f7f_Utterance_18_950_975.wav,6.862
NNM,M,Spk10,U_4f29424f7f,950_975,Nyanja_NNM_Spk10_U_4f29424f7f_Utterance_19,tsiku iliyonse ili ndi zolilitsa zace zazikulu mwina zabwino zace zocepelera,Nyanja_NNM_Spk10_U_4f29424f7f_Utterance_19_950_975.wav,8.441
NNM,M,Spk10,U_4f29424f7f,950_975,Nyanja_NNM_Spk10_U_4f29424f7f_Utterance_20,anameka na sekelera na pysanta khadi yave m'manja mncira yosaoneka bwino asanathawira pa mwambapo,Nyanja_NNM_Spk10_U_4f29424f7f_Utterance_20_950_975.wav,14.094
NNM,M,Spk10,U_4f29424f7f,950_975,Nyanja_NNM_Spk10_U_4f29424f7f_Utterance_21,ndikhulupilira kuti alexander akhulupilira kuti uzakhala pano iye anatero mosakweza mau,Nyanja_NNM_Spk10_U_4f29424f7f_Utterance_21_950_975.wav,9.752
NNM,M,Spk10,U_4f29424f7f,950_975,Nyanja_NNM_Spk10_U_4f29424f7f_Utterance_22,mzimu wa mbuzi olimba kotheratu unalimbitsidwa ndi ndau imene iwo anapambana,Nyanja_NNM_Spk10_U_4f29424f7f_Utterance_22_950_975.wav,9.102
NNM,M,Spk10,U_4f29424f7f,950_975,Nyanja_NNM_Spk10_U_4f29424f7f_Utterance_23,ndipo anabwezera lozalia mphete yace ya matsenga mothokoza mfiti ya cifundo pa zabwino zimene inamcitira,Nyanja_NNM_Spk10_U_4f29424f7f_Utterance_23_950_975.wav,11.622
NNM,M,Spk10,U_4f29424f7f,950_975,Nyanja_NNM_Spk10_U_4f29424f7f_Utterance_24,conde mundikhululukire cifukwa ca njira yosayenera imene mwadziwiramo kuti ndinakwanitsa zaka makumi anai,Nyanja_NNM_Spk10_U_4f29424f7f_Utterance_24_950_975.wav,9.741
NNM,M,Spk10,U_4f29424f7f,950_975,Nyanja_NNM_Spk10_U_4f29424f7f_Utterance_25,ngati gulu ya ocedwa owerenga anali mgalimoto imeneyo imfa yosadziwika bwino/yodabwitsa inali kumbweretsa ku adani ace,Nyanja_NNM_Spk10_U_4f29424f7f_Utterance_25_950_975.wav,12.817
NNM,M,Spk3,U_ee74dd14de,600_625,Nyanja_NNM_Spk3_U_ee74dd14de_Utterance_1,mathokoza ananenedwa kwa mwana wa amfumu wa mkazi kuli konse kumene anali kupita pa ulendo wace,Nyanja_NNM_Spk3_U_ee74dd14de_Utterance_1_600_625.wav,7.484
NNM,M,Spk3,U_ee74dd14de,600_625,Nyanja_NNM_Spk3_U_ee74dd14de_Utterance_2,nchito yopyeela mu nyumba kasinthidwe kosokoneza kamene kalenga boma kulemba nchito atsilikali onse amene ifuna mopanda bvuto lili lonse,Nyanja_NNM_Spk3_U_ee74dd14de_Utterance_2_600_625.wav,10.675
NNM,M,Spk3,U_ee74dd14de,600_625,Nyanja_NNM_Spk3_U_ee74dd14de_Utterance_3,apo iye anakhala pa mawilo ya bwato sindinaonepo sitima,Nyanja_NNM_Spk3_U_ee74dd14de_Utterance_3_600_625.wav,4.523
NNM,M,Spk3,U_ee74dd14de,600_625,Nyanja_NNM_Spk3_U_ee74dd14de_Utterance_4,ma unifomu obvalidwa ku nchito samafunidwa pafupi-fupi kwa onse amene ayenera kuwabvala,Nyanja_NNM_Spk3_U_ee74dd14de_Utterance_4_600_625.wav,7.057
NNM,M,Spk3,U_ee74dd14de,600_625,Nyanja_NNM_Spk3_U_ee74dd14de_Utterance_5,ici ndiye cakudya cothera kudyera mwapamodzi ninatero,Nyanja_NNM_Spk3_U_ee74dd14de_Utterance_5_600_625.wav,5.747
NNM,M,Spk3,U_ee74dd14de,600_625,Nyanja_NNM_Spk3_U_ee74dd14de_Utterance_6,kodi dziko lako ndiiti olaf kodi wakhala kapolo nthawi yonseyi,Nyanja_NNM_Spk3_U_ee74dd14de_Utterance_6_600_625.wav,5.968
NNM,M,Spk3,U_ee74dd14de,600_625,Nyanja_NNM_Spk3_U_ee74dd14de_Utterance_7,bwela nyongolotsi ndi dambo yodzidzila kwa mfumu-kazi ya maganizo kwambiri,Nyanja_NNM_Spk3_U_ee74dd14de_Utterance_7_600_625.wav,8.162
NNM,M,Spk3,U_ee74dd14de,600_625,Nyanja_NNM_Spk3_U_ee74dd14de_Utterance_8,ku hotela kumalo amene mlendo amataya ndalama zace zambiri mosinthanitsana ndi zipinda zogonamo zotsaoneka bwino,Nyanja_NNM_Spk3_U_ee74dd14de_Utterance_8_600_625.wav,10.786
NNM,M,Spk3,U_ee74dd14de,600_625,Nyanja_NNM_Spk3_U_ee74dd14de_Utterance_9,kulibe chalichi yaikulu (kafidilo) ngakhale burgos imene ingapikitsane ndi chalichi ya pa montmartre,Nyanja_NNM_Spk3_U_ee74dd14de_Utterance_9_600_625.wav,10.937
NNM,M,Spk3,U_ee74dd14de,600_625,Nyanja_NNM_Spk3_U_ee74dd14de_Utterance_10,anakumbukira osati cabe ataona kuipa kwa ngozi imene inacitika utsiku mocedwa koma kudziwanso cimene cinalengetsa,Nyanja_NNM_Spk3_U_ee74dd14de_Utterance_10_600_625.wav,12.04
NNM,M,Spk3,U_ee74dd14de,600_625,Nyanja_NNM_Spk3_U_ee74dd14de_Utterance_11,mwina sindingathe koma pepani kwabasi pakunva izo kodi mwana wao anakhala nwanji,Nyanja_NNM_Spk3_U_ee74dd14de_Utterance_11_600_625.wav,8.591
NNM,M,Spk3,U_ee74dd14de,600_625,Nyanja_NNM_Spk3_U_ee74dd14de_Utterance_12,mzangayo sanaoneke obvutikira m'maganizo cifukwa cakuti analephera koma anagwedeza ma pewa ace ngati mofuna kuleka zonse,Nyanja_NNM_Spk3_U_ee74dd14de_Utterance_12_600_625.wav,11.076
NNM,M,Spk3,U_ee74dd14de,600_625,Nyanja_NNM_Spk3_U_ee74dd14de_Utterance_13,ndizakhala ndikumenda(kukonza)  nyumba yanga udziwa ndi kusamalira nsalu,Nyanja_NNM_Spk3_U_ee74dd14de_Utterance_13_600_625.wav,4.83
NNM,M,Spk3,U_ee74dd14de,600_625,Nyanja_NNM_Spk3_U_ee74dd14de_Utterance_14,bambo soames anali atatangwanitsidwa ndi unyinji wa nkhani,Nyanja_NNM_Spk3_U_ee74dd14de_Utterance_14_600_625.wav,5.213
NNM,M,Spk3,U_ee74dd14de,600_625,Nyanja_NNM_Spk3_U_ee74dd14de_Utterance_15,ndipo  uyenera kukhala ojo opanda mwai uja,Nyanja_NNM_Spk3_U_ee74dd14de_Utterance_15_600_625.wav,4.203
NNM,M,Spk3,U_ee74dd14de,600_625,Nyanja_NNM_Spk3_U_ee74dd14de_Utterance_16,ndizayetsa ngati ndidziwa zinthu zimene ninali kudziwa,Nyanja_NNM_Spk3_U_ee74dd14de_Utterance_16_600_625.wav,5.596
NNM,M,Spk3,U_ee74dd14de,600_625,Nyanja_NNM_Spk3_U_ee74dd14de_Utterance_17,sindingathe kusewera ndi iwe ngati uli mwana wacicepele kuyambira lero anatero iye mwapang'ono-pang'ono izo ndiye zimene umayewa marie,Nyanja_NNM_Spk3_U_ee74dd14de_Utterance_17_600_625.wav,11.215
NNM,M,Spk3,U_ee74dd14de,600_625,Nyanja_NNM_Spk3_U_ee74dd14de_Utterance_18,kumabwelera ku cisinsi utsiku onsewu,Nyanja_NNM_Spk3_U_ee74dd14de_Utterance_18_600_625.wav,4.354
NNM,M,Spk3,U_ee74dd14de,600_625,Nyanja_NNM_Spk3_U_ee74dd14de_Utterance_19,ndinali okhutilitsidwa kwambiri ndi nyumba yanga imene inali ku stern ndikutsegulilidwa m'malo mmene mukhala atsilikali,Nyanja_NNM_Spk3_U_ee74dd14de_Utterance_19_600_625.wav,10.681
NNM,M,Spk3,U_ee74dd14de,600_625,Nyanja_NNM_Spk3_U_ee74dd14de_Utterance_20,ndipo mnyamata ogwira nchito mu dimba uja anadula mtengo muzidunswa zazing'ono-zing'ono panali nkhuni zambiri zitaunganitsidwa pamenepo,Nyanja_NNM_Spk3_U_ee74dd14de_Utterance_20_600_625.wav,13.607
NNM,M,Spk3,U_ee74dd14de,600_625,Nyanja_NNM_Spk3_U_ee74dd14de_Utterance_21,thupi yanga yaumilila cifukwa cokhala pansi kwa nthawi yaitali  iye anatero ndilakalaka ndeu ndinaceuka kumene kunali mlimi,Nyanja_NNM_Spk3_U_ee74dd14de_Utterance_21_600_625.wav,15.244
NNM,M,Spk3,U_ee74dd14de,600_625,Nyanja_NNM_Spk3_U_ee74dd14de_Utterance_22,tanva zina zace pa nkhani yanu ndipo tifuna anatero kennethndipo tikufunitsitsa kudziwa,Nyanja_NNM_Spk3_U_ee74dd14de_Utterance_22_600_625.wav,8.847
NNM,M,Spk3,U_ee74dd14de,600_625,Nyanja_NNM_Spk3_U_ee74dd14de_Utterance_23,akali kuyenda  panyanja koma ndi umodzi wa a gulu la count bwato ya timascheff anali atanena za zoona,Nyanja_NNM_Spk3_U_ee74dd14de_Utterance_23_600_625.wav,10.86
NNM,M,Spk3,U_ee74dd14de,600_625,Nyanja_NNM_Spk3_U_ee74dd14de_Utterance_24,pothera pace zonse zinalibe phokoso ndipo zinali zakuda pa nyumba ya bambo gamewell,Nyanja_NNM_Spk3_U_ee74dd14de_Utterance_24_600_625.wav,8.394
NNM,M,Spk3,U_ee74dd14de,600_625,Nyanja_NNM_Spk3_U_ee74dd14de_Utterance_25,a gulu lochedwa nautilus anangotsala panhg'ono kuti agodobokele m'nyanja ya antarctic ndipo nemo anambila atambila mmadzimo,Nyanja_NNM_Spk3_U_ee74dd14de_Utterance_25_600_625.wav,14.884
NNM,M,Spk3,U_ee74dd14de,625_650,Nyanja_NNM_Spk3_U_ee74dd14de_Utterance_1,amai adalila iye ndikukuonani pano onani onani,Nyanja_NNM_Spk3_U_ee74dd14de_Utterance_1_625_650.wav,5.484
NNM,M,Spk3,U_ee74dd14de,625_650,Nyanja_NNM_Spk3_U_ee74dd14de_Utterance_2,tili ndi mabvuto athu ocepa pano monga kwina kulikonse ndipo zinthu zonse sizingacitike mopweka,Nyanja_NNM_Spk3_U_ee74dd14de_Utterance_2_625_650.wav,9.583
NNM,M,Spk3,U_ee74dd14de,625_650,Nyanja_NNM_Spk3_U_ee74dd14de_Utterance_3,uzilankhura ngati munthu ophunzirsa anatero beti akudabwa kodi nyumba yako ili kuti,Nyanja_NNM_Spk3_U_ee74dd14de_Utterance_3_625_650.wav,7.79
NNM,M,Spk3,U_ee74dd14de,625_650,Nyanja_NNM_Spk3_U_ee74dd14de_Utterance_4,munkhani zonsezi zofuna kumatsulira momwe zinthu za cilengwedwe zinayambila cilengedwe cozungulira malowo ngakhale kuti cinali kubvutika ndi colemekedzedwa ndiponso cokongola,Nyanja_NNM_Spk3_U_ee74dd14de_Utterance_4_625_650.wav,20.178
NNM,M,Spk3,U_ee74dd14de,625_650,Nyanja_NNM_Spk3_U_ee74dd14de_Utterance_5,ndinaona mu nyumba yoonetseramo za mbiri yakale ya hamburg mafupa ya cimodzi mwa zolengedwa iziutali wace okwanila ma mita makhumi atatu,Nyanja_NNM_Spk3_U_ee74dd14de_Utterance_5_625_650.wav,17.264
NNM,M,Spk3,U_ee74dd14de,625_650,Nyanja_NNM_Spk3_U_ee74dd14de_Utterance_6,nyanja yonyezimira mwapang'ono ndi matepo abwino inawelewetsa ndi kumalankhula ca munsi munsi iye asanapite ca ku mpoto,Nyanja_NNM_Spk3_U_ee74dd14de_Utterance_6_625_650.wav,15.732
NNM,M,Spk3,U_ee74dd14de,625_650,Nyanja_NNM_Spk3_U_ee74dd14de_Utterance_7,ai ndinaiwala zonse za mabongobongo anafuula mzimai,Nyanja_NNM_Spk3_U_ee74dd14de_Utterance_7_625_650.wav,5.805
NNM,M,Spk3,U_ee74dd14de,625_650,Nyanja_NNM_Spk3_U_ee74dd14de_Utterance_8,ndipo makumbi anabitsa mutu wace wagolide ndipo kuwala kwace kunaonekera,Nyanja_NNM_Spk3_U_ee74dd14de_Utterance_8_625_650.wav,7.14
NNM,M,Spk3,U_ee74dd14de,625_650,Nyanja_NNM_Spk3_U_ee74dd14de_Utterance_9,fairview anali ma mailo okwanila ngati khumi ndi awiri koma itangofika teni koloko anali pafupi kufika pa ndende ya mboma limenelo,Nyanja_NNM_Spk3_U_ee74dd14de_Utterance_9_625_650.wav,14.385
NNM,M,Spk3,U_ee74dd14de,625_650,Nyanja_NNM_Spk3_U_ee74dd14de_Utterance_10,nyumbayo inali kununkha cuutsi sitima imanunka masewera a chimwemwe,Nyanja_NNM_Spk3_U_ee74dd14de_Utterance_10_625_650.wav,7.686
NNM,M,Spk3,U_ee74dd14de,625_650,Nyanja_NNM_Spk3_U_ee74dd14de_Utterance_11,nkhosa singasamale kwambiri pa za iwo ambiri amene ndimaganizapo,Nyanja_NNM_Spk3_U_ee74dd14de_Utterance_11_625_650.wav,7.5
NNM,M,Spk3,U_ee74dd14de,625_650,Nyanja_NNM_Spk3_U_ee74dd14de_Utterance_12,koma ndi ndudu ya fodya imine yalengetsa mwaukulu ma sewero amakono kuti afike pamene alili tsopano ali otsangalatsadi (otsekekemera),Nyanja_NNM_Spk3_U_ee74dd14de_Utterance_12_625_650.wav,13.711
NNM,M,Spk3,U_ee74dd14de,625_650,Nyanja_NNM_Spk3_U_ee74dd14de_Utterance_13,munjira iliyonse tinayetsetsa kubwezera pansi ulamuliro wa paulo oyera,Nyanja_NNM_Spk3_U_ee74dd14de_Utterance_13_625_650.wav,9.938
NNM,M,Spk3,U_ee74dd14de,625_650,Nyanja_NNM_Spk3_U_ee74dd14de_Utterance_14,patapita nthawi kucoka nthawi yomwe ija palibe cimene ninali kukumbukila bwino,Nyanja_NNM_Spk3_U_ee74dd14de_Utterance_14_625_650.wav,8.127
NNM,M,Spk3,U_ee74dd14de,625_650,Nyanja_NNM_Spk3_U_ee74dd14de_Utterance_15,utali wa mapemphero (kagwiridwe ka ncito) zaka khumi limodzi ndi zinai miyezi itatu ndi masiku asanu,Nyanja_NNM_Spk3_U_ee74dd14de_Utterance_15_625_650.wav,11.529
NNM,M,Spk3,U_ee74dd14de,625_650,Nyanja_NNM_Spk3_U_ee74dd14de_Utterance_16,anali kuoneka ngati anali kuyembekeza yankho yace koma pamene analephera kupereka yamkoyo iye anapitilira,Nyanja_NNM_Spk3_U_ee74dd14de_Utterance_16_625_650.wav,10.844
NNM,M,Spk3,U_ee74dd14de,625_650,Nyanja_NNM_Spk3_U_ee74dd14de_Utterance_17,kumwemba ndi pansi madzi amene tinapita ukatenga ulemelero wambiri ndi cisangalaro cambiri,Nyanja_NNM_Spk3_U_ee74dd14de_Utterance_17_625_650.wav,11.517
NNM,M,Spk3,U_ee74dd14de,625_650,Nyanja_NNM_Spk3_U_ee74dd14de_Utterance_18,ndi gombeza (fulisi)golide ndi gobeza wa siliva umene ananyozera,Nyanja_NNM_Spk3_U_ee74dd14de_Utterance_18_625_650.wav,7.883
NNM,M,Spk3,U_ee74dd14de,625_650,Nyanja_NNM_Spk3_U_ee74dd14de_Utterance_19,kugawanitsa kweni-kweni kwa anthu ndi ici onyezimira ndi a mumdima,Nyanja_NNM_Spk3_U_ee74dd14de_Utterance_19_625_650.wav,8.615
NNM,M,Spk3,U_ee74dd14de,625_650,Nyanja_NNM_Spk3_U_ee74dd14de_Utterance_20,anakana khalidwe lakaso imene inkanafuna kumuvutitsa cifukwa ca cifuniro cace coonekeratu cofuna kuthandiza wacicepeele gates,Nyanja_NNM_Spk3_U_ee74dd14de_Utterance_20_625_650.wav,14.489
NNM,M,Spk3,U_ee74dd14de,625_650,Nyanja_NNM_Spk3_U_ee74dd14de_Utterance_21,uyu anatero ndi mbava amene akhala akutibvutitsa kuno kutsidwa kwa nyanja,Nyanja_NNM_Spk3_U_ee74dd14de_Utterance_21_625_650.wav,9.601
NNM,M,Spk3,U_ee74dd14de,625_650,Nyanja_NNM_Spk3_U_ee74dd14de_Utterance_22,kunali kutada kwambiri kotero kuti palibe comwe ninkaona koma cabe mlili wa moto wocepa pa dziko(pomwe moto uli kuyakira),Nyanja_NNM_Spk3_U_ee74dd14de_Utterance_22_625_650.wav,17.136
NNM,M,Spk3,U_ee74dd14de,625_650,Nyanja_NNM_Spk3_U_ee74dd14de_Utterance_23,mosasamalila zomwe ananvana zapamwamba ndi hawkeye ananvetsetsa zobvuta zonse ndi ngozi zimene anali kuti akumane nazo,Nyanja_NNM_Spk3_U_ee74dd14de_Utterance_23_625_650.wav,12.643
NNM,M,Spk3,U_ee74dd14de,625_650,Nyanja_NNM_Spk3_U_ee74dd14de_Utterance_24,ndipo wanga ndi will stutuley ndipo tizakhala pa ubwenzi,Nyanja_NNM_Spk3_U_ee74dd14de_Utterance_24_625_650.wav,6.478
NNM,M,Spk3,U_0cd4a0c8b4,600_625,Nyanja_NNM_Spk3_U_0cd4a0c8b4_Utterance_1,mathokoza ananenedwa kwa mwana wa amfumu wa mkazi kuli konse kumene anali kupita pa ulendo wace,Nyanja_NNM_Spk3_U_0cd4a0c8b4_Utterance_1_600_625.wav,8.287
NNM,M,Spk3,U_0cd4a0c8b4,600_625,Nyanja_NNM_Spk3_U_0cd4a0c8b4_Utterance_2,nchito yopyeela mu nyumba kasinthidwe kosokoneza kamene kalenga boma kulemba nchito atsilikali onse amene ifuna mopanda bvuto lili lonse,Nyanja_NNM_Spk3_U_0cd4a0c8b4_Utterance_2_600_625.wav,9.725
NNM,M,Spk3,U_0cd4a0c8b4,600_625,Nyanja_NNM_Spk3_U_0cd4a0c8b4_Utterance_3,apo iye anakhala pa mawilo ya bwato sindinaonepo sitima,Nyanja_NNM_Spk3_U_0cd4a0c8b4_Utterance_3_600_625.wav,8.345
NNM,M,Spk3,U_0cd4a0c8b4,600_625,Nyanja_NNM_Spk3_U_0cd4a0c8b4_Utterance_4,ma unifomu obvalidwa ku nchito samafunidwa pafupi-fupi kwa onse amene ayenera kuwabvala,Nyanja_NNM_Spk3_U_0cd4a0c8b4_Utterance_4_600_625.wav,11.215
NNM,M,Spk3,U_0cd4a0c8b4,600_625,Nyanja_NNM_Spk3_U_0cd4a0c8b4_Utterance_5,ici ndiye cakudya cothera kudyera mwapamodzi ninatero,Nyanja_NNM_Spk3_U_0cd4a0c8b4_Utterance_5_600_625.wav,7.338
NNM,M,Spk3,U_0cd4a0c8b4,600_625,Nyanja_NNM_Spk3_U_0cd4a0c8b4_Utterance_6,kodi dziko lako ndiiti olaf kodi wakhala kapolo nthawi yonseyi,Nyanja_NNM_Spk3_U_0cd4a0c8b4_Utterance_6_600_625.wav,6.037
NNM,M,Spk3,U_0cd4a0c8b4,600_625,Nyanja_NNM_Spk3_U_0cd4a0c8b4_Utterance_7,bwela nyongolotsi ndi dambo yodzidzila kwa mfumu-kazi ya maganizo kwambiri,Nyanja_NNM_Spk3_U_0cd4a0c8b4_Utterance_7_600_625.wav,7.825
NNM,M,Spk3,U_0cd4a0c8b4,600_625,Nyanja_NNM_Spk3_U_0cd4a0c8b4_Utterance_8,ku hotela kumalo amene mlendo amataya ndalama zace zambiri mosinthanitsana ndi zipinda zogonamo zotsaoneka bwino,Nyanja_NNM_Spk3_U_0cd4a0c8b4_Utterance_8_600_625.wav,13.355
NNM,M,Spk3,U_0cd4a0c8b4,600_625,Nyanja_NNM_Spk3_U_0cd4a0c8b4_Utterance_9,kulibe chalichi yaikulu (kafidilo) ngakhale burgos imene ingapikitsane ndi chalichi ya pa montmartre,Nyanja_NNM_Spk3_U_0cd4a0c8b4_Utterance_9_600_625.wav,10.933
NNM,M,Spk3,U_0cd4a0c8b4,600_625,Nyanja_NNM_Spk3_U_0cd4a0c8b4_Utterance_10,anakumbukira osati cabe ataona kuipa kwa ngozi imene inacitika utsiku mocedwa koma kudziwanso cimene cinalengetsa,Nyanja_NNM_Spk3_U_0cd4a0c8b4_Utterance_10_600_625.wav,12.77
NNM,M,Spk3,U_0cd4a0c8b4,600_625,Nyanja_NNM_Spk3_U_0cd4a0c8b4_Utterance_11,mwina sindingathe koma pepani kwabasi pakunva izo kodi mwana wao anakhala nwanji,Nyanja_NNM_Spk3_U_0cd4a0c8b4_Utterance_11_600_625.wav,2.467
NNM,M,Spk3,U_0cd4a0c8b4,600_625,Nyanja_NNM_Spk3_U_0cd4a0c8b4_Utterance_12,mzangayo sanaoneke obvutikira m'maganizo cifukwa cakuti analephera koma anagwedeza ma pewa ace ngati mofuna kuleka zonse,Nyanja_NNM_Spk3_U_0cd4a0c8b4_Utterance_12_600_625.wav,12.08
NNM,M,Spk3,U_0cd4a0c8b4,600_625,Nyanja_NNM_Spk3_U_0cd4a0c8b4_Utterance_13,ndizakhala ndikumenda(kukonza)  nyumba yanga udziwa ndi kusamalira nsalu,Nyanja_NNM_Spk3_U_0cd4a0c8b4_Utterance_13_600_625.wav,6.584
NNM,M,Spk3,U_0cd4a0c8b4,600_625,Nyanja_NNM_Spk3_U_0cd4a0c8b4_Utterance_14,bambo soames anali atatangwanitsidwa ndi unyinji wa nkhani,Nyanja_NNM_Spk3_U_0cd4a0c8b4_Utterance_14_600_625.wav,5.789
NNM,M,Spk3,U_0cd4a0c8b4,600_625,Nyanja_NNM_Spk3_U_0cd4a0c8b4_Utterance_15,ndipo  uyenera kukhala ojo opanda mwai uja,Nyanja_NNM_Spk3_U_0cd4a0c8b4_Utterance_15_600_625.wav,5.299
NNM,M,Spk3,U_0cd4a0c8b4,600_625,Nyanja_NNM_Spk3_U_0cd4a0c8b4_Utterance_16,ndizayetsa ngati ndidziwa zinthu zimene ninali kudziwa,Nyanja_NNM_Spk3_U_0cd4a0c8b4_Utterance_16_600_625.wav,4.992
NNM,M,Spk3,U_0cd4a0c8b4,600_625,Nyanja_NNM_Spk3_U_0cd4a0c8b4_Utterance_17,sindingathe kusewera ndi iwe ngati uli mwana wacicepele kuyambira lero anatero iye mwapang'ono-pang'ono izo ndiye zimene umayewa marie,Nyanja_NNM_Spk3_U_0cd4a0c8b4_Utterance_17_600_625.wav,12.879
NNM,M,Spk3,U_0cd4a0c8b4,600_625,Nyanja_NNM_Spk3_U_0cd4a0c8b4_Utterance_18,kumabwelera ku cisinsi utsiku onsewu,Nyanja_NNM_Spk3_U_0cd4a0c8b4_Utterance_18_600_625.wav,5.363
NNM,M,Spk3,U_0cd4a0c8b4,600_625,Nyanja_NNM_Spk3_U_0cd4a0c8b4_Utterance_19,ndinali okhutilitsidwa kwambiri ndi nyumba yanga imene inali ku stern ndikutsegulilidwa m'malo mmene mukhala atsilikali,Nyanja_NNM_Spk3_U_0cd4a0c8b4_Utterance_19_600_625.wav,11.918
NNM,M,Spk3,U_0cd4a0c8b4,600_625,Nyanja_NNM_Spk3_U_0cd4a0c8b4_Utterance_20,ndipo mnyamata ogwira nchito mu dimba uja anadula mtengo muzidunswa zazing'ono-zing'ono panali nkhuni zambiri zitaunganitsidwa pamenepo,Nyanja_NNM_Spk3_U_0cd4a0c8b4_Utterance_20_600_625.wav,13.613
NNM,M,Spk3,U_0cd4a0c8b4,600_625,Nyanja_NNM_Spk3_U_0cd4a0c8b4_Utterance_21,thupi yanga yaumilila cifukwa cokhala pansi kwa nthawi yaitali  iye anatero ndilakalaka ndeu ndinaceuka kumene kunali mlimi,Nyanja_NNM_Spk3_U_0cd4a0c8b4_Utterance_21_600_625.wav,13.268
NNM,M,Spk3,U_0cd4a0c8b4,600_625,Nyanja_NNM_Spk3_U_0cd4a0c8b4_Utterance_22,tanva zina zace pa nkhani yanu ndipo tifuna anatero kennethndipo tikufunitsitsa kudziwa,Nyanja_NNM_Spk3_U_0cd4a0c8b4_Utterance_22_600_625.wav,10.349
NNM,M,Spk3,U_0cd4a0c8b4,600_625,Nyanja_NNM_Spk3_U_0cd4a0c8b4_Utterance_23,akali kuyenda  panyanja koma ndi umodzi wa a gulu la count bwato ya timascheff anali atanena za zoona,Nyanja_NNM_Spk3_U_0cd4a0c8b4_Utterance_23_600_625.wav,8.919
NNM,M,Spk3,U_0cd4a0c8b4,600_625,Nyanja_NNM_Spk3_U_0cd4a0c8b4_Utterance_24,pothera pace zonse zinalibe phokoso ndipo zinali zakuda pa nyumba ya bambo gamewell,Nyanja_NNM_Spk3_U_0cd4a0c8b4_Utterance_24_600_625.wav,7.644
NNM,M,Spk3,U_0cd4a0c8b4,600_625,Nyanja_NNM_Spk3_U_0cd4a0c8b4_Utterance_25,a gulu lochedwa nautilus anangotsala panhg'ono kuti agodobokele m'nyanja ya antarctic ndipo nemo anambila atambila mmadzimo,Nyanja_NNM_Spk3_U_0cd4a0c8b4_Utterance_25_600_625.wav,13.989
NNM,M,Spk3,U_0cd4a0c8b4,625_650,Nyanja_NNM_Spk3_U_0cd4a0c8b4_Utterance_1,amai adalila iye ndikukuonani pano onani onani,Nyanja_NNM_Spk3_U_0cd4a0c8b4_Utterance_1_625_650.wav,4.82
NNM,M,Spk3,U_0cd4a0c8b4,625_650,Nyanja_NNM_Spk3_U_0cd4a0c8b4_Utterance_2,tili ndi mabvuto athu ocepa pano monga kwina kulikonse ndipo zinthu zonse sizingacitike mopweka,Nyanja_NNM_Spk3_U_0cd4a0c8b4_Utterance_2_625_650.wav,8.315
NNM,M,Spk3,U_0cd4a0c8b4,625_650,Nyanja_NNM_Spk3_U_0cd4a0c8b4_Utterance_3,uzilankhura ngati munthu ophunzirsa anatero beti akudabwa kodi nyumba yako ili kuti,Nyanja_NNM_Spk3_U_0cd4a0c8b4_Utterance_3_625_650.wav,8.105
NNM,M,Spk3,U_0cd4a0c8b4,625_650,Nyanja_NNM_Spk3_U_0cd4a0c8b4_Utterance_4,munkhani zonsezi zofuna kumatsulira momwe zinthu za cilengwedwe zinayambila cilengedwe cozungulira malowo ngakhale kuti cinali kubvutika ndi colemekedzedwa ndiponso cokongola,Nyanja_NNM_Spk3_U_0cd4a0c8b4_Utterance_4_625_650.wav,19.46
NNM,M,Spk3,U_0cd4a0c8b4,625_650,Nyanja_NNM_Spk3_U_0cd4a0c8b4_Utterance_5,ndibwerekeko khutu yako kwa mpindi khumi limodzi ndipo uzadziwa m'mene ukacenjede pa sitegi umakhalila,Nyanja_NNM_Spk3_U_0cd4a0c8b4_Utterance_5_625_650.wav,11.54
NNM,M,Spk3,U_0cd4a0c8b4,625_650,Nyanja_NNM_Spk3_U_0cd4a0c8b4_Utterance_6,ndinaona mu nyumba yoonetseramo za mbiri yakale ya hamburg mafupa ya cimodzi mwa zolengedwa iziutali wace okwanila ma mita makhumi atatu,Nyanja_NNM_Spk3_U_0cd4a0c8b4_Utterance_6_625_650.wav,14.211
NNM,M,Spk3,U_0cd4a0c8b4,625_650,Nyanja_NNM_Spk3_U_0cd4a0c8b4_Utterance_7,nyanja yonyezimira mwapang'ono ndi matepo abwino inawelewetsa ndi kumalankhula ca munsi munsi iye asanapite ca ku mpoto,Nyanja_NNM_Spk3_U_0cd4a0c8b4_Utterance_7_625_650.wav,11.84
NNM,M,Spk3,U_0cd4a0c8b4,625_650,Nyanja_NNM_Spk3_U_0cd4a0c8b4_Utterance_8,ai ndinaiwala zonse za mabongobongo anafuula mzimai,Nyanja_NNM_Spk3_U_0cd4a0c8b4_Utterance_8_625_650.wav,5.445
NNM,M,Spk3,U_0cd4a0c8b4,625_650,Nyanja_NNM_Spk3_U_0cd4a0c8b4_Utterance_9,ndipo makumbi anabitsa mutu wace wagolide ndipo kuwala kwace kunaonekera,Nyanja_NNM_Spk3_U_0cd4a0c8b4_Utterance_9_625_650.wav,5.817
NNM,M,Spk3,U_0cd4a0c8b4,625_650,Nyanja_NNM_Spk3_U_0cd4a0c8b4_Utterance_10,fairview anali ma mailo okwanila ngati khumi ndi awiri koma itangofika teni koloko anali pafupi kufika pa ndende ya mboma limenelo,Nyanja_NNM_Spk3_U_0cd4a0c8b4_Utterance_10_625_650.wav,13.46
NNM,M,Spk3,U_0cd4a0c8b4,625_650,Nyanja_NNM_Spk3_U_0cd4a0c8b4_Utterance_11,nyumbayo inali kununkha cuutsi sitima imanunka masewera a chimwemwe,Nyanja_NNM_Spk3_U_0cd4a0c8b4_Utterance_11_625_650.wav,6.95
NNM,M,Spk3,U_0cd4a0c8b4,625_650,Nyanja_NNM_Spk3_U_0cd4a0c8b4_Utterance_12,nkhosa singasamale kwambiri pa za iwo ambiri amene ndimaganizapo,Nyanja_NNM_Spk3_U_0cd4a0c8b4_Utterance_12_625_650.wav,5.933
NNM,M,Spk3,U_0cd4a0c8b4,625_650,Nyanja_NNM_Spk3_U_0cd4a0c8b4_Utterance_13,koma ndi ndudu ya fodya imine yalengetsa mwaukulu ma sewero amakono kuti afike pamene alili tsopano ali otsangalatsadi (otsekekemera),Nyanja_NNM_Spk3_U_0cd4a0c8b4_Utterance_13_625_650.wav,14.855
NNM,M,Spk3,U_0cd4a0c8b4,625_650,Nyanja_NNM_Spk3_U_0cd4a0c8b4_Utterance_14,munjira iliyonse tinayetsetsa kubwezera pansi ulamuliro wa paulo oyera,Nyanja_NNM_Spk3_U_0cd4a0c8b4_Utterance_14_625_650.wav,7.535
NNM,M,Spk3,U_0cd4a0c8b4,625_650,Nyanja_NNM_Spk3_U_0cd4a0c8b4_Utterance_15,patapita nthawi kucoka nthawi yomwe ija palibe cimene ninali kukumbukila bwino,Nyanja_NNM_Spk3_U_0cd4a0c8b4_Utterance_15_625_650.wav,7.745
NNM,M,Spk3,U_0cd4a0c8b4,625_650,Nyanja_NNM_Spk3_U_0cd4a0c8b4_Utterance_16,utali wa mapemphero (kagwiridwe ka ncito) zaka khumi limodzi ndi zinai miyezi itatu ndi masiku asanu,Nyanja_NNM_Spk3_U_0cd4a0c8b4_Utterance_16_625_650.wav,9.785
NNM,M,Spk3,U_0cd4a0c8b4,625_650,Nyanja_NNM_Spk3_U_0cd4a0c8b4_Utterance_17,anali kuoneka ngati anali kuyembekeza yankho yace koma pamene analephera kupereka yamkoyo iye anapitilira,Nyanja_NNM_Spk3_U_0cd4a0c8b4_Utterance_17_625_650.wav,11.24
NNM,M,Spk3,U_0cd4a0c8b4,625_650,Nyanja_NNM_Spk3_U_0cd4a0c8b4_Utterance_18,kumwemba ndi pansi madzi amene tinapita ukatenga ulemelero wambiri ndi cisangalaro cambiri,Nyanja_NNM_Spk3_U_0cd4a0c8b4_Utterance_18_625_650.wav,8.735
NNM,M,Spk3,U_0cd4a0c8b4,625_650,Nyanja_NNM_Spk3_U_0cd4a0c8b4_Utterance_19,ndi gombeza (fulisi)golide ndi gobeza wa siliva umene ananyozera,Nyanja_NNM_Spk3_U_0cd4a0c8b4_Utterance_19_625_650.wav,5.004
NNM,M,Spk3,U_0cd4a0c8b4,625_650,Nyanja_NNM_Spk3_U_0cd4a0c8b4_Utterance_20,kugawanitsa kweni-kweni kwa anthu ndi ici onyezimira ndi a mumdima,Nyanja_NNM_Spk3_U_0cd4a0c8b4_Utterance_20_625_650.wav,6.8
NNM,M,Spk3,U_0cd4a0c8b4,625_650,Nyanja_NNM_Spk3_U_0cd4a0c8b4_Utterance_21,anakana khalidwe lakaso imene inkanafuna kumuvutitsa cifukwa ca cifuniro cace coonekeratu cofuna kuthandiza wacicepeele gates,Nyanja_NNM_Spk3_U_0cd4a0c8b4_Utterance_21_625_650.wav,13.955
NNM,M,Spk3,U_0cd4a0c8b4,625_650,Nyanja_NNM_Spk3_U_0cd4a0c8b4_Utterance_22,uyu anatero ndi mbava amene akhala akutibvutitsa kuno kutsidwa kwa nyanja,Nyanja_NNM_Spk3_U_0cd4a0c8b4_Utterance_22_625_650.wav,8.045
NNM,M,Spk3,U_0cd4a0c8b4,625_650,Nyanja_NNM_Spk3_U_0cd4a0c8b4_Utterance_23,kunali kutada kwambiri kotero kuti palibe comwe ninkaona koma cabe mlili wa moto wocepa pa dziko(pomwe moto uli kuyakira),Nyanja_NNM_Spk3_U_0cd4a0c8b4_Utterance_23_625_650.wav,10.544
NNM,M,Spk3,U_0cd4a0c8b4,625_650,Nyanja_NNM_Spk3_U_0cd4a0c8b4_Utterance_24,mosasamalila zomwe ananvana zapamwamba ndi hawkeye ananvetsetsa zobvuta zonse ndi ngozi zimene anali kuti akumane nazo,Nyanja_NNM_Spk3_U_0cd4a0c8b4_Utterance_24_625_650.wav,12.905
NNM,M,Spk3,U_0cd4a0c8b4,625_650,Nyanja_NNM_Spk3_U_0cd4a0c8b4_Utterance_25,ndipo wanga ndi will stutuley ndipo tizakhala pa ubwenzi,Nyanja_NNM_Spk3_U_0cd4a0c8b4_Utterance_25_625_650.wav,5.105
NNM,M,Spk3,U_6edf25abee,600_625,Nyanja_NNM_Spk3_U_6edf25abee_Utterance_1,mathokoza ananenedwa kwa mwana wa amfumu wa mkazi kuli konse kumene anali kupita pa ulendo wace,Nyanja_NNM_Spk3_U_6edf25abee_Utterance_1_600_625.wav,10.025
NNM,M,Spk3,U_6edf25abee,600_625,Nyanja_NNM_Spk3_U_6edf25abee_Utterance_2,nchito yopyeela mu nyumba kasinthidwe kosokoneza kamene kalenga boma kulemba nchito atsilikali onse amene ifuna mopanda bvuto lili lonse,Nyanja_NNM_Spk3_U_6edf25abee_Utterance_2_600_625.wav,13.595
NNM,M,Spk3,U_6edf25abee,600_625,Nyanja_NNM_Spk3_U_6edf25abee_Utterance_3,apo iye anakhala pa mawilo ya bwato sindinaonepo sitima,Nyanja_NNM_Spk3_U_6edf25abee_Utterance_3_600_625.wav,6.755
NNM,M,Spk3,U_6edf25abee,600_625,Nyanja_NNM_Spk3_U_6edf25abee_Utterance_4,ma unifomu obvalidwa ku nchito samafunidwa pafupi-fupi kwa onse amene ayenera kuwabvala,Nyanja_NNM_Spk3_U_6edf25abee_Utterance_4_600_625.wav,9.26
NNM,M,Spk3,U_6edf25abee,600_625,Nyanja_NNM_Spk3_U_6edf25abee_Utterance_5,ici ndiye cakudya cothera kudyera mwapamodzi ninatero,Nyanja_NNM_Spk3_U_6edf25abee_Utterance_5_600_625.wav,6.62
NNM,M,Spk3,U_6edf25abee,600_625,Nyanja_NNM_Spk3_U_6edf25abee_Utterance_6,kodi dziko lako ndiiti olaf kodi wakhala kapolo nthawi yonseyi,Nyanja_NNM_Spk3_U_6edf25abee_Utterance_6_600_625.wav,6.965
NNM,M,Spk3,U_6edf25abee,600_625,Nyanja_NNM_Spk3_U_6edf25abee_Utterance_7,bwela nyongolotsi ndi dambo yodzidzila kwa mfumu-kazi ya maganizo kwambiri,Nyanja_NNM_Spk3_U_6edf25abee_Utterance_7_600_625.wav,8.315
NNM,M,Spk3,U_6edf25abee,600_625,Nyanja_NNM_Spk3_U_6edf25abee_Utterance_8,ku hotela kumalo amene mlendo amataya ndalama zace zambiri mosinthanitsana ndi zipinda zogonamo zotsaoneka bwino,Nyanja_NNM_Spk3_U_6edf25abee_Utterance_8_600_625.wav,12.695
NNM,M,Spk3,U_6edf25abee,600_625,Nyanja_NNM_Spk3_U_6edf25abee_Utterance_9,kulibe chalichi yaikulu (kafidilo) ngakhale burgos imene ingapikitsane ndi chalichi ya pa montmartre,Nyanja_NNM_Spk3_U_6edf25abee_Utterance_9_600_625.wav,11.84
NNM,M,Spk3,U_6edf25abee,600_625,Nyanja_NNM_Spk3_U_6edf25abee_Utterance_10,anakumbukira osati cabe ataona kuipa kwa ngozi imene inacitika utsiku mocedwa koma kudziwanso cimene cinalengetsa,Nyanja_NNM_Spk3_U_6edf25abee_Utterance_10_600_625.wav,10.669
NNM,M,Spk3,U_6edf25abee,600_625,Nyanja_NNM_Spk3_U_6edf25abee_Utterance_11,mwina sindingathe koma pepani kwabasi pakunva izo kodi mwana wao anakhala nwanji,Nyanja_NNM_Spk3_U_6edf25abee_Utterance_11_600_625.wav,6.838
NNM,M,Spk3,U_6edf25abee,600_625,Nyanja_NNM_Spk3_U_6edf25abee_Utterance_12,mzangayo sanaoneke obvutikira m'maganizo cifukwa cakuti analephera koma anagwedeza ma pewa ace ngati mofuna kuleka zonse,Nyanja_NNM_Spk3_U_6edf25abee_Utterance_12_600_625.wav,11.691
NNM,M,Spk3,U_6edf25abee,600_625,Nyanja_NNM_Spk3_U_6edf25abee_Utterance_13,ndizakhala ndikumenda(kukonza)  nyumba yanga udziwa ndi kusamalira nsalu,Nyanja_NNM_Spk3_U_6edf25abee_Utterance_13_600_625.wav,7.047
NNM,M,Spk3,U_6edf25abee,600_625,Nyanja_NNM_Spk3_U_6edf25abee_Utterance_14,bambo soames anali atatangwanitsidwa ndi unyinji wa nkhani,Nyanja_NNM_Spk3_U_6edf25abee_Utterance_14_600_625.wav,5.538
NNM,M,Spk3,U_6edf25abee,600_625,Nyanja_NNM_Spk3_U_6edf25abee_Utterance_15,ndipo  uyenera kukhala ojo opanda mwai uja,Nyanja_NNM_Spk3_U_6edf25abee_Utterance_15_600_625.wav,5.074
NNM,M,Spk3,U_6edf25abee,600_625,Nyanja_NNM_Spk3_U_6edf25abee_Utterance_16,ndizayetsa ngati ndidziwa zinthu zimene ninali kudziwa,Nyanja_NNM_Spk3_U_6edf25abee_Utterance_16_600_625.wav,5.201
NNM,M,Spk3,U_6edf25abee,600_625,Nyanja_NNM_Spk3_U_6edf25abee_Utterance_17,sindingathe kusewera ndi iwe ngati uli mwana wacicepele kuyambira lero anatero iye mwapang'ono-pang'ono izo ndiye zimene umayewa marie,Nyanja_NNM_Spk3_U_6edf25abee_Utterance_17_600_625.wav,10.797
NNM,M,Spk3,U_6edf25abee,600_625,Nyanja_NNM_Spk3_U_6edf25abee_Utterance_18,kumabwelera ku cisinsi utsiku onsewu,Nyanja_NNM_Spk3_U_6edf25abee_Utterance_18_600_625.wav,3.785
NNM,M,Spk3,U_6edf25abee,600_625,Nyanja_NNM_Spk3_U_6edf25abee_Utterance_19,ndinali okhutilitsidwa kwambiri ndi nyumba yanga imene inali ku stern ndikutsegulilidwa m'malo mmene mukhala atsilikali,Nyanja_NNM_Spk3_U_6edf25abee_Utterance_19_600_625.wav,9.776
NNM,M,Spk3,U_6edf25abee,600_625,Nyanja_NNM_Spk3_U_6edf25abee_Utterance_20,ndipo mnyamata ogwira nchito mu dimba uja anadula mtengo muzidunswa zazing'ono-zing'ono panali nkhuni zambiri zitaunganitsidwa pamenepo,Nyanja_NNM_Spk3_U_6edf25abee_Utterance_20_600_625.wav,12.469
NNM,M,Spk3,U_6edf25abee,600_625,Nyanja_NNM_Spk3_U_6edf25abee_Utterance_21,thupi yanga yaumilila cifukwa cokhala pansi kwa nthawi yaitali  iye anatero ndilakalaka ndeu ndinaceuka kumene kunali mlimi,Nyanja_NNM_Spk3_U_6edf25abee_Utterance_21_600_625.wav,11.389
NNM,M,Spk3,U_6edf25abee,600_625,Nyanja_NNM_Spk3_U_6edf25abee_Utterance_22,tanva zina zace pa nkhani yanu ndipo tifuna anatero kennethndipo tikufunitsitsa kudziwa,Nyanja_NNM_Spk3_U_6edf25abee_Utterance_22_600_625.wav,7.651
NNM,M,Spk3,U_6edf25abee,600_625,Nyanja_NNM_Spk3_U_6edf25abee_Utterance_23,akali kuyenda  panyanja koma ndi umodzi wa a gulu la count bwato ya timascheff anali atanena za zoona,Nyanja_NNM_Spk3_U_6edf25abee_Utterance_23_600_625.wav,8.835
NNM,M,Spk3,U_6edf25abee,600_625,Nyanja_NNM_Spk3_U_6edf25abee_Utterance_24,pothera pace zonse zinalibe phokoso ndipo zinali zakuda pa nyumba ya bambo gamewell,Nyanja_NNM_Spk3_U_6edf25abee_Utterance_24_600_625.wav,7.175
NNM,M,Spk3,U_6edf25abee,600_625,Nyanja_NNM_Spk3_U_6edf25abee_Utterance_25,a gulu lochedwa nautilus anangotsala panhg'ono kuti agodobokele m'nyanja ya antarctic ndipo nemo anambila atambila mmadzimo,Nyanja_NNM_Spk3_U_6edf25abee_Utterance_25_600_625.wav,11.796
NNM,M,Spk3,U_6edf25abee,625_650,Nyanja_NNM_Spk3_U_6edf25abee_Utterance_1,amai adalila iye ndikukuonani pano onani onani,Nyanja_NNM_Spk3_U_6edf25abee_Utterance_1_625_650.wav,6.536
NNM,M,Spk3,U_6edf25abee,625_650,Nyanja_NNM_Spk3_U_6edf25abee_Utterance_2,tili ndi mabvuto athu ocepa pano monga kwina kulikonse ndipo zinthu zonse sizingacitike mopweka,Nyanja_NNM_Spk3_U_6edf25abee_Utterance_2_625_650.wav,9.155
NNM,M,Spk3,U_6edf25abee,625_650,Nyanja_NNM_Spk3_U_6edf25abee_Utterance_3,uzilankhura ngati munthu ophunzirsa anatero beti akudabwa kodi nyumba yako ili kuti,Nyanja_NNM_Spk3_U_6edf25abee_Utterance_3_625_650.wav,8.36
NNM,M,Spk3,U_6edf25abee,625_650,Nyanja_NNM_Spk3_U_6edf25abee_Utterance_4,munkhani zonsezi zofuna kumatsulira momwe zinthu za cilengwedwe zinayambila cilengedwe cozungulira malowo ngakhale kuti cinali kubvutika ndi colemekedzedwa ndiponso cokongola,Nyanja_NNM_Spk3_U_6edf25abee_Utterance_4_625_650.wav,15.425
NNM,M,Spk3,U_6edf25abee,625_650,Nyanja_NNM_Spk3_U_6edf25abee_Utterance_5,ndibwerekeko khutu yako kwa mpindi khumi limodzi ndipo uzadziwa m'mene ukacenjede pa sitegi umakhalila,Nyanja_NNM_Spk3_U_6edf25abee_Utterance_5_625_650.wav,10.595
NNM,M,Spk3,U_6edf25abee,625_650,Nyanja_NNM_Spk3_U_6edf25abee_Utterance_6,ndinaona mu nyumba yoonetseramo za mbiri yakale ya hamburg mafupa ya cimodzi mwa zolengedwa iziutali wace okwanila ma mita makhumi atatu,Nyanja_NNM_Spk3_U_6edf25abee_Utterance_6_625_650.wav,13.97
NNM,M,Spk3,U_6edf25abee,625_650,Nyanja_NNM_Spk3_U_6edf25abee_Utterance_7,nyanja yonyezimira mwapang'ono ndi matepo abwino inawelewetsa ndi kumalankhula ca munsi munsi iye asanapite ca ku mpoto,Nyanja_NNM_Spk3_U_6edf25abee_Utterance_7_625_650.wav,12.485
NNM,M,Spk3,U_6edf25abee,625_650,Nyanja_NNM_Spk3_U_6edf25abee_Utterance_8,ai ndinaiwala zonse za mabongobongo anafuula mzimai,Nyanja_NNM_Spk3_U_6edf25abee_Utterance_8_625_650.wav,6.365
NNM,M,Spk3,U_6edf25abee,625_650,Nyanja_NNM_Spk3_U_6edf25abee_Utterance_9,ndipo makumbi anabitsa mutu wace wagolide ndipo kuwala kwace kunaonekera,Nyanja_NNM_Spk3_U_6edf25abee_Utterance_9_625_650.wav,6.965
NNM,M,Spk3,U_6edf25abee,625_650,Nyanja_NNM_Spk3_U_6edf25abee_Utterance_10,fairview anali ma mailo okwanila ngati khumi ndi awiri koma itangofika teni koloko anali pafupi kufika pa ndende ya mboma limenelo,Nyanja_NNM_Spk3_U_6edf25abee_Utterance_10_625_650.wav,13.115
NNM,M,Spk3,U_6edf25abee,625_650,Nyanja_NNM_Spk3_U_6edf25abee_Utterance_11,nyumbayo inali kununkha cuutsi sitima imanunka masewera a chimwemwe,Nyanja_NNM_Spk3_U_6edf25abee_Utterance_11_625_650.wav,7.16
NNM,M,Spk3,U_6edf25abee,625_650,Nyanja_NNM_Spk3_U_6edf25abee_Utterance_12,nkhosa singasamale kwambiri pa za iwo ambiri amene ndimaganizapo,Nyanja_NNM_Spk3_U_6edf25abee_Utterance_12_625_650.wav,6.68
NNM,M,Spk3,U_6edf25abee,625_650,Nyanja_NNM_Spk3_U_6edf25abee_Utterance_13,koma ndi ndudu ya fodya imine yalengetsa mwaukulu ma sewero amakono kuti afike pamene alili tsopano ali otsangalatsadi (otsekekemera),Nyanja_NNM_Spk3_U_6edf25abee_Utterance_13_625_650.wav,12.665
NNM,M,Spk3,U_6edf25abee,625_650,Nyanja_NNM_Spk3_U_6edf25abee_Utterance_14,munjira iliyonse tinayetsetsa kubwezera pansi ulamuliro wa paulo oyera,Nyanja_NNM_Spk3_U_6edf25abee_Utterance_14_625_650.wav,7.85
NNM,M,Spk3,U_6edf25abee,625_650,Nyanja_NNM_Spk3_U_6edf25abee_Utterance_15,patapita nthawi kucoka nthawi yomwe ija palibe cimene ninali kukumbukila bwino,Nyanja_NNM_Spk3_U_6edf25abee_Utterance_15_625_650.wav,7.97
NNM,M,Spk3,U_6edf25abee,625_650,Nyanja_NNM_Spk3_U_6edf25abee_Utterance_16,utali wa mapemphero (kagwiridwe ka ncito) zaka khumi limodzi ndi zinai miyezi itatu ndi masiku asanu,Nyanja_NNM_Spk3_U_6edf25abee_Utterance_16_625_650.wav,10.1
NNM,M,Spk3,U_6edf25abee,625_650,Nyanja_NNM_Spk3_U_6edf25abee_Utterance_17,anali kuoneka ngati anali kuyembekeza yankho yace koma pamene analephera kupereka yamkoyo iye anapitilira,Nyanja_NNM_Spk3_U_6edf25abee_Utterance_17_625_650.wav,10.145
NNM,M,Spk3,U_6edf25abee,625_650,Nyanja_NNM_Spk3_U_6edf25abee_Utterance_18,kumwemba ndi pansi madzi amene tinapita ukatenga ulemelero wambiri ndi cisangalaro cambiri,Nyanja_NNM_Spk3_U_6edf25abee_Utterance_18_625_650.wav,8.78
NNM,M,Spk3,U_6edf25abee,625_650,Nyanja_NNM_Spk3_U_6edf25abee_Utterance_19,ndi gombeza (fulisi)golide ndi gobeza wa siliva umene ananyozera,Nyanja_NNM_Spk3_U_6edf25abee_Utterance_19_625_650.wav,8.33
NNM,M,Spk3,U_6edf25abee,625_650,Nyanja_NNM_Spk3_U_6edf25abee_Utterance_20,kugawanitsa kweni-kweni kwa anthu ndi ici onyezimira ndi a mumdima,Nyanja_NNM_Spk3_U_6edf25abee_Utterance_20_625_650.wav,7.295
NNM,M,Spk3,U_6edf25abee,625_650,Nyanja_NNM_Spk3_U_6edf25abee_Utterance_21,anakana khalidwe lakaso imene inkanafuna kumuvutitsa cifukwa ca cifuniro cace coonekeratu cofuna kuthandiza wacicepeele gates,Nyanja_NNM_Spk3_U_6edf25abee_Utterance_21_625_650.wav,13.01
NNM,M,Spk3,U_6edf25abee,625_650,Nyanja_NNM_Spk3_U_6edf25abee_Utterance_22,uyu anatero ndi mbava amene akhala akutibvutitsa kuno kutsidwa kwa nyanja,Nyanja_NNM_Spk3_U_6edf25abee_Utterance_22_625_650.wav,7.91
NNM,M,Spk3,U_6edf25abee,625_650,Nyanja_NNM_Spk3_U_6edf25abee_Utterance_23,kunali kutada kwambiri kotero kuti palibe comwe ninkaona koma cabe mlili wa moto wocepa pa dziko(pomwe moto uli kuyakira),Nyanja_NNM_Spk3_U_6edf25abee_Utterance_23_625_650.wav,12.86
NNM,M,Spk3,U_6edf25abee,625_650,Nyanja_NNM_Spk3_U_6edf25abee_Utterance_24,mosasamalila zomwe ananvana zapamwamba ndi hawkeye ananvetsetsa zobvuta zonse ndi ngozi zimene anali kuti akumane nazo,Nyanja_NNM_Spk3_U_6edf25abee_Utterance_24_625_650.wav,13.715
NNM,M,Spk3,U_6edf25abee,625_650,Nyanja_NNM_Spk3_U_6edf25abee_Utterance_25,ndipo wanga ndi will stutuley ndipo tizakhala pa ubwenzi,Nyanja_NNM_Spk3_U_6edf25abee_Utterance_25_625_650.wav,6.35
NNM,M,Spk3,U_56502984c7,625_650,Nyanja_NNM_Spk3_U_56502984c7_Utterance_1,amai adalila iye ndikukuonani pano onani onani,Nyanja_NNM_Spk3_U_56502984c7_Utterance_1_625_650.wav,4.994
NNM,M,Spk3,U_56502984c7,625_650,Nyanja_NNM_Spk3_U_56502984c7_Utterance_2,tili ndi mabvuto athu ocepa pano monga kwina kulikonse ndipo zinthu zonse sizingacitike mopweka,Nyanja_NNM_Spk3_U_56502984c7_Utterance_2_625_650.wav,9.845
NNM,M,Spk3,U_56502984c7,625_650,Nyanja_NNM_Spk3_U_56502984c7_Utterance_3,uzilankhura ngati munthu ophunzirsa anatero beti akudabwa kodi nyumba yako ili kuti,Nyanja_NNM_Spk3_U_56502984c7_Utterance_3_625_650.wav,8.84
NNM,M,Spk3,U_56502984c7,625_650,Nyanja_NNM_Spk3_U_56502984c7_Utterance_4,munkhani zonsezi zofuna kumatsulira momwe zinthu za cilengwedwe zinayambila cilengedwe cozungulira malowo ngakhale kuti cinali kubvutika ndi colemekedzedwa ndiponso cokongola,Nyanja_NNM_Spk3_U_56502984c7_Utterance_4_625_650.wav,17.195
NNM,M,Spk3,U_56502984c7,625_650,Nyanja_NNM_Spk3_U_56502984c7_Utterance_5,ndibwerekeko khutu yako kwa mpindi khumi limodzi ndipo uzadziwa m'mene ukacenjede pa sitegi umakhalila,Nyanja_NNM_Spk3_U_56502984c7_Utterance_5_625_650.wav,10.565
NNM,M,Spk3,U_56502984c7,625_650,Nyanja_NNM_Spk3_U_56502984c7_Utterance_6,ndinaona mu nyumba yoonetseramo za mbiri yakale ya hamburg mafupa ya cimodzi mwa zolengedwa iziutali wace okwanila ma mita makhumi atatu,Nyanja_NNM_Spk3_U_56502984c7_Utterance_6_625_650.wav,13.205
NNM,M,Spk3,U_56502984c7,625_650,Nyanja_NNM_Spk3_U_56502984c7_Utterance_7,nyanja yonyezimira mwapang'ono ndi matepo abwino inawelewetsa ndi kumalankhula ca munsi munsi iye asanapite ca ku mpoto,Nyanja_NNM_Spk3_U_56502984c7_Utterance_7_625_650.wav,12.2
NNM,M,Spk3,U_56502984c7,625_650,Nyanja_NNM_Spk3_U_56502984c7_Utterance_8,ai ndinaiwala zonse za mabongobongo anafuula mzimai,Nyanja_NNM_Spk3_U_56502984c7_Utterance_8_625_650.wav,4.685
NNM,M,Spk3,U_56502984c7,625_650,Nyanja_NNM_Spk3_U_56502984c7_Utterance_9,ndipo makumbi anabitsa mutu wace wagolide ndipo kuwala kwace kunaonekera,Nyanja_NNM_Spk3_U_56502984c7_Utterance_9_625_650.wav,6.065
NNM,M,Spk3,U_56502984c7,625_650,Nyanja_NNM_Spk3_U_56502984c7_Utterance_10,fairview anali ma mailo okwanila ngati khumi ndi awiri koma itangofika teni koloko anali pafupi kufika pa ndende ya mboma limenelo,Nyanja_NNM_Spk3_U_56502984c7_Utterance_10_625_650.wav,12.935
NNM,M,Spk3,U_56502984c7,625_650,Nyanja_NNM_Spk3_U_56502984c7_Utterance_11,nyumbayo inali kununkha cuutsi sitima imanunka masewera a chimwemwe,Nyanja_NNM_Spk3_U_56502984c7_Utterance_11_625_650.wav,5.87
NNM,M,Spk3,U_56502984c7,625_650,Nyanja_NNM_Spk3_U_56502984c7_Utterance_12,nkhosa singasamale kwambiri pa za iwo ambiri amene ndimaganizapo,Nyanja_NNM_Spk3_U_56502984c7_Utterance_12_625_650.wav,7.265
NNM,M,Spk3,U_56502984c7,625_650,Nyanja_NNM_Spk3_U_56502984c7_Utterance_13,koma ndi ndudu ya fodya imine yalengetsa mwaukulu ma sewero amakono kuti afike pamene alili tsopano ali otsangalatsadi (otsekekemera),Nyanja_NNM_Spk3_U_56502984c7_Utterance_13_625_650.wav,12.365
NNM,M,Spk3,U_56502984c7,625_650,Nyanja_NNM_Spk3_U_56502984c7_Utterance_14,munjira iliyonse tinayetsetsa kubwezera pansi ulamuliro wa paulo oyera,Nyanja_NNM_Spk3_U_56502984c7_Utterance_14_625_650.wav,5.855
NNM,M,Spk3,U_56502984c7,625_650,Nyanja_NNM_Spk3_U_56502984c7_Utterance_15,patapita nthawi kucoka nthawi yomwe ija palibe cimene ninali kukumbukila bwino,Nyanja_NNM_Spk3_U_56502984c7_Utterance_15_625_650.wav,7.625
NNM,M,Spk3,U_56502984c7,625_650,Nyanja_NNM_Spk3_U_56502984c7_Utterance_16,utali wa mapemphero (kagwiridwe ka ncito) zaka khumi limodzi ndi zinai miyezi itatu ndi masiku asanu,Nyanja_NNM_Spk3_U_56502984c7_Utterance_16_625_650.wav,8.51
NNM,M,Spk3,U_56502984c7,625_650,Nyanja_NNM_Spk3_U_56502984c7_Utterance_17,anali kuoneka ngati anali kuyembekeza yankho yace koma pamene analephera kupereka yamkoyo iye anapitilira,Nyanja_NNM_Spk3_U_56502984c7_Utterance_17_625_650.wav,7.685
NNM,M,Spk3,U_56502984c7,625_650,Nyanja_NNM_Spk3_U_56502984c7_Utterance_18,kumwemba ndi pansi madzi amene tinapita ukatenga ulemelero wambiri ndi cisangalaro cambiri,Nyanja_NNM_Spk3_U_56502984c7_Utterance_18_625_650.wav,8.96
NNM,M,Spk3,U_56502984c7,625_650,Nyanja_NNM_Spk3_U_56502984c7_Utterance_19,ndi gombeza (fulisi)golide ndi gobeza wa siliva umene ananyozera,Nyanja_NNM_Spk3_U_56502984c7_Utterance_19_625_650.wav,5.945
NNM,M,Spk3,U_56502984c7,625_650,Nyanja_NNM_Spk3_U_56502984c7_Utterance_20,kugawanitsa kweni-kweni kwa anthu ndi ici onyezimira ndi a mumdima,Nyanja_NNM_Spk3_U_56502984c7_Utterance_20_625_650.wav,8.3
NNM,M,Spk3,U_56502984c7,625_650,Nyanja_NNM_Spk3_U_56502984c7_Utterance_21,anakana khalidwe lakaso imene inkanafuna kumuvutitsa cifukwa ca cifuniro cace coonekeratu cofuna kuthandiza wacicepeele gates,Nyanja_NNM_Spk3_U_56502984c7_Utterance_21_625_650.wav,11.885
NNM,M,Spk3,U_56502984c7,625_650,Nyanja_NNM_Spk3_U_56502984c7_Utterance_22,uyu anatero ndi mbava amene akhala akutibvutitsa kuno kutsidwa kwa nyanja,Nyanja_NNM_Spk3_U_56502984c7_Utterance_22_625_650.wav,8.195
NNM,M,Spk3,U_56502984c7,625_650,Nyanja_NNM_Spk3_U_56502984c7_Utterance_23,mosasamalila zomwe ananvana zapamwamba ndi hawkeye ananvetsetsa zobvuta zonse ndi ngozi zimene anali kuti akumane nazo,Nyanja_NNM_Spk3_U_56502984c7_Utterance_23_625_650.wav,10.7
NNM,M,Spk3,U_56502984c7,625_650,Nyanja_NNM_Spk3_U_56502984c7_Utterance_24,ndipo wanga ndi will stutuley ndipo tizakhala pa ubwenzi,Nyanja_NNM_Spk3_U_56502984c7_Utterance_24_625_650.wav,4.115
NNM,M,Spk3,U_56502984c7,600_625,Nyanja_NNM_Spk3_U_56502984c7_Utterance_1,mathokoza ananenedwa kwa mwana wa amfumu wa mkazi kuli konse kumene anali kupita pa ulendo wace,Nyanja_NNM_Spk3_U_56502984c7_Utterance_1_600_625.wav,12.605
NNM,M,Spk3,U_56502984c7,600_625,Nyanja_NNM_Spk3_U_56502984c7_Utterance_2,nchito yopyeela mu nyumba kasinthidwe kosokoneza kamene kalenga boma kulemba nchito atsilikali onse amene ifuna mopanda bvuto lili lonse,Nyanja_NNM_Spk3_U_56502984c7_Utterance_2_600_625.wav,12.605
NNM,M,Spk3,U_56502984c7,600_625,Nyanja_NNM_Spk3_U_56502984c7_Utterance_3,apo iye anakhala pa mawilo ya bwato sindinaonepo sitima,Nyanja_NNM_Spk3_U_56502984c7_Utterance_3_600_625.wav,5.224
NNM,M,Spk3,U_56502984c7,600_625,Nyanja_NNM_Spk3_U_56502984c7_Utterance_4,ma unifomu obvalidwa ku nchito samafunidwa pafupi-fupi kwa onse amene ayenera kuwabvala,Nyanja_NNM_Spk3_U_56502984c7_Utterance_4_600_625.wav,9.485
NNM,M,Spk3,U_56502984c7,600_625,Nyanja_NNM_Spk3_U_56502984c7_Utterance_5,ici ndiye cakudya cothera kudyera mwapamodzi ninatero,Nyanja_NNM_Spk3_U_56502984c7_Utterance_5_600_625.wav,5.306
NNM,M,Spk3,U_56502984c7,600_625,Nyanja_NNM_Spk3_U_56502984c7_Utterance_6,kodi dziko lako ndiiti olaf kodi wakhala kapolo nthawi yonseyi,Nyanja_NNM_Spk3_U_56502984c7_Utterance_6_600_625.wav,6.485
NNM,M,Spk3,U_56502984c7,600_625,Nyanja_NNM_Spk3_U_56502984c7_Utterance_7,bwela nyongolotsi ndi dambo yodzidzila kwa mfumu-kazi ya maganizo kwambiri,Nyanja_NNM_Spk3_U_56502984c7_Utterance_7_600_625.wav,7.55
NNM,M,Spk3,U_56502984c7,600_625,Nyanja_NNM_Spk3_U_56502984c7_Utterance_8,ku hotela kumalo amene mlendo amataya ndalama zace zambiri mosinthanitsana ndi zipinda zogonamo zotsaoneka bwino,Nyanja_NNM_Spk3_U_56502984c7_Utterance_8_600_625.wav,11.255
NNM,M,Spk3,U_56502984c7,600_625,Nyanja_NNM_Spk3_U_56502984c7_Utterance_9,kulibe chalichi yaikulu (kafidilo) ngakhale burgos imene ingapikitsane ndi chalichi ya pa montmartre,Nyanja_NNM_Spk3_U_56502984c7_Utterance_9_600_625.wav,9.245
NNM,M,Spk3,U_56502984c7,600_625,Nyanja_NNM_Spk3_U_56502984c7_Utterance_10,anakumbukira osati cabe ataona kuipa kwa ngozi imene inacitika utsiku mocedwa koma kudziwanso cimene cinalengetsa,Nyanja_NNM_Spk3_U_56502984c7_Utterance_10_600_625.wav,12.125
NNM,M,Spk3,U_56502984c7,600_625,Nyanja_NNM_Spk3_U_56502984c7_Utterance_11,mwina sindingathe koma pepani kwabasi pakunva izo kodi mwana wao anakhala nwanji,Nyanja_NNM_Spk3_U_56502984c7_Utterance_11_600_625.wav,8.39
NNM,M,Spk3,U_56502984c7,600_625,Nyanja_NNM_Spk3_U_56502984c7_Utterance_12,mzangayo sanaoneke obvutikira m'maganizo cifukwa cakuti analephera koma anagwedeza ma pewa ace ngati mofuna kuleka zonse,Nyanja_NNM_Spk3_U_56502984c7_Utterance_12_600_625.wav,11.12
NNM,M,Spk3,U_56502984c7,600_625,Nyanja_NNM_Spk3_U_56502984c7_Utterance_13,ndizakhala ndikumenda(kukonza)  nyumba yanga udziwa ndi kusamalira nsalu,Nyanja_NNM_Spk3_U_56502984c7_Utterance_13_600_625.wav,5.06
NNM,M,Spk3,U_56502984c7,600_625,Nyanja_NNM_Spk3_U_56502984c7_Utterance_14,bambo soames anali atatangwanitsidwa ndi unyinji wa nkhani,Nyanja_NNM_Spk3_U_56502984c7_Utterance_14_600_625.wav,5.42
NNM,M,Spk3,U_56502984c7,600_625,Nyanja_NNM_Spk3_U_56502984c7_Utterance_15,ndipo  uyenera kukhala ojo opanda mwai uja,Nyanja_NNM_Spk3_U_56502984c7_Utterance_15_600_625.wav,3.185
NNM,M,Spk3,U_56502984c7,600_625,Nyanja_NNM_Spk3_U_56502984c7_Utterance_16,ndizayetsa ngati ndidziwa zinthu zimene ninali kudziwa,Nyanja_NNM_Spk3_U_56502984c7_Utterance_16_600_625.wav,4.893
NNM,M,Spk3,U_56502984c7,600_625,Nyanja_NNM_Spk3_U_56502984c7_Utterance_17,sindingathe kusewera ndi iwe ngati uli mwana wacicepele kuyambira lero anatero iye mwapang'ono-pang'ono izo ndiye zimene umayewa marie,Nyanja_NNM_Spk3_U_56502984c7_Utterance_17_600_625.wav,10.79
NNM,M,Spk3,U_56502984c7,600_625,Nyanja_NNM_Spk3_U_56502984c7_Utterance_18,kumabwelera ku cisinsi utsiku onsewu,Nyanja_NNM_Spk3_U_56502984c7_Utterance_18_600_625.wav,3.53
NNM,M,Spk3,U_56502984c7,600_625,Nyanja_NNM_Spk3_U_56502984c7_Utterance_19,ndinali okhutilitsidwa kwambiri ndi nyumba yanga imene inali ku stern ndikutsegulilidwa m'malo mmene mukhala atsilikali,Nyanja_NNM_Spk3_U_56502984c7_Utterance_19_600_625.wav,8.9
NNM,M,Spk3,U_56502984c7,600_625,Nyanja_NNM_Spk3_U_56502984c7_Utterance_20,ndipo mnyamata ogwira nchito mu dimba uja anadula mtengo muzidunswa zazing'ono-zing'ono panali nkhuni zambiri zitaunganitsidwa pamenepo,Nyanja_NNM_Spk3_U_56502984c7_Utterance_20_600_625.wav,11.633
NNM,M,Spk3,U_56502984c7,600_625,Nyanja_NNM_Spk3_U_56502984c7_Utterance_21,thupi yanga yaumilila cifukwa cokhala pansi kwa nthawi yaitali  iye anatero ndilakalaka ndeu ndinaceuka kumene kunali mlimi,Nyanja_NNM_Spk3_U_56502984c7_Utterance_21_600_625.wav,9.86
NNM,M,Spk3,U_56502984c7,600_625,Nyanja_NNM_Spk3_U_56502984c7_Utterance_22,tanva zina zace pa nkhani yanu ndipo tifuna anatero kennethndipo tikufunitsitsa kudziwa,Nyanja_NNM_Spk3_U_56502984c7_Utterance_22_600_625.wav,7.715
NNM,M,Spk3,U_56502984c7,600_625,Nyanja_NNM_Spk3_U_56502984c7_Utterance_23,akali kuyenda  panyanja koma ndi umodzi wa a gulu la count bwato ya timascheff anali atanena za zoona,Nyanja_NNM_Spk3_U_56502984c7_Utterance_23_600_625.wav,8.9
NNM,M,Spk3,U_56502984c7,600_625,Nyanja_NNM_Spk3_U_56502984c7_Utterance_24,pothera pace zonse zinalibe phokoso ndipo zinali zakuda pa nyumba ya bambo gamewell,Nyanja_NNM_Spk3_U_56502984c7_Utterance_24_600_625.wav,7.85
NNM,M,Spk3,U_56502984c7,600_625,Nyanja_NNM_Spk3_U_56502984c7_Utterance_25,a gulu lochedwa nautilus anangotsala panhg'ono kuti agodobokele m'nyanja ya antarctic ndipo nemo anambila atambila mmadzimo,Nyanja_NNM_Spk3_U_56502984c7_Utterance_25_600_625.wav,11.645
NNM,M,Spk4,U_9df87e4751,675_700,Nyanja_NNM_Spk4_U_9df87e4751_Utterance_1,mwantsopano rodolfo anakwanitsa kugwira leocadia mosamala na muika  mu citolokosi ndi mnyumba yace,Nyanja_NNM_Spk4_U_9df87e4751_Utterance_1_675_700.wav,13.804
NNM,M,Spk4,U_9df87e4751,675_700,Nyanja_NNM_Spk4_U_9df87e4751_Utterance_2,ndi apo cabe pamene pali zinthu monga mikumbi ndi moto,Nyanja_NNM_Spk4_U_9df87e4751_Utterance_2_675_700.wav,8.615
NNM,M,Spk4,U_9df87e4751,675_700,Nyanja_NNM_Spk4_U_9df87e4751_Utterance_3,pa ciweru pa tsiku ya khumi ndi zisanu mu mwezi wa phukira nyanja sinali yotseguka konseku ndipo kunalibe malo ali onse a kutsidya amene anali kuonekera,Nyanja_NNM_Spk4_U_9df87e4751_Utterance_3_675_700.wav,23.835
NNM,M,Spk4,U_9df87e4751,675_700,Nyanja_NNM_Spk4_U_9df87e4751_Utterance_4,mussulmans ndi giaours anazibisa kukamwa ndi kansalu kozipukutira kumaso  ali kuseka  ndipo alibe lute pa zolilitsa zina ziri zonse,Nyanja_NNM_Spk4_U_9df87e4751_Utterance_4_675_700.wav,18.506
NNM,M,Spk4,U_9df87e4751,675_700,Nyanja_NNM_Spk4_U_9df87e4751_Utterance_5,ndakhala wokonzekera kupita kwina kuli konse kwa miyezi isanu ndi umodzi yapitai,Nyanja_NNM_Spk4_U_9df87e4751_Utterance_5_675_700.wav,12.817
NNM,M,Spk4,U_9df87e4751,675_700,Nyanja_NNM_Spk4_U_9df87e4751_Utterance_6,wabwera andella andella inali dzina y ka doli wa mwana jani amene anali kuyendera lozalia,Nyanja_NNM_Spk4_U_9df87e4751_Utterance_6_675_700.wav,15.65
NNM,M,Spk4,U_9df87e4751,675_700,Nyanja_NNM_Spk4_U_9df87e4751_Utterance_7,nkhani yokhayo ya cimwemwe imene inakambidwa ndi imene pa gome(thebulo) pakati pa ine ndi naomi,Nyanja_NNM_Spk4_U_9df87e4751_Utterance_7_675_700.wav,17.252
NNM,M,Spk4,U_9df87e4751,675_700,Nyanja_NNM_Spk4_U_9df87e4751_Utterance_8,ameneyu anali mzimai wabwino kwambiri  bambo ndipo munjira ina ndiganiza kuti anafa,Nyanja_NNM_Spk4_U_9df87e4751_Utterance_8_675_700.wav,14.838
NNM,M,Spk4,U_9df87e4751,675_700,Nyanja_NNM_Spk4_U_9df87e4751_Utterance_9,ndili ndi mantha poti sindidziwa zambiri za malo a oz,Nyanja_NNM_Spk4_U_9df87e4751_Utterance_9_675_700.wav,9.323
NNM,M,Spk4,U_9df87e4751,675_700,Nyanja_NNM_Spk4_U_9df87e4751_Utterance_10,ndipo siunali kufuna kukhala pafupi ndi ine,Nyanja_NNM_Spk4_U_9df87e4751_Utterance_10_675_700.wav,6.397
NNM,M,Spk4,U_9df87e4751,675_700,Nyanja_NNM_Spk4_U_9df87e4751_Utterance_11,mzibambo analowa natenga mapepela imodzi -imodzi  pa gome imene inali ca pakati,Nyanja_NNM_Spk4_U_9df87e4751_Utterance_11_675_700.wav,12.167
NNM,M,Spk4,U_9df87e4751,675_700,Nyanja_NNM_Spk4_U_9df87e4751_Utterance_12,ndinanva m'mafupa anga m'mawa n'tauka kuti cinthu cabwino cidzacitika,Nyanja_NNM_Spk4_U_9df87e4751_Utterance_12_675_700.wav,13.293
NNM,M,Spk4,U_9df87e4751,675_700,Nyanja_NNM_Spk4_U_9df87e4751_Utterance_13,kunena cilungamo iye sangathe kucita izo anatero soames poti ine ndinalowera pa citseko ca mumbalimu,Nyanja_NNM_Spk4_U_9df87e4751_Utterance_13_675_700.wav,18.506
NNM,M,Spk4,U_9df87e4751,675_700,Nyanja_NNM_Spk4_U_9df87e4751_Utterance_14,ungathe kukhala kutali ndi ine ngati ufuna kutero nanga ni liti pamene ndakukonkako,Nyanja_NNM_Spk4_U_9df87e4751_Utterance_14_675_700.wav,15.151
NNM,M,Spk4,U_9df87e4751,675_700,Nyanja_NNM_Spk4_U_9df87e4751_Utterance_15,kulibe tsiku ngakhale imodzi imene pa matsiku dzana imene ndi tsiku ya cimwemwe cotheratu ndipo ya dzuwa ikuwala kotheratu,Nyanja_NNM_Spk4_U_9df87e4751_Utterance_15_675_700.wav,20.433
NNM,M,Spk4,U_9df87e4751,675_700,Nyanja_NNM_Spk4_U_9df87e4751_Utterance_16,koma kusiyana mu zonse sikuli pa zimenezo kusamaziika nzeru,Nyanja_NNM_Spk4_U_9df87e4751_Utterance_16_675_700.wav,8.858
NNM,M,Spk4,U_9df87e4751,675_700,Nyanja_NNM_Spk4_U_9df87e4751_Utterance_17,ndimakupemphelera  koma sicimodzi-modzi ngati kuti iwe wekha wazipemphelera,Nyanja_NNM_Spk4_U_9df87e4751_Utterance_17_675_700.wav,10.925
NNM,M,Spk4,U_9df87e4751,675_700,Nyanja_NNM_Spk4_U_9df87e4751_Utterance_18,ukuona mzanga iyi ndi nkhani ya cilombo coopsya ca pa madzi (narwhale),Nyanja_NNM_Spk4_U_9df87e4751_Utterance_18_675_700.wav,10.205
NNM,M,Spk4,U_9df87e4751,675_700,Nyanja_NNM_Spk4_U_9df87e4751_Utterance_19,ndinatenga zibangili za golide zitsanu mu bokosi la cuma ndi kuzipatsa kwa iye,Nyanja_NNM_Spk4_U_9df87e4751_Utterance_19_675_700.wav,11.923
NNM,M,Spk4,U_9df87e4751,675_700,Nyanja_NNM_Spk4_U_9df87e4751_Utterance_20,anali ngati bmbo wanga munjira ina koma sanali atate anga,Nyanja_NNM_Spk4_U_9df87e4751_Utterance_20_675_700.wav,10.345
NNM,M,Spk4,U_9df87e4751,675_700,Nyanja_NNM_Spk4_U_9df87e4751_Utterance_21,bambo will okalamba aja ndi munthu wabwino koma ndi osauka komanso wopanda thandizo iliyonse kucokerab pameneakazi a bambo rodges anapezekera mu ngozi,Nyanja_NNM_Spk4_U_9df87e4751_Utterance_21_675_700.wav,25.229
NNM,M,Spk4,U_9df87e4751,675_700,Nyanja_NNM_Spk4_U_9df87e4751_Utterance_22,ndikhulupilira kuti wakhala  mtsikana wa bwino kwambiri kucookera pomwe unacokera kuno andella,Nyanja_NNM_Spk4_U_9df87e4751_Utterance_22_675_700.wav,13.026
NNM,M,Spk4,U_9df87e4751,675_700,Nyanja_NNM_Spk4_U_9df87e4751_Utterance_23,ndikunenetsa bambo harry msikana wa cicepeleyu azachuka usiku walero kodi sazachuka,Nyanja_NNM_Spk4_U_9df87e4751_Utterance_23_675_700.wav,13.212
NNM,M,Spk4,U_9df87e4751,675_700,Nyanja_NNM_Spk4_U_9df87e4751_Utterance_24,ndinaganiza kuti mwina mwace nchito yanga pamene nitasiya sukulu lina nkukhala mphunzitsi wosamalira ana,Nyanja_NNM_Spk4_U_9df87e4751_Utterance_24_675_700.wav,15.43
NNM,M,Spk4,U_9df87e4751,675_700,Nyanja_NNM_Spk4_U_9df87e4751_Utterance_25,iye analephera kudziwa momwe zinayenera kukhalira,Nyanja_NNM_Spk4_U_9df87e4751_Utterance_25_675_700.wav,9.009
NNM,M,Spk4,U_9df87e4751,650_675,Nyanja_NNM_Spk4_U_9df87e4751_Utterance_1,pamenepo japu wacigwira  anaseka percy pamene ena anali ku kukuwa ataona pa maso pa jasper,Nyanja_NNM_Spk4_U_9df87e4751_Utterance_1_650_675.wav,10.504
NNM,M,Spk4,U_9df87e4751,650_675,Nyanja_NNM_Spk4_U_9df87e4751_Utterance_2,ndimakonda kulankhula ndi karl pa nkhani ya mzinda wa new york ndi zimene munthu angathe kucita kumeneko,Nyanja_NNM_Spk4_U_9df87e4751_Utterance_2_650_675.wav,12.494
NNM,M,Spk4,U_9df87e4751,650_675,Nyanja_NNM_Spk4_U_9df87e4751_Utterance_3,ukuona kuti kukonda wina wace mmene nkukondera ine cipangitsa calo conse kusintha,Nyanja_NNM_Spk4_U_9df87e4751_Utterance_3_650_675.wav,10.031
NNM,M,Spk4,U_9df87e4751,650_675,Nyanja_NNM_Spk4_U_9df87e4751_Utterance_4,akaidi atacotsedwa pa ola/nthawi yoikidwa ija mpholopolo za futi zowerengeka zinalasidwa mzipupa ca miyala,Nyanja_NNM_Spk4_U_9df87e4751_Utterance_4_650_675.wav,18.283
NNM,M,Spk4,U_9df87e4751,650_675,Nyanja_NNM_Spk4_U_9df87e4751_Utterance_5,kodi munalandilako mlendo wa waukada ine nisanapite,Nyanja_NNM_Spk4_U_9df87e4751_Utterance_5_650_675.wav,8.615
NNM,M,Spk4,U_9df87e4751,650_675,Nyanja_NNM_Spk4_U_9df87e4751_Utterance_6,mwani zakumtima zosabvutisa kwa zaka zambiri,Nyanja_NNM_Spk4_U_9df87e4751_Utterance_6_650_675.wav,5.793
NNM,M,Spk4,U_9df87e4751,650_675,Nyanja_NNM_Spk4_U_9df87e4751_Utterance_7,anthu awa oukila ungwilyo wa khristu amatsutsa/amakana atate ndi mwana ndi nchito zao zonse,Nyanja_NNM_Spk4_U_9df87e4751_Utterance_7_650_675.wav,13.444
NNM,M,Spk4,U_9df87e4751,650_675,Nyanja_NNM_Spk4_U_9df87e4751_Utterance_8,pa ici yankho yace inali itaperekedwa mwamsanga-msanga ai tithokoze mulungu ai ndipo kodi zolembedwa izi ndi zanu,Nyanja_NNM_Spk4_U_9df87e4751_Utterance_8_650_675.wav,19.551
NNM,M,Spk4,U_9df87e4751,650_675,Nyanja_NNM_Spk4_U_9df87e4751_Utterance_9,mwatsopano ndiri kuzigwiritsa nchito ngati zimadekho zopangidwa mwaluso mu dimba yanga,Nyanja_NNM_Spk4_U_9df87e4751_Utterance_9_650_675.wav,12.028
NNM,M,Spk4,U_9df87e4751,650_675,Nyanja_NNM_Spk4_U_9df87e4751_Utterance_10,koma sizipyolera zimene ziri mu baibulo azakhali anaterodina,Nyanja_NNM_Spk4_U_9df87e4751_Utterance_10_650_675.wav,7.889
NNM,M,Spk4,U_9df87e4751,650_675,Nyanja_NNM_Spk4_U_9df87e4751_Utterance_11,pa tsiku ya makhumi awiri zisanu ndi ziwiri (27) m'mwezi wa phukira mu caka ca 1837 iye analemba,Nyanja_NNM_Spk4_U_9df87e4751_Utterance_11_650_675.wav,15.243
NNM,M,Spk4,U_9df87e4751,650_675,Nyanja_NNM_Spk4_U_9df87e4751_Utterance_12,pamene anaponya dzala zace zimene zinkafika pansi sizinali patali kwambiri ndi mutu wa uja amene anali kuthawa,Nyanja_NNM_Spk4_U_9df87e4751_Utterance_12_650_675.wav,14.465
NNM,M,Spk4,U_9df87e4751,650_675,Nyanja_NNM_Spk4_U_9df87e4751_Utterance_13,kukumbukira kuyenera kukhala cinthu cimene cinacitika ndipo cilipo mu njira ina cofanana mwina cndi cimene cili kukumbukidwa,Nyanja_NNM_Spk4_U_9df87e4751_Utterance_13_650_675.wav,18.344
NNM,M,Spk4,U_9df87e4751,650_675,Nyanja_NNM_Spk4_U_9df87e4751_Utterance_14,eeeh zolembedwa za mtundu wotani zimene nawerenga cithunzithunzi cotani cimene ndaonapo cilungamo coipa bwanji,Nyanja_NNM_Spk4_U_9df87e4751_Utterance_14_650_675.wav,16.544
NNM,M,Spk4,U_9df87e4751,650_675,Nyanja_NNM_Spk4_U_9df87e4751_Utterance_15,iye analira ali kuimikira dzanja lanthor amene anali patsogoro pace pofuna kusimikidza kuti kunalibe ziwanda (zipuku) patsogoro pace,Nyanja_NNM_Spk4_U_9df87e4751_Utterance_15_650_675.wav,19.296
NNM,M,Spk4,U_9df87e4751,650_675,Nyanja_NNM_Spk4_U_9df87e4751_Utterance_16,ndipo ukhala ndi ka gulu ako kakang'ono kodi ndiwe okondwera,Nyanja_NNM_Spk4_U_9df87e4751_Utterance_16_650_675.wav,11.262
NNM,M,Spk4,U_9df87e4751,650_675,Nyanja_NNM_Spk4_U_9df87e4751_Utterance_17,ndimawaona akugona pansi  mopanda thandizo iliyonse akulira kulibe wina aliyense owayanka kulibe wina okusangalatsani ndi cimwemwe ca mai,Nyanja_NNM_Spk4_U_9df87e4751_Utterance_17_650_675.wav,19.656
NNM,M,Spk4,U_9df87e4751,650_675,Nyanja_NNM_Spk4_U_9df87e4751_Utterance_18,nambala ya khumi nelli akukudikhilani mugone bwino amuna anga,Nyanja_NNM_Spk4_U_9df87e4751_Utterance_18_650_675.wav,7.477
NNM,M,Spk4,U_9df87e4751,650_675,Nyanja_NNM_Spk4_U_9df87e4751_Utterance_19,tonsefe tinamenya ku mbali ina yace ya bwato,Nyanja_NNM_Spk4_U_9df87e4751_Utterance_19_650_675.wav,7.454
NNM,M,Spk4,U_9df87e4751,650_675,Nyanja_NNM_Spk4_U_9df87e4751_Utterance_20,cokonkhapo kunabwera mpata wa oliva kuti athandizire  mu myambo,Nyanja_NNM_Spk4_U_9df87e4751_Utterance_20_650_675.wav,8.449
NNM,M,Spk4,U_9df87e4751,650_675,Nyanja_NNM_Spk4_U_9df87e4751_Utterance_21,musamalileni ndipo muiwaleko za cilengedwa ca mulungu,Nyanja_NNM_Spk4_U_9df87e4751_Utterance_21_650_675.wav,7.686
NNM,M,Spk4,U_9df87e4751,650_675,Nyanja_NNM_Spk4_U_9df87e4751_Utterance_22,inde ndikhulupilira kuti tili conco ndinayankha mopewetsa koma pamene tinangogwiritsa nchito kanjira koonjezedwa,Nyanja_NNM_Spk4_U_9df87e4751_Utterance_22_650_675.wav,16.939
NNM,M,Spk4,U_9df87e4751,650_675,Nyanja_NNM_Spk4_U_9df87e4751_Utterance_23,mwanzeru zobadwa nazo zimene zili mwa wina aliyense nzeru zimene ziletsa wina kumaika ndalama zace pa mpikitsano wa mathamangidwe,Nyanja_NNM_Spk4_U_9df87e4751_Utterance_23_650_675.wav,21.444
NNM,M,Spk4,U_9df87e4751,650_675,Nyanja_NNM_Spk4_U_9df87e4751_Utterance_24,ndinali kugwira nchito yosunga bwino mabuku a nchito pa nchito ndipo cinali capafupi kwaine kutenga cheke ndikulemba siginacala yopeeka (yabooza),Nyanja_NNM_Spk4_U_9df87e4751_Utterance_24_650_675.wav,22.745
NNM,M,Spk4,U_9df87e4751,650_675,Nyanja_NNM_Spk4_U_9df87e4751_Utterance_25,kwa ka nthawi gilchrist ndi dzanja yace yoimitsidwa anayesesa kuika bwino zimene zinapezeka mu zolemba zace,Nyanja_NNM_Spk4_U_9df87e4751_Utterance_25_650_675.wav,18.913
NNM,M,Spk4,U_9eb21beff6,675_700,Nyanja_NNM_Spk4_U_9eb21beff6_Utterance_1,mwantsopano rodolfo anakwanitsa kugwira leocadia mosamala na muika  mu citolokosi ndi mnyumba yace,Nyanja_NNM_Spk4_U_9eb21beff6_Utterance_1_675_700.wav,1.811
NNM,M,Spk4,U_9eb21beff6,675_700,Nyanja_NNM_Spk4_U_9eb21beff6_Utterance_2,ndi apo cabe pamene pali zinthu monga mikumbi ndi moto,Nyanja_NNM_Spk4_U_9eb21beff6_Utterance_2_675_700.wav,5.712
NNM,M,Spk4,U_9eb21beff6,675_700,Nyanja_NNM_Spk4_U_9eb21beff6_Utterance_3,pa ciweru pa tsiku ya khumi ndi zisanu mu mwezi wa phukira nyanja sinali yotseguka konseku ndipo kunalibe malo ali onse a kutsidya amene anali kuonekera,Nyanja_NNM_Spk4_U_9eb21beff6_Utterance_3_675_700.wav,18.297
NNM,M,Spk4,U_9eb21beff6,675_700,Nyanja_NNM_Spk4_U_9eb21beff6_Utterance_4,mussulmans ndi giaours anazibisa kukamwa ndi kansalu kozipukutira kumaso  ali kuseka  ndipo alibe lute pa zolilitsa zina ziri zonse,Nyanja_NNM_Spk4_U_9eb21beff6_Utterance_4_675_700.wav,18.297
NNM,M,Spk4,U_9eb21beff6,675_700,Nyanja_NNM_Spk4_U_9eb21beff6_Utterance_5,ndakhala wokonzekera kupita kwina kuli konse kwa miyezi isanu ndi umodzi yapitai,Nyanja_NNM_Spk4_U_9eb21beff6_Utterance_5_675_700.wav,10.774
NNM,M,Spk4,U_9eb21beff6,675_700,Nyanja_NNM_Spk4_U_9eb21beff6_Utterance_6,wabwera andella andella inali dzina y ka doli wa mwana jani amene anali kuyendera lozalia,Nyanja_NNM_Spk4_U_9eb21beff6_Utterance_6_675_700.wav,13.56
NNM,M,Spk4,U_9eb21beff6,675_700,Nyanja_NNM_Spk4_U_9eb21beff6_Utterance_7,nkhani yokhayo ya cimwemwe imene inakambidwa ndi imene pa gome(thebulo) pakati pa ine ndi naomi,Nyanja_NNM_Spk4_U_9eb21beff6_Utterance_7_675_700.wav,1.347
NNM,M,Spk4,U_9eb21beff6,675_700,Nyanja_NNM_Spk4_U_9eb21beff6_Utterance_8,ameneyu anali mzimai wabwino kwambiri  bambo ndipo munjira ina ndiganiza kuti anafa,Nyanja_NNM_Spk4_U_9eb21beff6_Utterance_8_675_700.wav,12.864
NNM,M,Spk4,U_9eb21beff6,675_700,Nyanja_NNM_Spk4_U_9eb21beff6_Utterance_9,ndili ndi mantha poti sindidziwa zambiri za malo a oz,Nyanja_NNM_Spk4_U_9eb21beff6_Utterance_9_675_700.wav,7.988
NNM,M,Spk4,U_9eb21beff6,675_700,Nyanja_NNM_Spk4_U_9eb21beff6_Utterance_10,ndipo siunali kufuna kukhala pafupi ndi ine,Nyanja_NNM_Spk4_U_9eb21beff6_Utterance_10_675_700.wav,5.712
NNM,M,Spk4,U_9eb21beff6,675_700,Nyanja_NNM_Spk4_U_9eb21beff6_Utterance_11,mzibambo analowa natenga mapepela imodzi -imodzi  pa gome imene inali ca pakati,Nyanja_NNM_Spk4_U_9eb21beff6_Utterance_11_675_700.wav,9.102
NNM,M,Spk4,U_9eb21beff6,675_700,Nyanja_NNM_Spk4_U_9eb21beff6_Utterance_12,ndinanva m'mafupa anga m'mawa n'tauka kuti cinthu cabwino cidzacitika,Nyanja_NNM_Spk4_U_9eb21beff6_Utterance_12_675_700.wav,10.031
NNM,M,Spk4,U_9eb21beff6,675_700,Nyanja_NNM_Spk4_U_9eb21beff6_Utterance_13,kunena cilungamo iye sangathe kucita izo anatero soames poti ine ndinalowera pa citseko ca mumbalimu,Nyanja_NNM_Spk4_U_9eb21beff6_Utterance_13_675_700.wav,1.625
NNM,M,Spk4,U_9eb21beff6,675_700,Nyanja_NNM_Spk4_U_9eb21beff6_Utterance_14,ungathe kukhala kutali ndi ine ngati ufuna kutero nanga ni liti pamene ndakukonkako,Nyanja_NNM_Spk4_U_9eb21beff6_Utterance_14_675_700.wav,11.39
NNM,M,Spk4,U_9eb21beff6,675_700,Nyanja_NNM_Spk4_U_9eb21beff6_Utterance_15,kulibe tsiku ngakhale imodzi imene pa matsiku dzana imene ndi tsiku ya cimwemwe cotheratu ndipo ya dzuwa ikuwala kotheratu,Nyanja_NNM_Spk4_U_9eb21beff6_Utterance_15_675_700.wav,17.972
NNM,M,Spk4,U_9eb21beff6,675_700,Nyanja_NNM_Spk4_U_9eb21beff6_Utterance_16,koma kusiyana mu zonse sikuli pa zimenezo kusamaziika nzeru,Nyanja_NNM_Spk4_U_9eb21beff6_Utterance_16_675_700.wav,8.777
NNM,M,Spk4,U_9eb21beff6,675_700,Nyanja_NNM_Spk4_U_9eb21beff6_Utterance_17,ndimakupemphelera  koma sicimodzi-modzi ngati kuti iwe wekha wazipemphelera,Nyanja_NNM_Spk4_U_9eb21beff6_Utterance_17_675_700.wav,8.127
NNM,M,Spk4,U_9eb21beff6,675_700,Nyanja_NNM_Spk4_U_9eb21beff6_Utterance_18,ukuona mzanga iyi ndi nkhani ya cilombo coopsya ca pa madzi (narwhale),Nyanja_NNM_Spk4_U_9eb21beff6_Utterance_18_675_700.wav,7.941
NNM,M,Spk4,U_9eb21beff6,675_700,Nyanja_NNM_Spk4_U_9eb21beff6_Utterance_19,ndinatenga zibangili za golide zitsanu mu bokosi la cuma ndi kuzipatsa kwa iye,Nyanja_NNM_Spk4_U_9eb21beff6_Utterance_19_675_700.wav,11.378
NNM,M,Spk4,U_9eb21beff6,675_700,Nyanja_NNM_Spk4_U_9eb21beff6_Utterance_20,anali ngati bmbo wanga munjira ina koma sanali atate anga,Nyanja_NNM_Spk4_U_9eb21beff6_Utterance_20_675_700.wav,6.641
NNM,M,Spk4,U_9eb21beff6,675_700,Nyanja_NNM_Spk4_U_9eb21beff6_Utterance_21,bambo will okalamba aja ndi munthu wabwino koma ndi osauka komanso wopanda thandizo iliyonse kucokerab pameneakazi a bambo rodges anapezekera mu ngozi,Nyanja_NNM_Spk4_U_9eb21beff6_Utterance_21_675_700.wav,19.969
NNM,M,Spk4,U_9eb21beff6,675_700,Nyanja_NNM_Spk4_U_9eb21beff6_Utterance_22,ndikhulupilira kuti wakhala  mtsikana wa bwino kwambiri kucookera pomwe unacokera kuno andella,Nyanja_NNM_Spk4_U_9eb21beff6_Utterance_22_675_700.wav,1.347
NNM,M,Spk4,U_9eb21beff6,675_700,Nyanja_NNM_Spk4_U_9eb21beff6_Utterance_23,ndikunenetsa bambo harry msikana wa cicepeleyu azachuka usiku walero kodi sazachuka,Nyanja_NNM_Spk4_U_9eb21beff6_Utterance_23_675_700.wav,12.353
NNM,M,Spk4,U_9eb21beff6,675_700,Nyanja_NNM_Spk4_U_9eb21beff6_Utterance_24,ndinaganiza kuti mwina mwace nchito yanga pamene nitasiya sukulu lina nkukhala mphunzitsi wosamalira ana,Nyanja_NNM_Spk4_U_9eb21beff6_Utterance_24_675_700.wav,12.539
NNM,M,Spk4,U_9eb21beff6,675_700,Nyanja_NNM_Spk4_U_9eb21beff6_Utterance_25,iye analephera kudziwa momwe zinayenera kukhalira,Nyanja_NNM_Spk4_U_9eb21beff6_Utterance_25_675_700.wav,7.384
NNM,M,Spk4,U_9eb21beff6,650_675,Nyanja_NNM_Spk4_U_9eb21beff6_Utterance_1,pamenepo japu wacigwira  anaseka percy pamene ena anali ku kukuwa ataona pa maso pa jasper,Nyanja_NNM_Spk4_U_9eb21beff6_Utterance_1_650_675.wav,2.043
NNM,M,Spk4,U_9eb21beff6,650_675,Nyanja_NNM_Spk4_U_9eb21beff6_Utterance_2,ndimakonda kulankhula ndi karl pa nkhani ya mzinda wa new york ndi zimene munthu angathe kucita kumeneko,Nyanja_NNM_Spk4_U_9eb21beff6_Utterance_2_650_675.wav,11.39
NNM,M,Spk4,U_9eb21beff6,650_675,Nyanja_NNM_Spk4_U_9eb21beff6_Utterance_3,ukuona kuti kukonda wina wace mmene nkukondera ine cipangitsa calo conse kusintha,Nyanja_NNM_Spk4_U_9eb21beff6_Utterance_3_650_675.wav,9.195
NNM,M,Spk4,U_9eb21beff6,650_675,Nyanja_NNM_Spk4_U_9eb21beff6_Utterance_4,akaidi atacotsedwa pa ola/nthawi yoikidwa ija mpholopolo za futi zowerengeka zinalasidwa mzipupa ca miyala,Nyanja_NNM_Spk4_U_9eb21beff6_Utterance_4_650_675.wav,13.932
NNM,M,Spk4,U_9eb21beff6,650_675,Nyanja_NNM_Spk4_U_9eb21beff6_Utterance_5,kodi munalandilako mlendo wa waukada ine nisanapite,Nyanja_NNM_Spk4_U_9eb21beff6_Utterance_5_650_675.wav,7.105
NNM,M,Spk4,U_9eb21beff6,650_675,Nyanja_NNM_Spk4_U_9eb21beff6_Utterance_6,mwani zakumtima zosabvutisa kwa zaka zambiri,Nyanja_NNM_Spk4_U_9eb21beff6_Utterance_6_650_675.wav,5.944
NNM,M,Spk4,U_9eb21beff6,650_675,Nyanja_NNM_Spk4_U_9eb21beff6_Utterance_7,anthu awa oukila ungwilyo wa khristu amatsutsa/amakana atate ndi mwana ndi nchito zao zonse,Nyanja_NNM_Spk4_U_9eb21beff6_Utterance_7_650_675.wav,1.347
NNM,M,Spk4,U_9eb21beff6,650_675,Nyanja_NNM_Spk4_U_9eb21beff6_Utterance_8,pa ici yankho yace inali itaperekedwa mwamsanga-msanga ai tithokoze mulungu ai ndipo kodi zolembedwa izi ndi zanu,Nyanja_NNM_Spk4_U_9eb21beff6_Utterance_8_650_675.wav,13.282
NNM,M,Spk4,U_9eb21beff6,650_675,Nyanja_NNM_Spk4_U_9eb21beff6_Utterance_9,mwatsopano ndiri kuzigwiritsa nchito ngati zimadekho zopangidwa mwaluso mu dimba yanga,Nyanja_NNM_Spk4_U_9eb21beff6_Utterance_9_650_675.wav,0.975
NNM,M,Spk4,U_9eb21beff6,650_675,Nyanja_NNM_Spk4_U_9eb21beff6_Utterance_10,koma sizipyolera zimene ziri mu baibulo azakhali anaterodina,Nyanja_NNM_Spk4_U_9eb21beff6_Utterance_10_650_675.wav,8.22
NNM,M,Spk4,U_9eb21beff6,650_675,Nyanja_NNM_Spk4_U_9eb21beff6_Utterance_11,pa tsiku ya makhumi awiri zisanu ndi ziwiri (27) m'mwezi wa phukira mu caka ca 1837 iye analemba,Nyanja_NNM_Spk4_U_9eb21beff6_Utterance_11_650_675.wav,1.625
NNM,M,Spk4,U_9eb21beff6,650_675,Nyanja_NNM_Spk4_U_9eb21beff6_Utterance_12,pamene anaponya dzala zace zimene zinkafika pansi sizinali patali kwambiri ndi mutu wa uja amene anali kuthawa,Nyanja_NNM_Spk4_U_9eb21beff6_Utterance_12_650_675.wav,13.745
NNM,M,Spk4,U_9eb21beff6,650_675,Nyanja_NNM_Spk4_U_9eb21beff6_Utterance_13,kukumbukira kuyenera kukhala cinthu cimene cinacitika ndipo cilipo mu njira ina cofanana mwina cndi cimene cili kukumbukidwa,Nyanja_NNM_Spk4_U_9eb21beff6_Utterance_13_650_675.wav,17.833
NNM,M,Spk4,U_9eb21beff6,650_675,Nyanja_NNM_Spk4_U_9eb21beff6_Utterance_14,eeeh zolembedwa za mtundu wotani zimene nawerenga cithunzithunzi cotani cimene ndaonapo cilungamo coipa bwanji,Nyanja_NNM_Spk4_U_9eb21beff6_Utterance_14_650_675.wav,15.024
NNM,M,Spk4,U_9eb21beff6,650_675,Nyanja_NNM_Spk4_U_9eb21beff6_Utterance_15,iye analira ali kuimikira dzanja lanthor amene anali patsogoro pace pofuna kusimikidza kuti kunalibe ziwanda (zipuku) patsogoro pace,Nyanja_NNM_Spk4_U_9eb21beff6_Utterance_15_650_675.wav,18.87
NNM,M,Spk4,U_9eb21beff6,650_675,Nyanja_NNM_Spk4_U_9eb21beff6_Utterance_16,ndipo ukhala ndi ka gulu ako kakang'ono kodi ndiwe okondwera,Nyanja_NNM_Spk4_U_9eb21beff6_Utterance_16_650_675.wav,8.22
NNM,M,Spk4,U_9eb21beff6,650_675,Nyanja_NNM_Spk4_U_9eb21beff6_Utterance_17,ndimawaona akugona pansi  mopanda thandizo iliyonse akulira kulibe wina aliyense owayanka kulibe wina okusangalatsani ndi cimwemwe ca mai,Nyanja_NNM_Spk4_U_9eb21beff6_Utterance_17_650_675.wav,16.393
NNM,M,Spk4,U_9eb21beff6,650_675,Nyanja_NNM_Spk4_U_9eb21beff6_Utterance_18,nambala ya khumi nelli akukudikhilani mugone bwino amuna anga,Nyanja_NNM_Spk4_U_9eb21beff6_Utterance_18_650_675.wav,7.105
NNM,M,Spk4,U_9eb21beff6,650_675,Nyanja_NNM_Spk4_U_9eb21beff6_Utterance_19,tonsefe tinamenya ku mbali ina yace ya bwato,Nyanja_NNM_Spk4_U_9eb21beff6_Utterance_19_650_675.wav,6.641
NNM,M,Spk4,U_9eb21beff6,650_675,Nyanja_NNM_Spk4_U_9eb21beff6_Utterance_20,cokonkhapo kunabwera mpata wa oliva kuti athandizire  mu myambo,Nyanja_NNM_Spk4_U_9eb21beff6_Utterance_20_650_675.wav,5.712
NNM,M,Spk4,U_9eb21beff6,650_675,Nyanja_NNM_Spk4_U_9eb21beff6_Utterance_21,musamalileni ndipo muiwaleko za cilengedwa ca mulungu,Nyanja_NNM_Spk4_U_9eb21beff6_Utterance_21_650_675.wav,4.69
NNM,M,Spk4,U_9eb21beff6,650_675,Nyanja_NNM_Spk4_U_9eb21beff6_Utterance_22,inde ndikhulupilira kuti tili conco ndinayankha mopewetsa koma pamene tinangogwiritsa nchito kanjira koonjezedwa,Nyanja_NNM_Spk4_U_9eb21beff6_Utterance_22_650_675.wav,18.112
NNM,M,Spk4,U_9eb21beff6,650_675,Nyanja_NNM_Spk4_U_9eb21beff6_Utterance_23,mwanzeru zobadwa nazo zimene zili mwa wina aliyense nzeru zimene ziletsa wina kumaika ndalama zace pa mpikitsano wa mathamangidwe,Nyanja_NNM_Spk4_U_9eb21beff6_Utterance_23_650_675.wav,18.994
NNM,M,Spk4,U_9eb21beff6,650_675,Nyanja_NNM_Spk4_U_9eb21beff6_Utterance_24,ndinali kugwira nchito yosunga bwino mabuku a nchito pa nchito ndipo cinali capafupi kwaine kutenga cheke ndikulemba siginacala yopeeka (yabooza),Nyanja_NNM_Spk4_U_9eb21beff6_Utterance_24_650_675.wav,13.514
NNM,M,Spk4,U_9eb21beff6,650_675,Nyanja_NNM_Spk4_U_9eb21beff6_Utterance_25,kwa ka nthawi gilchrist ndi dzanja yace yoimitsidwa anayesesa kuika bwino zimene zinapezeka mu zolemba zace,Nyanja_NNM_Spk4_U_9eb21beff6_Utterance_25_650_675.wav,13.932
NNM,M,Spk4,U_1842608ade,675_700,Nyanja_NNM_Spk4_U_1842608ade_Utterance_1,mwantsopano rodolfo anakwanitsa kugwira leocadia mosamala na muika  mu citolokosi ndi mnyumba yace,Nyanja_NNM_Spk4_U_1842608ade_Utterance_1_675_700.wav,10.31
NNM,M,Spk4,U_1842608ade,675_700,Nyanja_NNM_Spk4_U_1842608ade_Utterance_2,ndi apo cabe pamene pali zinthu monga mikumbi ndi moto,Nyanja_NNM_Spk4_U_1842608ade_Utterance_2_675_700.wav,5.315
NNM,M,Spk4,U_1842608ade,675_700,Nyanja_NNM_Spk4_U_1842608ade_Utterance_3,pa ciweru pa tsiku ya khumi ndi zisanu mu mwezi wa phukira nyanja sinali yotseguka konseku ndipo kunalibe malo ali onse a kutsidya amene anali kuonekera,Nyanja_NNM_Spk4_U_1842608ade_Utterance_3_675_700.wav,14.915
NNM,M,Spk4,U_1842608ade,675_700,Nyanja_NNM_Spk4_U_1842608ade_Utterance_4,mussulmans ndi giaours anazibisa kukamwa ndi kansalu kozipukutira kumaso  ali kuseka  ndipo alibe lute pa zolilitsa zina ziri zonse,Nyanja_NNM_Spk4_U_1842608ade_Utterance_4_675_700.wav,14.69
NNM,M,Spk4,U_1842608ade,675_700,Nyanja_NNM_Spk4_U_1842608ade_Utterance_5,ndakhala wokonzekera kupita kwina kuli konse kwa miyezi isanu ndi umodzi yapitai,Nyanja_NNM_Spk4_U_1842608ade_Utterance_5_675_700.wav,8.585
NNM,M,Spk4,U_1842608ade,675_700,Nyanja_NNM_Spk4_U_1842608ade_Utterance_6,wabwera andella andella inali dzina y ka doli wa mwana jani amene anali kuyendera lozalia,Nyanja_NNM_Spk4_U_1842608ade_Utterance_6_675_700.wav,9.785
NNM,M,Spk4,U_1842608ade,675_700,Nyanja_NNM_Spk4_U_1842608ade_Utterance_7,nkhani yokhayo ya cimwemwe imene inakambidwa ndi imene pa gome(thebulo) pakati pa ine ndi naomi,Nyanja_NNM_Spk4_U_1842608ade_Utterance_7_675_700.wav,11.12
NNM,M,Spk4,U_1842608ade,675_700,Nyanja_NNM_Spk4_U_1842608ade_Utterance_8,ameneyu anali mzimai wabwino kwambiri  bambo ndipo munjira ina ndiganiza kuti anafa,Nyanja_NNM_Spk4_U_1842608ade_Utterance_8_675_700.wav,8.915
NNM,M,Spk4,U_1842608ade,675_700,Nyanja_NNM_Spk4_U_1842608ade_Utterance_9,ndili ndi mantha poti sindidziwa zambiri za malo a oz,Nyanja_NNM_Spk4_U_1842608ade_Utterance_9_675_700.wav,6.05
NNM,M,Spk4,U_1842608ade,675_700,Nyanja_NNM_Spk4_U_1842608ade_Utterance_10,ndipo siunali kufuna kukhala pafupi ndi ine,Nyanja_NNM_Spk4_U_1842608ade_Utterance_10_675_700.wav,4.775
NNM,M,Spk4,U_1842608ade,675_700,Nyanja_NNM_Spk4_U_1842608ade_Utterance_11,mzibambo analowa natenga mapepela imodzi -imodzi  pa gome imene inali ca pakati,Nyanja_NNM_Spk4_U_1842608ade_Utterance_11_675_700.wav,7.595
NNM,M,Spk4,U_1842608ade,675_700,Nyanja_NNM_Spk4_U_1842608ade_Utterance_12,ndinanva m'mafupa anga m'mawa n'tauka kuti cinthu cabwino cidzacitika,Nyanja_NNM_Spk4_U_1842608ade_Utterance_12_675_700.wav,7.445
NNM,M,Spk4,U_1842608ade,675_700,Nyanja_NNM_Spk4_U_1842608ade_Utterance_13,kunena cilungamo iye sangathe kucita izo anatero soames poti ine ndinalowera pa citseko ca mumbalimu,Nyanja_NNM_Spk4_U_1842608ade_Utterance_13_675_700.wav,11.33
NNM,M,Spk4,U_1842608ade,675_700,Nyanja_NNM_Spk4_U_1842608ade_Utterance_14,ungathe kukhala kutali ndi ine ngati ufuna kutero nanga ni liti pamene ndakukonkako,Nyanja_NNM_Spk4_U_1842608ade_Utterance_14_675_700.wav,9.02
NNM,M,Spk4,U_1842608ade,675_700,Nyanja_NNM_Spk4_U_1842608ade_Utterance_15,kulibe tsiku ngakhale imodzi imene pa matsiku dzana imene ndi tsiku ya cimwemwe cotheratu ndipo ya dzuwa ikuwala kotheratu,Nyanja_NNM_Spk4_U_1842608ade_Utterance_15_675_700.wav,14.915
NNM,M,Spk4,U_1842608ade,675_700,Nyanja_NNM_Spk4_U_1842608ade_Utterance_16,koma kusiyana mu zonse sikuli pa zimenezo kusamaziika nzeru,Nyanja_NNM_Spk4_U_1842608ade_Utterance_16_675_700.wav,7.4
NNM,M,Spk4,U_1842608ade,675_700,Nyanja_NNM_Spk4_U_1842608ade_Utterance_17,ndimakupemphelera  koma sicimodzi-modzi ngati kuti iwe wekha wazipemphelera,Nyanja_NNM_Spk4_U_1842608ade_Utterance_17_675_700.wav,7.55
NNM,M,Spk4,U_1842608ade,675_700,Nyanja_NNM_Spk4_U_1842608ade_Utterance_18,ukuona mzanga iyi ndi nkhani ya cilombo coopsya ca pa madzi (narwhale),Nyanja_NNM_Spk4_U_1842608ade_Utterance_18_675_700.wav,6.575
NNM,M,Spk4,U_1842608ade,675_700,Nyanja_NNM_Spk4_U_1842608ade_Utterance_19,ndinatenga zibangili za golide zitsanu mu bokosi la cuma ndi kuzipatsa kwa iye,Nyanja_NNM_Spk4_U_1842608ade_Utterance_19_675_700.wav,7.61
NNM,M,Spk4,U_1842608ade,675_700,Nyanja_NNM_Spk4_U_1842608ade_Utterance_20,anali ngati bmbo wanga munjira ina koma sanali atate anga,Nyanja_NNM_Spk4_U_1842608ade_Utterance_20_675_700.wav,5.885
NNM,M,Spk4,U_1842608ade,675_700,Nyanja_NNM_Spk4_U_1842608ade_Utterance_21,bambo will okalamba aja ndi munthu wabwino koma ndi osauka komanso wopanda thandizo iliyonse kucokerab pameneakazi a bambo rodges anapezekera mu ngozi,Nyanja_NNM_Spk4_U_1842608ade_Utterance_21_675_700.wav,16.985
NNM,M,Spk4,U_1842608ade,675_700,Nyanja_NNM_Spk4_U_1842608ade_Utterance_22,ndikhulupilira kuti wakhala  mtsikana wa bwino kwambiri kucookera pomwe unacokera kuno andella,Nyanja_NNM_Spk4_U_1842608ade_Utterance_22_675_700.wav,8.855
NNM,M,Spk4,U_1842608ade,675_700,Nyanja_NNM_Spk4_U_1842608ade_Utterance_23,ndikunenetsa bambo harry msikana wa cicepeleyu azachuka usiku walero kodi sazachuka,Nyanja_NNM_Spk4_U_1842608ade_Utterance_23_675_700.wav,10.22
NNM,M,Spk4,U_1842608ade,675_700,Nyanja_NNM_Spk4_U_1842608ade_Utterance_24,ndinaganiza kuti mwina mwace nchito yanga pamene nitasiya sukulu lina nkukhala mphunzitsi wosamalira ana,Nyanja_NNM_Spk4_U_1842608ade_Utterance_24_675_700.wav,11.18
NNM,M,Spk4,U_1842608ade,675_700,Nyanja_NNM_Spk4_U_1842608ade_Utterance_25,iye analephera kudziwa momwe zinayenera kukhalira,Nyanja_NNM_Spk4_U_1842608ade_Utterance_25_675_700.wav,6.185
NNM,M,Spk4,U_1842608ade,650_675,Nyanja_NNM_Spk4_U_1842608ade_Utterance_1,pamenepo japu wacigwira  anaseka percy pamene ena anali ku kukuwa ataona pa maso pa jasper,Nyanja_NNM_Spk4_U_1842608ade_Utterance_1_650_675.wav,8.45
NNM,M,Spk4,U_1842608ade,650_675,Nyanja_NNM_Spk4_U_1842608ade_Utterance_2,ndimakonda kulankhula ndi karl pa nkhani ya mzinda wa new york ndi zimene munthu angathe kucita kumeneko,Nyanja_NNM_Spk4_U_1842608ade_Utterance_2_650_675.wav,9.815
NNM,M,Spk4,U_1842608ade,650_675,Nyanja_NNM_Spk4_U_1842608ade_Utterance_3,ukuona kuti kukonda wina wace mmene nkukondera ine cipangitsa calo conse kusintha,Nyanja_NNM_Spk4_U_1842608ade_Utterance_3_650_675.wav,8.405
NNM,M,Spk4,U_1842608ade,650_675,Nyanja_NNM_Spk4_U_1842608ade_Utterance_4,akaidi atacotsedwa pa ola/nthawi yoikidwa ija mpholopolo za futi zowerengeka zinalasidwa mzipupa ca miyala,Nyanja_NNM_Spk4_U_1842608ade_Utterance_4_650_675.wav,12.14
NNM,M,Spk4,U_1842608ade,650_675,Nyanja_NNM_Spk4_U_1842608ade_Utterance_5,kodi munalandilako mlendo wa waukada ine nisanapite,Nyanja_NNM_Spk4_U_1842608ade_Utterance_5_650_675.wav,5.975
NNM,M,Spk4,U_1842608ade,650_675,Nyanja_NNM_Spk4_U_1842608ade_Utterance_6,mwani zakumtima zosabvutisa kwa zaka zambiri,Nyanja_NNM_Spk4_U_1842608ade_Utterance_6_650_675.wav,4.505
NNM,M,Spk4,U_1842608ade,650_675,Nyanja_NNM_Spk4_U_1842608ade_Utterance_7,anthu awa oukila ungwilyo wa khristu amatsutsa/amakana atate ndi mwana ndi nchito zao zonse,Nyanja_NNM_Spk4_U_1842608ade_Utterance_7_650_675.wav,9.41
NNM,M,Spk4,U_1842608ade,650_675,Nyanja_NNM_Spk4_U_1842608ade_Utterance_8,pa ici yankho yace inali itaperekedwa mwamsanga-msanga ai tithokoze mulungu ai ndipo kodi zolembedwa izi ndi zanu,Nyanja_NNM_Spk4_U_1842608ade_Utterance_8_650_675.wav,11.555
NNM,M,Spk4,U_1842608ade,650_675,Nyanja_NNM_Spk4_U_1842608ade_Utterance_9,mwatsopano ndiri kuzigwiritsa nchito ngati zimadekho zopangidwa mwaluso mu dimba yanga,Nyanja_NNM_Spk4_U_1842608ade_Utterance_9_650_675.wav,8.435
NNM,M,Spk4,U_1842608ade,650_675,Nyanja_NNM_Spk4_U_1842608ade_Utterance_10,koma sizipyolera zimene ziri mu baibulo azakhali anaterodina,Nyanja_NNM_Spk4_U_1842608ade_Utterance_10_650_675.wav,7.205
NNM,M,Spk4,U_1842608ade,650_675,Nyanja_NNM_Spk4_U_1842608ade_Utterance_11,pa tsiku ya makhumi awiri zisanu ndi ziwiri (27) m'mwezi wa phukira mu caka ca 1837 iye analemba,Nyanja_NNM_Spk4_U_1842608ade_Utterance_11_650_675.wav,10.79
NNM,M,Spk4,U_1842608ade,650_675,Nyanja_NNM_Spk4_U_1842608ade_Utterance_12,pamene anaponya dzala zace zimene zinkafika pansi sizinali patali kwambiri ndi mutu wa uja amene anali kuthawa,Nyanja_NNM_Spk4_U_1842608ade_Utterance_12_650_675.wav,11.84
NNM,M,Spk4,U_1842608ade,650_675,Nyanja_NNM_Spk4_U_1842608ade_Utterance_13,kukumbukira kuyenera kukhala cinthu cimene cinacitika ndipo cilipo mu njira ina cofanana mwina cndi cimene cili kukumbukidwa,Nyanja_NNM_Spk4_U_1842608ade_Utterance_13_650_675.wav,12.125
NNM,M,Spk4,U_1842608ade,650_675,Nyanja_NNM_Spk4_U_1842608ade_Utterance_14,eeeh zolembedwa za mtundu wotani zimene nawerenga cithunzithunzi cotani cimene ndaonapo cilungamo coipa bwanji,Nyanja_NNM_Spk4_U_1842608ade_Utterance_14_650_675.wav,13.355
NNM,M,Spk4,U_1842608ade,650_675,Nyanja_NNM_Spk4_U_1842608ade_Utterance_15,iye analira ali kuimikira dzanja lanthor amene anali patsogoro pace pofuna kusimikidza kuti kunalibe ziwanda (zipuku) patsogoro pace,Nyanja_NNM_Spk4_U_1842608ade_Utterance_15_650_675.wav,13.49
NNM,M,Spk4,U_1842608ade,650_675,Nyanja_NNM_Spk4_U_1842608ade_Utterance_16,ndipo ukhala ndi ka gulu ako kakang'ono kodi ndiwe okondwera,Nyanja_NNM_Spk4_U_1842608ade_Utterance_16_650_675.wav,6.62
NNM,M,Spk4,U_1842608ade,650_675,Nyanja_NNM_Spk4_U_1842608ade_Utterance_17,ndimawaona akugona pansi  mopanda thandizo iliyonse akulira kulibe wina aliyense owayanka kulibe wina okusangalatsani ndi cimwemwe ca mai,Nyanja_NNM_Spk4_U_1842608ade_Utterance_17_650_675.wav,16.34
NNM,M,Spk4,U_1842608ade,650_675,Nyanja_NNM_Spk4_U_1842608ade_Utterance_18,nambala ya khumi nelli akukudikhilani mugone bwino amuna anga,Nyanja_NNM_Spk4_U_1842608ade_Utterance_18_650_675.wav,7.055
NNM,M,Spk4,U_1842608ade,650_675,Nyanja_NNM_Spk4_U_1842608ade_Utterance_19,tonsefe tinamenya ku mbali ina yace ya bwato,Nyanja_NNM_Spk4_U_1842608ade_Utterance_19_650_675.wav,5.525
NNM,M,Spk4,U_1842608ade,650_675,Nyanja_NNM_Spk4_U_1842608ade_Utterance_20,cokonkhapo kunabwera mpata wa oliva kuti athandizire  mu myambo,Nyanja_NNM_Spk4_U_1842608ade_Utterance_20_650_675.wav,6.8
NNM,M,Spk4,U_1842608ade,650_675,Nyanja_NNM_Spk4_U_1842608ade_Utterance_21,musamalileni ndipo muiwaleko za cilengedwa ca mulungu,Nyanja_NNM_Spk4_U_1842608ade_Utterance_21_650_675.wav,6.215
NNM,M,Spk4,U_1842608ade,650_675,Nyanja_NNM_Spk4_U_1842608ade_Utterance_22,inde ndikhulupilira kuti tili conco ndinayankha mopewetsa koma pamene tinangogwiritsa nchito kanjira koonjezedwa,Nyanja_NNM_Spk4_U_1842608ade_Utterance_22_650_675.wav,12.44
NNM,M,Spk4,U_1842608ade,650_675,Nyanja_NNM_Spk4_U_1842608ade_Utterance_23,mwanzeru zobadwa nazo zimene zili mwa wina aliyense nzeru zimene ziletsa wina kumaika ndalama zace pa mpikitsano wa mathamangidwe,Nyanja_NNM_Spk4_U_1842608ade_Utterance_23_650_675.wav,14.585
NNM,M,Spk4,U_1842608ade,650_675,Nyanja_NNM_Spk4_U_1842608ade_Utterance_24,ndinali kugwira nchito yosunga bwino mabuku a nchito pa nchito ndipo cinali capafupi kwaine kutenga cheke ndikulemba siginacala yopeeka (yabooza),Nyanja_NNM_Spk4_U_1842608ade_Utterance_24_650_675.wav,14.255
NNM,M,Spk4,U_1842608ade,650_675,Nyanja_NNM_Spk4_U_1842608ade_Utterance_25,kwa ka nthawi gilchrist ndi dzanja yace yoimitsidwa anayesesa kuika bwino zimene zinapezeka mu zolemba zace,Nyanja_NNM_Spk4_U_1842608ade_Utterance_25_650_675.wav,12.643
NNM,M,Spk6,U_032c9c3a16,750_775,Nyanja_NNM_Spk6_U_032c9c3a16_Utterance_1,obvina nyimbo anayamba ndipo kunveka kwace kunali kokooma kwambiri,Nyanja_NNM_Spk6_U_032c9c3a16_Utterance_1_750_775.wav,8.522
NNM,M,Spk6,U_032c9c3a16,750_775,Nyanja_NNM_Spk6_U_032c9c3a16_Utterance_2,sindine omasuka pa cimeneco kaya nciani sindingathe ndi kubisa komwe,Nyanja_NNM_Spk6_U_032c9c3a16_Utterance_2_750_775.wav,9.013
NNM,M,Spk6,U_032c9c3a16,750_775,Nyanja_NNM_Spk6_U_032c9c3a16_Utterance_3,mbava ya panyanja inati mfumu nandiyangana mwaukali,Nyanja_NNM_Spk6_U_032c9c3a16_Utterance_3_750_775.wav,8.318
NNM,M,Spk6,U_032c9c3a16,750_775,Nyanja_NNM_Spk6_U_032c9c3a16_Utterance_4,mwwaico osalankhula nane pa za momwe muonera zinthu kapena za phindu lace kutsogoro,Nyanja_NNM_Spk6_U_032c9c3a16_Utterance_4_750_775.wav,11.397
NNM,M,Spk6,U_032c9c3a16,750_775,Nyanja_NNM_Spk6_U_032c9c3a16_Utterance_5,mbili yazoona kukhala zinthu zonse zimene onena mbiliyo akumana nazo mu zonse,Nyanja_NNM_Spk6_U_032c9c3a16_Utterance_5_750_775.wav,10.181
NNM,M,Spk6,U_032c9c3a16,750_775,Nyanja_NNM_Spk6_U_032c9c3a16_Utterance_6,kuli mtsikana wina amene akhala akubwera pano kawiri kuti alankhuzane ndi anyamata anga koma ndakana kumlola kucita tero,Nyanja_NNM_Spk6_U_032c9c3a16_Utterance_6_750_775.wav,16.851
NNM,M,Spk6,U_032c9c3a16,750_775,Nyanja_NNM_Spk6_U_032c9c3a16_Utterance_7,kwambiri ndithu iye yekha akuoneka ngati olemekezeka ndiponso ngati mphunzitsi,Nyanja_NNM_Spk6_U_032c9c3a16_Utterance_7_750_775.wav,9.457
NNM,M,Spk6,U_032c9c3a16,750_775,Nyanja_NNM_Spk6_U_032c9c3a16_Utterance_8,tinakhala pamodzi ndi kwa knthawi kakang'ono titadya cakudya ca m'madzulo napita kumbali kwa nyanja,Nyanja_NNM_Spk6_U_032c9c3a16_Utterance_8_750_775.wav,12.514
NNM,M,Spk6,U_032c9c3a16,750_775,Nyanja_NNM_Spk6_U_032c9c3a16_Utterance_9,ndipo anapanga molowetsa nzimbe yace mwapang'ono ca ku holo yabrandon pamaphewa ace,Nyanja_NNM_Spk6_U_032c9c3a16_Utterance_9_750_775.wav,10.61
NNM,M,Spk6,U_032c9c3a16,750_775,Nyanja_NNM_Spk6_U_032c9c3a16_Utterance_10,ndi m'mene mu mphweya mumakhalira itafika ulemelero uyu kuti cikhale cothera,Nyanja_NNM_Spk6_U_032c9c3a16_Utterance_10_750_775.wav,10.305
NNM,M,Spk6,U_032c9c3a16,750_775,Nyanja_NNM_Spk6_U_032c9c3a16_Utterance_11,comela ciliconse mmaudzu cimaikidwa mwaubwino cimakula bwino ndipo cingathe kukhala comwe mukufuna kopanda bvuto lililonse,Nyanja_NNM_Spk6_U_032c9c3a16_Utterance_11_750_775.wav,17.06
NNM,M,Spk6,U_032c9c3a16,750_775,Nyanja_NNM_Spk6_U_032c9c3a16_Utterance_12,nyimbo za lamya yace zinalila mosangalatsa m'matu mwa warrenton ndipo posacedwa cibwenzi cabwino cinayamba pakati pao,Nyanja_NNM_Spk6_U_032c9c3a16_Utterance_12_750_775.wav,0.561
NNM,M,Spk6,U_032c9c3a16,750_775,Nyanja_NNM_Spk6_U_032c9c3a16_Utterance_13,ntaona kuti ndili bwino kwambiri  nanenso ningathe kupita kukaona a mfumu,Nyanja_NNM_Spk6_U_032c9c3a16_Utterance_13_750_775.wav,9.512
NNM,M,Spk6,U_032c9c3a16,750_775,Nyanja_NNM_Spk6_U_032c9c3a16_Utterance_14,pomwepo kwangwala anauluka kuchoka pa msambo anali namthamangila mwansanga-msanga,Nyanja_NNM_Spk6_U_032c9c3a16_Utterance_14_750_775.wav,11.489
NNM,M,Spk6,U_032c9c3a16,750_775,Nyanja_NNM_Spk6_U_032c9c3a16_Utterance_15,kodi cikutanthauza kuti kuthetsa cikondi ikani  pendulous pakati pa zolilitsa ndi zolilitsa,Nyanja_NNM_Spk6_U_032c9c3a16_Utterance_15_750_775.wav,11.135
NNM,M,Spk6,U_032c9c3a16,750_775,Nyanja_NNM_Spk6_U_032c9c3a16_Utterance_16,ndipo ndizapatsa ii lamulo yakuti anthu anga sazausiyani konse,Nyanja_NNM_Spk6_U_032c9c3a16_Utterance_16_750_775.wav,8.936
NNM,M,Spk6,U_032c9c3a16,750_775,Nyanja_NNM_Spk6_U_032c9c3a16_Utterance_17,mocedwa ku mapatsidwe a moni pa calo  mofulumira ndi ngati angelo alankhula,Nyanja_NNM_Spk6_U_032c9c3a16_Utterance_17_750_775.wav,11.626
NNM,M,Spk6,U_032c9c3a16,750_775,Nyanja_NNM_Spk6_U_032c9c3a16_Utterance_18,ndipo muzicitidwe zace zakumathero anagwera mu cimo cakale co zikweza,Nyanja_NNM_Spk6_U_032c9c3a16_Utterance_18_750_775.wav,13.665
NNM,M,Spk6,U_032c9c3a16,750_775,Nyanja_NNM_Spk6_U_032c9c3a16_Utterance_19,kulibe wina osapambana apo amene angakhale nao mpata,Nyanja_NNM_Spk6_U_032c9c3a16_Utterance_19_750_775.wav,7.688
NNM,M,Spk6,U_032c9c3a16,750_775,Nyanja_NNM_Spk6_U_032c9c3a16_Utterance_20,amagwiridzanitsa zinthu zonse ndipo nthawi zina muzandipedza ndikuwaitana kuti odziwa kwambiri za mitundu nthawi zina akatwiri a chiaroscurist,Nyanja_NNM_Spk6_U_032c9c3a16_Utterance_20_750_775.wav,25.288
NNM,M,Spk6,U_032c9c3a16,750_775,Nyanja_NNM_Spk6_U_032c9c3a16_Utterance_21,ma dalaware ndi ana afulu ndipo akupambana mbawala kathamangidwe,Nyanja_NNM_Spk6_U_032c9c3a16_Utterance_21_750_775.wav,10.348
NNM,M,Spk6,U_032c9c3a16,750_775,Nyanja_NNM_Spk6_U_032c9c3a16_Utterance_22,mu mbale momwemo iye anathiramo zinthu kucokera mu zikopo sosiyana-siyana,Nyanja_NNM_Spk6_U_032c9c3a16_Utterance_22_750_775.wav,13.831
NNM,M,Spk6,U_032c9c3a16,750_775,Nyanja_NNM_Spk6_U_032c9c3a16_Utterance_23,tikufunitsitsa kulankhula  naye anatero kenneth lankhulani,Nyanja_NNM_Spk6_U_032c9c3a16_Utterance_23_750_775.wav,5.747
NNM,M,Spk6,U_032c9c3a16,750_775,Nyanja_NNM_Spk6_U_032c9c3a16_Utterance_24,ai bambo akalibe kupita kuli rosseter ku kaona bambo west(madzulo) omwe ndi aphindu kwambiri pa nkhani ya ubweya,Nyanja_NNM_Spk6_U_032c9c3a16_Utterance_24_750_775.wav,15.041
NNM,M,Spk6,U_032c9c3a16,750_775,Nyanja_NNM_Spk6_U_032c9c3a16_Utterance_25,m'mene wa fililira kucookera pamene unabwera kunyumba kunodilakalaka kutikuti ndinali ndi ogwira nchito yothamanga kuti mwina andimweteleko udzu mu ochadi(malo amene mmuli zipatso zosiyana siyana),Nyanja_NNM_Spk6_U_032c9c3a16_Utterance_25_750_775.wav,32.824
NNM,M,Spk6,U_032c9c3a16,775_800,Nyanja_NNM_Spk6_U_032c9c3a16_Utterance_1,mayendedwe amenewa sanali a bambo gamewell acikulile mwana iwe tsiku ino yafika/yaonekera pooyera,Nyanja_NNM_Spk6_U_032c9c3a16_Utterance_1_775_800.wav,10.414
NNM,M,Spk6,U_032c9c3a16,775_800,Nyanja_NNM_Spk6_U_032c9c3a16_Utterance_2,iwo analondola kaidi mnjira zosiyana-siyana zimene zinkanakumana,Nyanja_NNM_Spk6_U_032c9c3a16_Utterance_2_775_800.wav,8.443
NNM,M,Spk6,U_032c9c3a16,775_800,Nyanja_NNM_Spk6_U_032c9c3a16_Utterance_3,atangorowa mu cipinda ca mpeni wa ukulu a boolooroo anakuuwa mosakhutilitsidwa,Nyanja_NNM_Spk6_U_032c9c3a16_Utterance_3_775_800.wav,11.122
NNM,M,Spk6,U_032c9c3a16,775_800,Nyanja_NNM_Spk6_U_032c9c3a16_Utterance_4,atadwala ndi kubvutika okondedwa anabvutika mu maganizo ndipo anaopa kwambiri,Nyanja_NNM_Spk6_U_032c9c3a16_Utterance_4_775_800.wav,11.134
NNM,M,Spk6,U_032c9c3a16,775_800,Nyanja_NNM_Spk6_U_032c9c3a16_Utterance_5,mutu wa kamsikana kamene kanali kusoka ndi cimene cinalengetsa kuti kakhale kofuna kudziwitsitsa.,Nyanja_NNM_Spk6_U_032c9c3a16_Utterance_5_775_800.wav,16.753
NNM,M,Spk6,U_032c9c3a16,775_800,Nyanja_NNM_Spk6_U_032c9c3a16_Utterance_6,izo zinali koma kulila kwa mitengo imene inali kuthonya madzi mumdima,Nyanja_NNM_Spk6_U_032c9c3a16_Utterance_6_775_800.wav,10.879
NNM,M,Spk6,U_032c9c3a16,775_800,Nyanja_NNM_Spk6_U_032c9c3a16_Utterance_7,philipo motero anawerenga mokwanira mu nyumba yosungilamo mabuku yocedwa astor  naganizira pa za kulemba mabuku yowerengedwa yamene yazapangitsa anthu kuonetsa cifunilo cofuna kudziwa ndipo anaonetsadi nzeru zace zakuya,Nyanja_NNM_Spk6_U_032c9c3a16_Utterance_7_775_800.wav,34.83
NNM,M,Spk6,U_032c9c3a16,775_800,Nyanja_NNM_Spk6_U_032c9c3a16_Utterance_8,kukhala tero(ndi moyo) kapena ai iyo ndiyo funso ngati mwina cili coyenera,Nyanja_NNM_Spk6_U_032c9c3a16_Utterance_8_775_800.wav,8.696
NNM,M,Spk6,U_032c9c3a16,775_800,Nyanja_NNM_Spk6_U_032c9c3a16_Utterance_9,robin analowa mnyumba akuguuza ompelekedza amene sanali kufuna,Nyanja_NNM_Spk6_U_032c9c3a16_Utterance_9_775_800.wav,7.407
NNM,M,Spk6,U_032c9c3a16,775_800,Nyanja_NNM_Spk6_U_032c9c3a16_Utterance_10,kodi mwawafunsa amake pa za nchito imene mufuna kumacita kutsogoroku ndikhulupilira nchitoyo ndiyo imene afuna,Nyanja_NNM_Spk6_U_032c9c3a16_Utterance_10_775_800.wav,18.634
NNM,M,Spk6,U_032c9c3a16,775_800,Nyanja_NNM_Spk6_U_032c9c3a16_Utterance_11,mu maganizo anga mwakhala muli cinthu coipa cimene sindinvetsetsa pa ma ndeu a mumabanja,Nyanja_NNM_Spk6_U_032c9c3a16_Utterance_11_775_800.wav,14.977
NNM,M,Spk6,U_032c9c3a16,775_800,Nyanja_NNM_Spk6_U_032c9c3a16_Utterance_12,muzandinyamulako ndi kupita nane pamodzin ndi inu kodi muzatero a gulu locedwa count,Nyanja_NNM_Spk6_U_032c9c3a16_Utterance_12_775_800.wav,8.522
NNM,M,Spk6,U_032c9c3a16,775_800,Nyanja_NNM_Spk6_U_032c9c3a16_Utterance_13,kodi mwina mungakhale odabwa kodi mungathe kuyamba zopanga zanu,Nyanja_NNM_Spk6_U_032c9c3a16_Utterance_13_775_800.wav,5.991
NNM,M,Spk6,U_032c9c3a16,775_800,Nyanja_NNM_Spk6_U_032c9c3a16_Utterance_14,umodzi mwa ife amakhalabe mbwato pamene ena atafika kale ku mtunda,Nyanja_NNM_Spk6_U_032c9c3a16_Utterance_14_775_800.wav,4.621
NNM,M,Spk6,U_032c9c3a16,775_800,Nyanja_NNM_Spk6_U_032c9c3a16_Utterance_15,koma mdima umene utayamba kukula mu cipinda ca sukulu unamubitsa maganizo ace belu inalira,Nyanja_NNM_Spk6_U_032c9c3a16_Utterance_15_775_800.wav,12.817
NNM,M,Spk6,U_032c9c3a16,775_800,Nyanja_NNM_Spk6_U_032c9c3a16_Utterance_16,anapita apo ndi kuli konse atakhutilitsidwa kotheratu,Nyanja_NNM_Spk6_U_032c9c3a16_Utterance_16_775_800.wav,6.85
NNM,M,Spk6,U_032c9c3a16,775_800,Nyanja_NNM_Spk6_U_032c9c3a16_Utterance_17,nafa koma ndikudandaula ndipo palibe amene akunva mau angaaaa,Nyanja_NNM_Spk6_U_032c9c3a16_Utterance_17_775_800.wav,5.77
NNM,M,Spk6,U_032c9c3a16,775_800,Nyanja_NNM_Spk6_U_032c9c3a16_Utterance_18,pa nthawi imeneyo wacinyamata analowa atanyamula cinthu ca cikulu cobitsidwa ndi ka dunswa ka cinthu kobiliwira,Nyanja_NNM_Spk6_U_032c9c3a16_Utterance_18_775_800.wav,0.929
NNM,M,Spk6,U_032c9c3a16,775_800,Nyanja_NNM_Spk6_U_032c9c3a16_Utterance_19,angathe kuunguza/kuonetsetsa ma pepalawa mu ofesi yao,Nyanja_NNM_Spk6_U_032c9c3a16_Utterance_19_775_800.wav,5.851
NNM,M,Spk6,U_032c9c3a16,775_800,Nyanja_NNM_Spk6_U_032c9c3a16_Utterance_20,mphepete mwa ka njira kopita mu mzinda anyamata acicepele ali kusekelera anali kupita,Nyanja_NNM_Spk6_U_032c9c3a16_Utterance_20_775_800.wav,11.006
NNM,M,Spk6,U_032c9c3a16,775_800,Nyanja_NNM_Spk6_U_032c9c3a16_Utterance_21,anaima mwamsanga-msanga ndi kusonyeza cizindikilo ndi ziwalo za thupi lao mozikweza cimene cinalengesa alendo ao kukooka mpweeya modabwa,Nyanja_NNM_Spk6_U_032c9c3a16_Utterance_21_775_800.wav,21.502
NNM,M,Spk6,U_032c9c3a16,775_800,Nyanja_NNM_Spk6_U_032c9c3a16_Utterance_22,koma phindu yace yeni=yeni ndi citonthozo ca mau athu pa macimo ao ndiyotaika pakati pao,Nyanja_NNM_Spk6_U_032c9c3a16_Utterance_22_775_800.wav,15.616
NNM,M,Spk6,U_032c9c3a16,775_800,Nyanja_NNM_Spk6_U_032c9c3a16_Utterance_23,kucokera ku zikwi madzana asanu zapakhosi atatu achimwemwe analowa molondolana,Nyanja_NNM_Spk6_U_032c9c3a16_Utterance_23_775_800.wav,12.434
NNM,M,Spk6,U_032c9c3a16,775_800,Nyanja_NNM_Spk6_U_032c9c3a16_Utterance_24,pamene ninali pafupi kufika ku cipinda cako ndinaonetsetsa/ ndinaunguza-unguza dzenera yako,Nyanja_NNM_Spk6_U_032c9c3a16_Utterance_24_775_800.wav,10.786
NNM,M,Spk6,U_032c9c3a16,775_800,Nyanja_NNM_Spk6_U_032c9c3a16_Utterance_25,kodi ncifukwa ninji tingamaletserana mu m'malo momwe ena mwaife akhala-,Nyanja_NNM_Spk6_U_032c9c3a16_Utterance_25_775_800.wav,8.603
NNM,M,Spk6,U_d434b526ae,750_775,Nyanja_NNM_Spk6_U_d434b526ae_Utterance_1,obvina nyimbo anayamba ndipo kunveka kwace kunali kokooma kwambiri,Nyanja_NNM_Spk6_U_d434b526ae_Utterance_1_750_775.wav,8.945
NNM,M,Spk6,U_d434b526ae,750_775,Nyanja_NNM_Spk6_U_d434b526ae_Utterance_2,sindine omasuka pa cimeneco kaya nciani sindingathe ndi kubisa komwe,Nyanja_NNM_Spk6_U_d434b526ae_Utterance_2_750_775.wav,6.596
NNM,M,Spk6,U_d434b526ae,750_775,Nyanja_NNM_Spk6_U_d434b526ae_Utterance_3,mbava ya panyanja inati mfumu nandiyangana mwaukali,Nyanja_NNM_Spk6_U_d434b526ae_Utterance_3_750_775.wav,3.84
NNM,M,Spk6,U_d434b526ae,750_775,Nyanja_NNM_Spk6_U_d434b526ae_Utterance_4,mwwaico osalankhula nane pa za momwe muonera zinthu kapena za phindu lace kutsogoro,Nyanja_NNM_Spk6_U_d434b526ae_Utterance_4_750_775.wav,7.87
NNM,M,Spk6,U_d434b526ae,750_775,Nyanja_NNM_Spk6_U_d434b526ae_Utterance_5,mbili yazoona kukhala zinthu zonse zimene onena mbiliyo akumana nazo mu zonse,Nyanja_NNM_Spk6_U_d434b526ae_Utterance_5_750_775.wav,7.5
NNM,M,Spk6,U_d434b526ae,750_775,Nyanja_NNM_Spk6_U_d434b526ae_Utterance_6,kuli mtsikana wina amene akhala akubwera pano kawiri kuti alankhuzane ndi anyamata anga koma ndakana kumlola kucita tero,Nyanja_NNM_Spk6_U_d434b526ae_Utterance_6_750_775.wav,9.485
NNM,M,Spk6,U_d434b526ae,750_775,Nyanja_NNM_Spk6_U_d434b526ae_Utterance_7,kwambiri ndithu iye yekha akuoneka ngati olemekezeka ndiponso ngati mphunzitsi,Nyanja_NNM_Spk6_U_d434b526ae_Utterance_7_750_775.wav,8.719
NNM,M,Spk6,U_d434b526ae,750_775,Nyanja_NNM_Spk6_U_d434b526ae_Utterance_8,tinakhala pamodzi ndi kwa knthawi kakang'ono titadya cakudya ca m'madzulo napita kumbali kwa nyanja,Nyanja_NNM_Spk6_U_d434b526ae_Utterance_8_750_775.wav,5.24
NNM,M,Spk6,U_d434b526ae,750_775,Nyanja_NNM_Spk6_U_d434b526ae_Utterance_9,ndipo anapanga molowetsa nzimbe yace mwapang'ono ca ku holo yabrandon pamaphewa ace,Nyanja_NNM_Spk6_U_d434b526ae_Utterance_9_750_775.wav,6.62
NNM,M,Spk6,U_d434b526ae,750_775,Nyanja_NNM_Spk6_U_d434b526ae_Utterance_10,ndi m'mene mu mphweya mumakhalira itafika ulemelero uyu kuti cikhale cothera,Nyanja_NNM_Spk6_U_d434b526ae_Utterance_10_750_775.wav,5.435
NNM,M,Spk6,U_d434b526ae,750_775,Nyanja_NNM_Spk6_U_d434b526ae_Utterance_11,comela ciliconse mmaudzu cimaikidwa mwaubwino cimakula bwino ndipo cingathe kukhala comwe mukufuna kopanda bvuto lililonse,Nyanja_NNM_Spk6_U_d434b526ae_Utterance_11_750_775.wav,8.03
NNM,M,Spk6,U_d434b526ae,750_775,Nyanja_NNM_Spk6_U_d434b526ae_Utterance_12,nyimbo za lamya yace zinalila mosangalatsa m'matu mwa warrenton ndipo posacedwa cibwenzi cabwino cinayamba pakati pao,Nyanja_NNM_Spk6_U_d434b526ae_Utterance_12_750_775.wav,8.93
NNM,M,Spk6,U_d434b526ae,750_775,Nyanja_NNM_Spk6_U_d434b526ae_Utterance_13,ntaona kuti ndili bwino kwambiri  nanenso ningathe kupita kukaona a mfumu,Nyanja_NNM_Spk6_U_d434b526ae_Utterance_13_750_775.wav,5.15
NNM,M,Spk6,U_d434b526ae,750_775,Nyanja_NNM_Spk6_U_d434b526ae_Utterance_14,pomwepo kwangwala anauluka kuchoka pa msambo anali namthamangila mwansanga-msanga,Nyanja_NNM_Spk6_U_d434b526ae_Utterance_14_750_775.wav,6.47
NNM,M,Spk6,U_d434b526ae,750_775,Nyanja_NNM_Spk6_U_d434b526ae_Utterance_15,kodi cikutanthauza kuti kuthetsa cikondi ikani  pendulous pakati pa zolilitsa ndi zolilitsa,Nyanja_NNM_Spk6_U_d434b526ae_Utterance_15_750_775.wav,7.955
NNM,M,Spk6,U_d434b526ae,750_775,Nyanja_NNM_Spk6_U_d434b526ae_Utterance_16,ndipo ndizapatsa ii lamulo yakuti anthu anga sazausiyani konse,Nyanja_NNM_Spk6_U_d434b526ae_Utterance_16_750_775.wav,5.885
NNM,M,Spk6,U_d434b526ae,750_775,Nyanja_NNM_Spk6_U_d434b526ae_Utterance_17,mocedwa ku mapatsidwe a moni pa calo  mofulumira ndi ngati angelo alankhula,Nyanja_NNM_Spk6_U_d434b526ae_Utterance_17_750_775.wav,6.71
NNM,M,Spk6,U_d434b526ae,750_775,Nyanja_NNM_Spk6_U_d434b526ae_Utterance_18,ndipo muzicitidwe zace zakumathero anagwera mu cimo cakale co zikweza,Nyanja_NNM_Spk6_U_d434b526ae_Utterance_18_750_775.wav,7.805
NNM,M,Spk6,U_d434b526ae,750_775,Nyanja_NNM_Spk6_U_d434b526ae_Utterance_19,kulibe wina osapambana apo amene angakhale nao mpata,Nyanja_NNM_Spk6_U_d434b526ae_Utterance_19_750_775.wav,4.49
NNM,M,Spk6,U_d434b526ae,750_775,Nyanja_NNM_Spk6_U_d434b526ae_Utterance_20,amagwiridzanitsa zinthu zonse ndipo nthawi zina muzandipedza ndikuwaitana kuti odziwa kwambiri za mitundu nthawi zina akatwiri a chiaroscurist,Nyanja_NNM_Spk6_U_d434b526ae_Utterance_20_750_775.wav,13.745
NNM,M,Spk6,U_d434b526ae,750_775,Nyanja_NNM_Spk6_U_d434b526ae_Utterance_21,ma dalaware ndi ana afulu ndipo akupambana mbawala kathamangidwe,Nyanja_NNM_Spk6_U_d434b526ae_Utterance_21_750_775.wav,5.735
NNM,M,Spk6,U_d434b526ae,750_775,Nyanja_NNM_Spk6_U_d434b526ae_Utterance_22,mu mbale momwemo iye anathiramo zinthu kucokera mu zikopo sosiyana-siyana,Nyanja_NNM_Spk6_U_d434b526ae_Utterance_22_750_775.wav,6.065
NNM,M,Spk6,U_d434b526ae,750_775,Nyanja_NNM_Spk6_U_d434b526ae_Utterance_23,tikufunitsitsa kulankhula  naye anatero kenneth lankhulani,Nyanja_NNM_Spk6_U_d434b526ae_Utterance_23_750_775.wav,5.99
NNM,M,Spk6,U_d434b526ae,750_775,Nyanja_NNM_Spk6_U_d434b526ae_Utterance_24,ai bambo akalibe kupita kuli rosseter ku kaona bambo west(madzulo) omwe ndi aphindu kwambiri pa nkhani ya ubweya,Nyanja_NNM_Spk6_U_d434b526ae_Utterance_24_750_775.wav,8.525
NNM,M,Spk6,U_d434b526ae,750_775,Nyanja_NNM_Spk6_U_d434b526ae_Utterance_25,m'mene wa fililira kucookera pamene unabwera kunyumba kunodilakalaka kutikuti ndinali ndi ogwira nchito yothamanga kuti mwina andimweteleko udzu mu ochadi(malo amene mmuli zipatso zosiyana siyana),Nyanja_NNM_Spk6_U_d434b526ae_Utterance_25_750_775.wav,20.24
NNM,M,Spk6,U_d434b526ae,775_800,Nyanja_NNM_Spk6_U_d434b526ae_Utterance_1,mayendedwe amenewa sanali a bambo gamewell acikulile mwana iwe tsiku ino yafika/yaonekera pooyera,Nyanja_NNM_Spk6_U_d434b526ae_Utterance_1_775_800.wav,10.265
NNM,M,Spk6,U_d434b526ae,775_800,Nyanja_NNM_Spk6_U_d434b526ae_Utterance_2,iwo analondola kaidi mnjira zosiyana-siyana zimene zinkanakumana,Nyanja_NNM_Spk6_U_d434b526ae_Utterance_2_775_800.wav,6.11
NNM,M,Spk6,U_d434b526ae,775_800,Nyanja_NNM_Spk6_U_d434b526ae_Utterance_3,atangorowa mu cipinda ca mpeni wa ukulu a boolooroo anakuuwa mosakhutilitsidwa,Nyanja_NNM_Spk6_U_d434b526ae_Utterance_3_775_800.wav,8.855
NNM,M,Spk6,U_d434b526ae,775_800,Nyanja_NNM_Spk6_U_d434b526ae_Utterance_4,atadwala ndi kubvutika okondedwa anabvutika mu maganizo ndipo anaopa kwambiri,Nyanja_NNM_Spk6_U_d434b526ae_Utterance_4_775_800.wav,8.135
NNM,M,Spk6,U_d434b526ae,775_800,Nyanja_NNM_Spk6_U_d434b526ae_Utterance_5,mutu wa kamsikana kamene kanali kusoka ndi cimene cinalengetsa kuti kakhale kofuna kudziwitsitsa.,Nyanja_NNM_Spk6_U_d434b526ae_Utterance_5_775_800.wav,8.255
NNM,M,Spk6,U_d434b526ae,775_800,Nyanja_NNM_Spk6_U_d434b526ae_Utterance_6,izo zinali koma kulila kwa mitengo imene inali kuthonya madzi mumdima,Nyanja_NNM_Spk6_U_d434b526ae_Utterance_6_775_800.wav,6.245
NNM,M,Spk6,U_d434b526ae,775_800,Nyanja_NNM_Spk6_U_d434b526ae_Utterance_7,philipo motero anawerenga mokwanira mu nyumba yosungilamo mabuku yocedwa astor  naganizira pa za kulemba mabuku yowerengedwa yamene yazapangitsa anthu kuonetsa cifunilo cofuna kudziwa ndipo anaonetsadi nzeru zace zakuya,Nyanja_NNM_Spk6_U_d434b526ae_Utterance_7_775_800.wav,25.595
NNM,M,Spk6,U_d434b526ae,775_800,Nyanja_NNM_Spk6_U_d434b526ae_Utterance_8,kukhala tero(ndi moyo) kapena ai iyo ndiyo funso ngati mwina cili coyenera,Nyanja_NNM_Spk6_U_d434b526ae_Utterance_8_775_800.wav,7.805
NNM,M,Spk6,U_d434b526ae,775_800,Nyanja_NNM_Spk6_U_d434b526ae_Utterance_9,robin analowa mnyumba akuguuza ompelekedza amene sanali kufuna,Nyanja_NNM_Spk6_U_d434b526ae_Utterance_9_775_800.wav,7.505
NNM,M,Spk6,U_d434b526ae,775_800,Nyanja_NNM_Spk6_U_d434b526ae_Utterance_10,kodi mwawafunsa amake pa za nchito imene mufuna kumacita kutsogoroku ndikhulupilira nchitoyo ndiyo imene afuna,Nyanja_NNM_Spk6_U_d434b526ae_Utterance_10_775_800.wav,12.68
NNM,M,Spk6,U_d434b526ae,775_800,Nyanja_NNM_Spk6_U_d434b526ae_Utterance_11,mu maganizo anga mwakhala muli cinthu coipa cimene sindinvetsetsa pa ma ndeu a mumabanja,Nyanja_NNM_Spk6_U_d434b526ae_Utterance_11_775_800.wav,10.025
NNM,M,Spk6,U_d434b526ae,775_800,Nyanja_NNM_Spk6_U_d434b526ae_Utterance_12,muzandinyamulako ndi kupita nane pamodzin ndi inu kodi muzatero a gulu locedwa count,Nyanja_NNM_Spk6_U_d434b526ae_Utterance_12_775_800.wav,10.775
NNM,M,Spk6,U_d434b526ae,775_800,Nyanja_NNM_Spk6_U_d434b526ae_Utterance_13,kodi mwina mungakhale odabwa kodi mungathe kuyamba zopanga zanu,Nyanja_NNM_Spk6_U_d434b526ae_Utterance_13_775_800.wav,6.8
NNM,M,Spk6,U_d434b526ae,775_800,Nyanja_NNM_Spk6_U_d434b526ae_Utterance_14,umodzi mwa ife amakhalabe mbwato pamene ena atafika kale ku mtunda,Nyanja_NNM_Spk6_U_d434b526ae_Utterance_14_775_800.wav,8.465
NNM,M,Spk6,U_d434b526ae,775_800,Nyanja_NNM_Spk6_U_d434b526ae_Utterance_15,koma mdima umene utayamba kukula mu cipinda ca sukulu unamubitsa maganizo ace belu inalira,Nyanja_NNM_Spk6_U_d434b526ae_Utterance_15_775_800.wav,12.785
NNM,M,Spk6,U_d434b526ae,775_800,Nyanja_NNM_Spk6_U_d434b526ae_Utterance_16,anapita apo ndi kuli konse atakhutilitsidwa kotheratu,Nyanja_NNM_Spk6_U_d434b526ae_Utterance_16_775_800.wav,7.055
NNM,M,Spk6,U_d434b526ae,775_800,Nyanja_NNM_Spk6_U_d434b526ae_Utterance_17,nafa koma ndikudandaula ndipo palibe amene akunva mau angaaaa,Nyanja_NNM_Spk6_U_d434b526ae_Utterance_17_775_800.wav,7.4
NNM,M,Spk6,U_d434b526ae,775_800,Nyanja_NNM_Spk6_U_d434b526ae_Utterance_18,pa nthawi imeneyo wacinyamata analowa atanyamula cinthu ca cikulu cobitsidwa ndi ka dunswa ka cinthu kobiliwira,Nyanja_NNM_Spk6_U_d434b526ae_Utterance_18_775_800.wav,11.99
NNM,M,Spk6,U_d434b526ae,775_800,Nyanja_NNM_Spk6_U_d434b526ae_Utterance_19,angathe kuunguza/kuonetsetsa ma pepalawa mu ofesi yao,Nyanja_NNM_Spk6_U_d434b526ae_Utterance_19_775_800.wav,7.97
NNM,M,Spk6,U_d434b526ae,775_800,Nyanja_NNM_Spk6_U_d434b526ae_Utterance_20,mphepete mwa ka njira kopita mu mzinda anyamata acicepele ali kusekelera anali kupita,Nyanja_NNM_Spk6_U_d434b526ae_Utterance_20_775_800.wav,9.575
NNM,M,Spk6,U_d434b526ae,775_800,Nyanja_NNM_Spk6_U_d434b526ae_Utterance_21,anaima mwamsanga-msanga ndi kusonyeza cizindikilo ndi ziwalo za thupi lao mozikweza cimene cinalengesa alendo ao kukooka mpweeya modabwa,Nyanja_NNM_Spk6_U_d434b526ae_Utterance_21_775_800.wav,14.375
NNM,M,Spk6,U_d434b526ae,775_800,Nyanja_NNM_Spk6_U_d434b526ae_Utterance_22,koma phindu yace yeni=yeni ndi citonthozo ca mau athu pa macimo ao ndiyotaika pakati pao,Nyanja_NNM_Spk6_U_d434b526ae_Utterance_22_775_800.wav,9.575
NNM,M,Spk6,U_d434b526ae,775_800,Nyanja_NNM_Spk6_U_d434b526ae_Utterance_23,kucokera ku zikwi madzana asanu zapakhosi atatu achimwemwe analowa molondolana,Nyanja_NNM_Spk6_U_d434b526ae_Utterance_23_775_800.wav,10.055
NNM,M,Spk6,U_d434b526ae,775_800,Nyanja_NNM_Spk6_U_d434b526ae_Utterance_24,pamene ninali pafupi kufika ku cipinda cako ndinaonetsetsa/ ndinaunguza-unguza dzenera yako,Nyanja_NNM_Spk6_U_d434b526ae_Utterance_24_775_800.wav,10.775
NNM,M,Spk6,U_d434b526ae,775_800,Nyanja_NNM_Spk6_U_d434b526ae_Utterance_25,kodi ncifukwa ninji tingamaletserana mu m'malo momwe ena mwaife akhala-,Nyanja_NNM_Spk6_U_d434b526ae_Utterance_25_775_800.wav,9.305
NNM,M,Spk1,U_93ad850b36,500_525,Nyanja_NNM_Spk1_U_93ad850b36_Utterance_1,otsogolera ndi mfumu ya cipolowe ophunzitsidwa nchito wa nottingham ataunga makofi ace anaophyeza montfichet,Nyanja_NNM_Spk1_U_93ad850b36_Utterance_1_500_525.wav,16.595
NNM,M,Spk1,U_93ad850b36,500_525,Nyanja_NNM_Spk1_U_93ad850b36_Utterance_2,pamene bwato lathu linali kuyenda zinthu zimene zimazunguluka kunsi kwace zinapanga nyimboyi ndi kuiimba m'madzi,Nyanja_NNM_Spk1_U_93ad850b36_Utterance_2_500_525.wav,18.125
NNM,M,Spk1,U_93ad850b36,500_525,Nyanja_NNM_Spk1_U_93ad850b36_Utterance_3,ndilibe cobvala ciliconse anayankha mzimai wozicepetsa uja,Nyanja_NNM_Spk1_U_93ad850b36_Utterance_3_500_525.wav,7.4
NNM,M,Spk1,U_93ad850b36,500_525,Nyanja_NNM_Spk1_U_93ad850b36_Utterance_4,servadaki anazitenga mwa masewela kuti a dobryna anali kufuna kuikamo,Nyanja_NNM_Spk1_U_93ad850b36_Utterance_4_500_525.wav,14.345
NNM,M,Spk1,U_93ad850b36,500_525,Nyanja_NNM_Spk1_U_93ad850b36_Utterance_5,zoipa zace za kugwiritsidwa nchito kopita patsogoro ndi kusagwiritsidwa nchito kwa zisulo,Nyanja_NNM_Spk1_U_93ad850b36_Utterance_5_500_525.wav,13.655
NNM,M,Spk1,U_93ad850b36,500_525,Nyanja_NNM_Spk1_U_93ad850b36_Utterance_6,ndipo mulungu atate maene anamuutsa kwa akufa,Nyanja_NNM_Spk1_U_93ad850b36_Utterance_6_500_525.wav,9.425
NNM,M,Spk1,U_93ad850b36,500_525,Nyanja_NNM_Spk1_U_93ad850b36_Utterance_7,ndipo ndinabwelera nitakalipilidwa kotheratu nizatenga za munjira yoipa zambiri katatu kupotsa zomwe ndagwiritsa nchito,Nyanja_NNM_Spk1_U_93ad850b36_Utterance_7_500_525.wav,25.4
NNM,M,Spk1,U_93ad850b36,500_525,Nyanja_NNM_Spk1_U_93ad850b36_Utterance_8,mwina cinali coyenera kusakufunsani ngati molly anali pano popeza kuti ine ndikumbukira kuti inu simukonda zophikaphika za cizungu,Nyanja_NNM_Spk1_U_93ad850b36_Utterance_8_500_525.wav,27.335
NNM,M,Spk1,U_93ad850b36,500_525,Nyanja_NNM_Spk1_U_93ad850b36_Utterance_9,azoimba imba ogwilira nchito pamodzi kucokera ku maiko onsewa anaimba nyimbo ndipo cakudya cotsekemera ca m' madzulo (mgonero) cinaperekedwa,Nyanja_NNM_Spk1_U_93ad850b36_Utterance_9_500_525.wav,25.235
NNM,M,Spk1,U_93ad850b36,500_525,Nyanja_NNM_Spk1_U_93ad850b36_Utterance_10,iyo ndiyo njira kuli inu iyo ndiye njira imene mufuna nonsenu kutipa healongs kuonongeka,Nyanja_NNM_Spk1_U_93ad850b36_Utterance_10_500_525.wav,22.985
NNM,M,Spk1,U_93ad850b36,500_525,Nyanja_NNM_Spk1_U_93ad850b36_Utterance_11,anali kubvutikilabe ku msokonezo wace wa m'mene anali kucitira zinthu nthawi zonse mwan kacetecete,Nyanja_NNM_Spk1_U_93ad850b36_Utterance_11_500_525.wav,14.3
NNM,M,Spk1,U_93ad850b36,500_525,Nyanja_NNM_Spk1_U_93ad850b36_Utterance_12,maka-maka zipangidwa kucokera ku kuika pamodzi kwa zithunzithunzi zopangidwa kuubwana,Nyanja_NNM_Spk1_U_93ad850b36_Utterance_12_500_525.wav,15.305
NNM,M,Spk1,U_93ad850b36,500_525,Nyanja_NNM_Spk1_U_93ad850b36_Utterance_13,ndizoonekeratu kuti munthu ndiye colankhulidwa ku zinthu zosiyana-siyana,Nyanja_NNM_Spk1_U_93ad850b36_Utterance_13_500_525.wav,11.255
NNM,M,Spk1,U_93ad850b36,500_525,Nyanja_NNM_Spk1_U_93ad850b36_Utterance_14,milligram amene thupi lao ndi lolemela ma kilogilamu okewanira 128 ooo,Nyanja_NNM_Spk1_U_93ad850b36_Utterance_14_500_525.wav,17.975
NNM,M,Spk1,U_93ad850b36,500_525,Nyanja_NNM_Spk1_U_93ad850b36_Utterance_15,koma nkhani imeneyi izakambidwa bwino ndithu titaona pa makhalidwa ya anthu a mitundu yonse(ubadwe) ya anthu,Nyanja_NNM_Spk1_U_93ad850b36_Utterance_15_500_525.wav,12.875
NNM,M,Spk1,U_93ad850b36,500_525,Nyanja_NNM_Spk1_U_93ad850b36_Utterance_16,eliza anatseka citseko kumbuyo kwace ndi cifuniro coti aigunditse mwadala ndipo kiyi inagwirana ndi citseko,Nyanja_NNM_Spk1_U_93ad850b36_Utterance_16_500_525.wav,21.71
NNM,M,Spk1,U_93ad850b36,500_525,Nyanja_NNM_Spk1_U_93ad850b36_Utterance_17,ndife okhutilitsidwa ndithu tsopano anatelo kapitawo battleax anatero akazi anga,Nyanja_NNM_Spk1_U_93ad850b36_Utterance_17_500_525.wav,17.375
NNM,M,Spk1,U_93ad850b36,500_525,Nyanja_NNM_Spk1_U_93ad850b36_Utterance_18,ndizapangitsa kuti iwe usandulize mu ci fulunchi ndipo  siuyenera kuopa ngati mwina ndakupeza ndi bvuto,Nyanja_NNM_Spk1_U_93ad850b36_Utterance_18_500_525.wav,18.815
NNM,M,Spk1,U_93ad850b36,500_525,Nyanja_NNM_Spk1_U_93ad850b36_Utterance_19,ndipo unabweleranso mosasamala kwambiri koma izo sizinasinthe ciliconse,Nyanja_NNM_Spk1_U_93ad850b36_Utterance_19_500_525.wav,11.495
NNM,M,Spk1,U_93ad850b36,500_525,Nyanja_NNM_Spk1_U_93ad850b36_Utterance_20,mu dziko lino ndicodziwikilatu kuti kacipinda ka panja ca kunyumba ya malamulo kudulikila mwinanso kulibeali ndi mwai,Nyanja_NNM_Spk1_U_93ad850b36_Utterance_20_500_525.wav,18.545
NNM,M,Spk1,U_93ad850b36,500_525,Nyanja_NNM_Spk1_U_93ad850b36_Utterance_21,ai ndakuyamikilani ndine wokondwera pokupatsani cimwemwe cotere mosabvutikila,Nyanja_NNM_Spk1_U_93ad850b36_Utterance_21_500_525.wav,10.325
NNM,M,Spk1,U_93ad850b36,500_525,Nyanja_NNM_Spk1_U_93ad850b36_Utterance_22,izo ndizo ufuna kumacita eti,Nyanja_NNM_Spk1_U_93ad850b36_Utterance_22_500_525.wav,5.165
NNM,M,Spk1,U_93ad850b36,500_525,Nyanja_NNM_Spk1_U_93ad850b36_Utterance_23,mzimai osadziwika uja ndi zonena zace za kumtima zimene zinanenedwa mwacangu anaopyeza onsewo,Nyanja_NNM_Spk1_U_93ad850b36_Utterance_23_500_525.wav,15.965
NNM,M,Spk1,U_93ad850b36,500_525,Nyanja_NNM_Spk1_U_93ad850b36_Utterance_24,ndine wotopa kwambiri kumanghokhala nekha pano,Nyanja_NNM_Spk1_U_93ad850b36_Utterance_24_500_525.wav,6.02
NNM,M,Spk1,U_93ad850b36,500_525,Nyanja_NNM_Spk1_U_93ad850b36_Utterance_25,zambiri monga za mutu wa buku la m'mbaibulo yocedwa episikopo tsopano pakubwera moni wa atumwi mzera wa citatu,Nyanja_NNM_Spk1_U_93ad850b36_Utterance_25_500_525.wav,21.44
NNM,M,Spk1,U_93ad850b36,525_550,Nyanja_NNM_Spk1_U_93ad850b36_Utterance_1,sitizalankhulanso pa iye ngati inu simukufuna indetu,Nyanja_NNM_Spk1_U_93ad850b36_Utterance_1_525_550.wav,5.345
NNM,M,Spk1,U_93ad850b36,525_550,Nyanja_NNM_Spk1_U_93ad850b36_Utterance_2,njira zako lute zimandiyetsa konenetsa ndi azibale ako onse,Nyanja_NNM_Spk1_U_93ad850b36_Utterance_2_525_550.wav,6.245
NNM,M,Spk1,U_93ad850b36,525_550,Nyanja_NNM_Spk1_U_93ad850b36_Utterance_3,tacokelra kumalo oziimilila okha opambana malo ano oziimilila okha,Nyanja_NNM_Spk1_U_93ad850b36_Utterance_3_525_550.wav,5.81
NNM,M,Spk1,U_93ad850b36,525_550,Nyanja_NNM_Spk1_U_93ad850b36_Utterance_4,popanda ma buku ace olembamo zinthu zithunzi-thunzi makemiko ace ndi maonekedwe/mabvalidwe ace osaoneka bwino akunyumba anali munthu osamasuka bwino,Nyanja_NNM_Spk1_U_93ad850b36_Utterance_4_525_550.wav,13.64
NNM,M,Spk1,U_93ad850b36,525_550,Nyanja_NNM_Spk1_U_93ad850b36_Utterance_5,munny ine tould ike ndifuna kucita mu nkhokwe kwa tonny kukaona a whittawd,Nyanja_NNM_Spk1_U_93ad850b36_Utterance_5_525_550.wav,12.905
NNM,M,Spk1,U_93ad850b36,525_550,Nyanja_NNM_Spk1_U_93ad850b36_Utterance_6,anandikondweretsa ine cifukwa cokhala munthu wa cikhulupiliro kwambiri,Nyanja_NNM_Spk1_U_93ad850b36_Utterance_6_525_550.wav,7.535
NNM,M,Spk1,U_93ad850b36,525_550,Nyanja_NNM_Spk1_U_93ad850b36_Utterance_7,ndipo kulibe nzeru za kale zimene ziyenera kutengedwa kupyolera mu kumanva cizolowezi cokha,Nyanja_NNM_Spk1_U_93ad850b36_Utterance_7_525_550.wav,10.745
NNM,M,Spk1,U_93ad850b36,525_550,Nyanja_NNM_Spk1_U_93ad850b36_Utterance_8,pearl anabadwa okanidwa mu calo ca ana ang'ono-ang'ono,Nyanja_NNM_Spk1_U_93ad850b36_Utterance_8_525_550.wav,6.245
NNM,M,Spk1,U_93ad850b36,525_550,Nyanja_NNM_Spk1_U_93ad850b36_Utterance_9,jaki azakhala mwamuna wa eva osangalala ndipo angakhale pakati pa zinchito zimene calo cifunitsitsa,Nyanja_NNM_Spk1_U_93ad850b36_Utterance_9_525_550.wav,11.315
NNM,M,Spk1,U_93ad850b36,525_550,Nyanja_NNM_Spk1_U_93ad850b36_Utterance_10,nciani cimene ndinamuuza bambo kodi ndili ndi mwai wapadera kuti ndingathe kukuonani,Nyanja_NNM_Spk1_U_93ad850b36_Utterance_10_525_550.wav,14.495
NNM,M,Spk1,U_93ad850b36,525_550,Nyanja_NNM_Spk1_U_93ad850b36_Utterance_11,anakhala pansi ali wodabwa/wosokonezeka m'maganizo ndipo cinthu cimozi anali kuganizapo kopotsa cinali zola,Nyanja_NNM_Spk1_U_93ad850b36_Utterance_11_525_550.wav,14.03
NNM,M,Spk1,U_93ad850b36,525_550,Nyanja_NNM_Spk1_U_93ad850b36_Utterance_12,magome anaikidwa pa maudzu  ndipo cakudya cokoma cinali pafupi kuikidwapo,Nyanja_NNM_Spk1_U_93ad850b36_Utterance_12_525_550.wav,13.895
NNM,M,Spk1,U_93ad850b36,525_550,Nyanja_NNM_Spk1_U_93ad850b36_Utterance_13,cobitsira pa gome ndicolinga coti pathumecopangidwa ndi zidunswa za nsalu zosiyana mitundu zitasokedwa bwino zonse,Nyanja_NNM_Spk1_U_93ad850b36_Utterance_13_525_550.wav,24.02
NNM,M,Spk1,U_93ad850b36,525_550,Nyanja_NNM_Spk1_U_93ad850b36_Utterance_14,koma cimpalangondo m'malo moti amverele anakhalilila pa mpando umene anakhala nayamba kulila,Nyanja_NNM_Spk1_U_93ad850b36_Utterance_14_525_550.wav,15.755
NNM,M,Spk1,U_93ad850b36,525_550,Nyanja_NNM_Spk1_U_93ad850b36_Utterance_15,ndine wamtali tsopano ndipo misambo zanga ndizogawanitsika monga m'mene zinalili zija zimene zinatengedwa caka chatha oo,Nyanja_NNM_Spk1_U_93ad850b36_Utterance_15_525_550.wav,25.355
NNM,M,Spk1,U_93ad850b36,525_550,Nyanja_NNM_Spk1_U_93ad850b36_Utterance_16,koma philippo ndi wacilungamo ndipo ali ndi luso yokwanira ngati anghathe kuleka kulemba--lemba pofuna kupeza njira yace,Nyanja_NNM_Spk1_U_93ad850b36_Utterance_16_525_550.wav,16.61
NNM,M,Spk1,U_93ad850b36,525_550,Nyanja_NNM_Spk1_U_93ad850b36_Utterance_17,anaimililabe motsutsana ndi ziimene anali kunena(kumunamidzira) nayankha zonena zao mozemba mogwiritsa nchito mau ofewa,Nyanja_NNM_Spk1_U_93ad850b36_Utterance_17_525_550.wav,19.715
NNM,M,Spk1,U_93ad850b36,525_550,Nyanja_NNM_Spk1_U_93ad850b36_Utterance_18,cingakhale coneka ngati mwina nsomba ya ukulu wotere inali cakudya cokwanira ndithu,Nyanja_NNM_Spk1_U_93ad850b36_Utterance_18_525_550.wav,15.395
NNM,M,Spk1,U_93ad850b36,525_550,Nyanja_NNM_Spk1_U_93ad850b36_Utterance_19,pulumutsa mtima wakowo ku zobvuto zimene zimabwera utakhala mu cikondi ndi mzimai amene amuna ace anamwalira,Nyanja_NNM_Spk1_U_93ad850b36_Utterance_19_525_550.wav,13.46
NNM,M,Spk1,U_93ad850b36,525_550,Nyanja_NNM_Spk1_U_93ad850b36_Utterance_20,ndipo anasamila ku cipupa atatsowa mu mapempero,Nyanja_NNM_Spk1_U_93ad850b36_Utterance_20_525_550.wav,8.075
NNM,M,Spk1,U_93ad850b36,525_550,Nyanja_NNM_Spk1_U_93ad850b36_Utterance_21,koma ndakhala ndikucita zimenezi mwakanthawi pa nthawi zina,Nyanja_NNM_Spk1_U_93ad850b36_Utterance_21_525_550.wav,6.725
NNM,M,Spk1,U_93ad850b36,525_550,Nyanja_NNM_Spk1_U_93ad850b36_Utterance_22,inde koma ico ndico ubwinoo wace wa zofuna zace,Nyanja_NNM_Spk1_U_93ad850b36_Utterance_22_525_550.wav,8.525
NNM,M,Spk1,U_93ad850b36,525_550,Nyanja_NNM_Spk1_U_93ad850b36_Utterance_23,coyamba ca zopeza zathu zimene zili zosamveka bwino koma zosatsutsika ndi cakuti kuli kudziwa za kale,Nyanja_NNM_Spk1_U_93ad850b36_Utterance_23_525_550.wav,19.76
NNM,M,Spk1,U_93ad850b36,525_550,Nyanja_NNM_Spk1_U_93ad850b36_Utterance_24,nga ndi zaichthyosaurus kodi abwelera ku mphako yace ya kumadzi,Nyanja_NNM_Spk1_U_93ad850b36_Utterance_24_525_550.wav,8.405
NNM,M,Spk1,U_0d1ba0cf3c,500_525,Nyanja_NNM_Spk1_U_0d1ba0cf3c_Utterance_1,otsogolera ndi mfumu ya cipolowe ophunzitsidwa nchito wa nottingham ataunga makofi ace anaophyeza montfichet,Nyanja_NNM_Spk1_U_0d1ba0cf3c_Utterance_1_500_525.wav,6.299
NNM,M,Spk1,U_0d1ba0cf3c,500_525,Nyanja_NNM_Spk1_U_0d1ba0cf3c_Utterance_2,pamene bwato lathu linali kuyenda zinthu zimene zimazunguluka kunsi kwace zinapanga nyimboyi ndi kuiimba m'madzi,Nyanja_NNM_Spk1_U_0d1ba0cf3c_Utterance_2_500_525.wav,10.7
NNM,M,Spk1,U_0d1ba0cf3c,500_525,Nyanja_NNM_Spk1_U_0d1ba0cf3c_Utterance_3,ndilibe cobvala ciliconse anayankha mzimai wozicepetsa uja,Nyanja_NNM_Spk1_U_0d1ba0cf3c_Utterance_3_500_525.wav,5.15
NNM,M,Spk1,U_0d1ba0cf3c,500_525,Nyanja_NNM_Spk1_U_0d1ba0cf3c_Utterance_4,servadaki anazitenga mwa masewela kuti a dobryna anali kufuna kuikamo,Nyanja_NNM_Spk1_U_0d1ba0cf3c_Utterance_4_500_525.wav,8.21
NNM,M,Spk1,U_0d1ba0cf3c,500_525,Nyanja_NNM_Spk1_U_0d1ba0cf3c_Utterance_5,zoipa zace za kugwiritsidwa nchito kopita patsogoro ndi kusagwiritsidwa nchito kwa zisulo,Nyanja_NNM_Spk1_U_0d1ba0cf3c_Utterance_5_500_525.wav,10.25
NNM,M,Spk1,U_0d1ba0cf3c,500_525,Nyanja_NNM_Spk1_U_0d1ba0cf3c_Utterance_6,ndipo mulungu atate maene anamuutsa kwa akufa,Nyanja_NNM_Spk1_U_0d1ba0cf3c_Utterance_6_500_525.wav,4.88
NNM,M,Spk1,U_0d1ba0cf3c,500_525,Nyanja_NNM_Spk1_U_0d1ba0cf3c_Utterance_7,ndipo ndinabwelera nitakalipilidwa kotheratu nizatenga za munjira yoipa zambiri katatu kupotsa zomwe ndagwiritsa nchito,Nyanja_NNM_Spk1_U_0d1ba0cf3c_Utterance_7_500_525.wav,8.84
NNM,M,Spk1,U_0d1ba0cf3c,500_525,Nyanja_NNM_Spk1_U_0d1ba0cf3c_Utterance_8,mwina cinali coyenera kusakufunsani ngati molly anali pano popeza kuti ine ndikumbukira kuti inu simukonda zophikaphika za cizungu,Nyanja_NNM_Spk1_U_0d1ba0cf3c_Utterance_8_500_525.wav,7.505
NNM,M,Spk1,U_0d1ba0cf3c,500_525,Nyanja_NNM_Spk1_U_0d1ba0cf3c_Utterance_9,azoimba imba ogwilira nchito pamodzi kucokera ku maiko onsewa anaimba nyimbo ndipo cakudya cotsekemera ca m' madzulo (mgonero) cinaperekedwa,Nyanja_NNM_Spk1_U_0d1ba0cf3c_Utterance_9_500_525.wav,10.895
NNM,M,Spk1,U_0d1ba0cf3c,500_525,Nyanja_NNM_Spk1_U_0d1ba0cf3c_Utterance_10,iyo ndiyo njira kuli inu iyo ndiye njira imene mufuna nonsenu kutipa healongs kuonongeka,Nyanja_NNM_Spk1_U_0d1ba0cf3c_Utterance_10_500_525.wav,9.605
NNM,M,Spk1,U_0d1ba0cf3c,500_525,Nyanja_NNM_Spk1_U_0d1ba0cf3c_Utterance_11,anali kubvutikilabe ku msokonezo wace wa m'mene anali kucitira zinthu nthawi zonse mwan kacetecete,Nyanja_NNM_Spk1_U_0d1ba0cf3c_Utterance_11_500_525.wav,10.807
NNM,M,Spk1,U_0d1ba0cf3c,500_525,Nyanja_NNM_Spk1_U_0d1ba0cf3c_Utterance_12,maka-maka zipangidwa kucokera ku kuika pamodzi kwa zithunzithunzi zopangidwa kuubwana,Nyanja_NNM_Spk1_U_0d1ba0cf3c_Utterance_12_500_525.wav,6.412
NNM,M,Spk1,U_0d1ba0cf3c,500_525,Nyanja_NNM_Spk1_U_0d1ba0cf3c_Utterance_13,ndizoonekeratu kuti munthu ndiye colankhulidwa ku zinthu zosiyana-siyana,Nyanja_NNM_Spk1_U_0d1ba0cf3c_Utterance_13_500_525.wav,5.62
NNM,M,Spk1,U_0d1ba0cf3c,500_525,Nyanja_NNM_Spk1_U_0d1ba0cf3c_Utterance_14,milligram amene thupi lao ndi lolemela ma kilogilamu okewanira 128 ooo,Nyanja_NNM_Spk1_U_0d1ba0cf3c_Utterance_14_500_525.wav,7.694
NNM,M,Spk1,U_0d1ba0cf3c,500_525,Nyanja_NNM_Spk1_U_0d1ba0cf3c_Utterance_15,koma nkhani imeneyi izakambidwa bwino ndithu titaona pa makhalidwa ya anthu a mitundu yonse(ubadwe) ya anthu,Nyanja_NNM_Spk1_U_0d1ba0cf3c_Utterance_15_500_525.wav,11.59
NNM,M,Spk1,U_0d1ba0cf3c,500_525,Nyanja_NNM_Spk1_U_0d1ba0cf3c_Utterance_16,eliza anatseka citseko kumbuyo kwace ndi cifuniro coti aigunditse mwadala ndipo kiyi inagwirana ndi citseko,Nyanja_NNM_Spk1_U_0d1ba0cf3c_Utterance_16_500_525.wav,9.186
NNM,M,Spk1,U_0d1ba0cf3c,500_525,Nyanja_NNM_Spk1_U_0d1ba0cf3c_Utterance_17,ndife okhutilitsidwa ndithu tsopano anatelo kapitawo battleax anatero akazi anga,Nyanja_NNM_Spk1_U_0d1ba0cf3c_Utterance_17_500_525.wav,7.299
NNM,M,Spk1,U_0d1ba0cf3c,500_525,Nyanja_NNM_Spk1_U_0d1ba0cf3c_Utterance_18,ndizapangitsa kuti iwe usandulize mu ci fulunchi ndipo  siuyenera kuopa ngati mwina ndakupeza ndi bvuto,Nyanja_NNM_Spk1_U_0d1ba0cf3c_Utterance_18_500_525.wav,9.02
NNM,M,Spk1,U_0d1ba0cf3c,500_525,Nyanja_NNM_Spk1_U_0d1ba0cf3c_Utterance_19,ndipo unabweleranso mosasamala kwambiri koma izo sizinasinthe ciliconse,Nyanja_NNM_Spk1_U_0d1ba0cf3c_Utterance_19_500_525.wav,7.025
NNM,M,Spk1,U_0d1ba0cf3c,500_525,Nyanja_NNM_Spk1_U_0d1ba0cf3c_Utterance_20,mu dziko lino ndicodziwikilatu kuti kacipinda ka panja ca kunyumba ya malamulo kudulikila mwinanso kulibeali ndi mwai,Nyanja_NNM_Spk1_U_0d1ba0cf3c_Utterance_20_500_525.wav,12.275
NNM,M,Spk1,U_0d1ba0cf3c,500_525,Nyanja_NNM_Spk1_U_0d1ba0cf3c_Utterance_21,ai ndakuyamikilani ndine wokondwera pokupatsani cimwemwe cotere mosabvutikila,Nyanja_NNM_Spk1_U_0d1ba0cf3c_Utterance_21_500_525.wav,6.965
NNM,M,Spk1,U_0d1ba0cf3c,500_525,Nyanja_NNM_Spk1_U_0d1ba0cf3c_Utterance_22,izo ndizo ufuna kumacita eti,Nyanja_NNM_Spk1_U_0d1ba0cf3c_Utterance_22_500_525.wav,3.134
NNM,M,Spk1,U_0d1ba0cf3c,500_525,Nyanja_NNM_Spk1_U_0d1ba0cf3c_Utterance_23,mzimai osadziwika uja ndi zonena zace za kumtima zimene zinanenedwa mwacangu anaopyeza onsewo,Nyanja_NNM_Spk1_U_0d1ba0cf3c_Utterance_23_500_525.wav,9.363
NNM,M,Spk1,U_0d1ba0cf3c,500_525,Nyanja_NNM_Spk1_U_0d1ba0cf3c_Utterance_24,ndine wotopa kwambiri kumanghokhala nekha pano,Nyanja_NNM_Spk1_U_0d1ba0cf3c_Utterance_24_500_525.wav,3.518
NNM,M,Spk1,U_0d1ba0cf3c,500_525,Nyanja_NNM_Spk1_U_0d1ba0cf3c_Utterance_25,zambiri monga za mutu wa buku la m'mbaibulo yocedwa episikopo tsopano pakubwera moni wa atumwi mzera wa citatu,Nyanja_NNM_Spk1_U_0d1ba0cf3c_Utterance_25_500_525.wav,12.455
NNM,M,Spk1,U_0d1ba0cf3c,525_550,Nyanja_NNM_Spk1_U_0d1ba0cf3c_Utterance_1,sitizalankhulanso pa iye ngati inu simukufuna indetu,Nyanja_NNM_Spk1_U_0d1ba0cf3c_Utterance_1_525_550.wav,4.702
NNM,M,Spk1,U_0d1ba0cf3c,525_550,Nyanja_NNM_Spk1_U_0d1ba0cf3c_Utterance_2,njira zako lute zimandiyetsa konenetsa ndi azibale ako onse,Nyanja_NNM_Spk1_U_0d1ba0cf3c_Utterance_2_525_550.wav,5.485
NNM,M,Spk1,U_0d1ba0cf3c,525_550,Nyanja_NNM_Spk1_U_0d1ba0cf3c_Utterance_3,tacokelra kumalo oziimilila okha opambana malo ano oziimilila okha,Nyanja_NNM_Spk1_U_0d1ba0cf3c_Utterance_3_525_550.wav,5.387
NNM,M,Spk1,U_0d1ba0cf3c,525_550,Nyanja_NNM_Spk1_U_0d1ba0cf3c_Utterance_4,popanda ma buku ace olembamo zinthu zithunzi-thunzi makemiko ace ndi maonekedwe/mabvalidwe ace osaoneka bwino akunyumba anali munthu osamasuka bwino,Nyanja_NNM_Spk1_U_0d1ba0cf3c_Utterance_4_525_550.wav,5.921
NNM,M,Spk1,U_0d1ba0cf3c,525_550,Nyanja_NNM_Spk1_U_0d1ba0cf3c_Utterance_5,munny ine tould ike ndifuna kucita mu nkhokwe kwa tonny kukaona a whittawd,Nyanja_NNM_Spk1_U_0d1ba0cf3c_Utterance_5_525_550.wav,6.755
NNM,M,Spk1,U_0d1ba0cf3c,525_550,Nyanja_NNM_Spk1_U_0d1ba0cf3c_Utterance_6,anandikondweretsa ine cifukwa cokhala munthu wa cikhulupiliro kwambiri,Nyanja_NNM_Spk1_U_0d1ba0cf3c_Utterance_6_525_550.wav,5.415
NNM,M,Spk1,U_0d1ba0cf3c,525_550,Nyanja_NNM_Spk1_U_0d1ba0cf3c_Utterance_7,ndipo kulibe nzeru za kale zimene ziyenera kutengedwa kupyolera mu kumanva cizolowezi cokha,Nyanja_NNM_Spk1_U_0d1ba0cf3c_Utterance_7_525_550.wav,8.937
NNM,M,Spk1,U_0d1ba0cf3c,525_550,Nyanja_NNM_Spk1_U_0d1ba0cf3c_Utterance_8,pearl anabadwa okanidwa mu calo ca ana ang'ono-ang'ono,Nyanja_NNM_Spk1_U_0d1ba0cf3c_Utterance_8_525_550.wav,5.19
NNM,M,Spk1,U_0d1ba0cf3c,525_550,Nyanja_NNM_Spk1_U_0d1ba0cf3c_Utterance_9,jaki azakhala mwamuna wa eva osangalala ndipo angakhale pakati pa zinchito zimene calo cifunitsitsa,Nyanja_NNM_Spk1_U_0d1ba0cf3c_Utterance_9_525_550.wav,7.69
NNM,M,Spk1,U_0d1ba0cf3c,525_550,Nyanja_NNM_Spk1_U_0d1ba0cf3c_Utterance_10,nciani cimene ndinamuuza bambo kodi ndili ndi mwai wapadera kuti ndingathe kukuonani,Nyanja_NNM_Spk1_U_0d1ba0cf3c_Utterance_10_525_550.wav,7.678
NNM,M,Spk1,U_0d1ba0cf3c,525_550,Nyanja_NNM_Spk1_U_0d1ba0cf3c_Utterance_11,anakhala pansi ali wodabwa/wosokonezeka m'maganizo ndipo cinthu cimozi anali kuganizapo kopotsa cinali zola,Nyanja_NNM_Spk1_U_0d1ba0cf3c_Utterance_11_525_550.wav,10.321
NNM,M,Spk1,U_0d1ba0cf3c,525_550,Nyanja_NNM_Spk1_U_0d1ba0cf3c_Utterance_12,magome anaikidwa pa maudzu  ndipo cakudya cokoma cinali pafupi kuikidwapo,Nyanja_NNM_Spk1_U_0d1ba0cf3c_Utterance_12_525_550.wav,6.049
NNM,M,Spk1,U_0d1ba0cf3c,525_550,Nyanja_NNM_Spk1_U_0d1ba0cf3c_Utterance_13,cobitsira pa gome ndicolinga coti pathumecopangidwa ndi zidunswa za nsalu zosiyana mitundu zitasokedwa bwino zonse,Nyanja_NNM_Spk1_U_0d1ba0cf3c_Utterance_13_525_550.wav,12.98
NNM,M,Spk1,U_0d1ba0cf3c,525_550,Nyanja_NNM_Spk1_U_0d1ba0cf3c_Utterance_14,koma cimpalangondo m'malo moti amverele anakhalilila pa mpando umene anakhala nayamba kulila,Nyanja_NNM_Spk1_U_0d1ba0cf3c_Utterance_14_525_550.wav,7.339
NNM,M,Spk1,U_0d1ba0cf3c,525_550,Nyanja_NNM_Spk1_U_0d1ba0cf3c_Utterance_15,ndine wamtali tsopano ndipo misambo zanga ndizogawanitsika monga m'mene zinalili zija zimene zinatengedwa caka chatha oo,Nyanja_NNM_Spk1_U_0d1ba0cf3c_Utterance_15_525_550.wav,9.915
NNM,M,Spk1,U_0d1ba0cf3c,525_550,Nyanja_NNM_Spk1_U_0d1ba0cf3c_Utterance_16,koma philippo ndi wacilungamo ndipo ali ndi luso yokwanira ngati anghathe kuleka kulemba--lemba pofuna kupeza njira yace,Nyanja_NNM_Spk1_U_0d1ba0cf3c_Utterance_16_525_550.wav,9.578
NNM,M,Spk1,U_0d1ba0cf3c,525_550,Nyanja_NNM_Spk1_U_0d1ba0cf3c_Utterance_17,anaimililabe motsutsana ndi ziimene anali kunena(kumunamidzira) nayankha zonena zao mozemba mogwiritsa nchito mau ofewa,Nyanja_NNM_Spk1_U_0d1ba0cf3c_Utterance_17_525_550.wav,8.545
NNM,M,Spk1,U_0d1ba0cf3c,525_550,Nyanja_NNM_Spk1_U_0d1ba0cf3c_Utterance_18,cingakhale coneka ngati mwina nsomba ya ukulu wotere inali cakudya cokwanira ndithu,Nyanja_NNM_Spk1_U_0d1ba0cf3c_Utterance_18_525_550.wav,7.581
NNM,M,Spk1,U_0d1ba0cf3c,525_550,Nyanja_NNM_Spk1_U_0d1ba0cf3c_Utterance_19,pulumutsa mtima wakowo ku zobvuto zimene zimabwera utakhala mu cikondi ndi mzimai amene amuna ace anamwalira,Nyanja_NNM_Spk1_U_0d1ba0cf3c_Utterance_19_525_550.wav,8.766
NNM,M,Spk1,U_0d1ba0cf3c,525_550,Nyanja_NNM_Spk1_U_0d1ba0cf3c_Utterance_20,ndipo zisakhileni nokha kunyamuka mwamsanga kapena kucedwako pang'ono,Nyanja_NNM_Spk1_U_0d1ba0cf3c_Utterance_20_525_550.wav,6.896
NNM,M,Spk1,U_0d1ba0cf3c,525_550,Nyanja_NNM_Spk1_U_0d1ba0cf3c_Utterance_21,ndipo anasamila ku cipupa atatsowa mu mapempero,Nyanja_NNM_Spk1_U_0d1ba0cf3c_Utterance_21_525_550.wav,3.813
NNM,M,Spk1,U_0d1ba0cf3c,525_550,Nyanja_NNM_Spk1_U_0d1ba0cf3c_Utterance_22,koma ndakhala ndikucita zimenezi mwakanthawi pa nthawi zina,Nyanja_NNM_Spk1_U_0d1ba0cf3c_Utterance_22_525_550.wav,5.495
NNM,M,Spk1,U_0d1ba0cf3c,525_550,Nyanja_NNM_Spk1_U_0d1ba0cf3c_Utterance_23,inde koma ico ndico ubwinoo wace wa zofuna zace,Nyanja_NNM_Spk1_U_0d1ba0cf3c_Utterance_23_525_550.wav,5.788
NNM,M,Spk1,U_0d1ba0cf3c,525_550,Nyanja_NNM_Spk1_U_0d1ba0cf3c_Utterance_24,coyamba ca zopeza zathu zimene zili zosamveka bwino koma zosatsutsika ndi cakuti kuli kudziwa za kale,Nyanja_NNM_Spk1_U_0d1ba0cf3c_Utterance_24_525_550.wav,10.55
NNM,M,Spk1,U_0d1ba0cf3c,525_550,Nyanja_NNM_Spk1_U_0d1ba0cf3c_Utterance_25,nga ndi zaichthyosaurus kodi abwelera ku mphako yace ya kumadzi,Nyanja_NNM_Spk1_U_0d1ba0cf3c_Utterance_25_525_550.wav,6.425
NNM,M,Spk1,U_067d2e7259,500_525,Nyanja_NNM_Spk1_U_067d2e7259_Utterance_1,otsogolera ndi mfumu ya cipolowe ophunzitsidwa nchito wa nottingham ataunga makofi ace anaophyeza montfichet,Nyanja_NNM_Spk1_U_067d2e7259_Utterance_1_500_525.wav,8.359
NNM,M,Spk1,U_067d2e7259,500_525,Nyanja_NNM_Spk1_U_067d2e7259_Utterance_2,pamene bwato lathu linali kuyenda zinthu zimene zimazunguluka kunsi kwace zinapanga nyimboyi ndi kuiimba m'madzi,Nyanja_NNM_Spk1_U_067d2e7259_Utterance_2_500_525.wav,9.3
NNM,M,Spk1,U_067d2e7259,500_525,Nyanja_NNM_Spk1_U_067d2e7259_Utterance_3,ndilibe cobvala ciliconse anayankha mzimai wozicepetsa uja,Nyanja_NNM_Spk1_U_067d2e7259_Utterance_3_500_525.wav,4.818
NNM,M,Spk1,U_067d2e7259,500_525,Nyanja_NNM_Spk1_U_067d2e7259_Utterance_4,servadaki anazitenga mwa masewela kuti a dobryna anali kufuna kuikamo,Nyanja_NNM_Spk1_U_067d2e7259_Utterance_4_500_525.wav,6.2
NNM,M,Spk1,U_067d2e7259,500_525,Nyanja_NNM_Spk1_U_067d2e7259_Utterance_5,zoipa zace za kugwiritsidwa nchito kopita patsogoro ndi kusagwiritsidwa nchito kwa zisulo,Nyanja_NNM_Spk1_U_067d2e7259_Utterance_5_500_525.wav,7.465
NNM,M,Spk1,U_067d2e7259,500_525,Nyanja_NNM_Spk1_U_067d2e7259_Utterance_6,ndipo mulungu atate maene anamuutsa kwa akufa,Nyanja_NNM_Spk1_U_067d2e7259_Utterance_6_500_525.wav,4.598
NNM,M,Spk1,U_067d2e7259,500_525,Nyanja_NNM_Spk1_U_067d2e7259_Utterance_7,ndipo ndinabwelera nitakalipilidwa kotheratu nizatenga za munjira yoipa zambiri katatu kupotsa zomwe ndagwiritsa nchito,Nyanja_NNM_Spk1_U_067d2e7259_Utterance_7_500_525.wav,8.092
NNM,M,Spk1,U_067d2e7259,500_525,Nyanja_NNM_Spk1_U_067d2e7259_Utterance_8,mwina cinali coyenera kusakufunsani ngati molly anali pano popeza kuti ine ndikumbukira kuti inu simukonda zophikaphika za cizungu,Nyanja_NNM_Spk1_U_067d2e7259_Utterance_8_500_525.wav,10.797
NNM,M,Spk1,U_067d2e7259,500_525,Nyanja_NNM_Spk1_U_067d2e7259_Utterance_9,azoimba imba ogwilira nchito pamodzi kucokera ku maiko onsewa anaimba nyimbo ndipo cakudya cotsekemera ca m' madzulo (mgonero) cinaperekedwa,Nyanja_NNM_Spk1_U_067d2e7259_Utterance_9_500_525.wav,11.831
NNM,M,Spk1,U_067d2e7259,500_525,Nyanja_NNM_Spk1_U_067d2e7259_Utterance_10,iyo ndiyo njira kuli inu iyo ndiye njira imene mufuna nonsenu kutipa healongs kuonongeka,Nyanja_NNM_Spk1_U_067d2e7259_Utterance_10_500_525.wav,9.253
NNM,M,Spk1,U_067d2e7259,500_525,Nyanja_NNM_Spk1_U_067d2e7259_Utterance_11,anali kubvutikilabe ku msokonezo wace wa m'mene anali kucitira zinthu nthawi zonse mwan kacetecete,Nyanja_NNM_Spk1_U_067d2e7259_Utterance_11_500_525.wav,8.208
NNM,M,Spk1,U_067d2e7259,500_525,Nyanja_NNM_Spk1_U_067d2e7259_Utterance_12,maka-maka zipangidwa kucokera ku kuika pamodzi kwa zithunzithunzi zopangidwa kuubwana,Nyanja_NNM_Spk1_U_067d2e7259_Utterance_12_500_525.wav,6.943
NNM,M,Spk1,U_067d2e7259,500_525,Nyanja_NNM_Spk1_U_067d2e7259_Utterance_13,ndizoonekeratu kuti munthu ndiye colankhulidwa ku zinthu zosiyana-siyana,Nyanja_NNM_Spk1_U_067d2e7259_Utterance_13_500_525.wav,6.049
NNM,M,Spk1,U_067d2e7259,500_525,Nyanja_NNM_Spk1_U_067d2e7259_Utterance_14,milligram amene thupi lao ndi lolemela ma kilogilamu okewanira 128 ooo,Nyanja_NNM_Spk1_U_067d2e7259_Utterance_14_500_525.wav,7.883
NNM,M,Spk1,U_067d2e7259,500_525,Nyanja_NNM_Spk1_U_067d2e7259_Utterance_15,koma nkhani imeneyi izakambidwa bwino ndithu titaona pa makhalidwa ya anthu a mitundu yonse(ubadwe) ya anthu,Nyanja_NNM_Spk1_U_067d2e7259_Utterance_15_500_525.wav,10.356
NNM,M,Spk1,U_067d2e7259,500_525,Nyanja_NNM_Spk1_U_067d2e7259_Utterance_16,eliza anatseka citseko kumbuyo kwace ndi cifuniro coti aigunditse mwadala ndipo kiyi inagwirana ndi citseko,Nyanja_NNM_Spk1_U_067d2e7259_Utterance_16_500_525.wav,8.498
NNM,M,Spk1,U_067d2e7259,500_525,Nyanja_NNM_Spk1_U_067d2e7259_Utterance_17,ndife okhutilitsidwa ndithu tsopano anatelo kapitawo battleax anatero akazi anga,Nyanja_NNM_Spk1_U_067d2e7259_Utterance_17_500_525.wav,7.895
NNM,M,Spk1,U_067d2e7259,500_525,Nyanja_NNM_Spk1_U_067d2e7259_Utterance_18,ndizapangitsa kuti iwe usandulize mu ci fulunchi ndipo  siuyenera kuopa ngati mwina ndakupeza ndi bvuto,Nyanja_NNM_Spk1_U_067d2e7259_Utterance_18_500_525.wav,8.568
NNM,M,Spk1,U_067d2e7259,500_525,Nyanja_NNM_Spk1_U_067d2e7259_Utterance_19,ndipo unabweleranso mosasamala kwambiri koma izo sizinasinthe ciliconse,Nyanja_NNM_Spk1_U_067d2e7259_Utterance_19_500_525.wav,6.165
NNM,M,Spk1,U_067d2e7259,500_525,Nyanja_NNM_Spk1_U_067d2e7259_Utterance_20,mu dziko lino ndicodziwikilatu kuti kacipinda ka panja ca kunyumba ya malamulo kudulikila mwinanso kulibeali ndi mwai,Nyanja_NNM_Spk1_U_067d2e7259_Utterance_20_500_525.wav,10.101
NNM,M,Spk1,U_067d2e7259,500_525,Nyanja_NNM_Spk1_U_067d2e7259_Utterance_21,ai ndakuyamikilani ndine wokondwera pokupatsani cimwemwe cotere mosabvutikila,Nyanja_NNM_Spk1_U_067d2e7259_Utterance_21_500_525.wav,5.375
NNM,M,Spk1,U_067d2e7259,500_525,Nyanja_NNM_Spk1_U_067d2e7259_Utterance_22,izo ndizo ufuna kumacita eti,Nyanja_NNM_Spk1_U_067d2e7259_Utterance_22_500_525.wav,2.961
NNM,M,Spk1,U_067d2e7259,500_525,Nyanja_NNM_Spk1_U_067d2e7259_Utterance_23,mzimai osadziwika uja ndi zonena zace za kumtima zimene zinanenedwa mwacangu anaopyeza onsewo,Nyanja_NNM_Spk1_U_067d2e7259_Utterance_23_500_525.wav,8.916
NNM,M,Spk1,U_067d2e7259,500_525,Nyanja_NNM_Spk1_U_067d2e7259_Utterance_24,ndine wotopa kwambiri kumanghokhala nekha pano,Nyanja_NNM_Spk1_U_067d2e7259_Utterance_24_500_525.wav,3.518
NNM,M,Spk1,U_067d2e7259,500_525,Nyanja_NNM_Spk1_U_067d2e7259_Utterance_25,zambiri monga za mutu wa buku la m'mbaibulo yocedwa episikopo tsopano pakubwera moni wa atumwi mzera wa citatu,Nyanja_NNM_Spk1_U_067d2e7259_Utterance_25_500_525.wav,10.217
NNM,M,Spk1,U_067d2e7259,525_550,Nyanja_NNM_Spk1_U_067d2e7259_Utterance_1,sitizalankhulanso pa iye ngati inu simukufuna indetu,Nyanja_NNM_Spk1_U_067d2e7259_Utterance_1_525_550.wav,4.284
NNM,M,Spk1,U_067d2e7259,525_550,Nyanja_NNM_Spk1_U_067d2e7259_Utterance_2,njira zako lute zimandiyetsa konenetsa ndi azibale ako onse,Nyanja_NNM_Spk1_U_067d2e7259_Utterance_2_525_550.wav,5.863
NNM,M,Spk1,U_067d2e7259,525_550,Nyanja_NNM_Spk1_U_067d2e7259_Utterance_3,tacokelra kumalo oziimilila okha opambana malo ano oziimilila okha,Nyanja_NNM_Spk1_U_067d2e7259_Utterance_3_525_550.wav,5.526
NNM,M,Spk1,U_067d2e7259,525_550,Nyanja_NNM_Spk1_U_067d2e7259_Utterance_4,popanda ma buku ace olembamo zinthu zithunzi-thunzi makemiko ace ndi maonekedwe/mabvalidwe ace osaoneka bwino akunyumba anali munthu osamasuka bwino,Nyanja_NNM_Spk1_U_067d2e7259_Utterance_4_525_550.wav,13.224
NNM,M,Spk1,U_067d2e7259,525_550,Nyanja_NNM_Spk1_U_067d2e7259_Utterance_5,munny ine tould ike ndifuna kucita mu nkhokwe kwa tonny kukaona a whittawd,Nyanja_NNM_Spk1_U_067d2e7259_Utterance_5_525_550.wav,7.314
NNM,M,Spk1,U_067d2e7259,525_550,Nyanja_NNM_Spk1_U_067d2e7259_Utterance_6,anandikondweretsa ine cifukwa cokhala munthu wa cikhulupiliro kwambiri,Nyanja_NNM_Spk1_U_067d2e7259_Utterance_6_525_550.wav,4.76
NNM,M,Spk1,U_067d2e7259,525_550,Nyanja_NNM_Spk1_U_067d2e7259_Utterance_7,ndipo kulibe nzeru za kale zimene ziyenera kutengedwa kupyolera mu kumanva cizolowezi cokha,Nyanja_NNM_Spk1_U_067d2e7259_Utterance_7_525_550.wav,6.908
NNM,M,Spk1,U_067d2e7259,525_550,Nyanja_NNM_Spk1_U_067d2e7259_Utterance_8,pearl anabadwa okanidwa mu calo ca ana ang'ono-ang'ono,Nyanja_NNM_Spk1_U_067d2e7259_Utterance_8_525_550.wav,4.644
NNM,M,Spk1,U_067d2e7259,525_550,Nyanja_NNM_Spk1_U_067d2e7259_Utterance_9,jaki azakhala mwamuna wa eva osangalala ndipo angakhale pakati pa zinchito zimene calo cifunitsitsa,Nyanja_NNM_Spk1_U_067d2e7259_Utterance_9_525_550.wav,8.552
NNM,M,Spk1,U_067d2e7259,525_550,Nyanja_NNM_Spk1_U_067d2e7259_Utterance_10,nciani cimene ndinamuuza bambo kodi ndili ndi mwai wapadera kuti ndingathe kukuonani,Nyanja_NNM_Spk1_U_067d2e7259_Utterance_10_525_550.wav,7.314
NNM,M,Spk1,U_067d2e7259,525_550,Nyanja_NNM_Spk1_U_067d2e7259_Utterance_11,anakhala pansi ali wodabwa/wosokonezeka m'maganizo ndipo cinthu cimozi anali kuganizapo kopotsa cinali zola,Nyanja_NNM_Spk1_U_067d2e7259_Utterance_11_525_550.wav,9.353
NNM,M,Spk1,U_067d2e7259,525_550,Nyanja_NNM_Spk1_U_067d2e7259_Utterance_12,magome anaikidwa pa maudzu  ndipo cakudya cokoma cinali pafupi kuikidwapo,Nyanja_NNM_Spk1_U_067d2e7259_Utterance_12_525_550.wav,6.092
NNM,M,Spk1,U_067d2e7259,525_550,Nyanja_NNM_Spk1_U_067d2e7259_Utterance_13,cobitsira pa gome ndicolinga coti pathumecopangidwa ndi zidunswa za nsalu zosiyana mitundu zitasokedwa bwino zonse,Nyanja_NNM_Spk1_U_067d2e7259_Utterance_13_525_550.wav,9.431
NNM,M,Spk1,U_067d2e7259,525_550,Nyanja_NNM_Spk1_U_067d2e7259_Utterance_14,koma cimpalangondo m'malo moti amverele anakhalilila pa mpando umene anakhala nayamba kulila,Nyanja_NNM_Spk1_U_067d2e7259_Utterance_14_525_550.wav,8.708
NNM,M,Spk1,U_067d2e7259,525_550,Nyanja_NNM_Spk1_U_067d2e7259_Utterance_15,ndine wamtali tsopano ndipo misambo zanga ndizogawanitsika monga m'mene zinalili zija zimene zinatengedwa caka chatha oo,Nyanja_NNM_Spk1_U_067d2e7259_Utterance_15_525_550.wav,7.059
NNM,M,Spk1,U_067d2e7259,525_550,Nyanja_NNM_Spk1_U_067d2e7259_Utterance_16,koma philippo ndi wacilungamo ndipo ali ndi luso yokwanira ngati anghathe kuleka kulemba--lemba pofuna kupeza njira yace,Nyanja_NNM_Spk1_U_067d2e7259_Utterance_16_525_550.wav,9.148
NNM,M,Spk1,U_067d2e7259,525_550,Nyanja_NNM_Spk1_U_067d2e7259_Utterance_17,anaimililabe motsutsana ndi ziimene anali kunena(kumunamidzira) nayankha zonena zao mozemba mogwiritsa nchito mau ofewa,Nyanja_NNM_Spk1_U_067d2e7259_Utterance_17_525_550.wav,10.261
NNM,M,Spk1,U_067d2e7259,525_550,Nyanja_NNM_Spk1_U_067d2e7259_Utterance_18,cingakhale coneka ngati mwina nsomba ya ukulu wotere inali cakudya cokwanira ndithu,Nyanja_NNM_Spk1_U_067d2e7259_Utterance_18_525_550.wav,6.277
NNM,M,Spk1,U_067d2e7259,525_550,Nyanja_NNM_Spk1_U_067d2e7259_Utterance_19,pulumutsa mtima wakowo ku zobvuto zimene zimabwera utakhala mu cikondi ndi mzimai amene amuna ace anamwalira,Nyanja_NNM_Spk1_U_067d2e7259_Utterance_19_525_550.wav,9.148
NNM,M,Spk1,U_067d2e7259,525_550,Nyanja_NNM_Spk1_U_067d2e7259_Utterance_20,ndipo zisakhileni nokha kunyamuka mwamsanga kapena kucedwako pang'ono,Nyanja_NNM_Spk1_U_067d2e7259_Utterance_20_525_550.wav,6.277
NNM,M,Spk1,U_067d2e7259,525_550,Nyanja_NNM_Spk1_U_067d2e7259_Utterance_21,ndipo anasamila ku cipupa atatsowa mu mapempero,Nyanja_NNM_Spk1_U_067d2e7259_Utterance_21_525_550.wav,4.208
NNM,M,Spk1,U_067d2e7259,525_550,Nyanja_NNM_Spk1_U_067d2e7259_Utterance_22,koma ndakhala ndikucita zimenezi mwakanthawi pa nthawi zina,Nyanja_NNM_Spk1_U_067d2e7259_Utterance_22_525_550.wav,4.76
NNM,M,Spk1,U_067d2e7259,525_550,Nyanja_NNM_Spk1_U_067d2e7259_Utterance_23,inde koma ico ndico ubwinoo wace wa zofuna zace,Nyanja_NNM_Spk1_U_067d2e7259_Utterance_23_525_550.wav,5.526
NNM,M,Spk1,U_067d2e7259,525_550,Nyanja_NNM_Spk1_U_067d2e7259_Utterance_24,coyamba ca zopeza zathu zimene zili zosamveka bwino koma zosatsutsika ndi cakuti kuli kudziwa za kale,Nyanja_NNM_Spk1_U_067d2e7259_Utterance_24_525_550.wav,9.255
NNM,M,Spk1,U_067d2e7259,525_550,Nyanja_NNM_Spk1_U_067d2e7259_Utterance_25,nga ndi zaichthyosaurus kodi abwelera ku mphako yace ya kumadzi,Nyanja_NNM_Spk1_U_067d2e7259_Utterance_25_525_550.wav,6.971
NNM,M,Spk1,U_ef509981a3,500_525,Nyanja_NNM_Spk1_U_ef509981a3_Utterance_1,otsogolera ndi mfumu ya cipolowe ophunzitsidwa nchito wa nottingham ataunga makofi ace anaophyeza montfichet,Nyanja_NNM_Spk1_U_ef509981a3_Utterance_1_500_525.wav,10.426
NNM,M,Spk1,U_ef509981a3,500_525,Nyanja_NNM_Spk1_U_ef509981a3_Utterance_2,pamene bwato lathu linali kuyenda zinthu zimene zimazunguluka kunsi kwace zinapanga nyimboyi ndi kuiimba m'madzi,Nyanja_NNM_Spk1_U_ef509981a3_Utterance_2_500_525.wav,9.265
NNM,M,Spk1,U_ef509981a3,500_525,Nyanja_NNM_Spk1_U_ef509981a3_Utterance_3,ndilibe cobvala ciliconse anayankha mzimai wozicepetsa uja,Nyanja_NNM_Spk1_U_ef509981a3_Utterance_3_500_525.wav,5.16
NNM,M,Spk1,U_ef509981a3,500_525,Nyanja_NNM_Spk1_U_ef509981a3_Utterance_4,servadaki anazitenga mwa masewela kuti a dobryna anali kufuna kuikamo,Nyanja_NNM_Spk1_U_ef509981a3_Utterance_4_500_525.wav,5.782
NNM,M,Spk1,U_ef509981a3,500_525,Nyanja_NNM_Spk1_U_ef509981a3_Utterance_5,zoipa zace za kugwiritsidwa nchito kopita patsogoro ndi kusagwiritsidwa nchito kwa zisulo,Nyanja_NNM_Spk1_U_ef509981a3_Utterance_5_500_525.wav,7.697
NNM,M,Spk1,U_ef509981a3,500_525,Nyanja_NNM_Spk1_U_ef509981a3_Utterance_6,ndipo mulungu atate maene anamuutsa kwa akufa,Nyanja_NNM_Spk1_U_ef509981a3_Utterance_6_500_525.wav,4.94
NNM,M,Spk1,U_ef509981a3,500_525,Nyanja_NNM_Spk1_U_ef509981a3_Utterance_7,ndipo ndinabwelera nitakalipilidwa kotheratu nizatenga za munjira yoipa zambiri katatu kupotsa zomwe ndagwiritsa nchito,Nyanja_NNM_Spk1_U_ef509981a3_Utterance_7_500_525.wav,14.69
NNM,M,Spk1,U_ef509981a3,500_525,Nyanja_NNM_Spk1_U_ef509981a3_Utterance_8,mwina cinali coyenera kusakufunsani ngati molly anali pano popeza kuti ine ndikumbukira kuti inu simukonda zophikaphika za cizungu,Nyanja_NNM_Spk1_U_ef509981a3_Utterance_8_500_525.wav,14.465
NNM,M,Spk1,U_ef509981a3,500_525,Nyanja_NNM_Spk1_U_ef509981a3_Utterance_9,azoimba imba ogwilira nchito pamodzi kucokera ku maiko onsewa anaimba nyimbo ndipo cakudya cotsekemera ca m' madzulo (mgonero) cinaperekedwa,Nyanja_NNM_Spk1_U_ef509981a3_Utterance_9_500_525.wav,16.811
NNM,M,Spk1,U_ef509981a3,500_525,Nyanja_NNM_Spk1_U_ef509981a3_Utterance_10,iyo ndiyo njira kuli inu iyo ndiye njira imene mufuna nonsenu kutipa healongs kuonongeka,Nyanja_NNM_Spk1_U_ef509981a3_Utterance_10_500_525.wav,10.88
NNM,M,Spk1,U_ef509981a3,500_525,Nyanja_NNM_Spk1_U_ef509981a3_Utterance_11,anali kubvutikilabe ku msokonezo wace wa m'mene anali kucitira zinthu nthawi zonse mwan kacetecete,Nyanja_NNM_Spk1_U_ef509981a3_Utterance_11_500_525.wav,10.101
NNM,M,Spk1,U_ef509981a3,500_525,Nyanja_NNM_Spk1_U_ef509981a3_Utterance_12,maka-maka zipangidwa kucokera ku kuika pamodzi kwa zithunzithunzi zopangidwa kuubwana,Nyanja_NNM_Spk1_U_ef509981a3_Utterance_12_500_525.wav,9.381
NNM,M,Spk1,U_ef509981a3,500_525,Nyanja_NNM_Spk1_U_ef509981a3_Utterance_13,ndizoonekeratu kuti munthu ndiye colankhulidwa ku zinthu zosiyana-siyana,Nyanja_NNM_Spk1_U_ef509981a3_Utterance_13_500_525.wav,7.291
NNM,M,Spk1,U_ef509981a3,500_525,Nyanja_NNM_Spk1_U_ef509981a3_Utterance_14,milligram amene thupi lao ndi lolemela ma kilogilamu okewanira 128 ooo,Nyanja_NNM_Spk1_U_ef509981a3_Utterance_14_500_525.wav,9.995
NNM,M,Spk1,U_ef509981a3,500_525,Nyanja_NNM_Spk1_U_ef509981a3_Utterance_15,koma nkhani imeneyi izakambidwa bwino ndithu titaona pa makhalidwa ya anthu a mitundu yonse(ubadwe) ya anthu,Nyanja_NNM_Spk1_U_ef509981a3_Utterance_15_500_525.wav,10.333
NNM,M,Spk1,U_ef509981a3,500_525,Nyanja_NNM_Spk1_U_ef509981a3_Utterance_16,eliza anatseka citseko kumbuyo kwace ndi cifuniro coti aigunditse mwadala ndipo kiyi inagwirana ndi citseko,Nyanja_NNM_Spk1_U_ef509981a3_Utterance_16_500_525.wav,12.74
NNM,M,Spk1,U_ef509981a3,500_525,Nyanja_NNM_Spk1_U_ef509981a3_Utterance_17,ndife okhutilitsidwa ndithu tsopano anatelo kapitawo battleax anatero akazi anga,Nyanja_NNM_Spk1_U_ef509981a3_Utterance_17_500_525.wav,9.59
NNM,M,Spk1,U_ef509981a3,500_525,Nyanja_NNM_Spk1_U_ef509981a3_Utterance_18,ndizapangitsa kuti iwe usandulize mu ci fulunchi ndipo  siuyenera kuopa ngati mwina ndakupeza ndi bvuto,Nyanja_NNM_Spk1_U_ef509981a3_Utterance_18_500_525.wav,11.42
NNM,M,Spk1,U_ef509981a3,500_525,Nyanja_NNM_Spk1_U_ef509981a3_Utterance_19,ndipo unabweleranso mosasamala kwambiri koma izo sizinasinthe ciliconse,Nyanja_NNM_Spk1_U_ef509981a3_Utterance_19_500_525.wav,7.94
NNM,M,Spk1,U_ef509981a3,500_525,Nyanja_NNM_Spk1_U_ef509981a3_Utterance_20,mu dziko lino ndicodziwikilatu kuti kacipinda ka panja ca kunyumba ya malamulo kudulikila mwinanso kulibeali ndi mwai,Nyanja_NNM_Spk1_U_ef509981a3_Utterance_20_500_525.wav,15.26
NNM,M,Spk1,U_ef509981a3,500_525,Nyanja_NNM_Spk1_U_ef509981a3_Utterance_21,ai ndakuyamikilani ndine wokondwera pokupatsani cimwemwe cotere mosabvutikila,Nyanja_NNM_Spk1_U_ef509981a3_Utterance_21_500_525.wav,8.045
NNM,M,Spk1,U_ef509981a3,500_525,Nyanja_NNM_Spk1_U_ef509981a3_Utterance_22,izo ndizo ufuna kumacita eti,Nyanja_NNM_Spk1_U_ef509981a3_Utterance_22_500_525.wav,3.245
NNM,M,Spk1,U_ef509981a3,500_525,Nyanja_NNM_Spk1_U_ef509981a3_Utterance_23,mzimai osadziwika uja ndi zonena zace za kumtima zimene zinanenedwa mwacangu anaopyeza onsewo,Nyanja_NNM_Spk1_U_ef509981a3_Utterance_23_500_525.wav,13.625
NNM,M,Spk1,U_ef509981a3,500_525,Nyanja_NNM_Spk1_U_ef509981a3_Utterance_24,ndine wotopa kwambiri kumanghokhala nekha pano,Nyanja_NNM_Spk1_U_ef509981a3_Utterance_24_500_525.wav,5.36
NNM,M,Spk1,U_ef509981a3,500_525,Nyanja_NNM_Spk1_U_ef509981a3_Utterance_25,zambiri monga za mutu wa buku la m'mbaibulo yocedwa episikopo tsopano pakubwera moni wa atumwi mzera wa citatu,Nyanja_NNM_Spk1_U_ef509981a3_Utterance_25_500_525.wav,14.495
NNM,M,Spk1,U_ef509981a3,525_550,Nyanja_NNM_Spk1_U_ef509981a3_Utterance_1,sitizalankhulanso pa iye ngati inu simukufuna indetu,Nyanja_NNM_Spk1_U_ef509981a3_Utterance_1_525_550.wav,4.644
NNM,M,Spk1,U_ef509981a3,525_550,Nyanja_NNM_Spk1_U_ef509981a3_Utterance_2,njira zako lute zimandiyetsa konenetsa ndi azibale ako onse,Nyanja_NNM_Spk1_U_ef509981a3_Utterance_2_525_550.wav,5.352
NNM,M,Spk1,U_ef509981a3,525_550,Nyanja_NNM_Spk1_U_ef509981a3_Utterance_3,tacokelra kumalo oziimilila okha opambana malo ano oziimilila okha,Nyanja_NNM_Spk1_U_ef509981a3_Utterance_3_525_550.wav,7.221
NNM,M,Spk1,U_ef509981a3,525_550,Nyanja_NNM_Spk1_U_ef509981a3_Utterance_4,popanda ma buku ace olembamo zinthu zithunzi-thunzi makemiko ace ndi maonekedwe/mabvalidwe ace osaoneka bwino akunyumba anali munthu osamasuka bwino,Nyanja_NNM_Spk1_U_ef509981a3_Utterance_4_525_550.wav,12.156
NNM,M,Spk1,U_ef509981a3,525_550,Nyanja_NNM_Spk1_U_ef509981a3_Utterance_5,munny ine tould ike ndifuna kucita mu nkhokwe kwa tonny kukaona a whittawd,Nyanja_NNM_Spk1_U_ef509981a3_Utterance_5_525_550.wav,8.185
NNM,M,Spk1,U_ef509981a3,525_550,Nyanja_NNM_Spk1_U_ef509981a3_Utterance_6,anandikondweretsa ine cifukwa cokhala munthu wa cikhulupiliro kwambiri,Nyanja_NNM_Spk1_U_ef509981a3_Utterance_6_525_550.wav,4.981
NNM,M,Spk1,U_ef509981a3,525_550,Nyanja_NNM_Spk1_U_ef509981a3_Utterance_7,ndipo kulibe nzeru za kale zimene ziyenera kutengedwa kupyolera mu kumanva cizolowezi cokha,Nyanja_NNM_Spk1_U_ef509981a3_Utterance_7_525_550.wav,8.44
NNM,M,Spk1,U_ef509981a3,525_550,Nyanja_NNM_Spk1_U_ef509981a3_Utterance_8,pearl anabadwa okanidwa mu calo ca ana ang'ono-ang'ono,Nyanja_NNM_Spk1_U_ef509981a3_Utterance_8_525_550.wav,4.447
NNM,M,Spk1,U_ef509981a3,525_550,Nyanja_NNM_Spk1_U_ef509981a3_Utterance_9,jaki azakhala mwamuna wa eva osangalala ndipo angakhale pakati pa zinchito zimene calo cifunitsitsa,Nyanja_NNM_Spk1_U_ef509981a3_Utterance_9_525_550.wav,8.324
NNM,M,Spk1,U_ef509981a3,525_550,Nyanja_NNM_Spk1_U_ef509981a3_Utterance_10,nciani cimene ndinamuuza bambo kodi ndili ndi mwai wapadera kuti ndingathe kukuonani,Nyanja_NNM_Spk1_U_ef509981a3_Utterance_10_525_550.wav,7.558
NNM,M,Spk1,U_ef509981a3,525_550,Nyanja_NNM_Spk1_U_ef509981a3_Utterance_11,anakhala pansi ali wodabwa/wosokonezeka m'maganizo ndipo cinthu cimozi anali kuganizapo kopotsa cinali zola,Nyanja_NNM_Spk1_U_ef509981a3_Utterance_11_525_550.wav,8.057
NNM,M,Spk1,U_ef509981a3,525_550,Nyanja_NNM_Spk1_U_ef509981a3_Utterance_12,magome anaikidwa pa maudzu  ndipo cakudya cokoma cinali pafupi kuikidwapo,Nyanja_NNM_Spk1_U_ef509981a3_Utterance_12_525_550.wav,6.769
NNM,M,Spk1,U_ef509981a3,525_550,Nyanja_NNM_Spk1_U_ef509981a3_Utterance_13,cobitsira pa gome ndicolinga coti pathumecopangidwa ndi zidunswa za nsalu zosiyana mitundu zitasokedwa bwino zonse,Nyanja_NNM_Spk1_U_ef509981a3_Utterance_13_525_550.wav,8.44
NNM,M,Spk1,U_ef509981a3,525_550,Nyanja_NNM_Spk1_U_ef509981a3_Utterance_14,koma cimpalangondo m'malo moti amverele anakhalilila pa mpando umene anakhala nayamba kulila,Nyanja_NNM_Spk1_U_ef509981a3_Utterance_14_525_550.wav,8.429
NNM,M,Spk1,U_ef509981a3,525_550,Nyanja_NNM_Spk1_U_ef509981a3_Utterance_15,ndine wamtali tsopano ndipo misambo zanga ndizogawanitsika monga m'mene zinalili zija zimene zinatengedwa caka chatha oo,Nyanja_NNM_Spk1_U_ef509981a3_Utterance_15_525_550.wav,10.077
NNM,M,Spk1,U_ef509981a3,525_550,Nyanja_NNM_Spk1_U_ef509981a3_Utterance_16,koma philippo ndi wacilungamo ndipo ali ndi luso yokwanira ngati anghathe kuleka kulemba--lemba pofuna kupeza njira yace,Nyanja_NNM_Spk1_U_ef509981a3_Utterance_16_525_550.wav,9.462
NNM,M,Spk1,U_ef509981a3,525_550,Nyanja_NNM_Spk1_U_ef509981a3_Utterance_17,anaimililabe motsutsana ndi ziimene anali kunena(kumunamidzira) nayankha zonena zao mozemba mogwiritsa nchito mau ofewa,Nyanja_NNM_Spk1_U_ef509981a3_Utterance_17_525_550.wav,9.462
NNM,M,Spk1,U_ef509981a3,525_550,Nyanja_NNM_Spk1_U_ef509981a3_Utterance_18,cingakhale coneka ngati mwina nsomba ya ukulu wotere inali cakudya cokwanira ndithu,Nyanja_NNM_Spk1_U_ef509981a3_Utterance_18_525_550.wav,7.256
NNM,M,Spk1,U_ef509981a3,525_550,Nyanja_NNM_Spk1_U_ef509981a3_Utterance_19,pulumutsa mtima wakowo ku zobvuto zimene zimabwera utakhala mu cikondi ndi mzimai amene amuna ace anamwalira,Nyanja_NNM_Spk1_U_ef509981a3_Utterance_19_525_550.wav,10.24
NNM,M,Spk1,U_ef509981a3,525_550,Nyanja_NNM_Spk1_U_ef509981a3_Utterance_20,ndipo zisakhileni nokha kunyamuka mwamsanga kapena kucedwako pang'ono,Nyanja_NNM_Spk1_U_ef509981a3_Utterance_20_525_550.wav,6.699
NNM,M,Spk1,U_ef509981a3,525_550,Nyanja_NNM_Spk1_U_ef509981a3_Utterance_21,ndipo anasamila ku cipupa atatsowa mu mapempero,Nyanja_NNM_Spk1_U_ef509981a3_Utterance_21_525_550.wav,4.505
NNM,M,Spk1,U_ef509981a3,525_550,Nyanja_NNM_Spk1_U_ef509981a3_Utterance_22,koma ndakhala ndikucita zimenezi mwakanthawi pa nthawi zina,Nyanja_NNM_Spk1_U_ef509981a3_Utterance_22_525_550.wav,4.772
NNM,M,Spk1,U_ef509981a3,525_550,Nyanja_NNM_Spk1_U_ef509981a3_Utterance_23,inde koma ico ndico ubwinoo wace wa zofuna zace,Nyanja_NNM_Spk1_U_ef509981a3_Utterance_23_525_550.wav,4.865
NNM,M,Spk1,U_ef509981a3,525_550,Nyanja_NNM_Spk1_U_ef509981a3_Utterance_24,coyamba ca zopeza zathu zimene zili zosamveka bwino koma zosatsutsika ndi cakuti kuli kudziwa za kale,Nyanja_NNM_Spk1_U_ef509981a3_Utterance_24_525_550.wav,8.057
NNM,M,Spk1,U_ef509981a3,525_550,Nyanja_NNM_Spk1_U_ef509981a3_Utterance_25,nga ndi zaichthyosaurus kodi abwelera ku mphako yace ya kumadzi,Nyanja_NNM_Spk1_U_ef509981a3_Utterance_25_525_550.wav,6.2
NNM,M,Spk1,U_24f207065a,500_525,Nyanja_NNM_Spk1_U_24f207065a_Utterance_1,otsogolera ndi mfumu ya cipolowe ophunzitsidwa nchito wa nottingham ataunga makofi ace anaophyeza montfichet,Nyanja_NNM_Spk1_U_24f207065a_Utterance_1_500_525.wav,8.21
NNM,M,Spk1,U_24f207065a,500_525,Nyanja_NNM_Spk1_U_24f207065a_Utterance_2,pamene bwato lathu linali kuyenda zinthu zimene zimazunguluka kunsi kwace zinapanga nyimboyi ndi kuiimba m'madzi,Nyanja_NNM_Spk1_U_24f207065a_Utterance_2_500_525.wav,7.745
NNM,M,Spk1,U_24f207065a,500_525,Nyanja_NNM_Spk1_U_24f207065a_Utterance_3,ndilibe cobvala ciliconse anayankha mzimai wozicepetsa uja,Nyanja_NNM_Spk1_U_24f207065a_Utterance_3_500_525.wav,4.22
NNM,M,Spk1,U_24f207065a,500_525,Nyanja_NNM_Spk1_U_24f207065a_Utterance_4,servadaki anazitenga mwa masewela kuti a dobryna anali kufuna kuikamo,Nyanja_NNM_Spk1_U_24f207065a_Utterance_4_500_525.wav,5.585
NNM,M,Spk1,U_24f207065a,500_525,Nyanja_NNM_Spk1_U_24f207065a_Utterance_5,zoipa zace za kugwiritsidwa nchito kopita patsogoro ndi kusagwiritsidwa nchito kwa zisulo,Nyanja_NNM_Spk1_U_24f207065a_Utterance_5_500_525.wav,8.06
NNM,M,Spk1,U_24f207065a,500_525,Nyanja_NNM_Spk1_U_24f207065a_Utterance_6,ndipo mulungu atate maene anamuutsa kwa akufa,Nyanja_NNM_Spk1_U_24f207065a_Utterance_6_500_525.wav,4.925
NNM,M,Spk1,U_24f207065a,500_525,Nyanja_NNM_Spk1_U_24f207065a_Utterance_7,ndipo ndinabwelera nitakalipilidwa kotheratu nizatenga za munjira yoipa zambiri katatu kupotsa zomwe ndagwiritsa nchito,Nyanja_NNM_Spk1_U_24f207065a_Utterance_7_500_525.wav,11.96
NNM,M,Spk1,U_24f207065a,500_525,Nyanja_NNM_Spk1_U_24f207065a_Utterance_8,mwina cinali coyenera kusakufunsani ngati molly anali pano popeza kuti ine ndikumbukira kuti inu simukonda zophikaphika za cizungu,Nyanja_NNM_Spk1_U_24f207065a_Utterance_8_500_525.wav,11.57
NNM,M,Spk1,U_24f207065a,500_525,Nyanja_NNM_Spk1_U_24f207065a_Utterance_9,azoimba imba ogwilira nchito pamodzi kucokera ku maiko onsewa anaimba nyimbo ndipo cakudya cotsekemera ca m' madzulo (mgonero) cinaperekedwa,Nyanja_NNM_Spk1_U_24f207065a_Utterance_9_500_525.wav,18.77
NNM,M,Spk1,U_24f207065a,500_525,Nyanja_NNM_Spk1_U_24f207065a_Utterance_10,iyo ndiyo njira kuli inu iyo ndiye njira imene mufuna nonsenu kutipa healongs kuonongeka,Nyanja_NNM_Spk1_U_24f207065a_Utterance_10_500_525.wav,9.77
NNM,M,Spk1,U_24f207065a,500_525,Nyanja_NNM_Spk1_U_24f207065a_Utterance_11,anali kubvutikilabe ku msokonezo wace wa m'mene anali kucitira zinthu nthawi zonse mwan kacetecete,Nyanja_NNM_Spk1_U_24f207065a_Utterance_11_500_525.wav,16.805
NNM,M,Spk1,U_24f207065a,500_525,Nyanja_NNM_Spk1_U_24f207065a_Utterance_12,maka-maka zipangidwa kucokera ku kuika pamodzi kwa zithunzithunzi zopangidwa kuubwana,Nyanja_NNM_Spk1_U_24f207065a_Utterance_12_500_525.wav,11.81
NNM,M,Spk1,U_24f207065a,500_525,Nyanja_NNM_Spk1_U_24f207065a_Utterance_13,ndizoonekeratu kuti munthu ndiye colankhulidwa ku zinthu zosiyana-siyana,Nyanja_NNM_Spk1_U_24f207065a_Utterance_13_500_525.wav,8.585
NNM,M,Spk1,U_24f207065a,500_525,Nyanja_NNM_Spk1_U_24f207065a_Utterance_14,milligram amene thupi lao ndi lolemela ma kilogilamu okewanira 128 ooo,Nyanja_NNM_Spk1_U_24f207065a_Utterance_14_500_525.wav,10.67
NNM,M,Spk1,U_24f207065a,500_525,Nyanja_NNM_Spk1_U_24f207065a_Utterance_15,koma nkhani imeneyi izakambidwa bwino ndithu titaona pa makhalidwa ya anthu a mitundu yonse(ubadwe) ya anthu,Nyanja_NNM_Spk1_U_24f207065a_Utterance_15_500_525.wav,15.575
NNM,M,Spk1,U_24f207065a,500_525,Nyanja_NNM_Spk1_U_24f207065a_Utterance_16,eliza anatseka citseko kumbuyo kwace ndi cifuniro coti aigunditse mwadala ndipo kiyi inagwirana ndi citseko,Nyanja_NNM_Spk1_U_24f207065a_Utterance_16_500_525.wav,11.045
NNM,M,Spk1,U_24f207065a,500_525,Nyanja_NNM_Spk1_U_24f207065a_Utterance_17,ndife okhutilitsidwa ndithu tsopano anatelo kapitawo battleax anatero akazi anga,Nyanja_NNM_Spk1_U_24f207065a_Utterance_17_500_525.wav,8.36
NNM,M,Spk1,U_24f207065a,500_525,Nyanja_NNM_Spk1_U_24f207065a_Utterance_18,ndizapangitsa kuti iwe usandulize mu ci fulunchi ndipo  siuyenera kuopa ngati mwina ndakupeza ndi bvuto,Nyanja_NNM_Spk1_U_24f207065a_Utterance_18_500_525.wav,13.88
NNM,M,Spk1,U_24f207065a,500_525,Nyanja_NNM_Spk1_U_24f207065a_Utterance_19,ndipo unabweleranso mosasamala kwambiri koma izo sizinasinthe ciliconse,Nyanja_NNM_Spk1_U_24f207065a_Utterance_19_500_525.wav,9.44
NNM,M,Spk1,U_24f207065a,500_525,Nyanja_NNM_Spk1_U_24f207065a_Utterance_20,mu dziko lino ndicodziwikilatu kuti kacipinda ka panja ca kunyumba ya malamulo kudulikila mwinanso kulibeali ndi mwai,Nyanja_NNM_Spk1_U_24f207065a_Utterance_20_500_525.wav,17.03
NNM,M,Spk1,U_24f207065a,500_525,Nyanja_NNM_Spk1_U_24f207065a_Utterance_21,ai ndakuyamikilani ndine wokondwera pokupatsani cimwemwe cotere mosabvutikila,Nyanja_NNM_Spk1_U_24f207065a_Utterance_21_500_525.wav,14.495
NNM,M,Spk1,U_24f207065a,500_525,Nyanja_NNM_Spk1_U_24f207065a_Utterance_22,izo ndizo ufuna kumacita eti,Nyanja_NNM_Spk1_U_24f207065a_Utterance_22_500_525.wav,3.935
NNM,M,Spk1,U_24f207065a,500_525,Nyanja_NNM_Spk1_U_24f207065a_Utterance_23,mzimai osadziwika uja ndi zonena zace za kumtima zimene zinanenedwa mwacangu anaopyeza onsewo,Nyanja_NNM_Spk1_U_24f207065a_Utterance_23_500_525.wav,14.66
NNM,M,Spk1,U_24f207065a,500_525,Nyanja_NNM_Spk1_U_24f207065a_Utterance_24,ndine wotopa kwambiri kumanghokhala nekha pano,Nyanja_NNM_Spk1_U_24f207065a_Utterance_24_500_525.wav,4.58
NNM,M,Spk1,U_24f207065a,500_525,Nyanja_NNM_Spk1_U_24f207065a_Utterance_25,zambiri monga za mutu wa buku la m'mbaibulo yocedwa episikopo tsopano pakubwera moni wa atumwi mzera wa citatu,Nyanja_NNM_Spk1_U_24f207065a_Utterance_25_500_525.wav,19.265
NNM,M,Spk1,U_24f207065a,525_550,Nyanja_NNM_Spk1_U_24f207065a_Utterance_1,sitizalankhulanso pa iye ngati inu simukufuna indetu,Nyanja_NNM_Spk1_U_24f207065a_Utterance_1_525_550.wav,6.785
NNM,M,Spk1,U_24f207065a,525_550,Nyanja_NNM_Spk1_U_24f207065a_Utterance_2,njira zako lute zimandiyetsa konenetsa ndi azibale ako onse,Nyanja_NNM_Spk1_U_24f207065a_Utterance_2_525_550.wav,10.775
NNM,M,Spk1,U_24f207065a,525_550,Nyanja_NNM_Spk1_U_24f207065a_Utterance_3,tacokelra kumalo oziimilila okha opambana malo ano oziimilila okha,Nyanja_NNM_Spk1_U_24f207065a_Utterance_3_525_550.wav,9.68
NNM,M,Spk1,U_24f207065a,525_550,Nyanja_NNM_Spk1_U_24f207065a_Utterance_4,popanda ma buku ace olembamo zinthu zithunzi-thunzi makemiko ace ndi maonekedwe/mabvalidwe ace osaoneka bwino akunyumba anali munthu osamasuka bwino,Nyanja_NNM_Spk1_U_24f207065a_Utterance_4_525_550.wav,25.535
NNM,M,Spk1,U_24f207065a,525_550,Nyanja_NNM_Spk1_U_24f207065a_Utterance_5,munny ine tould ike ndifuna kucita mu nkhokwe kwa tonny kukaona a whittawd,Nyanja_NNM_Spk1_U_24f207065a_Utterance_5_525_550.wav,10.58
NNM,M,Spk1,U_24f207065a,525_550,Nyanja_NNM_Spk1_U_24f207065a_Utterance_6,anandikondweretsa ine cifukwa cokhala munthu wa cikhulupiliro kwambiri,Nyanja_NNM_Spk1_U_24f207065a_Utterance_6_525_550.wav,9.11
NNM,M,Spk1,U_24f207065a,525_550,Nyanja_NNM_Spk1_U_24f207065a_Utterance_7,ndipo kulibe nzeru za kale zimene ziyenera kutengedwa kupyolera mu kumanva cizolowezi cokha,Nyanja_NNM_Spk1_U_24f207065a_Utterance_7_525_550.wav,17.225
NNM,M,Spk1,U_24f207065a,525_550,Nyanja_NNM_Spk1_U_24f207065a_Utterance_8,pearl anabadwa okanidwa mu calo ca ana ang'ono-ang'ono,Nyanja_NNM_Spk1_U_24f207065a_Utterance_8_525_550.wav,4.88
NNM,M,Spk1,U_24f207065a,525_550,Nyanja_NNM_Spk1_U_24f207065a_Utterance_9,jaki azakhala mwamuna wa eva osangalala ndipo angakhale pakati pa zinchito zimene calo cifunitsitsa,Nyanja_NNM_Spk1_U_24f207065a_Utterance_9_525_550.wav,10.28
NNM,M,Spk1,U_24f207065a,525_550,Nyanja_NNM_Spk1_U_24f207065a_Utterance_10,nciani cimene ndinamuuza bambo kodi ndili ndi mwai wapadera kuti ndingathe kukuonani,Nyanja_NNM_Spk1_U_24f207065a_Utterance_10_525_550.wav,17.525
NNM,M,Spk1,U_24f207065a,525_550,Nyanja_NNM_Spk1_U_24f207065a_Utterance_11,anakhala pansi ali wodabwa/wosokonezeka m'maganizo ndipo cinthu cimozi anali kuganizapo kopotsa cinali zola,Nyanja_NNM_Spk1_U_24f207065a_Utterance_11_525_550.wav,14.765
NNM,M,Spk1,U_24f207065a,525_550,Nyanja_NNM_Spk1_U_24f207065a_Utterance_12,magome anaikidwa pa maudzu  ndipo cakudya cokoma cinali pafupi kuikidwapo,Nyanja_NNM_Spk1_U_24f207065a_Utterance_12_525_550.wav,15.74
NNM,M,Spk1,U_24f207065a,525_550,Nyanja_NNM_Spk1_U_24f207065a_Utterance_13,cobitsira pa gome ndicolinga coti pathumecopangidwa ndi zidunswa za nsalu zosiyana mitundu zitasokedwa bwino zonse,Nyanja_NNM_Spk1_U_24f207065a_Utterance_13_525_550.wav,10.7
NNM,M,Spk1,U_24f207065a,525_550,Nyanja_NNM_Spk1_U_24f207065a_Utterance_14,koma cimpalangondo m'malo moti amverele anakhalilila pa mpando umene anakhala nayamba kulila,Nyanja_NNM_Spk1_U_24f207065a_Utterance_14_525_550.wav,22.865
NNM,M,Spk1,U_24f207065a,525_550,Nyanja_NNM_Spk1_U_24f207065a_Utterance_15,ndine wamtali tsopano ndipo misambo zanga ndizogawanitsika monga m'mene zinalili zija zimene zinatengedwa caka chatha oo,Nyanja_NNM_Spk1_U_24f207065a_Utterance_15_525_550.wav,14.525
NNM,M,Spk1,U_24f207065a,525_550,Nyanja_NNM_Spk1_U_24f207065a_Utterance_16,koma philippo ndi wacilungamo ndipo ali ndi luso yokwanira ngati anghathe kuleka kulemba--lemba pofuna kupeza njira yace,Nyanja_NNM_Spk1_U_24f207065a_Utterance_16_525_550.wav,13.25
NNM,M,Spk1,U_24f207065a,525_550,Nyanja_NNM_Spk1_U_24f207065a_Utterance_17,anaimililabe motsutsana ndi ziimene anali kunena(kumunamidzira) nayankha zonena zao mozemba mogwiritsa nchito mau ofewa,Nyanja_NNM_Spk1_U_24f207065a_Utterance_17_525_550.wav,10.775
NNM,M,Spk1,U_24f207065a,525_550,Nyanja_NNM_Spk1_U_24f207065a_Utterance_18,cingakhale coneka ngati mwina nsomba ya ukulu wotere inali cakudya cokwanira ndithu,Nyanja_NNM_Spk1_U_24f207065a_Utterance_18_525_550.wav,14.645
NNM,M,Spk1,U_24f207065a,525_550,Nyanja_NNM_Spk1_U_24f207065a_Utterance_19,pulumutsa mtima wakowo ku zobvuto zimene zimabwera utakhala mu cikondi ndi mzimai amene amuna ace anamwalira,Nyanja_NNM_Spk1_U_24f207065a_Utterance_19_525_550.wav,8.33
NNM,M,Spk1,U_24f207065a,525_550,Nyanja_NNM_Spk1_U_24f207065a_Utterance_20,ndipo zisakhileni nokha kunyamuka mwamsanga kapena kucedwako pang'ono,Nyanja_NNM_Spk1_U_24f207065a_Utterance_20_525_550.wav,6.14
NNM,M,Spk1,U_24f207065a,525_550,Nyanja_NNM_Spk1_U_24f207065a_Utterance_21,ndipo anasamila ku cipupa atatsowa mu mapempero,Nyanja_NNM_Spk1_U_24f207065a_Utterance_21_525_550.wav,9.005
NNM,M,Spk1,U_24f207065a,525_550,Nyanja_NNM_Spk1_U_24f207065a_Utterance_22,koma ndakhala ndikucita zimenezi mwakanthawi pa nthawi zina,Nyanja_NNM_Spk1_U_24f207065a_Utterance_22_525_550.wav,7.31
NNM,M,Spk1,U_24f207065a,525_550,Nyanja_NNM_Spk1_U_24f207065a_Utterance_23,inde koma ico ndico ubwinoo wace wa zofuna zace,Nyanja_NNM_Spk1_U_24f207065a_Utterance_23_525_550.wav,15.245
NNM,M,Spk1,U_24f207065a,525_550,Nyanja_NNM_Spk1_U_24f207065a_Utterance_24,coyamba ca zopeza zathu zimene zili zosamveka bwino koma zosatsutsika ndi cakuti kuli kudziwa za kale,Nyanja_NNM_Spk1_U_24f207065a_Utterance_24_525_550.wav,9.305
NNM,M,Spk1,U_24f207065a,525_550,Nyanja_NNM_Spk1_U_24f207065a_Utterance_25,nga ndi zaichthyosaurus kodi abwelera ku mphako yace ya kumadzi,Nyanja_NNM_Spk1_U_24f207065a_Utterance_25_525_550.wav,9.665
NNM,M,Spk1,U_0be58d339e,500_525,Nyanja_NNM_Spk1_U_0be58d339e_Utterance_1,otsogolera ndi mfumu ya cipolowe ophunzitsidwa nchito wa nottingham ataunga makofi ace anaophyeza montfichet,Nyanja_NNM_Spk1_U_0be58d339e_Utterance_1_500_525.wav,13.925
NNM,M,Spk1,U_0be58d339e,500_525,Nyanja_NNM_Spk1_U_0be58d339e_Utterance_2,pamene bwato lathu linali kuyenda zinthu zimene zimazunguluka kunsi kwace zinapanga nyimboyi ndi kuiimba m'madzi,Nyanja_NNM_Spk1_U_0be58d339e_Utterance_2_500_525.wav,11.87
NNM,M,Spk1,U_0be58d339e,500_525,Nyanja_NNM_Spk1_U_0be58d339e_Utterance_3,ndilibe cobvala ciliconse anayankha mzimai wozicepetsa uja,Nyanja_NNM_Spk1_U_0be58d339e_Utterance_3_500_525.wav,7.085
NNM,M,Spk1,U_0be58d339e,500_525,Nyanja_NNM_Spk1_U_0be58d339e_Utterance_4,servadaki anazitenga mwa masewela kuti a dobryna anali kufuna kuikamo,Nyanja_NNM_Spk1_U_0be58d339e_Utterance_4_500_525.wav,8.6
NNM,M,Spk1,U_0be58d339e,500_525,Nyanja_NNM_Spk1_U_0be58d339e_Utterance_5,zoipa zace za kugwiritsidwa nchito kopita patsogoro ndi kusagwiritsidwa nchito kwa zisulo,Nyanja_NNM_Spk1_U_0be58d339e_Utterance_5_500_525.wav,10.73
NNM,M,Spk1,U_0be58d339e,500_525,Nyanja_NNM_Spk1_U_0be58d339e_Utterance_6,ndipo mulungu atate maene anamuutsa kwa akufa,Nyanja_NNM_Spk1_U_0be58d339e_Utterance_6_500_525.wav,7.745
NNM,M,Spk1,U_0be58d339e,500_525,Nyanja_NNM_Spk1_U_0be58d339e_Utterance_7,ndipo ndinabwelera nitakalipilidwa kotheratu nizatenga za munjira yoipa zambiri katatu kupotsa zomwe ndagwiritsa nchito,Nyanja_NNM_Spk1_U_0be58d339e_Utterance_7_500_525.wav,16.64
NNM,M,Spk1,U_0be58d339e,500_525,Nyanja_NNM_Spk1_U_0be58d339e_Utterance_8,mwina cinali coyenera kusakufunsani ngati molly anali pano popeza kuti ine ndikumbukira kuti inu simukonda zophikaphika za cizungu,Nyanja_NNM_Spk1_U_0be58d339e_Utterance_8_500_525.wav,13.584
NNM,M,Spk1,U_0be58d339e,500_525,Nyanja_NNM_Spk1_U_0be58d339e_Utterance_9,azoimba imba ogwilira nchito pamodzi kucokera ku maiko onsewa anaimba nyimbo ndipo cakudya cotsekemera ca m' madzulo (mgonero) cinaperekedwa,Nyanja_NNM_Spk1_U_0be58d339e_Utterance_9_500_525.wav,19.61
NNM,M,Spk1,U_0be58d339e,500_525,Nyanja_NNM_Spk1_U_0be58d339e_Utterance_10,iyo ndiyo njira kuli inu iyo ndiye njira imene mufuna nonsenu kutipa healongs kuonongeka,Nyanja_NNM_Spk1_U_0be58d339e_Utterance_10_500_525.wav,14.09
NNM,M,Spk1,U_0be58d339e,500_525,Nyanja_NNM_Spk1_U_0be58d339e_Utterance_11,anali kubvutikilabe ku msokonezo wace wa m'mene anali kucitira zinthu nthawi zonse mwan kacetecete,Nyanja_NNM_Spk1_U_0be58d339e_Utterance_11_500_525.wav,14.12
NNM,M,Spk1,U_0be58d339e,500_525,Nyanja_NNM_Spk1_U_0be58d339e_Utterance_12,maka-maka zipangidwa kucokera ku kuika pamodzi kwa zithunzithunzi zopangidwa kuubwana,Nyanja_NNM_Spk1_U_0be58d339e_Utterance_12_500_525.wav,11.645
NNM,M,Spk1,U_0be58d339e,500_525,Nyanja_NNM_Spk1_U_0be58d339e_Utterance_13,ndizoonekeratu kuti munthu ndiye colankhulidwa ku zinthu zosiyana-siyana,Nyanja_NNM_Spk1_U_0be58d339e_Utterance_13_500_525.wav,8.39
NNM,M,Spk1,U_0be58d339e,500_525,Nyanja_NNM_Spk1_U_0be58d339e_Utterance_14,milligram amene thupi lao ndi lolemela ma kilogilamu okewanira 128 ooo,Nyanja_NNM_Spk1_U_0be58d339e_Utterance_14_500_525.wav,11.09
NNM,M,Spk1,U_0be58d339e,500_525,Nyanja_NNM_Spk1_U_0be58d339e_Utterance_15,koma nkhani imeneyi izakambidwa bwino ndithu titaona pa makhalidwa ya anthu a mitundu yonse(ubadwe) ya anthu,Nyanja_NNM_Spk1_U_0be58d339e_Utterance_15_500_525.wav,14.075
NNM,M,Spk1,U_0be58d339e,500_525,Nyanja_NNM_Spk1_U_0be58d339e_Utterance_16,eliza anatseka citseko kumbuyo kwace ndi cifuniro coti aigunditse mwadala ndipo kiyi inagwirana ndi citseko,Nyanja_NNM_Spk1_U_0be58d339e_Utterance_16_500_525.wav,14.945
NNM,M,Spk1,U_0be58d339e,500_525,Nyanja_NNM_Spk1_U_0be58d339e_Utterance_17,ndife okhutilitsidwa ndithu tsopano anatelo kapitawo battleax anatero akazi anga,Nyanja_NNM_Spk1_U_0be58d339e_Utterance_17_500_525.wav,16.175
NNM,M,Spk1,U_0be58d339e,500_525,Nyanja_NNM_Spk1_U_0be58d339e_Utterance_18,ndizapangitsa kuti iwe usandulize mu ci fulunchi ndipo  siuyenera kuopa ngati mwina ndakupeza ndi bvuto,Nyanja_NNM_Spk1_U_0be58d339e_Utterance_18_500_525.wav,15.575
NNM,M,Spk1,U_0be58d339e,500_525,Nyanja_NNM_Spk1_U_0be58d339e_Utterance_19,ndipo unabweleranso mosasamala kwambiri koma izo sizinasinthe ciliconse,Nyanja_NNM_Spk1_U_0be58d339e_Utterance_19_500_525.wav,8.485
NNM,M,Spk1,U_0be58d339e,500_525,Nyanja_NNM_Spk1_U_0be58d339e_Utterance_20,mu dziko lino ndicodziwikilatu kuti kacipinda ka panja ca kunyumba ya malamulo kudulikila mwinanso kulibeali ndi mwai,Nyanja_NNM_Spk1_U_0be58d339e_Utterance_20_500_525.wav,16.883
NNM,M,Spk1,U_0be58d339e,500_525,Nyanja_NNM_Spk1_U_0be58d339e_Utterance_21,izo ndizo ufuna kumacita eti,Nyanja_NNM_Spk1_U_0be58d339e_Utterance_21_500_525.wav,4.511
NNM,M,Spk1,U_0be58d339e,500_525,Nyanja_NNM_Spk1_U_0be58d339e_Utterance_22,mzimai osadziwika uja ndi zonena zace za kumtima zimene zinanenedwa mwacangu anaopyeza onsewo,Nyanja_NNM_Spk1_U_0be58d339e_Utterance_22_500_525.wav,12.038
NNM,M,Spk1,U_0be58d339e,500_525,Nyanja_NNM_Spk1_U_0be58d339e_Utterance_23,ndine wotopa kwambiri kumanghokhala nekha pano,Nyanja_NNM_Spk1_U_0be58d339e_Utterance_23_500_525.wav,5.078
NNM,M,Spk1,U_0be58d339e,500_525,Nyanja_NNM_Spk1_U_0be58d339e_Utterance_24,zambiri monga za mutu wa buku la m'mbaibulo yocedwa episikopo tsopano pakubwera moni wa atumwi mzera wa citatu,Nyanja_NNM_Spk1_U_0be58d339e_Utterance_24_500_525.wav,12.26
NNM,M,Spk1,U_0be58d339e,525_550,Nyanja_NNM_Spk1_U_0be58d339e_Utterance_1,sitizalankhulanso pa iye ngati inu simukufuna indetu,Nyanja_NNM_Spk1_U_0be58d339e_Utterance_1_525_550.wav,5.315
NNM,M,Spk1,U_0be58d339e,525_550,Nyanja_NNM_Spk1_U_0be58d339e_Utterance_2,njira zako lute zimandiyetsa konenetsa ndi azibale ako onse,Nyanja_NNM_Spk1_U_0be58d339e_Utterance_2_525_550.wav,7.37
NNM,M,Spk1,U_0be58d339e,525_550,Nyanja_NNM_Spk1_U_0be58d339e_Utterance_3,tacokelra kumalo oziimilila okha opambana malo ano oziimilila okha,Nyanja_NNM_Spk1_U_0be58d339e_Utterance_3_525_550.wav,7.325
NNM,M,Spk1,U_0be58d339e,525_550,Nyanja_NNM_Spk1_U_0be58d339e_Utterance_4,popanda ma buku ace olembamo zinthu zithunzi-thunzi makemiko ace ndi maonekedwe/mabvalidwe ace osaoneka bwino akunyumba anali munthu osamasuka bwino,Nyanja_NNM_Spk1_U_0be58d339e_Utterance_4_525_550.wav,16.235
NNM,M,Spk1,U_0be58d339e,525_550,Nyanja_NNM_Spk1_U_0be58d339e_Utterance_5,munny ine tould ike ndifuna kucita mu nkhokwe kwa tonny kukaona a whittawd,Nyanja_NNM_Spk1_U_0be58d339e_Utterance_5_525_550.wav,7.91
NNM,M,Spk1,U_0be58d339e,525_550,Nyanja_NNM_Spk1_U_0be58d339e_Utterance_6,anandikondweretsa ine cifukwa cokhala munthu wa cikhulupiliro kwambiri,Nyanja_NNM_Spk1_U_0be58d339e_Utterance_6_525_550.wav,6.17
NNM,M,Spk1,U_0be58d339e,525_550,Nyanja_NNM_Spk1_U_0be58d339e_Utterance_7,ndipo kulibe nzeru za kale zimene ziyenera kutengedwa kupyolera mu kumanva cizolowezi cokha,Nyanja_NNM_Spk1_U_0be58d339e_Utterance_7_525_550.wav,11.105
NNM,M,Spk1,U_0be58d339e,525_550,Nyanja_NNM_Spk1_U_0be58d339e_Utterance_8,pearl anabadwa okanidwa mu calo ca ana ang'ono-ang'ono,Nyanja_NNM_Spk1_U_0be58d339e_Utterance_8_525_550.wav,4.205
NNM,M,Spk1,U_0be58d339e,525_550,Nyanja_NNM_Spk1_U_0be58d339e_Utterance_9,jaki azakhala mwamuna wa eva osangalala ndipo angakhale pakati pa zinchito zimene calo cifunitsitsa,Nyanja_NNM_Spk1_U_0be58d339e_Utterance_9_525_550.wav,10.791
NNM,M,Spk1,U_0be58d339e,525_550,Nyanja_NNM_Spk1_U_0be58d339e_Utterance_10,nciani cimene ndinamuuza bambo kodi ndili ndi mwai wapadera kuti ndingathe kukuonani,Nyanja_NNM_Spk1_U_0be58d339e_Utterance_10_525_550.wav,12.065
NNM,M,Spk1,U_0be58d339e,525_550,Nyanja_NNM_Spk1_U_0be58d339e_Utterance_11,anakhala pansi ali wodabwa/wosokonezeka m'maganizo ndipo cinthu cimozi anali kuganizapo kopotsa cinali zola,Nyanja_NNM_Spk1_U_0be58d339e_Utterance_11_525_550.wav,9.831
NNM,M,Spk1,U_0be58d339e,525_550,Nyanja_NNM_Spk1_U_0be58d339e_Utterance_12,magome anaikidwa pa maudzu  ndipo cakudya cokoma cinali pafupi kuikidwapo,Nyanja_NNM_Spk1_U_0be58d339e_Utterance_12_525_550.wav,7.55
NNM,M,Spk1,U_0be58d339e,525_550,Nyanja_NNM_Spk1_U_0be58d339e_Utterance_13,cobitsira pa gome ndicolinga coti pathumecopangidwa ndi zidunswa za nsalu zosiyana mitundu zitasokedwa bwino zonse,Nyanja_NNM_Spk1_U_0be58d339e_Utterance_13_525_550.wav,19.855
NNM,M,Spk1,U_0be58d339e,525_550,Nyanja_NNM_Spk1_U_0be58d339e_Utterance_14,koma cimpalangondo m'malo moti amverele anakhalilila pa mpando umene anakhala nayamba kulila,Nyanja_NNM_Spk1_U_0be58d339e_Utterance_14_525_550.wav,11.615
NNM,M,Spk1,U_0be58d339e,525_550,Nyanja_NNM_Spk1_U_0be58d339e_Utterance_15,ndine wamtali tsopano ndipo misambo zanga ndizogawanitsika monga m'mene zinalili zija zimene zinatengedwa caka chatha oo,Nyanja_NNM_Spk1_U_0be58d339e_Utterance_15_525_550.wav,12.665
NNM,M,Spk1,U_0be58d339e,525_550,Nyanja_NNM_Spk1_U_0be58d339e_Utterance_16,koma philippo ndi wacilungamo ndipo ali ndi luso yokwanira ngati anghathe kuleka kulemba--lemba pofuna kupeza njira yace,Nyanja_NNM_Spk1_U_0be58d339e_Utterance_16_525_550.wav,12.065
NNM,M,Spk1,U_0be58d339e,525_550,Nyanja_NNM_Spk1_U_0be58d339e_Utterance_17,anaimililabe motsutsana ndi ziimene anali kunena(kumunamidzira) nayankha zonena zao mozemba mogwiritsa nchito mau ofewa,Nyanja_NNM_Spk1_U_0be58d339e_Utterance_17_525_550.wav,14.18
NNM,M,Spk1,U_0be58d339e,525_550,Nyanja_NNM_Spk1_U_0be58d339e_Utterance_18,cingakhale coneka ngati mwina nsomba ya ukulu wotere inali cakudya cokwanira ndithu,Nyanja_NNM_Spk1_U_0be58d339e_Utterance_18_525_550.wav,9.275
NNM,M,Spk1,U_0be58d339e,525_550,Nyanja_NNM_Spk1_U_0be58d339e_Utterance_19,pulumutsa mtima wakowo ku zobvuto zimene zimabwera utakhala mu cikondi ndi mzimai amene amuna ace anamwalira,Nyanja_NNM_Spk1_U_0be58d339e_Utterance_19_525_550.wav,12.665
NNM,M,Spk1,U_0be58d339e,525_550,Nyanja_NNM_Spk1_U_0be58d339e_Utterance_20,ndipo zisakhileni nokha kunyamuka mwamsanga kapena kucedwako pang'ono,Nyanja_NNM_Spk1_U_0be58d339e_Utterance_20_525_550.wav,5.615
NNM,M,Spk1,U_0be58d339e,525_550,Nyanja_NNM_Spk1_U_0be58d339e_Utterance_21,ndipo anasamila ku cipupa atatsowa mu mapempero,Nyanja_NNM_Spk1_U_0be58d339e_Utterance_21_525_550.wav,5.12
NNM,M,Spk1,U_0be58d339e,525_550,Nyanja_NNM_Spk1_U_0be58d339e_Utterance_22,koma ndakhala ndikucita zimenezi mwakanthawi pa nthawi zina,Nyanja_NNM_Spk1_U_0be58d339e_Utterance_22_525_550.wav,6.23
NNM,M,Spk1,U_0be58d339e,525_550,Nyanja_NNM_Spk1_U_0be58d339e_Utterance_23,inde koma ico ndico ubwinoo wace wa zofuna zace,Nyanja_NNM_Spk1_U_0be58d339e_Utterance_23_525_550.wav,6.8
NNM,M,Spk1,U_0be58d339e,525_550,Nyanja_NNM_Spk1_U_0be58d339e_Utterance_24,coyamba ca zopeza zathu zimene zili zosamveka bwino koma zosatsutsika ndi cakuti kuli kudziwa za kale,Nyanja_NNM_Spk1_U_0be58d339e_Utterance_24_525_550.wav,11.615
NNM,M,Spk1,U_0be58d339e,525_550,Nyanja_NNM_Spk1_U_0be58d339e_Utterance_25,nga ndi zaichthyosaurus kodi abwelera ku mphako yace ya kumadzi,Nyanja_NNM_Spk1_U_0be58d339e_Utterance_25_525_550.wav,7.205
NNM,M,Spk9,U_0c01c2158a,925_950,Nyanja_NNM_Spk9_U_0c01c2158a_Utterance_1,ninacita kuwerengamo mosamala kwambiri cifukwa zolembazo zili za zoona,Nyanja_NNM_Spk9_U_0c01c2158a_Utterance_1_925_950.wav,225.875
NNM,M,Spk9,U_0c01c2158a,925_950,Nyanja_NNM_Spk9_U_0c01c2158a_Utterance_2,iye anabwelera atanyamula nsapato zace zo jumpila zimene zipelekedwa monga m'mene mudziwira ndi zinthu zina zace zosongoka kunsiku,Nyanja_NNM_Spk9_U_0c01c2158a_Utterance_2_925_950.wav,225.875
NNM,M,Spk9,U_0c01c2158a,925_950,Nyanja_NNM_Spk9_U_0c01c2158a_Utterance_3,cinthu cokhaco cimene cinali cofunikila cinali kukonza a seth reymolds ndikuyetsetsa kuika moyenera bambo hopings,Nyanja_NNM_Spk9_U_0c01c2158a_Utterance_3_925_950.wav,225.875
NNM,M,Spk9,U_0c01c2158a,925_950,Nyanja_NNM_Spk9_U_0c01c2158a_Utterance_4,kodi ndani mzakoyo amene ali kubudula kono wa manja (zobvara zako) ako,Nyanja_NNM_Spk9_U_0c01c2158a_Utterance_4_925_950.wav,225.875
NNM,M,Spk9,U_0c01c2158a,925_950,Nyanja_NNM_Spk9_U_0c01c2158a_Utterance_5,ambrose anakumana ndi ine munsi mwa matanda okwerera mnyumba nandionetsa njira kumene ca kudya ca m'madzulo cinali kudyedwera,Nyanja_NNM_Spk9_U_0c01c2158a_Utterance_5_925_950.wav,225.875
NNM,M,Spk9,U_0c01c2158a,925_950,Nyanja_NNM_Spk9_U_0c01c2158a_Utterance_6,wina aliyense sangafune kumangoganizira ngati palibe umboni,Nyanja_NNM_Spk9_U_0c01c2158a_Utterance_6_925_950.wav,225.875
NNM,M,Spk9,U_0c01c2158a,925_950,Nyanja_NNM_Spk9_U_0c01c2158a_Utterance_7,anafunsa phronsie mofunitsitsa kudziwa ali kucoka m'manja mwa polli ali kufuna kutseka mbali ya jasper,Nyanja_NNM_Spk9_U_0c01c2158a_Utterance_7_925_950.wav,225.875
NNM,M,Spk9,U_0c01c2158a,925_950,Nyanja_NNM_Spk9_U_0c01c2158a_Utterance_8,ncifukwa ninji tsiku lina m'mawa kunabwere anthu ambviri ndipo anayamba kugwirita nchito mwa ulova,Nyanja_NNM_Spk9_U_0c01c2158a_Utterance_8_925_950.wav,225.875
NNM,M,Spk9,U_0c01c2158a,925_950,Nyanja_NNM_Spk9_U_0c01c2158a_Utterance_9,anali kulankhuzana ndi kalaliki pamene analowa mu holo atamgwira pa dzanja,Nyanja_NNM_Spk9_U_0c01c2158a_Utterance_9_925_950.wav,225.875
NNM,M,Spk9,U_0c01c2158a,925_950,Nyanja_NNM_Spk9_U_0c01c2158a_Utterance_10,olowa mcibwenzi ca banja lathu wa tsopano amene anatenga maganizo anga pomwepo analowa mcipinda,Nyanja_NNM_Spk9_U_0c01c2158a_Utterance_10_925_950.wav,225.875
NNM,M,Spk9,U_0c01c2158a,925_950,Nyanja_NNM_Spk9_U_0c01c2158a_Utterance_11,m'mene sizinayenere kukhalira anayenera kuikidwa ngati mwana wa mfumu wa cimuna pamene anaona cisote cace ca bwino,Nyanja_NNM_Spk9_U_0c01c2158a_Utterance_11_925_950.wav,225.875
NNM,M,Spk9,U_0c01c2158a,925_950,Nyanja_NNM_Spk9_U_0c01c2158a_Utterance_12,sindizagwiritsa ncito zimene ndidziwa mosayenera iye anayankha mosimikidzira ndithu ndikhulupilira inu mfumu yanga,Nyanja_NNM_Spk9_U_0c01c2158a_Utterance_12_925_950.wav,225.875
NNM,M,Spk9,U_0c01c2158a,925_950,Nyanja_NNM_Spk9_U_0c01c2158a_Utterance_13,utsi uli kutuluka ndi mokonzekera zobvuta zakutsogolo sitima inaima nayamba kupita ca kummawa,Nyanja_NNM_Spk9_U_0c01c2158a_Utterance_13_925_950.wav,225.875
NNM,M,Spk9,U_0c01c2158a,925_950,Nyanja_NNM_Spk9_U_0c01c2158a_Utterance_14,izo sizizakhalitsa zizatha ndipo zinthu zizakhala momwe zinalili kale,Nyanja_NNM_Spk9_U_0c01c2158a_Utterance_14_925_950.wav,225.875
NNM,M,Spk9,U_0c01c2158a,925_950,Nyanja_NNM_Spk9_U_0c01c2158a_Utterance_15,kodi simunadabwe nazo onani myenda kangaude m'mene mwaikidwa m'maudzu monsemu,Nyanja_NNM_Spk9_U_0c01c2158a_Utterance_15_925_950.wav,225.875
NNM,M,Spk9,U_0c01c2158a,925_950,Nyanja_NNM_Spk9_U_0c01c2158a_Utterance_16,nthawi imineyo inatilodzera ku dera kumene kunali sitima ya atate ako,Nyanja_NNM_Spk9_U_0c01c2158a_Utterance_16_925_950.wav,225.875
NNM,M,Spk9,U_0c01c2158a,925_950,Nyanja_NNM_Spk9_U_0c01c2158a_Utterance_17,pamene ninaitanidwa  nisananene m'mene nidataila maluwa mwamsangamsanga kapena kuleka kutengako mbali ku ma sewera,Nyanja_NNM_Spk9_U_0c01c2158a_Utterance_17_925_950.wav,225.875
NNM,M,Spk9,U_0c01c2158a,925_950,Nyanja_NNM_Spk9_U_0c01c2158a_Utterance_18,sindikudandaula kuti zikuyenda mocedwa koma kuti nyanjai ndi yaikulu kwabasi,Nyanja_NNM_Spk9_U_0c01c2158a_Utterance_18_925_950.wav,225.875
NNM,M,Spk9,U_0c01c2158a,925_950,Nyanja_NNM_Spk9_U_0c01c2158a_Utterance_19,ndicoyenera kuti acite m'mene ayenera kucita mfumu inatero mokwiiya,Nyanja_NNM_Spk9_U_0c01c2158a_Utterance_19_925_950.wav,225.875
NNM,M,Spk9,U_0c01c2158a,925_950,Nyanja_NNM_Spk9_U_0c01c2158a_Utterance_20,sicinathe kugwedezeka kapena kuyendako mwapang'ono cinali citango imilira njii ngati dzanja la imfa,Nyanja_NNM_Spk9_U_0c01c2158a_Utterance_20_925_950.wav,225.875
NNM,M,Spk9,U_0c01c2158a,925_950,Nyanja_NNM_Spk9_U_0c01c2158a_Utterance_21,oho koma ndine okondwera kuona kuti malo awa atsetsedwa,Nyanja_NNM_Spk9_U_0c01c2158a_Utterance_21_925_950.wav,225.875
NNM,M,Spk9,U_0c01c2158a,925_950,Nyanja_NNM_Spk9_U_0c01c2158a_Utterance_22,atate aja amane ndi osakhulupililika kwa a philipo ali kupita ku za malonda,Nyanja_NNM_Spk9_U_0c01c2158a_Utterance_22_925_950.wav,225.875
NNM,M,Spk9,U_0c01c2158a,925_950,Nyanja_NNM_Spk9_U_0c01c2158a_Utterance_23,macokedwa a anthu kupita kumalo ena kuka khala chirimwe cija  ngakhale  kuti  makamak anthu  anali kucokera ku ngondya za calo zimene zinali zomatsuka kunasintha kwakukulu mphanvu za zipani ziwirizi,Nyanja_NNM_Spk9_U_0c01c2158a_Utterance_23_925_950.wav,225.875
NNM,M,Spk9,U_0c01c2158a,925_950,Nyanja_NNM_Spk9_U_0c01c2158a_Utterance_24,pamenepo mfumukazi sanaikileko wina aliyense nzeru ndipo panalibenso wina aliyense amene anawaikilako nzeru,Nyanja_NNM_Spk9_U_0c01c2158a_Utterance_24_925_950.wav,225.875
NNM,M,Spk9,U_0c01c2158a,925_950,Nyanja_NNM_Spk9_U_0c01c2158a_Utterance_25,inali tsiku yothera mu mwezi wa kapalepale pamene zokonza konza za sitima zidatha,Nyanja_NNM_Spk9_U_0c01c2158a_Utterance_25_925_950.wav,225.875
NNM,M,Spk9,U_3b3b910689,900_925,Nyanja_NNM_Spk9_U_3b3b910689_Utterance_1,iye anawelamuka napenya kumene kunali naomi mokaika kucokela pa mbale yace napenyanso [pansi mocedwa moonetsa ukwiyo pa maso,Nyanja_NNM_Spk9_U_3b3b910689_Utterance_1_900_925.wav,10.371
NNM,M,Spk9,U_3b3b910689,900_925,Nyanja_NNM_Spk9_U_3b3b910689_Utterance_2,patsogoro pa sitima ndinasema mutu wace ndi kamwa kotseguka ndi lilime lamphanda litatuluka pabwalo,Nyanja_NNM_Spk9_U_3b3b910689_Utterance_2_900_925.wav,8.661
NNM,M,Spk9,U_3b3b910689,900_925,Nyanja_NNM_Spk9_U_3b3b910689_Utterance_3,unatelo mtengo wa mkuyu kuganizira zomwe anali nazo iye anadzindikila,Nyanja_NNM_Spk9_U_3b3b910689_Utterance_3_900_925.wav,6.014
NNM,M,Spk9,U_3b3b910689,900_925,Nyanja_NNM_Spk9_U_3b3b910689_Utterance_4,ndine okhutilitsidwa ndi zime ndinanena  anatero owerenga,Nyanja_NNM_Spk9_U_3b3b910689_Utterance_4_900_925.wav,5.085
NNM,M,Spk9,U_3b3b910689,900_925,Nyanja_NNM_Spk9_U_3b3b910689_Utterance_5,anaitanitsa nsika z okwanira zisanu ndi imodzi kuti amsatire mu zimene anali kucita ndipo nzikazi zinamsatira zinakonka zofuna zace ndi kumthandiza,Nyanja_NNM_Spk9_U_3b3b910689_Utterance_5_900_925.wav,14.211
NNM,M,Spk9,U_3b3b910689,900_925,Nyanja_NNM_Spk9_U_3b3b910689_Utterance_6,tiyenela kukhala ndi otengako mbali ambiri anatero beti louise akayandikana ndi msuweni wace,Nyanja_NNM_Spk9_U_3b3b910689_Utterance_6_900_925.wav,8.719
NNM,M,Spk9,U_3b3b910689,900_925,Nyanja_NNM_Spk9_U_3b3b910689_Utterance_7,sindili kucionera m'mene muli kucionera inu anatero loya wacikulire,Nyanja_NNM_Spk9_U_3b3b910689_Utterance_7_900_925.wav,5.979
NNM,M,Spk9,U_3b3b910689,900_925,Nyanja_NNM_Spk9_U_3b3b910689_Utterance_8,pa mbale zazikulu za siliva panali ma pilamidi ya zakudya zophikidwandi ma keke ndi vinyo wofilira utanyenzimira itaikidwa mu zonyezimira,Nyanja_NNM_Spk9_U_3b3b910689_Utterance_8_900_925.wav,13.909
NNM,M,Spk9,U_3b3b910689,900_925,Nyanja_NNM_Spk9_U_3b3b910689_Utterance_9,ndithudi maganizo awa anabvutitsa hester prynne mwapang'ono ciyembekezo kopotsa kuzindikira kulakwa kwace,Nyanja_NNM_Spk9_U_3b3b910689_Utterance_9_900_925.wav,9.992
NNM,M,Spk9,U_3b3b910689,900_925,Nyanja_NNM_Spk9_U_3b3b910689_Utterance_10,ndipo bambo ferdinando anatikulibe cake ciliconse koma ayenera kuti apite nanu,Nyanja_NNM_Spk9_U_3b3b910689_Utterance_10_900_925.wav,8.301
NNM,M,Spk9,U_3b3b910689,900_925,Nyanja_NNM_Spk9_U_3b3b910689_Utterance_11,ici calengetsa kuti nditaye ndalama zanga kawili zokwanira ma dola makhumu asaninndi imodzi cifukwa ca mkwiyo,Nyanja_NNM_Spk9_U_3b3b910689_Utterance_11_900_925.wav,11.24
NNM,M,Spk9,U_3b3b910689,900_925,Nyanja_NNM_Spk9_U_3b3b910689_Utterance_12,titayendako mtunda wautali pang'ono mayendedwa a hawkeye amene anatsogolera gulu anakhala adala ndipo osamala ndithu,Nyanja_NNM_Spk9_U_3b3b910689_Utterance_12_900_925.wav,12.19
NNM,M,Spk9,U_3b3b910689,900_925,Nyanja_NNM_Spk9_U_3b3b910689_Utterance_13,mibadwo zimene wanena mobweleza kwa ife kuchokera mu mbiri zako soloni ndi nthano cabe za ana,Nyanja_NNM_Spk9_U_3b3b910689_Utterance_13_900_925.wav,9.295
NNM,M,Spk9,U_3b3b910689,900_925,Nyanja_NNM_Spk9_U_3b3b910689_Utterance_14,cawatengera  nthawi yaitali amai anga kumasitolo kupeza magalasi olingana ndendende ndi  cisote cao,Nyanja_NNM_Spk9_U_3b3b910689_Utterance_14_900_925.wav,9.292
NNM,M,Spk9,U_3b3b910689,900_925,Nyanja_NNM_Spk9_U_3b3b910689_Utterance_15,monsieur anali iye yekha amene sananvetse ciriconse pa nkhani imeneyi,Nyanja_NNM_Spk9_U_3b3b910689_Utterance_15_900_925.wav,4.923
NNM,M,Spk9,U_3b3b910689,900_925,Nyanja_NNM_Spk9_U_3b3b910689_Utterance_16,anandidziwitsa ku alendo ace onse ndipo anandiuza zambiri pali iwo ngati njira yoonetseramo wina mwa onsewo,Nyanja_NNM_Spk9_U_3b3b910689_Utterance_16_900_925.wav,10.426
NNM,M,Spk9,U_3b3b910689,900_925,Nyanja_NNM_Spk9_U_3b3b910689_Utterance_17,ndi cifunilo cabwino kopotsa kotero kuti ndiconvetsa cisoni kuti mayambidwe ace amakhala osakondweretsa poyamba,Nyanja_NNM_Spk9_U_3b3b910689_Utterance_17_900_925.wav,12.376
NNM,M,Spk9,U_3b3b910689,900_925,Nyanja_NNM_Spk9_U_3b3b910689_Utterance_18,ndizaimilila ngati membala woimililako cipani pa tikiti ya republican anatero kenneth,Nyanja_NNM_Spk9_U_3b3b910689_Utterance_18_900_925.wav,7.976
NNM,M,Spk9,U_3b3b910689,900_925,Nyanja_NNM_Spk9_U_3b3b910689_Utterance_19,kodi ziliko kwa ine analankhura sandfodi monyodola,Nyanja_NNM_Spk9_U_3b3b910689_Utterance_19_900_925.wav,5.735
NNM,M,Spk9,U_3b3b910689,900_925,Nyanja_NNM_Spk9_U_3b3b910689_Utterance_20,ndinakusiyani pa kontinent ndipo ndiyenera kukupezani pa chithukuthuku,Nyanja_NNM_Spk9_U_3b3b910689_Utterance_20_900_925.wav,6.536
NNM,M,Spk9,U_3b3b910689,900_925,Nyanja_NNM_Spk9_U_3b3b910689_Utterance_21,atate ako anaganiza mwakanthawi  napenya amako nasekelera,Nyanja_NNM_Spk9_U_3b3b910689_Utterance_21_900_925.wav,5.91
NNM,M,Spk9,U_3b3b910689,900_925,Nyanja_NNM_Spk9_U_3b3b910689_Utterance_22,tinali ndi ma mita m'mene munapezeka mabotolo awiri a zinthub za madzi,Nyanja_NNM_Spk9_U_3b3b910689_Utterance_22_900_925.wav,7.616
NNM,M,Spk9,U_3b3b910689,900_925,Nyanja_NNM_Spk9_U_3b3b910689_Utterance_23,kuli cilankhulo ca mzimai amene ali ndi bvuto ndi a precieuses,Nyanja_NNM_Spk9_U_3b3b910689_Utterance_23_900_925.wav,6.037
NNM,M,Spk9,U_3b3b910689,900_925,Nyanja_NNM_Spk9_U_3b3b910689_Utterance_24,kuli zonse zofunsidwa izi amene anali kuwerenga anafunsa,Nyanja_NNM_Spk9_U_3b3b910689_Utterance_24_900_925.wav,5.383
NNM,M,Spk9,U_3b3b910689,900_925,Nyanja_NNM_Spk9_U_3b3b910689_Utterance_25,ai zikomo ndizangoona phonda (ana) za agalu zimenezo nasiya uthenga pali ana agalu omweo kwa,Nyanja_NNM_Spk9_U_3b3b910689_Utterance_25_900_925.wav,10.895
NNM,M,Spk9,U_3b3b910689,925_950,Nyanja_NNM_Spk9_U_3b3b910689_Utterance_1,ninacita kuwerengamo mosamala kwambiri cifukwa zolembazo zili za zoona,Nyanja_NNM_Spk9_U_3b3b910689_Utterance_1_925_950.wav,7.128
NNM,M,Spk9,U_3b3b910689,925_950,Nyanja_NNM_Spk9_U_3b3b910689_Utterance_2,iye anabwelera atanyamula nsapato zace zo jumpila zimene zipelekedwa monga m'mene mudziwira ndi zinthu zina zace zosongoka kunsiku,Nyanja_NNM_Spk9_U_3b3b910689_Utterance_2_925_950.wav,11.761
NNM,M,Spk9,U_3b3b910689,925_950,Nyanja_NNM_Spk9_U_3b3b910689_Utterance_3,cinthu cokhaco cimene cinali cofunikila cinali kukonza a seth reymolds ndikuyetsetsa kuika moyenera bambo hopings,Nyanja_NNM_Spk9_U_3b3b910689_Utterance_3_925_950.wav,11.668
NNM,M,Spk9,U_3b3b910689,925_950,Nyanja_NNM_Spk9_U_3b3b910689_Utterance_4,kodi ndani mzakoyo amene ali kubudula kono wa manja (zobvara zako) ako,Nyanja_NNM_Spk9_U_3b3b910689_Utterance_4_925_950.wav,9.033
NNM,M,Spk9,U_3b3b910689,925_950,Nyanja_NNM_Spk9_U_3b3b910689_Utterance_5,ambrose anakumana ndi ine munsi mwa matanda okwerera mnyumba nandionetsa njira kumene ca kudya ca m'madzulo cinali kudyedwera,Nyanja_NNM_Spk9_U_3b3b910689_Utterance_5_925_950.wav,14.99
NNM,M,Spk9,U_3b3b910689,925_950,Nyanja_NNM_Spk9_U_3b3b910689_Utterance_6,wina aliyense sangafune kumangoganizira ngati palibe umboni,Nyanja_NNM_Spk9_U_3b3b910689_Utterance_6_925_950.wav,6.49
NNM,M,Spk9,U_3b3b910689,925_950,Nyanja_NNM_Spk9_U_3b3b910689_Utterance_7,anafunsa phronsie mofunitsitsa kudziwa ali kucoka m'manja mwa polli ali kufuna kutseka mbali ya jasper,Nyanja_NNM_Spk9_U_3b3b910689_Utterance_7_925_950.wav,10.31
NNM,M,Spk9,U_3b3b910689,925_950,Nyanja_NNM_Spk9_U_3b3b910689_Utterance_8,ncifukwa ninji tsiku lina m'mawa kunabwere anthu ambviri ndipo anayamba kugwirita nchito mwa ulova,Nyanja_NNM_Spk9_U_3b3b910689_Utterance_8_925_950.wav,9.076
NNM,M,Spk9,U_3b3b910689,925_950,Nyanja_NNM_Spk9_U_3b3b910689_Utterance_9,anali kulankhuzana ndi kalaliki pamene analowa mu holo atamgwira pa dzanja,Nyanja_NNM_Spk9_U_3b3b910689_Utterance_9_925_950.wav,8.092
NNM,M,Spk9,U_3b3b910689,925_950,Nyanja_NNM_Spk9_U_3b3b910689_Utterance_10,olowa mcibwenzi ca banja lathu wa tsopano amene anatenga maganizo anga pomwepo analowa mcipinda,Nyanja_NNM_Spk9_U_3b3b910689_Utterance_10_925_950.wav,10.775
NNM,M,Spk9,U_3b3b910689,925_950,Nyanja_NNM_Spk9_U_3b3b910689_Utterance_11,m'mene sizinayenere kukhalira anayenera kuikidwa ngati mwana wa mfumu wa cimuna pamene anaona cisote cace ca bwino,Nyanja_NNM_Spk9_U_3b3b910689_Utterance_11_925_950.wav,12.11
NNM,M,Spk9,U_3b3b910689,925_950,Nyanja_NNM_Spk9_U_3b3b910689_Utterance_12,sindizagwiritsa ncito zimene ndidziwa mosayenera iye anayankha mosimikidzira ndithu ndikhulupilira inu mfumu yanga,Nyanja_NNM_Spk9_U_3b3b910689_Utterance_12_925_950.wav,12.307
NNM,M,Spk9,U_3b3b910689,925_950,Nyanja_NNM_Spk9_U_3b3b910689_Utterance_13,utsi uli kutuluka ndi mokonzekera zobvuta zakutsogolo sitima inaima nayamba kupita ca kummawa,Nyanja_NNM_Spk9_U_3b3b910689_Utterance_13_925_950.wav,9.892
NNM,M,Spk9,U_3b3b910689,925_950,Nyanja_NNM_Spk9_U_3b3b910689_Utterance_14,izo sizizakhalitsa zizatha ndipo zinthu zizakhala momwe zinalili kale,Nyanja_NNM_Spk9_U_3b3b910689_Utterance_14_925_950.wav,7.844
NNM,M,Spk9,U_3b3b910689,925_950,Nyanja_NNM_Spk9_U_3b3b910689_Utterance_15,kodi simunadabwe nazo onani myenda kangaude m'mene mwaikidwa m'maudzu monsemu,Nyanja_NNM_Spk9_U_3b3b910689_Utterance_15_925_950.wav,8.998
NNM,M,Spk9,U_3b3b910689,925_950,Nyanja_NNM_Spk9_U_3b3b910689_Utterance_16,nthawi imineyo inatilodzera ku dera kumene kunali sitima ya atate ako,Nyanja_NNM_Spk9_U_3b3b910689_Utterance_16_925_950.wav,7.047
NNM,M,Spk9,U_3b3b910689,925_950,Nyanja_NNM_Spk9_U_3b3b910689_Utterance_17,pamene ninaitanidwa  nisananene m'mene nidataila maluwa mwamsangamsanga kapena kuleka kutengako mbali ku ma sewera,Nyanja_NNM_Spk9_U_3b3b910689_Utterance_17_925_950.wav,11.106
NNM,M,Spk9,U_3b3b910689,925_950,Nyanja_NNM_Spk9_U_3b3b910689_Utterance_18,sindikudandaula kuti zikuyenda mocedwa koma kuti nyanjai ndi yaikulu kwabasi,Nyanja_NNM_Spk9_U_3b3b910689_Utterance_18_925_950.wav,6.444
NNM,M,Spk9,U_3b3b910689,925_950,Nyanja_NNM_Spk9_U_3b3b910689_Utterance_19,ndicoyenera kuti acite m'mene ayenera kucita mfumu inatero mokwiiya,Nyanja_NNM_Spk9_U_3b3b910689_Utterance_19_925_950.wav,6.757
NNM,M,Spk9,U_3b3b910689,925_950,Nyanja_NNM_Spk9_U_3b3b910689_Utterance_20,sicinathe kugwedezeka kapena kuyendako mwapang'ono cinali citango imilira njii ngati dzanja la imfa,Nyanja_NNM_Spk9_U_3b3b910689_Utterance_20_925_950.wav,9.52
NNM,M,Spk9,U_3b3b910689,925_950,Nyanja_NNM_Spk9_U_3b3b910689_Utterance_21,oho koma ndine okondwera kuona kuti malo awa atsetsedwa,Nyanja_NNM_Spk9_U_3b3b910689_Utterance_21_925_950.wav,7.233
NNM,M,Spk9,U_3b3b910689,925_950,Nyanja_NNM_Spk9_U_3b3b910689_Utterance_22,atate aja amane ndi osakhulupililika kwa a philipo ali kupita ku za malonda,Nyanja_NNM_Spk9_U_3b3b910689_Utterance_22_925_950.wav,7.535
NNM,M,Spk9,U_3b3b910689,925_950,Nyanja_NNM_Spk9_U_3b3b910689_Utterance_23,macokedwa a anthu kupita kumalo ena kuka khala chirimwe cija  ngakhale  kuti  makamak anthu  anali kucokera ku ngondya za calo zimene zinali zomatsuka kunasintha kwakukulu mphanvu za zipani ziwirizi,Nyanja_NNM_Spk9_U_3b3b910689_Utterance_23_925_950.wav,21.206
NNM,M,Spk9,U_3b3b910689,925_950,Nyanja_NNM_Spk9_U_3b3b910689_Utterance_24,pamenepo mfumukazi sanaikileko wina aliyense nzeru ndipo panalibenso wina aliyense amene anawaikilako nzeru,Nyanja_NNM_Spk9_U_3b3b910689_Utterance_24_925_950.wav,11.122
NNM,M,Spk9,U_3b3b910689,925_950,Nyanja_NNM_Spk9_U_3b3b910689_Utterance_25,inali tsiku yothera mu mwezi wa kapalepale pamene zokonza konza za sitima zidatha,Nyanja_NNM_Spk9_U_3b3b910689_Utterance_25_925_950.wav,6.953
NNM,M,Spk7,U_1bd8fb98e8,800_825,Nyanja_NNM_Spk7_U_1bd8fb98e8_Utterance_1,nthawi imene anali kumwa tiii anali osakondwa ndipo analinso cete kotero kuti cakudya cinangopita cosagwirida/cosadyedwa ndi wina mwa iwo atatu,Nyanja_NNM_Spk7_U_1bd8fb98e8_Utterance_1_800_825.wav,18.251
NNM,M,Spk7,U_1bd8fb98e8,800_825,Nyanja_NNM_Spk7_U_1bd8fb98e8_Utterance_2,ndipo izi zonse zizatsatira ukapolo wanu mu njira imodzi-modzi,Nyanja_NNM_Spk7_U_1bd8fb98e8_Utterance_2_800_825.wav,7.825
NNM,M,Spk7,U_1bd8fb98e8,800_825,Nyanja_NNM_Spk7_U_1bd8fb98e8_Utterance_3,koma ngati zili tero kusankha kwa amuna kwa mai milner sikuzapangitsa ine kusanka anga,Nyanja_NNM_Spk7_U_1bd8fb98e8_Utterance_3_800_825.wav,9.172
NNM,M,Spk7,U_1bd8fb98e8,800_825,Nyanja_NNM_Spk7_U_1bd8fb98e8_Utterance_4,tsika iwe khumbi laling'ono ndipo ukhale mumlengalenga pa maso pa thelo,Nyanja_NNM_Spk7_U_1bd8fb98e8_Utterance_4_800_825.wav,8.777
NNM,M,Spk7,U_1bd8fb98e8,800_825,Nyanja_NNM_Spk7_U_1bd8fb98e8_Utterance_5,atagwiridwa ndi za kumtima kwace leocadi anapanga cizindikiro ku makolo ace kuti iye anafunisisa kuti akhale nao ekha,Nyanja_NNM_Spk7_U_1bd8fb98e8_Utterance_5_800_825.wav,12.968
NNM,M,Spk7,U_1bd8fb98e8,800_825,Nyanja_NNM_Spk7_U_1bd8fb98e8_Utterance_6,sitero mosiyana ndi zimene muganiza ndinu amene mubvomerezana kwambiri ndi ine,Nyanja_NNM_Spk7_U_1bd8fb98e8_Utterance_6_800_825.wav,9.462
NNM,M,Spk7,U_1bd8fb98e8,800_825,Nyanja_NNM_Spk7_U_1bd8fb98e8_Utterance_7,atsilikari anapeza anthu mu umphawi nawasiya ndi cuuma ca mbiri,Nyanja_NNM_Spk7_U_1bd8fb98e8_Utterance_7_800_825.wav,7.953
NNM,M,Spk7,U_1bd8fb98e8,800_825,Nyanja_NNM_Spk7_U_1bd8fb98e8_Utterance_8,kapitawo martini anati ndizakupatsa mfuti yaing'ono kuti ikuthandize kuziteteza ngati zinthu zafika pobvuta,Nyanja_NNM_Spk7_U_1bd8fb98e8_Utterance_8_800_825.wav,11.25
NNM,M,Spk7,U_1bd8fb98e8,800_825,Nyanja_NNM_Spk7_U_1bd8fb98e8_Utterance_9,ndithudi zimene sizingatheke ndi kukhala opanda mantha pa nkhondo ziyenera kucitidwa mozungulila adani,Nyanja_NNM_Spk7_U_1bd8fb98e8_Utterance_9_800_825.wav,11.413
NNM,M,Spk7,U_1bd8fb98e8,800_825,Nyanja_NNM_Spk7_U_1bd8fb98e8_Utterance_10,akaucita zinthu ngati mwina sanali kutiyembekezera,Nyanja_NNM_Spk7_U_1bd8fb98e8_Utterance_10_800_825.wav,5.004
NNM,M,Spk7,U_1bd8fb98e8,800_825,Nyanja_NNM_Spk7_U_1bd8fb98e8_Utterance_11,ali kucita ngati mwina sanali kutiyembekezera,Nyanja_NNM_Spk7_U_1bd8fb98e8_Utterance_11_800_825.wav,5.48
NNM,M,Spk7,U_1bd8fb98e8,800_825,Nyanja_NNM_Spk7_U_1bd8fb98e8_Utterance_12,ndikuopa poti pano palibe zizindikiro zace,Nyanja_NNM_Spk7_U_1bd8fb98e8_Utterance_12_800_825.wav,5.526
NNM,M,Spk7,U_1bd8fb98e8,800_825,Nyanja_NNM_Spk7_U_1bd8fb98e8_Utterance_13,bwato idakwedzedwa pa maphiri a madzi naponyedwa pansi pa mtunda wa ma fathomu makhumi awiri,Nyanja_NNM_Spk7_U_1bd8fb98e8_Utterance_13_800_825.wav,10.333
NNM,M,Spk7,U_1bd8fb98e8,800_825,Nyanja_NNM_Spk7_U_1bd8fb98e8_Utterance_14,akazi ace anaikidwa pa mbali yamanda ace ndipo ci malata coyera cimene adalembapo zodziwitsira manda ao cimaoneka mong'animira m'minda ya tiligu,Nyanja_NNM_Spk7_U_1bd8fb98e8_Utterance_14_800_825.wav,12.444
NNM,M,Spk7,U_1bd8fb98e8,800_825,Nyanja_NNM_Spk7_U_1bd8fb98e8_Utterance_15,mwina dinso ya mphatso ndi cifundo kuwonetsa zipatso ndi golide opangidwa,Nyanja_NNM_Spk7_U_1bd8fb98e8_Utterance_15_800_825.wav,8.753
NNM,M,Spk7,U_1bd8fb98e8,800_825,Nyanja_NNM_Spk7_U_1bd8fb98e8_Utterance_16,kambirimbiri ndinali kunva iye akulankhula pa inu mu njira imodzi-modziyi,Nyanja_NNM_Spk7_U_1bd8fb98e8_Utterance_16_800_825.wav,8.436
NNM,M,Spk7,U_1bd8fb98e8,800_825,Nyanja_NNM_Spk7_U_1bd8fb98e8_Utterance_17,mbuya wanga kalawidwe k/zosanka za mai milner sizoipa koma ndi zabwino/kwabwino kopoosa,Nyanja_NNM_Spk7_U_1bd8fb98e8_Utterance_17_800_825.wav,11.501
NNM,M,Spk7,U_1bd8fb98e8,800_825,Nyanja_NNM_Spk7_U_1bd8fb98e8_Utterance_18,iye anali ndi mtima wabwino ndipo wacikondi anatero beti ndipo ku khala mcikondi naye sicinaletse kuona/kuwerenga zoipa zimene angacite,Nyanja_NNM_Spk7_U_1bd8fb98e8_Utterance_18_800_825.wav,15.008
NNM,M,Spk7,U_1bd8fb98e8,800_825,Nyanja_NNM_Spk7_U_1bd8fb98e8_Utterance_19,mwadzidzidzi gulu la ichthyosaurus ndi plesiosarus inangosowa pansipo itangosiya kabvumba/msokonezo ukuoneka m'madzi,Nyanja_NNM_Spk7_U_1bd8fb98e8_Utterance_19_800_825.wav,13.453
NNM,M,Spk7,U_1bd8fb98e8,800_825,Nyanja_NNM_Spk7_U_1bd8fb98e8_Utterance_20,unali utalankhula za zoona pamene siunabvomereze ambrose anayamba usamakoka ndi yohane jago fodya wace uzakupha,Nyanja_NNM_Spk7_U_1bd8fb98e8_Utterance_20_800_825.wav,13.213
NNM,M,Spk7,U_1bd8fb98e8,800_825,Nyanja_NNM_Spk7_U_1bd8fb98e8_Utterance_21,watisoni ndakhala ndikukucitila coipa/cosayenera  nthawi zonse alipo ena,Nyanja_NNM_Spk7_U_1bd8fb98e8_Utterance_21_800_825.wav,9.734
NNM,M,Spk7,U_1bd8fb98e8,800_825,Nyanja_NNM_Spk7_U_1bd8fb98e8_Utterance_22,ndicinthu cosayeenera kunena zambiri za iwo pano,Nyanja_NNM_Spk7_U_1bd8fb98e8_Utterance_22_800_825.wav,6.489
NNM,M,Spk7,U_1bd8fb98e8,800_825,Nyanja_NNM_Spk7_U_1bd8fb98e8_Utterance_23,koma kuli nkhokwe atate ngati angafune kuigwiritsa nchito,Nyanja_NNM_Spk7_U_1bd8fb98e8_Utterance_23_800_825.wav,6.406
NNM,M,Spk7,U_1bd8fb98e8,800_825,Nyanja_NNM_Spk7_U_1bd8fb98e8_Utterance_24,holmes anaigwira poyera m'manja mwace pomwe panali kufika kuwala kwa magetsi,Nyanja_NNM_Spk7_U_1bd8fb98e8_Utterance_24_800_825.wav,8.809
NNM,M,Spk7,U_1bd8fb98e8,800_825,Nyanja_NNM_Spk7_U_1bd8fb98e8_Utterance_25,iye anapenya pamwambapo mosakondwera nawauza kuti akhale pansi,Nyanja_NNM_Spk7_U_1bd8fb98e8_Utterance_25_800_825.wav,8.367
NNM,M,Spk7,U_1bd8fb98e8,825_850,Nyanja_NNM_Spk7_U_1bd8fb98e8_Utterance_1,ndinaonapo mitunndi ndi mitundu ya zimenezo mu umoyo wanga,Nyanja_NNM_Spk7_U_1bd8fb98e8_Utterance_1_825_850.wav,7.69
NNM,M,Spk7,U_1bd8fb98e8,825_850,Nyanja_NNM_Spk7_U_1bd8fb98e8_Utterance_2,ndinenetsa sindizapita kutali kweni kweni koma pa atatuwa iye ndiye amane siangathe,Nyanja_NNM_Spk7_U_1bd8fb98e8_Utterance_2_825_850.wav,11.183
NNM,M,Spk7,U_1bd8fb98e8,825_850,Nyanja_NNM_Spk7_U_1bd8fb98e8_Utterance_3,koma pa nthawi imeneyo mu nmadzi amene ali ndi mphanvu cinali cosatheka kuthala pansi,Nyanja_NNM_Spk7_U_1bd8fb98e8_Utterance_3_825_850.wav,11.957
NNM,M,Spk7,U_1bd8fb98e8,825_850,Nyanja_NNM_Spk7_U_1bd8fb98e8_Utterance_4,ici mzanga iwe tenga ndipo anaciponya m'manja mwa mlimi,Nyanja_NNM_Spk7_U_1bd8fb98e8_Utterance_4_825_850.wav,7.483
NNM,M,Spk7,U_1bd8fb98e8,825_850,Nyanja_NNM_Spk7_U_1bd8fb98e8_Utterance_5,kodi unawaona ma pepala awa pa thebulo,Nyanja_NNM_Spk7_U_1bd8fb98e8_Utterance_5_825_850.wav,5.895
NNM,M,Spk7,U_1bd8fb98e8,825_850,Nyanja_NNM_Spk7_U_1bd8fb98e8_Utterance_6,ndizanene kwa iye kuti andipatsek koffi ngati ndi yabwino,Nyanja_NNM_Spk7_U_1bd8fb98e8_Utterance_6_825_850.wav,7.0
NNM,M,Spk7,U_1bd8fb98e8,825_850,Nyanja_NNM_Spk7_U_1bd8fb98e8_Utterance_7,osati golide kapena siliva kapena nkhosa kapena mngelo koma iye mwini ndi zaciani,Nyanja_NNM_Spk7_U_1bd8fb98e8_Utterance_7_825_850.wav,12.426
NNM,M,Spk7,U_1bd8fb98e8,825_850,Nyanja_NNM_Spk7_U_1bd8fb98e8_Utterance_8,bwezani okupelekezani robini ndipo mundisanzike e e e n,Nyanja_NNM_Spk7_U_1bd8fb98e8_Utterance_8_825_850.wav,7.097
NNM,M,Spk7,U_1bd8fb98e8,825_850,Nyanja_NNM_Spk7_U_1bd8fb98e8_Utterance_9,kuli ndondomeko yaikulu kapena ya ing'ono mogwirizana ndi ma lanki/nthepe  ndi ma giledi,Nyanja_NNM_Spk7_U_1bd8fb98e8_Utterance_9_825_850.wav,11.128
NNM,M,Spk7,U_1bd8fb98e8,825_850,Nyanja_NNM_Spk7_U_1bd8fb98e8_Utterance_10,kumangotsala pang'ono kuganiza kuti ndizakumbukira  ntangonvera kusiyana pang'ono,Nyanja_NNM_Spk7_U_1bd8fb98e8_Utterance_10_825_850.wav,10.051
NNM,M,Spk7,U_1bd8fb98e8,825_850,Nyanja_NNM_Spk7_U_1bd8fb98e8_Utterance_11,ndipo ndizazigulira famu ndipo ndizalima pa malowo tsopano ndaniazanditsatira,Nyanja_NNM_Spk7_U_1bd8fb98e8_Utterance_11_825_850.wav,8.671
NNM,M,Spk7,U_1bd8fb98e8,825_850,Nyanja_NNM_Spk7_U_1bd8fb98e8_Utterance_12,ku mpoto ndi ku m'mwela zinakambidwa kale kodi ncifukwa ninji sikungaikidwenso ku m'madzulo,Nyanja_NNM_Spk7_U_1bd8fb98e8_Utterance_12_825_850.wav,10.189
NNM,M,Spk7,U_1bd8fb98e8,825_850,Nyanja_NNM_Spk7_U_1bd8fb98e8_Utterance_13,kuzitukumula kwace atakwanilitsa kunapangitsa kuti aikidwe pa mwamba mwapang'ono pang'ono ngati mabala (malawi) amadzi,Nyanja_NNM_Spk7_U_1bd8fb98e8_Utterance_13_825_850.wav,18.225
NNM,M,Spk7,U_1bd8fb98e8,825_850,Nyanja_NNM_Spk7_U_1bd8fb98e8_Utterance_14,pearl ataona thengo ya maluwa anayamba kulira pofuna duwa lofilira ndipo sanathe kunyengereredwa,Nyanja_NNM_Spk7_U_1bd8fb98e8_Utterance_14_825_850.wav,13.213
NNM,M,Spk7,U_1bd8fb98e8,825_850,Nyanja_NNM_Spk7_U_1bd8fb98e8_Utterance_15,iimfa yace yace mu izi zonse inali cinthu conetsa cisoni,Nyanja_NNM_Spk7_U_1bd8fb98e8_Utterance_15_825_850.wav,7.801
NNM,M,Spk7,U_1bd8fb98e8,825_850,Nyanja_NNM_Spk7_U_1bd8fb98e8_Utterance_16,kudulidwa kwace kwa kunja kunaonetsa ndipo sikunaonetse kokwanira zinthu zosiyana siyana za mkati wa umoyo wace,Nyanja_NNM_Spk7_U_1bd8fb98e8_Utterance_16_825_850.wav,16.099
NNM,M,Spk7,U_1bd8fb98e8,825_850,Nyanja_NNM_Spk7_U_1bd8fb98e8_Utterance_17,madzana ndi madzana a nzika zosalakwa (azibambo) zinayankha kuitanidwa kwao kubwalo ya milandu  (ma saimoni) mwansangamsanga,Nyanja_NNM_Spk7_U_1bd8fb98e8_Utterance_17_825_850.wav,15.836
NNM,M,Spk7,U_1bd8fb98e8,825_850,Nyanja_NNM_Spk7_U_1bd8fb98e8_Utterance_18,ind amai anatero mphunzi wacicepele akuoneka ndi mtima wosadikhira,Nyanja_NNM_Spk7_U_1bd8fb98e8_Utterance_18_825_850.wav,9.278
NNM,M,Spk7,U_1bd8fb98e8,825_850,Nyanja_NNM_Spk7_U_1bd8fb98e8_Utterance_19,inde inde musabvutike ndi mayankho nvetsani ndipo muona kuti sindikunyengelerani kapena kukucitilanizooipa,Nyanja_NNM_Spk7_U_1bd8fb98e8_Utterance_19_825_850.wav,14.014
NNM,M,Spk7,U_1bd8fb98e8,825_850,Nyanja_NNM_Spk7_U_1bd8fb98e8_Utterance_20,ma buku awiri aja a semoni oculidwa mu khuphunzitsana  koyamba sizikugwirizana  ndi zoyenera kudziwa za cikumbutso nghakhale pang'ono,Nyanja_NNM_Spk7_U_1bd8fb98e8_Utterance_20_825_850.wav,17.824
NNM,M,Spk7,U_1bd8fb98e8,825_850,Nyanja_NNM_Spk7_U_1bd8fb98e8_Utterance_21,ici ndiye cifukwa cake ucedwa ojo munthu amene alibe mwai anatero mzimai  ndi mau acifundo,Nyanja_NNM_Spk7_U_1bd8fb98e8_Utterance_21_825_850.wav,13.393
NNM,M,Spk7,U_1bd8fb98e8,825_850,Nyanja_NNM_Spk7_U_1bd8fb98e8_Utterance_22,inali kalata yofiilira mu njira ina kalata yofiira inadzadzidwa ndi umoyo,Nyanja_NNM_Spk7_U_1bd8fb98e8_Utterance_22_825_850.wav,11.018
NNM,M,Spk7,U_1bd8fb98e8,825_850,Nyanja_NNM_Spk7_U_1bd8fb98e8_Utterance_23,mitengo za kale za cisoni monga zazikulu ndi zacisinsi muyenge wa kuda ndi woipa,Nyanja_NNM_Spk7_U_1bd8fb98e8_Utterance_23_825_850.wav,13.558
NNM,M,Spk7,U_1bd8fb98e8,825_850,Nyanja_NNM_Spk7_U_1bd8fb98e8_Utterance_24,kacenjeda wanga anatsidwa wa umphawi kotheratu koma ndi wanzeru andiponso walunta azacitanso bwino,Nyanja_NNM_Spk7_U_1bd8fb98e8_Utterance_24_825_850.wav,15.049
NNM,M,Spk7,U_1bd8fb98e8,825_850,Nyanja_NNM_Spk7_U_1bd8fb98e8_Utterance_25,ici cinali  chida cabwinodi nthawi imineyo,Nyanja_NNM_Spk7_U_1bd8fb98e8_Utterance_25_825_850.wav,6.779
NNM,M,Spk7,U_32c825bb65,800_825,Nyanja_NNM_Spk7_U_32c825bb65_Utterance_1,nthawi imene anali kumwa tiii anali osakondwa ndipo analinso cete kotero kuti cakudya cinangopita cosagwirida/cosadyedwa ndi wina mwa iwo atatu,Nyanja_NNM_Spk7_U_32c825bb65_Utterance_1_800_825.wav,14.466
NNM,M,Spk7,U_32c825bb65,800_825,Nyanja_NNM_Spk7_U_32c825bb65_Utterance_2,ndipo izi zonse zizatsatira ukapolo wanu mu njira imodzi-modzi,Nyanja_NNM_Spk7_U_32c825bb65_Utterance_2_800_825.wav,7.163
NNM,M,Spk7,U_32c825bb65,800_825,Nyanja_NNM_Spk7_U_32c825bb65_Utterance_3,koma ngati zili tero kusankha kwa amuna kwa mai milner sikuzapangitsa ine kusanka anga,Nyanja_NNM_Spk7_U_32c825bb65_Utterance_3_800_825.wav,8.765
NNM,M,Spk7,U_32c825bb65,800_825,Nyanja_NNM_Spk7_U_32c825bb65_Utterance_4,tsika iwe khumbi laling'ono ndipo ukhale mumlengalenga pa maso pa thelo,Nyanja_NNM_Spk7_U_32c825bb65_Utterance_4_800_825.wav,6.095
NNM,M,Spk7,U_32c825bb65,800_825,Nyanja_NNM_Spk7_U_32c825bb65_Utterance_5,atagwiridwa ndi za kumtima kwace leocadi anapanga cizindikiro ku makolo ace kuti iye anafunisisa kuti akhale nao ekha,Nyanja_NNM_Spk7_U_32c825bb65_Utterance_5_800_825.wav,9.543
NNM,M,Spk7,U_32c825bb65,800_825,Nyanja_NNM_Spk7_U_32c825bb65_Utterance_6,sitero mosiyana ndi zimene muganiza ndinu amene mubvomerezana kwambiri ndi ine,Nyanja_NNM_Spk7_U_32c825bb65_Utterance_6_800_825.wav,7.499
NNM,M,Spk7,U_32c825bb65,800_825,Nyanja_NNM_Spk7_U_32c825bb65_Utterance_7,atsilikari anapeza anthu mu umphawi nawasiya ndi cuuma ca mbiri,Nyanja_NNM_Spk7_U_32c825bb65_Utterance_7_800_825.wav,6.188
NNM,M,Spk7,U_32c825bb65,800_825,Nyanja_NNM_Spk7_U_32c825bb65_Utterance_8,kapitawo martini anati ndizakupatsa mfuti yaing'ono kuti ikuthandize kuziteteza ngati zinthu zafika pobvuta,Nyanja_NNM_Spk7_U_32c825bb65_Utterance_8_800_825.wav,9.95
NNM,M,Spk7,U_32c825bb65,800_825,Nyanja_NNM_Spk7_U_32c825bb65_Utterance_9,ndithudi zimene sizingatheke ndi kukhala opanda mantha pa nkhondo ziyenera kucitidwa mozungulila adani,Nyanja_NNM_Spk7_U_32c825bb65_Utterance_9_800_825.wav,10.043
NNM,M,Spk7,U_32c825bb65,800_825,Nyanja_NNM_Spk7_U_32c825bb65_Utterance_10,akaucita zinthu ngati mwina sanali kutiyembekezera,Nyanja_NNM_Spk7_U_32c825bb65_Utterance_10_800_825.wav,4.702
NNM,M,Spk7,U_32c825bb65,800_825,Nyanja_NNM_Spk7_U_32c825bb65_Utterance_11,ali kucita ngati mwina sanali kutiyembekezera,Nyanja_NNM_Spk7_U_32c825bb65_Utterance_11_800_825.wav,3.849
NNM,M,Spk7,U_32c825bb65,800_825,Nyanja_NNM_Spk7_U_32c825bb65_Utterance_12,ndikuopa poti pano palibe zizindikiro zace,Nyanja_NNM_Spk7_U_32c825bb65_Utterance_12_800_825.wav,4.665
NNM,M,Spk7,U_32c825bb65,800_825,Nyanja_NNM_Spk7_U_32c825bb65_Utterance_13,bwato idakwedzedwa pa maphiri a madzi naponyedwa pansi pa mtunda wa ma fathomu makhumi awiri,Nyanja_NNM_Spk7_U_32c825bb65_Utterance_13_800_825.wav,9.694
NNM,M,Spk7,U_32c825bb65,800_825,Nyanja_NNM_Spk7_U_32c825bb65_Utterance_14,akazi ace anaikidwa pa mbali yamanda ace ndipo ci malata coyera cimene adalembapo zodziwitsira manda ao cimaoneka mong'animira m'minda ya tiligu,Nyanja_NNM_Spk7_U_32c825bb65_Utterance_14_800_825.wav,14.489
NNM,M,Spk7,U_32c825bb65,800_825,Nyanja_NNM_Spk7_U_32c825bb65_Utterance_15,mwina dinso ya mphatso ndi cifundo kuwonetsa zipatso ndi golide opangidwa,Nyanja_NNM_Spk7_U_32c825bb65_Utterance_15_800_825.wav,6.815
NNM,M,Spk7,U_32c825bb65,800_825,Nyanja_NNM_Spk7_U_32c825bb65_Utterance_16,kambirimbiri ndinali kunva iye akulankhula pa inu mu njira imodzi-modziyi,Nyanja_NNM_Spk7_U_32c825bb65_Utterance_16_800_825.wav,7.005
NNM,M,Spk7,U_32c825bb65,800_825,Nyanja_NNM_Spk7_U_32c825bb65_Utterance_17,mbuya wanga kalawidwe k/zosanka za mai milner sizoipa koma ndi zabwino/kwabwino kopoosa,Nyanja_NNM_Spk7_U_32c825bb65_Utterance_17_800_825.wav,8.773
NNM,M,Spk7,U_32c825bb65,800_825,Nyanja_NNM_Spk7_U_32c825bb65_Utterance_18,iye anali ndi mtima wabwino ndipo wacikondi anatero beti ndipo ku khala mcikondi naye sicinaletse kuona/kuwerenga zoipa zimene angacite,Nyanja_NNM_Spk7_U_32c825bb65_Utterance_18_800_825.wav,12.087
NNM,M,Spk7,U_32c825bb65,800_825,Nyanja_NNM_Spk7_U_32c825bb65_Utterance_19,mwadzidzidzi gulu la ichthyosaurus ndi plesiosarus inangosowa pansipo itangosiya kabvumba/msokonezo ukuoneka m'madzi,Nyanja_NNM_Spk7_U_32c825bb65_Utterance_19_800_825.wav,13.688
NNM,M,Spk7,U_32c825bb65,800_825,Nyanja_NNM_Spk7_U_32c825bb65_Utterance_20,unali utalankhula za zoona pamene siunabvomereze ambrose anayamba usamakoka ndi yohane jago fodya wace uzakupha,Nyanja_NNM_Spk7_U_32c825bb65_Utterance_20_800_825.wav,15.477
NNM,M,Spk7,U_32c825bb65,800_825,Nyanja_NNM_Spk7_U_32c825bb65_Utterance_21,watisoni ndakhala ndikukucitila coipa/cosayenera  nthawi zonse alipo ena,Nyanja_NNM_Spk7_U_32c825bb65_Utterance_21_800_825.wav,8.368
NNM,M,Spk7,U_32c825bb65,800_825,Nyanja_NNM_Spk7_U_32c825bb65_Utterance_22,ndicinthu cosayeenera kunena zambiri za iwo pano,Nyanja_NNM_Spk7_U_32c825bb65_Utterance_22_800_825.wav,5.422
NNM,M,Spk7,U_32c825bb65,800_825,Nyanja_NNM_Spk7_U_32c825bb65_Utterance_23,koma kuli nkhokwe atate ngati angafune kuigwiritsa nchito,Nyanja_NNM_Spk7_U_32c825bb65_Utterance_23_800_825.wav,5.085
NNM,M,Spk7,U_32c825bb65,800_825,Nyanja_NNM_Spk7_U_32c825bb65_Utterance_24,holmes anaigwira poyera m'manja mwace pomwe panali kufika kuwala kwa magetsi,Nyanja_NNM_Spk7_U_32c825bb65_Utterance_24_800_825.wav,9.455
NNM,M,Spk7,U_32c825bb65,800_825,Nyanja_NNM_Spk7_U_32c825bb65_Utterance_25,iye anapenya pamwambapo mosakondwera nawauza kuti akhale pansi,Nyanja_NNM_Spk7_U_32c825bb65_Utterance_25_800_825.wav,6.455
NNM,M,Spk7,U_32c825bb65,825_850,Nyanja_NNM_Spk7_U_32c825bb65_Utterance_1,ndinaonapo mitunndi ndi mitundu ya zimenezo mu umoyo wanga,Nyanja_NNM_Spk7_U_32c825bb65_Utterance_1_825_850.wav,7.152
NNM,M,Spk7,U_32c825bb65,825_850,Nyanja_NNM_Spk7_U_32c825bb65_Utterance_2,ndinenetsa sindizapita kutali kweni kweni koma pa atatuwa iye ndiye amane siangathe,Nyanja_NNM_Spk7_U_32c825bb65_Utterance_2_825_850.wav,8.719
NNM,M,Spk7,U_32c825bb65,825_850,Nyanja_NNM_Spk7_U_32c825bb65_Utterance_3,koma pa nthawi imeneyo mu nmadzi amene ali ndi mphanvu cinali cosatheka kuthala pansi,Nyanja_NNM_Spk7_U_32c825bb65_Utterance_3_825_850.wav,9.982
NNM,M,Spk7,U_32c825bb65,825_850,Nyanja_NNM_Spk7_U_32c825bb65_Utterance_4,ici mzanga iwe tenga ndipo anaciponya m'manja mwa mlimi,Nyanja_NNM_Spk7_U_32c825bb65_Utterance_4_825_850.wav,7.906
NNM,M,Spk7,U_32c825bb65,825_850,Nyanja_NNM_Spk7_U_32c825bb65_Utterance_5,kodi unawaona ma pepala awa pa thebulo,Nyanja_NNM_Spk7_U_32c825bb65_Utterance_5_825_850.wav,5.319
NNM,M,Spk7,U_32c825bb65,825_850,Nyanja_NNM_Spk7_U_32c825bb65_Utterance_6,ndizanene kwa iye kuti andipatsek koffi ngati ndi yabwino,Nyanja_NNM_Spk7_U_32c825bb65_Utterance_6_825_850.wav,6.893
NNM,M,Spk7,U_32c825bb65,825_850,Nyanja_NNM_Spk7_U_32c825bb65_Utterance_7,osati golide kapena siliva kapena nkhosa kapena mngelo koma iye mwini ndi zaciani,Nyanja_NNM_Spk7_U_32c825bb65_Utterance_7_825_850.wav,10.994
NNM,M,Spk7,U_32c825bb65,825_850,Nyanja_NNM_Spk7_U_32c825bb65_Utterance_8,bwezani okupelekezani robini ndipo mundisanzike e e e n,Nyanja_NNM_Spk7_U_32c825bb65_Utterance_8_825_850.wav,6.374
NNM,M,Spk7,U_32c825bb65,825_850,Nyanja_NNM_Spk7_U_32c825bb65_Utterance_9,kuli ndondomeko yaikulu kapena ya ing'ono mogwirizana ndi ma lanki/nthepe  ndi ma giledi,Nyanja_NNM_Spk7_U_32c825bb65_Utterance_9_825_850.wav,11.447
NNM,M,Spk7,U_32c825bb65,825_850,Nyanja_NNM_Spk7_U_32c825bb65_Utterance_10,kumangotsala pang'ono kuganiza kuti ndizakumbukira  ntangonvera kusiyana pang'ono,Nyanja_NNM_Spk7_U_32c825bb65_Utterance_10_825_850.wav,7.581
NNM,M,Spk7,U_32c825bb65,825_850,Nyanja_NNM_Spk7_U_32c825bb65_Utterance_11,ndipo ndizazigulira famu ndipo ndizalima pa malowo tsopano ndaniazanditsatira,Nyanja_NNM_Spk7_U_32c825bb65_Utterance_11_825_850.wav,8.324
NNM,M,Spk7,U_32c825bb65,825_850,Nyanja_NNM_Spk7_U_32c825bb65_Utterance_12,ku mpoto ndi ku m'mwela zinakambidwa kale kodi ncifukwa ninji sikungaikidwenso ku m'madzulo,Nyanja_NNM_Spk7_U_32c825bb65_Utterance_12_825_850.wav,9.485
NNM,M,Spk7,U_32c825bb65,825_850,Nyanja_NNM_Spk7_U_32c825bb65_Utterance_13,kuzitukumula kwace atakwanilitsa kunapangitsa kuti aikidwe pa mwamba mwapang'ono pang'ono ngati mabala (malawi) amadzi,Nyanja_NNM_Spk7_U_32c825bb65_Utterance_13_825_850.wav,11.819
NNM,M,Spk7,U_32c825bb65,825_850,Nyanja_NNM_Spk7_U_32c825bb65_Utterance_14,pearl ataona thengo ya maluwa anayamba kulira pofuna duwa lofilira ndipo sanathe kunyengereredwa,Nyanja_NNM_Spk7_U_32c825bb65_Utterance_14_825_850.wav,11.092
NNM,M,Spk7,U_32c825bb65,825_850,Nyanja_NNM_Spk7_U_32c825bb65_Utterance_15,iimfa yace yace mu izi zonse inali cinthu conetsa cisoni,Nyanja_NNM_Spk7_U_32c825bb65_Utterance_15_825_850.wav,6.165
NNM,M,Spk7,U_32c825bb65,825_850,Nyanja_NNM_Spk7_U_32c825bb65_Utterance_16,kudulidwa kwace kwa kunja kunaonetsa ndipo sikunaonetse kokwanira zinthu zosiyana siyana za mkati wa umoyo wace,Nyanja_NNM_Spk7_U_32c825bb65_Utterance_16_825_850.wav,12.498
NNM,M,Spk7,U_32c825bb65,825_850,Nyanja_NNM_Spk7_U_32c825bb65_Utterance_17,madzana ndi madzana a nzika zosalakwa (azibambo) zinayankha kuitanidwa kwao kubwalo ya milandu  (ma saimoni) mwansangamsanga,Nyanja_NNM_Spk7_U_32c825bb65_Utterance_17_825_850.wav,11.482
NNM,M,Spk7,U_32c825bb65,825_850,Nyanja_NNM_Spk7_U_32c825bb65_Utterance_18,ind amai anatero mphunzi wacicepele akuoneka ndi mtima wosadikhira,Nyanja_NNM_Spk7_U_32c825bb65_Utterance_18_825_850.wav,7.047
NNM,M,Spk7,U_32c825bb65,825_850,Nyanja_NNM_Spk7_U_32c825bb65_Utterance_19,inde inde musabvutike ndi mayankho nvetsani ndipo muona kuti sindikunyengelerani kapena kukucitilanizooipa,Nyanja_NNM_Spk7_U_32c825bb65_Utterance_19_825_850.wav,10.043
NNM,M,Spk7,U_32c825bb65,825_850,Nyanja_NNM_Spk7_U_32c825bb65_Utterance_20,ma buku awiri aja a semoni oculidwa mu khuphunzitsana  koyamba sizikugwirizana  ndi zoyenera kudziwa za cikumbutso nghakhale pang'ono,Nyanja_NNM_Spk7_U_32c825bb65_Utterance_20_825_850.wav,16.161
NNM,M,Spk7,U_32c825bb65,825_850,Nyanja_NNM_Spk7_U_32c825bb65_Utterance_21,ici ndiye cifukwa cake ucedwa ojo munthu amene alibe mwai anatero mzimai  ndi mau acifundo,Nyanja_NNM_Spk7_U_32c825bb65_Utterance_21_825_850.wav,9.085
NNM,M,Spk7,U_32c825bb65,825_850,Nyanja_NNM_Spk7_U_32c825bb65_Utterance_22,inali kalata yofiilira mu njira ina kalata yofiira inadzadzidwa ndi umoyo,Nyanja_NNM_Spk7_U_32c825bb65_Utterance_22_825_850.wav,6.606
NNM,M,Spk7,U_32c825bb65,825_850,Nyanja_NNM_Spk7_U_32c825bb65_Utterance_23,mitengo za kale za cisoni monga zazikulu ndi zacisinsi muyenge wa kuda ndi woipa,Nyanja_NNM_Spk7_U_32c825bb65_Utterance_23_825_850.wav,8.811
NNM,M,Spk7,U_32c825bb65,825_850,Nyanja_NNM_Spk7_U_32c825bb65_Utterance_24,kacenjeda wanga anatsidwa wa umphawi kotheratu koma ndi wanzeru andiponso walunta azacitanso bwino,Nyanja_NNM_Spk7_U_32c825bb65_Utterance_24_825_850.wav,11.285
NNM,M,Spk7,U_32c825bb65,825_850,Nyanja_NNM_Spk7_U_32c825bb65_Utterance_25,ici cinali  chida cabwinodi nthawi imineyo,Nyanja_NNM_Spk7_U_32c825bb65_Utterance_25_825_850.wav,4.586
NNM,M,Spk7,U_7745725540,800_825,Nyanja_NNM_Spk7_U_7745725540_Utterance_1,nthawi imene anali kumwa tiii anali osakondwa ndipo analinso cete kotero kuti cakudya cinangopita cosagwirida/cosadyedwa ndi wina mwa iwo atatu,Nyanja_NNM_Spk7_U_7745725540_Utterance_1_800_825.wav,18.725
NNM,M,Spk7,U_7745725540,800_825,Nyanja_NNM_Spk7_U_7745725540_Utterance_2,ndipo izi zonse zizatsatira ukapolo wanu mu njira imodzi-modzi,Nyanja_NNM_Spk7_U_7745725540_Utterance_2_800_825.wav,8.72
NNM,M,Spk7,U_7745725540,800_825,Nyanja_NNM_Spk7_U_7745725540_Utterance_3,koma ngati zili tero kusankha kwa amuna kwa mai milner sikuzapangitsa ine kusanka anga,Nyanja_NNM_Spk7_U_7745725540_Utterance_3_800_825.wav,9.455
NNM,M,Spk7,U_7745725540,800_825,Nyanja_NNM_Spk7_U_7745725540_Utterance_4,tsika iwe khumbi laling'ono ndipo ukhale mumlengalenga pa maso pa thelo,Nyanja_NNM_Spk7_U_7745725540_Utterance_4_800_825.wav,8.765
NNM,M,Spk7,U_7745725540,800_825,Nyanja_NNM_Spk7_U_7745725540_Utterance_5,atagwiridwa ndi za kumtima kwace leocadi anapanga cizindikiro ku makolo ace kuti iye anafunisisa kuti akhale nao ekha,Nyanja_NNM_Spk7_U_7745725540_Utterance_5_800_825.wav,14.975
NNM,M,Spk7,U_7745725540,800_825,Nyanja_NNM_Spk7_U_7745725540_Utterance_6,sitero mosiyana ndi zimene muganiza ndinu amene mubvomerezana kwambiri ndi ine,Nyanja_NNM_Spk7_U_7745725540_Utterance_6_800_825.wav,10.775
NNM,M,Spk7,U_7745725540,800_825,Nyanja_NNM_Spk7_U_7745725540_Utterance_7,atsilikari anapeza anthu mu umphawi nawasiya ndi cuuma ca mbiri,Nyanja_NNM_Spk7_U_7745725540_Utterance_7_800_825.wav,8.045
NNM,M,Spk7,U_7745725540,800_825,Nyanja_NNM_Spk7_U_7745725540_Utterance_8,kapitawo martini anati ndizakupatsa mfuti yaing'ono kuti ikuthandize kuziteteza ngati zinthu zafika pobvuta,Nyanja_NNM_Spk7_U_7745725540_Utterance_8_800_825.wav,12.605
NNM,M,Spk7,U_7745725540,800_825,Nyanja_NNM_Spk7_U_7745725540_Utterance_9,ndithudi zimene sizingatheke ndi kukhala opanda mantha pa nkhondo ziyenera kucitidwa mozungulila adani,Nyanja_NNM_Spk7_U_7745725540_Utterance_9_800_825.wav,12.14
NNM,M,Spk7,U_7745725540,800_825,Nyanja_NNM_Spk7_U_7745725540_Utterance_10,akaucita zinthu ngati mwina sanali kutiyembekezera,Nyanja_NNM_Spk7_U_7745725540_Utterance_10_800_825.wav,6.17
NNM,M,Spk7,U_7745725540,800_825,Nyanja_NNM_Spk7_U_7745725540_Utterance_11,ali kucita ngati mwina sanali kutiyembekezera,Nyanja_NNM_Spk7_U_7745725540_Utterance_11_800_825.wav,6.29
NNM,M,Spk7,U_7745725540,800_825,Nyanja_NNM_Spk7_U_7745725540_Utterance_12,ndikuopa poti pano palibe zizindikiro zace,Nyanja_NNM_Spk7_U_7745725540_Utterance_12_800_825.wav,6.5
NNM,M,Spk7,U_7745725540,800_825,Nyanja_NNM_Spk7_U_7745725540_Utterance_13,bwato idakwedzedwa pa maphiri a madzi naponyedwa pansi pa mtunda wa ma fathomu makhumi awiri,Nyanja_NNM_Spk7_U_7745725540_Utterance_13_800_825.wav,10.91
NNM,M,Spk7,U_7745725540,800_825,Nyanja_NNM_Spk7_U_7745725540_Utterance_14,akazi ace anaikidwa pa mbali yamanda ace ndipo ci malata coyera cimene adalembapo zodziwitsira manda ao cimaoneka mong'animira m'minda ya tiligu,Nyanja_NNM_Spk7_U_7745725540_Utterance_14_800_825.wav,18.29
NNM,M,Spk7,U_7745725540,800_825,Nyanja_NNM_Spk7_U_7745725540_Utterance_15,mwina dinso ya mphatso ndi cifundo kuwonetsa zipatso ndi golide opangidwa,Nyanja_NNM_Spk7_U_7745725540_Utterance_15_800_825.wav,9.89
NNM,M,Spk7,U_7745725540,800_825,Nyanja_NNM_Spk7_U_7745725540_Utterance_16,kambirimbiri ndinali kunva iye akulankhula pa inu mu njira imodzi-modziyi,Nyanja_NNM_Spk7_U_7745725540_Utterance_16_800_825.wav,9.2
NNM,M,Spk7,U_7745725540,800_825,Nyanja_NNM_Spk7_U_7745725540_Utterance_17,mbuya wanga kalawidwe k/zosanka za mai milner sizoipa koma ndi zabwino/kwabwino kopoosa,Nyanja_NNM_Spk7_U_7745725540_Utterance_17_800_825.wav,12.44
NNM,M,Spk7,U_7745725540,800_825,Nyanja_NNM_Spk7_U_7745725540_Utterance_18,iye anali ndi mtima wabwino ndipo wacikondi anatero beti ndipo ku khala mcikondi naye sicinaletse kuona/kuwerenga zoipa zimene angacite,Nyanja_NNM_Spk7_U_7745725540_Utterance_18_800_825.wav,13.835
NNM,M,Spk7,U_7745725540,800_825,Nyanja_NNM_Spk7_U_7745725540_Utterance_19,mwadzidzidzi gulu la ichthyosaurus ndi plesiosarus inangosowa pansipo itangosiya kabvumba/msokonezo ukuoneka m'madzi,Nyanja_NNM_Spk7_U_7745725540_Utterance_19_800_825.wav,15.62
NNM,M,Spk7,U_7745725540,800_825,Nyanja_NNM_Spk7_U_7745725540_Utterance_20,unali utalankhula za zoona pamene siunabvomereze ambrose anayamba usamakoka ndi yohane jago fodya wace uzakupha,Nyanja_NNM_Spk7_U_7745725540_Utterance_20_800_825.wav,14.36
NNM,M,Spk7,U_7745725540,800_825,Nyanja_NNM_Spk7_U_7745725540_Utterance_21,watisoni ndakhala ndikukucitila coipa/cosayenera  nthawi zonse alipo ena,Nyanja_NNM_Spk7_U_7745725540_Utterance_21_800_825.wav,8.06
NNM,M,Spk7,U_7745725540,800_825,Nyanja_NNM_Spk7_U_7745725540_Utterance_22,ndicinthu cosayeenera kunena zambiri za iwo pano,Nyanja_NNM_Spk7_U_7745725540_Utterance_22_800_825.wav,6.005
NNM,M,Spk7,U_7745725540,800_825,Nyanja_NNM_Spk7_U_7745725540_Utterance_23,koma kuli nkhokwe atate ngati angafune kuigwiritsa nchito,Nyanja_NNM_Spk7_U_7745725540_Utterance_23_800_825.wav,6.35
NNM,M,Spk7,U_7745725540,800_825,Nyanja_NNM_Spk7_U_7745725540_Utterance_24,holmes anaigwira poyera m'manja mwace pomwe panali kufika kuwala kwa magetsi,Nyanja_NNM_Spk7_U_7745725540_Utterance_24_800_825.wav,8.45
NNM,M,Spk7,U_7745725540,800_825,Nyanja_NNM_Spk7_U_7745725540_Utterance_25,iye anapenya pamwambapo mosakondwera nawauza kuti akhale pansi,Nyanja_NNM_Spk7_U_7745725540_Utterance_25_800_825.wav,8.3
NNM,M,Spk7,U_7745725540,825_850,Nyanja_NNM_Spk7_U_7745725540_Utterance_1,ndinaonapo mitunndi ndi mitundu ya zimenezo mu umoyo wanga,Nyanja_NNM_Spk7_U_7745725540_Utterance_1_825_850.wav,6.455
NNM,M,Spk7,U_7745725540,825_850,Nyanja_NNM_Spk7_U_7745725540_Utterance_2,ndinenetsa sindizapita kutali kweni kweni koma pa atatuwa iye ndiye amane siangathe,Nyanja_NNM_Spk7_U_7745725540_Utterance_2_825_850.wav,8.795
NNM,M,Spk7,U_7745725540,825_850,Nyanja_NNM_Spk7_U_7745725540_Utterance_3,koma pa nthawi imeneyo mu nmadzi amene ali ndi mphanvu cinali cosatheka kuthala pansi,Nyanja_NNM_Spk7_U_7745725540_Utterance_3_825_850.wav,10.205
NNM,M,Spk7,U_7745725540,825_850,Nyanja_NNM_Spk7_U_7745725540_Utterance_4,ici mzanga iwe tenga ndipo anaciponya m'manja mwa mlimi,Nyanja_NNM_Spk7_U_7745725540_Utterance_4_825_850.wav,7.64
NNM,M,Spk7,U_7745725540,825_850,Nyanja_NNM_Spk7_U_7745725540_Utterance_5,kodi unawaona ma pepala awa pa thebulo,Nyanja_NNM_Spk7_U_7745725540_Utterance_5_825_850.wav,5.165
NNM,M,Spk7,U_7745725540,825_850,Nyanja_NNM_Spk7_U_7745725540_Utterance_6,ndizanene kwa iye kuti andipatsek koffi ngati ndi yabwino,Nyanja_NNM_Spk7_U_7745725540_Utterance_6_825_850.wav,7.505
NNM,M,Spk7,U_7745725540,825_850,Nyanja_NNM_Spk7_U_7745725540_Utterance_7,osati golide kapena siliva kapena nkhosa kapena mngelo koma iye mwini ndi zaciani,Nyanja_NNM_Spk7_U_7745725540_Utterance_7_825_850.wav,10.16
NNM,M,Spk7,U_7745725540,825_850,Nyanja_NNM_Spk7_U_7745725540_Utterance_8,bwezani okupelekezani robini ndipo mundisanzike e e e n,Nyanja_NNM_Spk7_U_7745725540_Utterance_8_825_850.wav,5.93
NNM,M,Spk7,U_7745725540,825_850,Nyanja_NNM_Spk7_U_7745725540_Utterance_9,kuli ndondomeko yaikulu kapena ya ing'ono mogwirizana ndi ma lanki/nthepe  ndi ma giledi,Nyanja_NNM_Spk7_U_7745725540_Utterance_9_825_850.wav,9.815
NNM,M,Spk7,U_7745725540,825_850,Nyanja_NNM_Spk7_U_7745725540_Utterance_10,kumangotsala pang'ono kuganiza kuti ndizakumbukira  ntangonvera kusiyana pang'ono,Nyanja_NNM_Spk7_U_7745725540_Utterance_10_825_850.wav,10.97
NNM,M,Spk7,U_7745725540,825_850,Nyanja_NNM_Spk7_U_7745725540_Utterance_11,ndipo ndizazigulira famu ndipo ndizalima pa malowo tsopano ndaniazanditsatira,Nyanja_NNM_Spk7_U_7745725540_Utterance_11_825_850.wav,11.21
NNM,M,Spk7,U_7745725540,825_850,Nyanja_NNM_Spk7_U_7745725540_Utterance_12,ku mpoto ndi ku m'mwela zinakambidwa kale kodi ncifukwa ninji sikungaikidwenso ku m'madzulo,Nyanja_NNM_Spk7_U_7745725540_Utterance_12_825_850.wav,10.64
NNM,M,Spk7,U_7745725540,825_850,Nyanja_NNM_Spk7_U_7745725540_Utterance_13,kuzitukumula kwace atakwanilitsa kunapangitsa kuti aikidwe pa mwamba mwapang'ono pang'ono ngati mabala (malawi) amadzi,Nyanja_NNM_Spk7_U_7745725540_Utterance_13_825_850.wav,13.804
NNM,M,Spk7,U_7745725540,825_850,Nyanja_NNM_Spk7_U_7745725540_Utterance_14,pearl ataona thengo ya maluwa anayamba kulira pofuna duwa lofilira ndipo sanathe kunyengereredwa,Nyanja_NNM_Spk7_U_7745725540_Utterance_14_825_850.wav,12.38
NNM,M,Spk7,U_7745725540,825_850,Nyanja_NNM_Spk7_U_7745725540_Utterance_15,iimfa yace yace mu izi zonse inali cinthu conetsa cisoni,Nyanja_NNM_Spk7_U_7745725540_Utterance_15_825_850.wav,6.65
NNM,M,Spk7,U_7745725540,825_850,Nyanja_NNM_Spk7_U_7745725540_Utterance_16,kudulidwa kwace kwa kunja kunaonetsa ndipo sikunaonetse kokwanira zinthu zosiyana siyana za mkati wa umoyo wace,Nyanja_NNM_Spk7_U_7745725540_Utterance_16_825_850.wav,12.62
NNM,M,Spk7,U_7745725540,825_850,Nyanja_NNM_Spk7_U_7745725540_Utterance_17,madzana ndi madzana a nzika zosalakwa (azibambo) zinayankha kuitanidwa kwao kubwalo ya milandu  (ma saimoni) mwansangamsanga,Nyanja_NNM_Spk7_U_7745725540_Utterance_17_825_850.wav,13.79
NNM,M,Spk7,U_7745725540,825_850,Nyanja_NNM_Spk7_U_7745725540_Utterance_18,ind amai anatero mphunzi wacicepele akuoneka ndi mtima wosadikhira,Nyanja_NNM_Spk7_U_7745725540_Utterance_18_825_850.wav,9.5
NNM,M,Spk7,U_7745725540,825_850,Nyanja_NNM_Spk7_U_7745725540_Utterance_19,inde inde musabvutike ndi mayankho nvetsani ndipo muona kuti sindikunyengelerani kapena kukucitilanizooipa,Nyanja_NNM_Spk7_U_7745725540_Utterance_19_825_850.wav,13.804
NNM,M,Spk7,U_7745725540,825_850,Nyanja_NNM_Spk7_U_7745725540_Utterance_20,ma buku awiri aja a semoni oculidwa mu khuphunzitsana  koyamba sizikugwirizana  ndi zoyenera kudziwa za cikumbutso nghakhale pang'ono,Nyanja_NNM_Spk7_U_7745725540_Utterance_20_825_850.wav,15.65
NNM,M,Spk7,U_7745725540,825_850,Nyanja_NNM_Spk7_U_7745725540_Utterance_21,ici ndiye cifukwa cake ucedwa ojo munthu amene alibe mwai anatero mzimai  ndi mau acifundo,Nyanja_NNM_Spk7_U_7745725540_Utterance_21_825_850.wav,12.65
NNM,M,Spk7,U_7745725540,825_850,Nyanja_NNM_Spk7_U_7745725540_Utterance_22,inali kalata yofiilira mu njira ina kalata yofiira inadzadzidwa ndi umoyo,Nyanja_NNM_Spk7_U_7745725540_Utterance_22_825_850.wav,9.695
NNM,M,Spk7,U_7745725540,825_850,Nyanja_NNM_Spk7_U_7745725540_Utterance_23,mitengo za kale za cisoni monga zazikulu ndi zacisinsi muyenge wa kuda ndi woipa,Nyanja_NNM_Spk7_U_7745725540_Utterance_23_825_850.wav,10.34
NNM,M,Spk7,U_7745725540,825_850,Nyanja_NNM_Spk7_U_7745725540_Utterance_24,kacenjeda wanga anatsidwa wa umphawi kotheratu koma ndi wanzeru andiponso walunta azacitanso bwino,Nyanja_NNM_Spk7_U_7745725540_Utterance_24_825_850.wav,12.02
NNM,M,Spk7,U_7745725540,825_850,Nyanja_NNM_Spk7_U_7745725540_Utterance_25,ici cinali  chida cabwinodi nthawi imineyo,Nyanja_NNM_Spk7_U_7745725540_Utterance_25_825_850.wav,5.945
NNM,M,Spk7,U_48a6ea32bd,825_850,Nyanja_NNM_Spk7_U_48a6ea32bd_Utterance_1,ndinaonapo mitunndi ndi mitundu ya zimenezo mu umoyo wanga,Nyanja_NNM_Spk7_U_48a6ea32bd_Utterance_1_825_850.wav,8.315
NNM,M,Spk7,U_48a6ea32bd,825_850,Nyanja_NNM_Spk7_U_48a6ea32bd_Utterance_2,ndinenetsa sindizapita kutali kweni kweni koma pa atatuwa iye ndiye amane siangathe,Nyanja_NNM_Spk7_U_48a6ea32bd_Utterance_2_825_850.wav,6.695
NNM,M,Spk7,U_48a6ea32bd,825_850,Nyanja_NNM_Spk7_U_48a6ea32bd_Utterance_3,koma pa nthawi imeneyo mu nmadzi amene ali ndi mphanvu cinali cosatheka kuthala pansi,Nyanja_NNM_Spk7_U_48a6ea32bd_Utterance_3_825_850.wav,5.18
NNM,M,Spk7,U_48a6ea32bd,825_850,Nyanja_NNM_Spk7_U_48a6ea32bd_Utterance_4,ici mzanga iwe tenga ndipo anaciponya m'manja mwa mlimi,Nyanja_NNM_Spk7_U_48a6ea32bd_Utterance_4_825_850.wav,5.21
NNM,M,Spk7,U_48a6ea32bd,825_850,Nyanja_NNM_Spk7_U_48a6ea32bd_Utterance_5,kodi unawaona ma pepala awa pa thebulo,Nyanja_NNM_Spk7_U_48a6ea32bd_Utterance_5_825_850.wav,8.435
NNM,M,Spk7,U_48a6ea32bd,825_850,Nyanja_NNM_Spk7_U_48a6ea32bd_Utterance_6,ndizanene kwa iye kuti andipatsek koffi ngati ndi yabwino,Nyanja_NNM_Spk7_U_48a6ea32bd_Utterance_6_825_850.wav,5.42
NNM,M,Spk7,U_48a6ea32bd,825_850,Nyanja_NNM_Spk7_U_48a6ea32bd_Utterance_7,osati golide kapena siliva kapena nkhosa kapena mngelo koma iye mwini ndi zaciani,Nyanja_NNM_Spk7_U_48a6ea32bd_Utterance_7_825_850.wav,7.385
NNM,M,Spk7,U_48a6ea32bd,825_850,Nyanja_NNM_Spk7_U_48a6ea32bd_Utterance_8,bwezani okupelekezani robini ndipo mundisanzike e e e n,Nyanja_NNM_Spk7_U_48a6ea32bd_Utterance_8_825_850.wav,4.895
NNM,M,Spk7,U_48a6ea32bd,825_850,Nyanja_NNM_Spk7_U_48a6ea32bd_Utterance_9,kuli ndondomeko yaikulu kapena ya ing'ono mogwirizana ndi ma lanki/nthepe  ndi ma giledi,Nyanja_NNM_Spk7_U_48a6ea32bd_Utterance_9_825_850.wav,2.013
NNM,M,Spk7,U_48a6ea32bd,825_850,Nyanja_NNM_Spk7_U_48a6ea32bd_Utterance_10,kumangotsala pang'ono kuganiza kuti ndizakumbukira  ntangonvera kusiyana pang'ono,Nyanja_NNM_Spk7_U_48a6ea32bd_Utterance_10_825_850.wav,2.6
NNM,M,Spk7,U_48a6ea32bd,825_850,Nyanja_NNM_Spk7_U_48a6ea32bd_Utterance_11,ndipo ndizazigulira famu ndipo ndizalima pa malowo tsopano ndaniazanditsatira,Nyanja_NNM_Spk7_U_48a6ea32bd_Utterance_11_825_850.wav,5.63
NNM,M,Spk7,U_48a6ea32bd,825_850,Nyanja_NNM_Spk7_U_48a6ea32bd_Utterance_12,ku mpoto ndi ku m'mwela zinakambidwa kale kodi ncifukwa ninji sikungaikidwenso ku m'madzulo,Nyanja_NNM_Spk7_U_48a6ea32bd_Utterance_12_825_850.wav,5.255
NNM,M,Spk7,U_48a6ea32bd,825_850,Nyanja_NNM_Spk7_U_48a6ea32bd_Utterance_13,kuzitukumula kwace atakwanilitsa kunapangitsa kuti aikidwe pa mwamba mwapang'ono pang'ono ngati mabala (malawi) amadzi,Nyanja_NNM_Spk7_U_48a6ea32bd_Utterance_13_825_850.wav,3.065
NNM,M,Spk7,U_48a6ea32bd,825_850,Nyanja_NNM_Spk7_U_48a6ea32bd_Utterance_14,pearl ataona thengo ya maluwa anayamba kulira pofuna duwa lofilira ndipo sanathe kunyengereredwa,Nyanja_NNM_Spk7_U_48a6ea32bd_Utterance_14_825_850.wav,9.65
NNM,M,Spk7,U_48a6ea32bd,825_850,Nyanja_NNM_Spk7_U_48a6ea32bd_Utterance_15,iimfa yace yace mu izi zonse inali cinthu conetsa cisoni,Nyanja_NNM_Spk7_U_48a6ea32bd_Utterance_15_825_850.wav,15.44
NNM,M,Spk7,U_48a6ea32bd,825_850,Nyanja_NNM_Spk7_U_48a6ea32bd_Utterance_16,kudulidwa kwace kwa kunja kunaonetsa ndipo sikunaonetse kokwanira zinthu zosiyana siyana za mkati wa umoyo wace,Nyanja_NNM_Spk7_U_48a6ea32bd_Utterance_16_825_850.wav,7.94
NNM,M,Spk7,U_48a6ea32bd,825_850,Nyanja_NNM_Spk7_U_48a6ea32bd_Utterance_17,madzana ndi madzana a nzika zosalakwa (azibambo) zinayankha kuitanidwa kwao kubwalo ya milandu  (ma saimoni) mwansangamsanga,Nyanja_NNM_Spk7_U_48a6ea32bd_Utterance_17_825_850.wav,6.74
NNM,M,Spk7,U_48a6ea32bd,825_850,Nyanja_NNM_Spk7_U_48a6ea32bd_Utterance_18,ind amai anatero mphunzi wacicepele akuoneka ndi mtima wosadikhira,Nyanja_NNM_Spk7_U_48a6ea32bd_Utterance_18_825_850.wav,8.555
NNM,M,Spk7,U_48a6ea32bd,825_850,Nyanja_NNM_Spk7_U_48a6ea32bd_Utterance_19,inde inde musabvutike ndi mayankho nvetsani ndipo muona kuti sindikunyengelerani kapena kukucitilanizooipa,Nyanja_NNM_Spk7_U_48a6ea32bd_Utterance_19_825_850.wav,11.495
NNM,M,Spk7,U_48a6ea32bd,825_850,Nyanja_NNM_Spk7_U_48a6ea32bd_Utterance_20,ma buku awiri aja a semoni oculidwa mu khuphunzitsana  koyamba sizikugwirizana  ndi zoyenera kudziwa za cikumbutso nghakhale pang'ono,Nyanja_NNM_Spk7_U_48a6ea32bd_Utterance_20_825_850.wav,12.125
NNM,M,Spk7,U_48a6ea32bd,825_850,Nyanja_NNM_Spk7_U_48a6ea32bd_Utterance_21,ici ndiye cifukwa cake ucedwa ojo munthu amene alibe mwai anatero mzimai  ndi mau acifundo,Nyanja_NNM_Spk7_U_48a6ea32bd_Utterance_21_825_850.wav,11.765
NNM,M,Spk7,U_48a6ea32bd,825_850,Nyanja_NNM_Spk7_U_48a6ea32bd_Utterance_22,inali kalata yofiilira mu njira ina kalata yofiira inadzadzidwa ndi umoyo,Nyanja_NNM_Spk7_U_48a6ea32bd_Utterance_22_825_850.wav,6.05
NNM,M,Spk7,U_48a6ea32bd,825_850,Nyanja_NNM_Spk7_U_48a6ea32bd_Utterance_23,mitengo za kale za cisoni monga zazikulu ndi zacisinsi muyenge wa kuda ndi woipa,Nyanja_NNM_Spk7_U_48a6ea32bd_Utterance_23_825_850.wav,4.925
NNM,M,Spk7,U_48a6ea32bd,825_850,Nyanja_NNM_Spk7_U_48a6ea32bd_Utterance_24,kacenjeda wanga anatsidwa wa umphawi kotheratu koma ndi wanzeru andiponso walunta azacitanso bwino,Nyanja_NNM_Spk7_U_48a6ea32bd_Utterance_24_825_850.wav,4.955
NNM,M,Spk7,U_48a6ea32bd,825_850,Nyanja_NNM_Spk7_U_48a6ea32bd_Utterance_25,ici cinali  chida cabwinodi nthawi imineyo,Nyanja_NNM_Spk7_U_48a6ea32bd_Utterance_25_825_850.wav,6.32
NNM,M,Spk7,U_48a6ea32bd,800_825,Nyanja_NNM_Spk7_U_48a6ea32bd_Utterance_1,nthawi imene anali kumwa tiii anali osakondwa ndipo analinso cete kotero kuti cakudya cinangopita cosagwirida/cosadyedwa ndi wina mwa iwo atatu,Nyanja_NNM_Spk7_U_48a6ea32bd_Utterance_1_800_825.wav,6.215
NNM,M,Spk7,U_48a6ea32bd,800_825,Nyanja_NNM_Spk7_U_48a6ea32bd_Utterance_2,ndipo izi zonse zizatsatira ukapolo wanu mu njira imodzi-modzi,Nyanja_NNM_Spk7_U_48a6ea32bd_Utterance_2_800_825.wav,7.745
NNM,M,Spk7,U_48a6ea32bd,800_825,Nyanja_NNM_Spk7_U_48a6ea32bd_Utterance_3,koma ngati zili tero kusankha kwa amuna kwa mai milner sikuzapangitsa ine kusanka anga,Nyanja_NNM_Spk7_U_48a6ea32bd_Utterance_3_800_825.wav,7.895
NNM,M,Spk7,U_48a6ea32bd,800_825,Nyanja_NNM_Spk7_U_48a6ea32bd_Utterance_4,tsika iwe khumbi laling'ono ndipo ukhale mumlengalenga pa maso pa thelo,Nyanja_NNM_Spk7_U_48a6ea32bd_Utterance_4_800_825.wav,5.585
NNM,M,Spk7,U_48a6ea32bd,800_825,Nyanja_NNM_Spk7_U_48a6ea32bd_Utterance_5,atagwiridwa ndi za kumtima kwace leocadi anapanga cizindikiro ku makolo ace kuti iye anafunisisa kuti akhale nao ekha,Nyanja_NNM_Spk7_U_48a6ea32bd_Utterance_5_800_825.wav,4.205
NNM,M,Spk7,U_48a6ea32bd,800_825,Nyanja_NNM_Spk7_U_48a6ea32bd_Utterance_6,sitero mosiyana ndi zimene muganiza ndinu amene mubvomerezana kwambiri ndi ine,Nyanja_NNM_Spk7_U_48a6ea32bd_Utterance_6_800_825.wav,7.805
NNM,M,Spk7,U_48a6ea32bd,800_825,Nyanja_NNM_Spk7_U_48a6ea32bd_Utterance_7,atsilikari anapeza anthu mu umphawi nawasiya ndi cuuma ca mbiri,Nyanja_NNM_Spk7_U_48a6ea32bd_Utterance_7_800_825.wav,7.445
NNM,M,Spk7,U_48a6ea32bd,800_825,Nyanja_NNM_Spk7_U_48a6ea32bd_Utterance_8,kapitawo martini anati ndizakupatsa mfuti yaing'ono kuti ikuthandize kuziteteza ngati zinthu zafika pobvuta,Nyanja_NNM_Spk7_U_48a6ea32bd_Utterance_8_800_825.wav,7.235
NNM,M,Spk7,U_48a6ea32bd,800_825,Nyanja_NNM_Spk7_U_48a6ea32bd_Utterance_9,ndithudi zimene sizingatheke ndi kukhala opanda mantha pa nkhondo ziyenera kucitidwa mozungulila adani,Nyanja_NNM_Spk7_U_48a6ea32bd_Utterance_9_800_825.wav,8.135
NNM,M,Spk7,U_48a6ea32bd,800_825,Nyanja_NNM_Spk7_U_48a6ea32bd_Utterance_10,akaucita zinthu ngati mwina sanali kutiyembekezera,Nyanja_NNM_Spk7_U_48a6ea32bd_Utterance_10_800_825.wav,9.125
NNM,M,Spk7,U_48a6ea32bd,800_825,Nyanja_NNM_Spk7_U_48a6ea32bd_Utterance_11,ali kucita ngati mwina sanali kutiyembekezera,Nyanja_NNM_Spk7_U_48a6ea32bd_Utterance_11_800_825.wav,9.05
NNM,M,Spk7,U_48a6ea32bd,800_825,Nyanja_NNM_Spk7_U_48a6ea32bd_Utterance_12,ndikuopa poti pano palibe zizindikiro zace,Nyanja_NNM_Spk7_U_48a6ea32bd_Utterance_12_800_825.wav,10.55
NNM,M,Spk7,U_48a6ea32bd,800_825,Nyanja_NNM_Spk7_U_48a6ea32bd_Utterance_13,bwato idakwedzedwa pa maphiri a madzi naponyedwa pansi pa mtunda wa ma fathomu makhumi awiri,Nyanja_NNM_Spk7_U_48a6ea32bd_Utterance_13_800_825.wav,12.38
NNM,M,Spk7,U_48a6ea32bd,800_825,Nyanja_NNM_Spk7_U_48a6ea32bd_Utterance_14,akazi ace anaikidwa pa mbali yamanda ace ndipo ci malata coyera cimene adalembapo zodziwitsira manda ao cimaoneka mong'animira m'minda ya tiligu,Nyanja_NNM_Spk7_U_48a6ea32bd_Utterance_14_800_825.wav,6.335
NNM,M,Spk7,U_48a6ea32bd,800_825,Nyanja_NNM_Spk7_U_48a6ea32bd_Utterance_15,mwina dinso ya mphatso ndi cifundo kuwonetsa zipatso ndi golide opangidwa,Nyanja_NNM_Spk7_U_48a6ea32bd_Utterance_15_800_825.wav,10.745
NNM,M,Spk7,U_48a6ea32bd,800_825,Nyanja_NNM_Spk7_U_48a6ea32bd_Utterance_16,kambirimbiri ndinali kunva iye akulankhula pa inu mu njira imodzi-modziyi,Nyanja_NNM_Spk7_U_48a6ea32bd_Utterance_16_800_825.wav,9.545
NNM,M,Spk7,U_48a6ea32bd,800_825,Nyanja_NNM_Spk7_U_48a6ea32bd_Utterance_17,mbuya wanga kalawidwe k/zosanka za mai milner sizoipa koma ndi zabwino/kwabwino kopoosa,Nyanja_NNM_Spk7_U_48a6ea32bd_Utterance_17_800_825.wav,6.14
NNM,M,Spk7,U_48a6ea32bd,800_825,Nyanja_NNM_Spk7_U_48a6ea32bd_Utterance_18,iye anali ndi mtima wabwino ndipo wacikondi anatero beti ndipo ku khala mcikondi naye sicinaletse kuona/kuwerenga zoipa zimene angacite,Nyanja_NNM_Spk7_U_48a6ea32bd_Utterance_18_800_825.wav,9.785
NNM,M,Spk7,U_48a6ea32bd,800_825,Nyanja_NNM_Spk7_U_48a6ea32bd_Utterance_19,mwadzidzidzi gulu la ichthyosaurus ndi plesiosarus inangosowa pansipo itangosiya kabvumba/msokonezo ukuoneka m'madzi,Nyanja_NNM_Spk7_U_48a6ea32bd_Utterance_19_800_825.wav,12.425
NNM,M,Spk7,U_48a6ea32bd,800_825,Nyanja_NNM_Spk7_U_48a6ea32bd_Utterance_20,unali utalankhula za zoona pamene siunabvomereze ambrose anayamba usamakoka ndi yohane jago fodya wace uzakupha,Nyanja_NNM_Spk7_U_48a6ea32bd_Utterance_20_800_825.wav,9.38
NNM,M,Spk7,U_48a6ea32bd,800_825,Nyanja_NNM_Spk7_U_48a6ea32bd_Utterance_21,watisoni ndakhala ndikukucitila coipa/cosayenera  nthawi zonse alipo ena,Nyanja_NNM_Spk7_U_48a6ea32bd_Utterance_21_800_825.wav,7.235
NNM,M,Spk7,U_48a6ea32bd,800_825,Nyanja_NNM_Spk7_U_48a6ea32bd_Utterance_22,ndicinthu cosayeenera kunena zambiri za iwo pano,Nyanja_NNM_Spk7_U_48a6ea32bd_Utterance_22_800_825.wav,7.76
NNM,M,Spk7,U_48a6ea32bd,800_825,Nyanja_NNM_Spk7_U_48a6ea32bd_Utterance_23,koma kuli nkhokwe atate ngati angafune kuigwiritsa nchito,Nyanja_NNM_Spk7_U_48a6ea32bd_Utterance_23_800_825.wav,11.975
NNM,M,Spk7,U_48a6ea32bd,800_825,Nyanja_NNM_Spk7_U_48a6ea32bd_Utterance_24,holmes anaigwira poyera m'manja mwace pomwe panali kufika kuwala kwa magetsi,Nyanja_NNM_Spk7_U_48a6ea32bd_Utterance_24_800_825.wav,3.71
NNM,M,Spk7,U_48a6ea32bd,800_825,Nyanja_NNM_Spk7_U_48a6ea32bd_Utterance_25,iye anapenya pamwambapo mosakondwera nawauza kuti akhale pansi,Nyanja_NNM_Spk7_U_48a6ea32bd_Utterance_25_800_825.wav,7.4
NNM,M,Spk7,U_2c586d9cfc,800_825,Nyanja_NNM_Spk7_U_2c586d9cfc_Utterance_1,nthawi imene anali kumwa tiii anali osakondwa ndipo analinso cete kotero kuti cakudya cinangopita cosagwirida/cosadyedwa ndi wina mwa iwo atatu,Nyanja_NNM_Spk7_U_2c586d9cfc_Utterance_1_800_825.wav,16.535
NNM,M,Spk7,U_2c586d9cfc,800_825,Nyanja_NNM_Spk7_U_2c586d9cfc_Utterance_2,ndipo izi zonse zizatsatira ukapolo wanu mu njira imodzi-modzi,Nyanja_NNM_Spk7_U_2c586d9cfc_Utterance_2_800_825.wav,6.725
NNM,M,Spk7,U_2c586d9cfc,800_825,Nyanja_NNM_Spk7_U_2c586d9cfc_Utterance_3,koma ngati zili tero kusankha kwa amuna kwa mai milner sikuzapangitsa ine kusanka anga,Nyanja_NNM_Spk7_U_2c586d9cfc_Utterance_3_800_825.wav,10.25
NNM,M,Spk7,U_2c586d9cfc,800_825,Nyanja_NNM_Spk7_U_2c586d9cfc_Utterance_4,tsika iwe khumbi laling'ono ndipo ukhale mumlengalenga pa maso pa thelo,Nyanja_NNM_Spk7_U_2c586d9cfc_Utterance_4_800_825.wav,8.87
NNM,M,Spk7,U_2c586d9cfc,800_825,Nyanja_NNM_Spk7_U_2c586d9cfc_Utterance_5,atagwiridwa ndi za kumtima kwace leocadi anapanga cizindikiro ku makolo ace kuti iye anafunisisa kuti akhale nao ekha,Nyanja_NNM_Spk7_U_2c586d9cfc_Utterance_5_800_825.wav,13.88
NNM,M,Spk7,U_2c586d9cfc,800_825,Nyanja_NNM_Spk7_U_2c586d9cfc_Utterance_6,sitero mosiyana ndi zimene muganiza ndinu amene mubvomerezana kwambiri ndi ine,Nyanja_NNM_Spk7_U_2c586d9cfc_Utterance_6_800_825.wav,9.245
NNM,M,Spk7,U_2c586d9cfc,800_825,Nyanja_NNM_Spk7_U_2c586d9cfc_Utterance_7,atsilikari anapeza anthu mu umphawi nawasiya ndi cuuma ca mbiri,Nyanja_NNM_Spk7_U_2c586d9cfc_Utterance_7_800_825.wav,8.915
NNM,M,Spk7,U_2c586d9cfc,800_825,Nyanja_NNM_Spk7_U_2c586d9cfc_Utterance_8,kapitawo martini anati ndizakupatsa mfuti yaing'ono kuti ikuthandize kuziteteza ngati zinthu zafika pobvuta,Nyanja_NNM_Spk7_U_2c586d9cfc_Utterance_8_800_825.wav,15.065
NNM,M,Spk7,U_2c586d9cfc,800_825,Nyanja_NNM_Spk7_U_2c586d9cfc_Utterance_9,ndithudi zimene sizingatheke ndi kukhala opanda mantha pa nkhondo ziyenera kucitidwa mozungulila adani,Nyanja_NNM_Spk7_U_2c586d9cfc_Utterance_9_800_825.wav,13.535
NNM,M,Spk7,U_2c586d9cfc,800_825,Nyanja_NNM_Spk7_U_2c586d9cfc_Utterance_10,akaucita zinthu ngati mwina sanali kutiyembekezera,Nyanja_NNM_Spk7_U_2c586d9cfc_Utterance_10_800_825.wav,7.775
NNM,M,Spk7,U_2c586d9cfc,800_825,Nyanja_NNM_Spk7_U_2c586d9cfc_Utterance_11,ali kucita ngati mwina sanali kutiyembekezera,Nyanja_NNM_Spk7_U_2c586d9cfc_Utterance_11_800_825.wav,6.815
NNM,M,Spk7,U_2c586d9cfc,800_825,Nyanja_NNM_Spk7_U_2c586d9cfc_Utterance_12,ndikuopa poti pano palibe zizindikiro zace,Nyanja_NNM_Spk7_U_2c586d9cfc_Utterance_12_800_825.wav,7.115
NNM,M,Spk7,U_2c586d9cfc,800_825,Nyanja_NNM_Spk7_U_2c586d9cfc_Utterance_13,bwato idakwedzedwa pa maphiri a madzi naponyedwa pansi pa mtunda wa ma fathomu makhumi awiri,Nyanja_NNM_Spk7_U_2c586d9cfc_Utterance_13_800_825.wav,14.24
NNM,M,Spk7,U_2c586d9cfc,800_825,Nyanja_NNM_Spk7_U_2c586d9cfc_Utterance_14,akazi ace anaikidwa pa mbali yamanda ace ndipo ci malata coyera cimene adalembapo zodziwitsira manda ao cimaoneka mong'animira m'minda ya tiligu,Nyanja_NNM_Spk7_U_2c586d9cfc_Utterance_14_800_825.wav,18.335
NNM,M,Spk7,U_2c586d9cfc,800_825,Nyanja_NNM_Spk7_U_2c586d9cfc_Utterance_15,mwina dinso ya mphatso ndi cifundo kuwonetsa zipatso ndi golide opangidwa,Nyanja_NNM_Spk7_U_2c586d9cfc_Utterance_15_800_825.wav,10.625
NNM,M,Spk7,U_2c586d9cfc,800_825,Nyanja_NNM_Spk7_U_2c586d9cfc_Utterance_16,kambirimbiri ndinali kunva iye akulankhula pa inu mu njira imodzi-modziyi,Nyanja_NNM_Spk7_U_2c586d9cfc_Utterance_16_800_825.wav,9.35
NNM,M,Spk7,U_2c586d9cfc,800_825,Nyanja_NNM_Spk7_U_2c586d9cfc_Utterance_17,mbuya wanga kalawidwe k/zosanka za mai milner sizoipa koma ndi zabwino/kwabwino kopoosa,Nyanja_NNM_Spk7_U_2c586d9cfc_Utterance_17_800_825.wav,12.71
NNM,M,Spk7,U_2c586d9cfc,800_825,Nyanja_NNM_Spk7_U_2c586d9cfc_Utterance_18,iye anali ndi mtima wabwino ndipo wacikondi anatero beti ndipo ku khala mcikondi naye sicinaletse kuona/kuwerenga zoipa zimene angacite,Nyanja_NNM_Spk7_U_2c586d9cfc_Utterance_18_800_825.wav,17.72
NNM,M,Spk7,U_2c586d9cfc,800_825,Nyanja_NNM_Spk7_U_2c586d9cfc_Utterance_19,mwadzidzidzi gulu la ichthyosaurus ndi plesiosarus inangosowa pansipo itangosiya kabvumba/msokonezo ukuoneka m'madzi,Nyanja_NNM_Spk7_U_2c586d9cfc_Utterance_19_800_825.wav,19.895
NNM,M,Spk7,U_2c586d9cfc,800_825,Nyanja_NNM_Spk7_U_2c586d9cfc_Utterance_20,unali utalankhula za zoona pamene siunabvomereze ambrose anayamba usamakoka ndi yohane jago fodya wace uzakupha,Nyanja_NNM_Spk7_U_2c586d9cfc_Utterance_20_800_825.wav,16.955
NNM,M,Spk7,U_2c586d9cfc,800_825,Nyanja_NNM_Spk7_U_2c586d9cfc_Utterance_21,watisoni ndakhala ndikukucitila coipa/cosayenera  nthawi zonse alipo ena,Nyanja_NNM_Spk7_U_2c586d9cfc_Utterance_21_800_825.wav,12.815
NNM,M,Spk7,U_2c586d9cfc,800_825,Nyanja_NNM_Spk7_U_2c586d9cfc_Utterance_22,ndicinthu cosayeenera kunena zambiri za iwo pano,Nyanja_NNM_Spk7_U_2c586d9cfc_Utterance_22_800_825.wav,9.14
NNM,M,Spk7,U_2c586d9cfc,800_825,Nyanja_NNM_Spk7_U_2c586d9cfc_Utterance_23,koma kuli nkhokwe atate ngati angafune kuigwiritsa nchito,Nyanja_NNM_Spk7_U_2c586d9cfc_Utterance_23_800_825.wav,7.7
NNM,M,Spk7,U_2c586d9cfc,800_825,Nyanja_NNM_Spk7_U_2c586d9cfc_Utterance_24,holmes anaigwira poyera m'manja mwace pomwe panali kufika kuwala kwa magetsi,Nyanja_NNM_Spk7_U_2c586d9cfc_Utterance_24_800_825.wav,10.565
NNM,M,Spk7,U_2c586d9cfc,800_825,Nyanja_NNM_Spk7_U_2c586d9cfc_Utterance_25,iye anapenya pamwambapo mosakondwera nawauza kuti akhale pansi,Nyanja_NNM_Spk7_U_2c586d9cfc_Utterance_25_800_825.wav,10.085
NNM,M,Spk7,U_2c586d9cfc,825_850,Nyanja_NNM_Spk7_U_2c586d9cfc_Utterance_1,ndinaonapo mitunndi ndi mitundu ya zimenezo mu umoyo wanga,Nyanja_NNM_Spk7_U_2c586d9cfc_Utterance_1_825_850.wav,9.515
NNM,M,Spk7,U_2c586d9cfc,825_850,Nyanja_NNM_Spk7_U_2c586d9cfc_Utterance_2,ndinenetsa sindizapita kutali kweni kweni koma pa atatuwa iye ndiye amane siangathe,Nyanja_NNM_Spk7_U_2c586d9cfc_Utterance_2_825_850.wav,13.955
NNM,M,Spk7,U_2c586d9cfc,825_850,Nyanja_NNM_Spk7_U_2c586d9cfc_Utterance_3,koma pa nthawi imeneyo mu nmadzi amene ali ndi mphanvu cinali cosatheka kuthala pansi,Nyanja_NNM_Spk7_U_2c586d9cfc_Utterance_3_825_850.wav,14.195
NNM,M,Spk7,U_2c586d9cfc,825_850,Nyanja_NNM_Spk7_U_2c586d9cfc_Utterance_4,ici mzanga iwe tenga ndipo anaciponya m'manja mwa mlimi,Nyanja_NNM_Spk7_U_2c586d9cfc_Utterance_4_825_850.wav,8.06
NNM,M,Spk7,U_2c586d9cfc,825_850,Nyanja_NNM_Spk7_U_2c586d9cfc_Utterance_5,kodi unawaona ma pepala awa pa thebulo,Nyanja_NNM_Spk7_U_2c586d9cfc_Utterance_5_825_850.wav,7.28
NNM,M,Spk7,U_2c586d9cfc,825_850,Nyanja_NNM_Spk7_U_2c586d9cfc_Utterance_6,ndizanene kwa iye kuti andipatsek koffi ngati ndi yabwino,Nyanja_NNM_Spk7_U_2c586d9cfc_Utterance_6_825_850.wav,8.87
NNM,M,Spk7,U_2c586d9cfc,825_850,Nyanja_NNM_Spk7_U_2c586d9cfc_Utterance_7,osati golide kapena siliva kapena nkhosa kapena mngelo koma iye mwini ndi zaciani,Nyanja_NNM_Spk7_U_2c586d9cfc_Utterance_7_825_850.wav,11.075
NNM,M,Spk7,U_2c586d9cfc,825_850,Nyanja_NNM_Spk7_U_2c586d9cfc_Utterance_8,bwezani okupelekezani robini ndipo mundisanzike e e e n,Nyanja_NNM_Spk7_U_2c586d9cfc_Utterance_8_825_850.wav,9.56
NNM,M,Spk7,U_2c586d9cfc,825_850,Nyanja_NNM_Spk7_U_2c586d9cfc_Utterance_9,kuli ndondomeko yaikulu kapena ya ing'ono mogwirizana ndi ma lanki/nthepe  ndi ma giledi,Nyanja_NNM_Spk7_U_2c586d9cfc_Utterance_9_825_850.wav,11.93
NNM,M,Spk7,U_2c586d9cfc,825_850,Nyanja_NNM_Spk7_U_2c586d9cfc_Utterance_10,kumangotsala pang'ono kuganiza kuti ndizakumbukira  ntangonvera kusiyana pang'ono,Nyanja_NNM_Spk7_U_2c586d9cfc_Utterance_10_825_850.wav,12.14
NNM,M,Spk7,U_2c586d9cfc,825_850,Nyanja_NNM_Spk7_U_2c586d9cfc_Utterance_11,ndipo ndizazigulira famu ndipo ndizalima pa malowo tsopano ndaniazanditsatira,Nyanja_NNM_Spk7_U_2c586d9cfc_Utterance_11_825_850.wav,13.265
NNM,M,Spk7,U_2c586d9cfc,825_850,Nyanja_NNM_Spk7_U_2c586d9cfc_Utterance_12,ku mpoto ndi ku m'mwela zinakambidwa kale kodi ncifukwa ninji sikungaikidwenso ku m'madzulo,Nyanja_NNM_Spk7_U_2c586d9cfc_Utterance_12_825_850.wav,13.205
NNM,M,Spk7,U_2c586d9cfc,825_850,Nyanja_NNM_Spk7_U_2c586d9cfc_Utterance_13,kuzitukumula kwace atakwanilitsa kunapangitsa kuti aikidwe pa mwamba mwapang'ono pang'ono ngati mabala (malawi) amadzi,Nyanja_NNM_Spk7_U_2c586d9cfc_Utterance_13_825_850.wav,16.04
NNM,M,Spk7,U_2c586d9cfc,825_850,Nyanja_NNM_Spk7_U_2c586d9cfc_Utterance_14,pearl ataona thengo ya maluwa anayamba kulira pofuna duwa lofilira ndipo sanathe kunyengereredwa,Nyanja_NNM_Spk7_U_2c586d9cfc_Utterance_14_825_850.wav,16.355
NNM,M,Spk7,U_2c586d9cfc,825_850,Nyanja_NNM_Spk7_U_2c586d9cfc_Utterance_15,iimfa yace yace mu izi zonse inali cinthu conetsa cisoni,Nyanja_NNM_Spk7_U_2c586d9cfc_Utterance_15_825_850.wav,9.365
NNM,M,Spk7,U_2c586d9cfc,825_850,Nyanja_NNM_Spk7_U_2c586d9cfc_Utterance_16,kudulidwa kwace kwa kunja kunaonetsa ndipo sikunaonetse kokwanira zinthu zosiyana siyana za mkati wa umoyo wace,Nyanja_NNM_Spk7_U_2c586d9cfc_Utterance_16_825_850.wav,15.845
NNM,M,Spk7,U_2c586d9cfc,825_850,Nyanja_NNM_Spk7_U_2c586d9cfc_Utterance_17,madzana ndi madzana a nzika zosalakwa (azibambo) zinayankha kuitanidwa kwao kubwalo ya milandu  (ma saimoni) mwansangamsanga,Nyanja_NNM_Spk7_U_2c586d9cfc_Utterance_17_825_850.wav,15.86
NNM,M,Spk7,U_2c586d9cfc,825_850,Nyanja_NNM_Spk7_U_2c586d9cfc_Utterance_18,ind amai anatero mphunzi wacicepele akuoneka ndi mtima wosadikhira,Nyanja_NNM_Spk7_U_2c586d9cfc_Utterance_18_825_850.wav,12.335
NNM,M,Spk7,U_2c586d9cfc,825_850,Nyanja_NNM_Spk7_U_2c586d9cfc_Utterance_19,inde inde musabvutike ndi mayankho nvetsani ndipo muona kuti sindikunyengelerani kapena kukucitilanizooipa,Nyanja_NNM_Spk7_U_2c586d9cfc_Utterance_19_825_850.wav,13.655
NNM,M,Spk7,U_2c586d9cfc,825_850,Nyanja_NNM_Spk7_U_2c586d9cfc_Utterance_20,ma buku awiri aja a semoni oculidwa mu khuphunzitsana  koyamba sizikugwirizana  ndi zoyenera kudziwa za cikumbutso nghakhale pang'ono,Nyanja_NNM_Spk7_U_2c586d9cfc_Utterance_20_825_850.wav,17.21
NNM,M,Spk7,U_2c586d9cfc,825_850,Nyanja_NNM_Spk7_U_2c586d9cfc_Utterance_21,ici ndiye cifukwa cake ucedwa ojo munthu amene alibe mwai anatero mzimai  ndi mau acifundo,Nyanja_NNM_Spk7_U_2c586d9cfc_Utterance_21_825_850.wav,12.215
NNM,M,Spk7,U_2c586d9cfc,825_850,Nyanja_NNM_Spk7_U_2c586d9cfc_Utterance_22,inali kalata yofiilira mu njira ina kalata yofiira inadzadzidwa ndi umoyo,Nyanja_NNM_Spk7_U_2c586d9cfc_Utterance_22_825_850.wav,11.915
NNM,M,Spk7,U_2c586d9cfc,825_850,Nyanja_NNM_Spk7_U_2c586d9cfc_Utterance_23,mitengo za kale za cisoni monga zazikulu ndi zacisinsi muyenge wa kuda ndi woipa,Nyanja_NNM_Spk7_U_2c586d9cfc_Utterance_23_825_850.wav,12.305
NNM,M,Spk7,U_2c586d9cfc,825_850,Nyanja_NNM_Spk7_U_2c586d9cfc_Utterance_24,kacenjeda wanga anatsidwa wa umphawi kotheratu koma ndi wanzeru andiponso walunta azacitanso bwino,Nyanja_NNM_Spk7_U_2c586d9cfc_Utterance_24_825_850.wav,15.98
NNM,M,Spk7,U_2c586d9cfc,825_850,Nyanja_NNM_Spk7_U_2c586d9cfc_Utterance_25,ici cinali  chida cabwinodi nthawi imineyo,Nyanja_NNM_Spk7_U_2c586d9cfc_Utterance_25_825_850.wav,8.045
NNM,M,Spk7,U_e740081fd6,800_825,Nyanja_NNM_Spk7_U_e740081fd6_Utterance_1,nthawi imene anali kumwa tiii anali osakondwa ndipo analinso cete kotero kuti cakudya cinangopita cosagwirida/cosadyedwa ndi wina mwa iwo atatu,Nyanja_NNM_Spk7_U_e740081fd6_Utterance_1_800_825.wav,19.11
NNM,M,Spk7,U_e740081fd6,800_825,Nyanja_NNM_Spk7_U_e740081fd6_Utterance_2,ndipo izi zonse zizatsatira ukapolo wanu mu njira imodzi-modzi,Nyanja_NNM_Spk7_U_e740081fd6_Utterance_2_800_825.wav,7.094
NNM,M,Spk7,U_e740081fd6,800_825,Nyanja_NNM_Spk7_U_e740081fd6_Utterance_3,koma ngati zili tero kusankha kwa amuna kwa mai milner sikuzapangitsa ine kusanka anga,Nyanja_NNM_Spk7_U_e740081fd6_Utterance_3_800_825.wav,11.401
NNM,M,Spk7,U_e740081fd6,800_825,Nyanja_NNM_Spk7_U_e740081fd6_Utterance_4,tsika iwe khumbi laling'ono ndipo ukhale mumlengalenga pa maso pa thelo,Nyanja_NNM_Spk7_U_e740081fd6_Utterance_4_800_825.wav,10.054
NNM,M,Spk7,U_e740081fd6,800_825,Nyanja_NNM_Spk7_U_e740081fd6_Utterance_5,atagwiridwa ndi za kumtima kwace leocadi anapanga cizindikiro ku makolo ace kuti iye anafunisisa kuti akhale nao ekha,Nyanja_NNM_Spk7_U_e740081fd6_Utterance_5_800_825.wav,15.859
NNM,M,Spk7,U_e740081fd6,800_825,Nyanja_NNM_Spk7_U_e740081fd6_Utterance_6,sitero mosiyana ndi zimene muganiza ndinu amene mubvomerezana kwambiri ndi ine,Nyanja_NNM_Spk7_U_e740081fd6_Utterance_6_800_825.wav,13.305
NNM,M,Spk7,U_e740081fd6,800_825,Nyanja_NNM_Spk7_U_e740081fd6_Utterance_7,atsilikari anapeza anthu mu umphawi nawasiya ndi cuuma ca mbiri,Nyanja_NNM_Spk7_U_e740081fd6_Utterance_7_800_825.wav,7.651
NNM,M,Spk7,U_e740081fd6,800_825,Nyanja_NNM_Spk7_U_e740081fd6_Utterance_8,kapitawo martini anati ndizakupatsa mfuti yaing'ono kuti ikuthandize kuziteteza ngati zinthu zafika pobvuta,Nyanja_NNM_Spk7_U_e740081fd6_Utterance_8_800_825.wav,14.826
NNM,M,Spk7,U_e740081fd6,800_825,Nyanja_NNM_Spk7_U_e740081fd6_Utterance_9,ndithudi zimene sizingatheke ndi kukhala opanda mantha pa nkhondo ziyenera kucitidwa mozungulila adani,Nyanja_NNM_Spk7_U_e740081fd6_Utterance_9_800_825.wav,12.899
NNM,M,Spk7,U_e740081fd6,800_825,Nyanja_NNM_Spk7_U_e740081fd6_Utterance_10,akaucita zinthu ngati mwina sanali kutiyembekezera,Nyanja_NNM_Spk7_U_e740081fd6_Utterance_10_800_825.wav,6.235
NNM,M,Spk7,U_e740081fd6,800_825,Nyanja_NNM_Spk7_U_e740081fd6_Utterance_11,ali kucita ngati mwina sanali kutiyembekezera,Nyanja_NNM_Spk7_U_e740081fd6_Utterance_11_800_825.wav,4.632
NNM,M,Spk7,U_e740081fd6,800_825,Nyanja_NNM_Spk7_U_e740081fd6_Utterance_12,ndikuopa poti pano palibe zizindikiro zace,Nyanja_NNM_Spk7_U_e740081fd6_Utterance_12_800_825.wav,4.899
NNM,M,Spk7,U_e740081fd6,800_825,Nyanja_NNM_Spk7_U_e740081fd6_Utterance_13,bwato idakwedzedwa pa maphiri a madzi naponyedwa pansi pa mtunda wa ma fathomu makhumi awiri,Nyanja_NNM_Spk7_U_e740081fd6_Utterance_13_800_825.wav,12.028
NNM,M,Spk7,U_e740081fd6,800_825,Nyanja_NNM_Spk7_U_e740081fd6_Utterance_14,akazi ace anaikidwa pa mbali yamanda ace ndipo ci malata coyera cimene adalembapo zodziwitsira manda ao cimaoneka mong'animira m'minda ya tiligu,Nyanja_NNM_Spk7_U_e740081fd6_Utterance_14_800_825.wav,21.745
NNM,M,Spk7,U_e740081fd6,800_825,Nyanja_NNM_Spk7_U_e740081fd6_Utterance_15,mwina dinso ya mphatso ndi cifundo kuwonetsa zipatso ndi golide opangidwa,Nyanja_NNM_Spk7_U_e740081fd6_Utterance_15_800_825.wav,10.886
NNM,M,Spk7,U_e740081fd6,800_825,Nyanja_NNM_Spk7_U_e740081fd6_Utterance_16,kambirimbiri ndinali kunva iye akulankhula pa inu mu njira imodzi-modziyi,Nyanja_NNM_Spk7_U_e740081fd6_Utterance_16_800_825.wav,8.649
NNM,M,Spk7,U_e740081fd6,800_825,Nyanja_NNM_Spk7_U_e740081fd6_Utterance_17,mbuya wanga kalawidwe k/zosanka za mai milner sizoipa koma ndi zabwino/kwabwino kopoosa,Nyanja_NNM_Spk7_U_e740081fd6_Utterance_17_800_825.wav,10.112
NNM,M,Spk7,U_e740081fd6,800_825,Nyanja_NNM_Spk7_U_e740081fd6_Utterance_18,iye anali ndi mtima wabwino ndipo wacikondi anatero beti ndipo ku khala mcikondi naye sicinaletse kuona/kuwerenga zoipa zimene angacite,Nyanja_NNM_Spk7_U_e740081fd6_Utterance_18_800_825.wav,18.086
NNM,M,Spk7,U_e740081fd6,800_825,Nyanja_NNM_Spk7_U_e740081fd6_Utterance_19,mwadzidzidzi gulu la ichthyosaurus ndi plesiosarus inangosowa pansipo itangosiya kabvumba/msokonezo ukuoneka m'madzi,Nyanja_NNM_Spk7_U_e740081fd6_Utterance_19_800_825.wav,15.372
NNM,M,Spk7,U_e740081fd6,800_825,Nyanja_NNM_Spk7_U_e740081fd6_Utterance_20,unali utalankhula za zoona pamene siunabvomereze ambrose anayamba usamakoka ndi yohane jago fodya wace uzakupha,Nyanja_NNM_Spk7_U_e740081fd6_Utterance_20_800_825.wav,15.662
NNM,M,Spk7,U_e740081fd6,800_825,Nyanja_NNM_Spk7_U_e740081fd6_Utterance_21,watisoni ndakhala ndikukucitila coipa/cosayenera  nthawi zonse alipo ena,Nyanja_NNM_Spk7_U_e740081fd6_Utterance_21_800_825.wav,7.396
NNM,M,Spk7,U_e740081fd6,800_825,Nyanja_NNM_Spk7_U_e740081fd6_Utterance_22,ndicinthu cosayeenera kunena zambiri za iwo pano,Nyanja_NNM_Spk7_U_e740081fd6_Utterance_22_800_825.wav,5.387
NNM,M,Spk7,U_e740081fd6,800_825,Nyanja_NNM_Spk7_U_e740081fd6_Utterance_23,koma kuli nkhokwe atate ngati angafune kuigwiritsa nchito,Nyanja_NNM_Spk7_U_e740081fd6_Utterance_23_800_825.wav,6.386
NNM,M,Spk7,U_e740081fd6,800_825,Nyanja_NNM_Spk7_U_e740081fd6_Utterance_24,holmes anaigwira poyera m'manja mwace pomwe panali kufika kuwala kwa magetsi,Nyanja_NNM_Spk7_U_e740081fd6_Utterance_24_800_825.wav,9.102
NNM,M,Spk7,U_e740081fd6,800_825,Nyanja_NNM_Spk7_U_e740081fd6_Utterance_25,iye anapenya pamwambapo mosakondwera nawauza kuti akhale pansi,Nyanja_NNM_Spk7_U_e740081fd6_Utterance_25_800_825.wav,7.605
NNM,M,Spk7,U_e740081fd6,825_850,Nyanja_NNM_Spk7_U_e740081fd6_Utterance_1,ndinaonapo mitunndi ndi mitundu ya zimenezo mu umoyo wanga,Nyanja_NNM_Spk7_U_e740081fd6_Utterance_1_825_850.wav,5.201
NNM,M,Spk7,U_e740081fd6,825_850,Nyanja_NNM_Spk7_U_e740081fd6_Utterance_2,ndinenetsa sindizapita kutali kweni kweni koma pa atatuwa iye ndiye amane siangathe,Nyanja_NNM_Spk7_U_e740081fd6_Utterance_2_825_850.wav,10.025
NNM,M,Spk7,U_e740081fd6,825_850,Nyanja_NNM_Spk7_U_e740081fd6_Utterance_3,koma pa nthawi imeneyo mu nmadzi amene ali ndi mphanvu cinali cosatheka kuthala pansi,Nyanja_NNM_Spk7_U_e740081fd6_Utterance_3_825_850.wav,10.702
NNM,M,Spk7,U_e740081fd6,825_850,Nyanja_NNM_Spk7_U_e740081fd6_Utterance_4,ici mzanga iwe tenga ndipo anaciponya m'manja mwa mlimi,Nyanja_NNM_Spk7_U_e740081fd6_Utterance_4_825_850.wav,6.524
NNM,M,Spk7,U_e740081fd6,825_850,Nyanja_NNM_Spk7_U_e740081fd6_Utterance_5,kodi unawaona ma pepala awa pa thebulo,Nyanja_NNM_Spk7_U_e740081fd6_Utterance_5_825_850.wav,5.608
NNM,M,Spk7,U_e740081fd6,825_850,Nyanja_NNM_Spk7_U_e740081fd6_Utterance_6,ndizanene kwa iye kuti andipatsek koffi ngati ndi yabwino,Nyanja_NNM_Spk7_U_e740081fd6_Utterance_6_825_850.wav,6.049
NNM,M,Spk7,U_e740081fd6,825_850,Nyanja_NNM_Spk7_U_e740081fd6_Utterance_7,osati golide kapena siliva kapena nkhosa kapena mngelo koma iye mwini ndi zaciani,Nyanja_NNM_Spk7_U_e740081fd6_Utterance_7_825_850.wav,10.577
NNM,M,Spk7,U_e740081fd6,825_850,Nyanja_NNM_Spk7_U_e740081fd6_Utterance_8,bwezani okupelekezani robini ndipo mundisanzike e e e n,Nyanja_NNM_Spk7_U_e740081fd6_Utterance_8_825_850.wav,6.56
NNM,M,Spk7,U_e740081fd6,825_850,Nyanja_NNM_Spk7_U_e740081fd6_Utterance_9,kuli ndondomeko yaikulu kapena ya ing'ono mogwirizana ndi ma lanki/nthepe  ndi ma giledi,Nyanja_NNM_Spk7_U_e740081fd6_Utterance_9_825_850.wav,10.872
NNM,M,Spk7,U_e740081fd6,825_850,Nyanja_NNM_Spk7_U_e740081fd6_Utterance_10,kumangotsala pang'ono kuganiza kuti ndizakumbukira  ntangonvera kusiyana pang'ono,Nyanja_NNM_Spk7_U_e740081fd6_Utterance_10_825_850.wav,11.262
NNM,M,Spk7,U_e740081fd6,825_850,Nyanja_NNM_Spk7_U_e740081fd6_Utterance_11,ndipo ndizazigulira famu ndipo ndizalima pa malowo tsopano ndaniazanditsatira,Nyanja_NNM_Spk7_U_e740081fd6_Utterance_11_825_850.wav,9.532
NNM,M,Spk7,U_e740081fd6,825_850,Nyanja_NNM_Spk7_U_e740081fd6_Utterance_12,ku mpoto ndi ku m'mwela zinakambidwa kale kodi ncifukwa ninji sikungaikidwenso ku m'madzulo,Nyanja_NNM_Spk7_U_e740081fd6_Utterance_12_825_850.wav,10.082
NNM,M,Spk7,U_e740081fd6,825_850,Nyanja_NNM_Spk7_U_e740081fd6_Utterance_13,kuzitukumula kwace atakwanilitsa kunapangitsa kuti aikidwe pa mwamba mwapang'ono pang'ono ngati mabala (malawi) amadzi,Nyanja_NNM_Spk7_U_e740081fd6_Utterance_13_825_850.wav,11.006
NNM,M,Spk7,U_e740081fd6,825_850,Nyanja_NNM_Spk7_U_e740081fd6_Utterance_14,pearl ataona thengo ya maluwa anayamba kulira pofuna duwa lofilira ndipo sanathe kunyengereredwa,Nyanja_NNM_Spk7_U_e740081fd6_Utterance_14_825_850.wav,15.012
NNM,M,Spk7,U_e740081fd6,825_850,Nyanja_NNM_Spk7_U_e740081fd6_Utterance_15,iimfa yace yace mu izi zonse inali cinthu conetsa cisoni,Nyanja_NNM_Spk7_U_e740081fd6_Utterance_15_825_850.wav,7.163
NNM,M,Spk7,U_e740081fd6,825_850,Nyanja_NNM_Spk7_U_e740081fd6_Utterance_16,kudulidwa kwace kwa kunja kunaonetsa ndipo sikunaonetse kokwanira zinthu zosiyana siyana za mkati wa umoyo wace,Nyanja_NNM_Spk7_U_e740081fd6_Utterance_16_825_850.wav,14.87
NNM,M,Spk7,U_e740081fd6,825_850,Nyanja_NNM_Spk7_U_e740081fd6_Utterance_17,madzana ndi madzana a nzika zosalakwa (azibambo) zinayankha kuitanidwa kwao kubwalo ya milandu  (ma saimoni) mwansangamsanga,Nyanja_NNM_Spk7_U_e740081fd6_Utterance_17_825_850.wav,11.552
NNM,M,Spk7,U_e740081fd6,825_850,Nyanja_NNM_Spk7_U_e740081fd6_Utterance_18,ind amai anatero mphunzi wacicepele akuoneka ndi mtima wosadikhira,Nyanja_NNM_Spk7_U_e740081fd6_Utterance_18_825_850.wav,9.365
NNM,M,Spk7,U_e740081fd6,825_850,Nyanja_NNM_Spk7_U_e740081fd6_Utterance_19,inde inde musabvutike ndi mayankho nvetsani ndipo muona kuti sindikunyengelerani kapena kukucitilanizooipa,Nyanja_NNM_Spk7_U_e740081fd6_Utterance_19_825_850.wav,12.725
NNM,M,Spk7,U_e740081fd6,825_850,Nyanja_NNM_Spk7_U_e740081fd6_Utterance_20,ma buku awiri aja a semoni oculidwa mu khuphunzitsana  koyamba sizikugwirizana  ndi zoyenera kudziwa za cikumbutso nghakhale pang'ono,Nyanja_NNM_Spk7_U_e740081fd6_Utterance_20_825_850.wav,16.184
NNM,M,Spk7,U_e740081fd6,825_850,Nyanja_NNM_Spk7_U_e740081fd6_Utterance_21,ici ndiye cifukwa cake ucedwa ojo munthu amene alibe mwai anatero mzimai  ndi mau acifundo,Nyanja_NNM_Spk7_U_e740081fd6_Utterance_21_825_850.wav,11.842
NNM,M,Spk7,U_e740081fd6,825_850,Nyanja_NNM_Spk7_U_e740081fd6_Utterance_22,inali kalata yofiilira mu njira ina kalata yofiira inadzadzidwa ndi umoyo,Nyanja_NNM_Spk7_U_e740081fd6_Utterance_22_825_850.wav,8.173
NNM,M,Spk7,U_e740081fd6,825_850,Nyanja_NNM_Spk7_U_e740081fd6_Utterance_23,mitengo za kale za cisoni monga zazikulu ndi zacisinsi muyenge wa kuda ndi woipa,Nyanja_NNM_Spk7_U_e740081fd6_Utterance_23_825_850.wav,9.88
NNM,M,Spk7,U_e740081fd6,825_850,Nyanja_NNM_Spk7_U_e740081fd6_Utterance_24,kacenjeda wanga anatsidwa wa umphawi kotheratu koma ndi wanzeru andiponso walunta azacitanso bwino,Nyanja_NNM_Spk7_U_e740081fd6_Utterance_24_825_850.wav,13.618
NNM,M,Spk7,U_e740081fd6,825_850,Nyanja_NNM_Spk7_U_e740081fd6_Utterance_25,ici cinali  chida cabwinodi nthawi imineyo,Nyanja_NNM_Spk7_U_e740081fd6_Utterance_25_825_850.wav,4.342
NNM,M,Spk7,U_c96468ba94,800_825,Nyanja_NNM_Spk7_U_c96468ba94_Utterance_1,nthawi imene anali kumwa tiii anali osakondwa ndipo analinso cete kotero kuti cakudya cinangopita cosagwirida/cosadyedwa ndi wina mwa iwo atatu,Nyanja_NNM_Spk7_U_c96468ba94_Utterance_1_800_825.wav,16.535
NNM,M,Spk7,U_c96468ba94,800_825,Nyanja_NNM_Spk7_U_c96468ba94_Utterance_2,ndipo izi zonse zizatsatira ukapolo wanu mu njira imodzi-modzi,Nyanja_NNM_Spk7_U_c96468ba94_Utterance_2_800_825.wav,6.725
NNM,M,Spk7,U_c96468ba94,800_825,Nyanja_NNM_Spk7_U_c96468ba94_Utterance_3,koma ngati zili tero kusankha kwa amuna kwa mai milner sikuzapangitsa ine kusanka anga,Nyanja_NNM_Spk7_U_c96468ba94_Utterance_3_800_825.wav,10.25
NNM,M,Spk7,U_c96468ba94,800_825,Nyanja_NNM_Spk7_U_c96468ba94_Utterance_4,tsika iwe khumbi laling'ono ndipo ukhale mumlengalenga pa maso pa thelo,Nyanja_NNM_Spk7_U_c96468ba94_Utterance_4_800_825.wav,8.87
NNM,M,Spk7,U_c96468ba94,800_825,Nyanja_NNM_Spk7_U_c96468ba94_Utterance_5,atagwiridwa ndi za kumtima kwace leocadi anapanga cizindikiro ku makolo ace kuti iye anafunisisa kuti akhale nao ekha,Nyanja_NNM_Spk7_U_c96468ba94_Utterance_5_800_825.wav,13.88
NNM,M,Spk7,U_c96468ba94,800_825,Nyanja_NNM_Spk7_U_c96468ba94_Utterance_6,sitero mosiyana ndi zimene muganiza ndinu amene mubvomerezana kwambiri ndi ine,Nyanja_NNM_Spk7_U_c96468ba94_Utterance_6_800_825.wav,9.245
NNM,M,Spk7,U_c96468ba94,800_825,Nyanja_NNM_Spk7_U_c96468ba94_Utterance_7,atsilikari anapeza anthu mu umphawi nawasiya ndi cuuma ca mbiri,Nyanja_NNM_Spk7_U_c96468ba94_Utterance_7_800_825.wav,8.915
NNM,M,Spk7,U_c96468ba94,800_825,Nyanja_NNM_Spk7_U_c96468ba94_Utterance_8,kapitawo martini anati ndizakupatsa mfuti yaing'ono kuti ikuthandize kuziteteza ngati zinthu zafika pobvuta,Nyanja_NNM_Spk7_U_c96468ba94_Utterance_8_800_825.wav,15.065
NNM,M,Spk7,U_c96468ba94,800_825,Nyanja_NNM_Spk7_U_c96468ba94_Utterance_9,ndithudi zimene sizingatheke ndi kukhala opanda mantha pa nkhondo ziyenera kucitidwa mozungulila adani,Nyanja_NNM_Spk7_U_c96468ba94_Utterance_9_800_825.wav,13.535
NNM,M,Spk7,U_c96468ba94,800_825,Nyanja_NNM_Spk7_U_c96468ba94_Utterance_10,akaucita zinthu ngati mwina sanali kutiyembekezera,Nyanja_NNM_Spk7_U_c96468ba94_Utterance_10_800_825.wav,7.775
NNM,M,Spk7,U_c96468ba94,800_825,Nyanja_NNM_Spk7_U_c96468ba94_Utterance_11,ali kucita ngati mwina sanali kutiyembekezera,Nyanja_NNM_Spk7_U_c96468ba94_Utterance_11_800_825.wav,6.815
NNM,M,Spk7,U_c96468ba94,800_825,Nyanja_NNM_Spk7_U_c96468ba94_Utterance_12,ndikuopa poti pano palibe zizindikiro zace,Nyanja_NNM_Spk7_U_c96468ba94_Utterance_12_800_825.wav,7.115
NNM,M,Spk7,U_c96468ba94,800_825,Nyanja_NNM_Spk7_U_c96468ba94_Utterance_13,bwato idakwedzedwa pa maphiri a madzi naponyedwa pansi pa mtunda wa ma fathomu makhumi awiri,Nyanja_NNM_Spk7_U_c96468ba94_Utterance_13_800_825.wav,14.24
NNM,M,Spk7,U_c96468ba94,800_825,Nyanja_NNM_Spk7_U_c96468ba94_Utterance_14,akazi ace anaikidwa pa mbali yamanda ace ndipo ci malata coyera cimene adalembapo zodziwitsira manda ao cimaoneka mong'animira m'minda ya tiligu,Nyanja_NNM_Spk7_U_c96468ba94_Utterance_14_800_825.wav,18.335
NNM,M,Spk7,U_c96468ba94,800_825,Nyanja_NNM_Spk7_U_c96468ba94_Utterance_15,mwina dinso ya mphatso ndi cifundo kuwonetsa zipatso ndi golide opangidwa,Nyanja_NNM_Spk7_U_c96468ba94_Utterance_15_800_825.wav,10.625
NNM,M,Spk7,U_c96468ba94,800_825,Nyanja_NNM_Spk7_U_c96468ba94_Utterance_16,kambirimbiri ndinali kunva iye akulankhula pa inu mu njira imodzi-modziyi,Nyanja_NNM_Spk7_U_c96468ba94_Utterance_16_800_825.wav,9.35
NNM,M,Spk7,U_c96468ba94,800_825,Nyanja_NNM_Spk7_U_c96468ba94_Utterance_17,mbuya wanga kalawidwe k/zosanka za mai milner sizoipa koma ndi zabwino/kwabwino kopoosa,Nyanja_NNM_Spk7_U_c96468ba94_Utterance_17_800_825.wav,12.71
NNM,M,Spk7,U_c96468ba94,800_825,Nyanja_NNM_Spk7_U_c96468ba94_Utterance_18,iye anali ndi mtima wabwino ndipo wacikondi anatero beti ndipo ku khala mcikondi naye sicinaletse kuona/kuwerenga zoipa zimene angacite,Nyanja_NNM_Spk7_U_c96468ba94_Utterance_18_800_825.wav,17.72
NNM,M,Spk7,U_c96468ba94,800_825,Nyanja_NNM_Spk7_U_c96468ba94_Utterance_19,mwadzidzidzi gulu la ichthyosaurus ndi plesiosarus inangosowa pansipo itangosiya kabvumba/msokonezo ukuoneka m'madzi,Nyanja_NNM_Spk7_U_c96468ba94_Utterance_19_800_825.wav,19.895
NNM,M,Spk7,U_c96468ba94,800_825,Nyanja_NNM_Spk7_U_c96468ba94_Utterance_20,unali utalankhula za zoona pamene siunabvomereze ambrose anayamba usamakoka ndi yohane jago fodya wace uzakupha,Nyanja_NNM_Spk7_U_c96468ba94_Utterance_20_800_825.wav,16.955
NNM,M,Spk7,U_c96468ba94,800_825,Nyanja_NNM_Spk7_U_c96468ba94_Utterance_21,watisoni ndakhala ndikukucitila coipa/cosayenera  nthawi zonse alipo ena,Nyanja_NNM_Spk7_U_c96468ba94_Utterance_21_800_825.wav,12.815
NNM,M,Spk7,U_c96468ba94,800_825,Nyanja_NNM_Spk7_U_c96468ba94_Utterance_22,ndicinthu cosayeenera kunena zambiri za iwo pano,Nyanja_NNM_Spk7_U_c96468ba94_Utterance_22_800_825.wav,9.14
NNM,M,Spk7,U_c96468ba94,800_825,Nyanja_NNM_Spk7_U_c96468ba94_Utterance_23,koma kuli nkhokwe atate ngati angafune kuigwiritsa nchito,Nyanja_NNM_Spk7_U_c96468ba94_Utterance_23_800_825.wav,7.7
NNM,M,Spk7,U_c96468ba94,800_825,Nyanja_NNM_Spk7_U_c96468ba94_Utterance_24,holmes anaigwira poyera m'manja mwace pomwe panali kufika kuwala kwa magetsi,Nyanja_NNM_Spk7_U_c96468ba94_Utterance_24_800_825.wav,10.565
NNM,M,Spk7,U_c96468ba94,800_825,Nyanja_NNM_Spk7_U_c96468ba94_Utterance_25,iye anapenya pamwambapo mosakondwera nawauza kuti akhale pansi,Nyanja_NNM_Spk7_U_c96468ba94_Utterance_25_800_825.wav,10.085
NNM,M,Spk7,U_c96468ba94,825_850,Nyanja_NNM_Spk7_U_c96468ba94_Utterance_1,ndinaonapo mitunndi ndi mitundu ya zimenezo mu umoyo wanga,Nyanja_NNM_Spk7_U_c96468ba94_Utterance_1_825_850.wav,9.515
NNM,M,Spk7,U_c96468ba94,825_850,Nyanja_NNM_Spk7_U_c96468ba94_Utterance_2,ndinenetsa sindizapita kutali kweni kweni koma pa atatuwa iye ndiye amane siangathe,Nyanja_NNM_Spk7_U_c96468ba94_Utterance_2_825_850.wav,13.955
NNM,M,Spk7,U_c96468ba94,825_850,Nyanja_NNM_Spk7_U_c96468ba94_Utterance_3,koma pa nthawi imeneyo mu nmadzi amene ali ndi mphanvu cinali cosatheka kuthala pansi,Nyanja_NNM_Spk7_U_c96468ba94_Utterance_3_825_850.wav,14.195
NNM,M,Spk7,U_c96468ba94,825_850,Nyanja_NNM_Spk7_U_c96468ba94_Utterance_4,ici mzanga iwe tenga ndipo anaciponya m'manja mwa mlimi,Nyanja_NNM_Spk7_U_c96468ba94_Utterance_4_825_850.wav,8.06
NNM,M,Spk7,U_c96468ba94,825_850,Nyanja_NNM_Spk7_U_c96468ba94_Utterance_5,kodi unawaona ma pepala awa pa thebulo,Nyanja_NNM_Spk7_U_c96468ba94_Utterance_5_825_850.wav,7.28
NNM,M,Spk7,U_c96468ba94,825_850,Nyanja_NNM_Spk7_U_c96468ba94_Utterance_6,ndizanene kwa iye kuti andipatsek koffi ngati ndi yabwino,Nyanja_NNM_Spk7_U_c96468ba94_Utterance_6_825_850.wav,8.87
NNM,M,Spk7,U_c96468ba94,825_850,Nyanja_NNM_Spk7_U_c96468ba94_Utterance_7,osati golide kapena siliva kapena nkhosa kapena mngelo koma iye mwini ndi zaciani,Nyanja_NNM_Spk7_U_c96468ba94_Utterance_7_825_850.wav,11.075
NNM,M,Spk7,U_c96468ba94,825_850,Nyanja_NNM_Spk7_U_c96468ba94_Utterance_8,bwezani okupelekezani robini ndipo mundisanzike e e e n,Nyanja_NNM_Spk7_U_c96468ba94_Utterance_8_825_850.wav,9.56
NNM,M,Spk7,U_c96468ba94,825_850,Nyanja_NNM_Spk7_U_c96468ba94_Utterance_9,kuli ndondomeko yaikulu kapena ya ing'ono mogwirizana ndi ma lanki/nthepe  ndi ma giledi,Nyanja_NNM_Spk7_U_c96468ba94_Utterance_9_825_850.wav,11.93
NNM,M,Spk7,U_c96468ba94,825_850,Nyanja_NNM_Spk7_U_c96468ba94_Utterance_10,kumangotsala pang'ono kuganiza kuti ndizakumbukira  ntangonvera kusiyana pang'ono,Nyanja_NNM_Spk7_U_c96468ba94_Utterance_10_825_850.wav,12.14
NNM,M,Spk7,U_c96468ba94,825_850,Nyanja_NNM_Spk7_U_c96468ba94_Utterance_11,ndipo ndizazigulira famu ndipo ndizalima pa malowo tsopano ndaniazanditsatira,Nyanja_NNM_Spk7_U_c96468ba94_Utterance_11_825_850.wav,13.265
NNM,M,Spk7,U_c96468ba94,825_850,Nyanja_NNM_Spk7_U_c96468ba94_Utterance_12,ku mpoto ndi ku m'mwela zinakambidwa kale kodi ncifukwa ninji sikungaikidwenso ku m'madzulo,Nyanja_NNM_Spk7_U_c96468ba94_Utterance_12_825_850.wav,13.205
NNM,M,Spk7,U_c96468ba94,825_850,Nyanja_NNM_Spk7_U_c96468ba94_Utterance_13,kuzitukumula kwace atakwanilitsa kunapangitsa kuti aikidwe pa mwamba mwapang'ono pang'ono ngati mabala (malawi) amadzi,Nyanja_NNM_Spk7_U_c96468ba94_Utterance_13_825_850.wav,16.04
NNM,M,Spk7,U_c96468ba94,825_850,Nyanja_NNM_Spk7_U_c96468ba94_Utterance_14,pearl ataona thengo ya maluwa anayamba kulira pofuna duwa lofilira ndipo sanathe kunyengereredwa,Nyanja_NNM_Spk7_U_c96468ba94_Utterance_14_825_850.wav,16.355
NNM,M,Spk7,U_c96468ba94,825_850,Nyanja_NNM_Spk7_U_c96468ba94_Utterance_15,iimfa yace yace mu izi zonse inali cinthu conetsa cisoni,Nyanja_NNM_Spk7_U_c96468ba94_Utterance_15_825_850.wav,9.365
NNM,M,Spk7,U_c96468ba94,825_850,Nyanja_NNM_Spk7_U_c96468ba94_Utterance_16,kudulidwa kwace kwa kunja kunaonetsa ndipo sikunaonetse kokwanira zinthu zosiyana siyana za mkati wa umoyo wace,Nyanja_NNM_Spk7_U_c96468ba94_Utterance_16_825_850.wav,15.845
NNM,M,Spk7,U_c96468ba94,825_850,Nyanja_NNM_Spk7_U_c96468ba94_Utterance_17,madzana ndi madzana a nzika zosalakwa (azibambo) zinayankha kuitanidwa kwao kubwalo ya milandu  (ma saimoni) mwansangamsanga,Nyanja_NNM_Spk7_U_c96468ba94_Utterance_17_825_850.wav,15.86
NNM,M,Spk7,U_c96468ba94,825_850,Nyanja_NNM_Spk7_U_c96468ba94_Utterance_18,ind amai anatero mphunzi wacicepele akuoneka ndi mtima wosadikhira,Nyanja_NNM_Spk7_U_c96468ba94_Utterance_18_825_850.wav,12.335
NNM,M,Spk7,U_c96468ba94,825_850,Nyanja_NNM_Spk7_U_c96468ba94_Utterance_19,inde inde musabvutike ndi mayankho nvetsani ndipo muona kuti sindikunyengelerani kapena kukucitilanizooipa,Nyanja_NNM_Spk7_U_c96468ba94_Utterance_19_825_850.wav,13.655
NNM,M,Spk7,U_c96468ba94,825_850,Nyanja_NNM_Spk7_U_c96468ba94_Utterance_20,ma buku awiri aja a semoni oculidwa mu khuphunzitsana  koyamba sizikugwirizana  ndi zoyenera kudziwa za cikumbutso nghakhale pang'ono,Nyanja_NNM_Spk7_U_c96468ba94_Utterance_20_825_850.wav,17.21
NNM,M,Spk7,U_c96468ba94,825_850,Nyanja_NNM_Spk7_U_c96468ba94_Utterance_21,ici ndiye cifukwa cake ucedwa ojo munthu amene alibe mwai anatero mzimai  ndi mau acifundo,Nyanja_NNM_Spk7_U_c96468ba94_Utterance_21_825_850.wav,12.215
NNM,M,Spk7,U_c96468ba94,825_850,Nyanja_NNM_Spk7_U_c96468ba94_Utterance_22,inali kalata yofiilira mu njira ina kalata yofiira inadzadzidwa ndi umoyo,Nyanja_NNM_Spk7_U_c96468ba94_Utterance_22_825_850.wav,11.915
NNM,M,Spk7,U_c96468ba94,825_850,Nyanja_NNM_Spk7_U_c96468ba94_Utterance_23,mitengo za kale za cisoni monga zazikulu ndi zacisinsi muyenge wa kuda ndi woipa,Nyanja_NNM_Spk7_U_c96468ba94_Utterance_23_825_850.wav,12.305
NNM,M,Spk7,U_c96468ba94,825_850,Nyanja_NNM_Spk7_U_c96468ba94_Utterance_24,kacenjeda wanga anatsidwa wa umphawi kotheratu koma ndi wanzeru andiponso walunta azacitanso bwino,Nyanja_NNM_Spk7_U_c96468ba94_Utterance_24_825_850.wav,15.98
NNM,M,Spk7,U_c96468ba94,825_850,Nyanja_NNM_Spk7_U_c96468ba94_Utterance_25,ici cinali  chida cabwinodi nthawi imineyo,Nyanja_NNM_Spk7_U_c96468ba94_Utterance_25_825_850.wav,8.045
NNM,M,Spk7,U_88debe7630,800_825,Nyanja_NNM_Spk7_U_88debe7630_Utterance_1,nthawi imene anali kumwa tiii anali osakondwa ndipo analinso cete kotero kuti cakudya cinangopita cosagwirida/cosadyedwa ndi wina mwa iwo atatu,Nyanja_NNM_Spk7_U_88debe7630_Utterance_1_800_825.wav,13.787
NNM,M,Spk7,U_88debe7630,800_825,Nyanja_NNM_Spk7_U_88debe7630_Utterance_2,ndipo izi zonse zizatsatira ukapolo wanu mu njira imodzi-modzi,Nyanja_NNM_Spk7_U_88debe7630_Utterance_2_800_825.wav,6.04
NNM,M,Spk7,U_88debe7630,800_825,Nyanja_NNM_Spk7_U_88debe7630_Utterance_3,koma ngati zili tero kusankha kwa amuna kwa mai milner sikuzapangitsa ine kusanka anga,Nyanja_NNM_Spk7_U_88debe7630_Utterance_3_800_825.wav,8.701
NNM,M,Spk7,U_88debe7630,800_825,Nyanja_NNM_Spk7_U_88debe7630_Utterance_4,tsika iwe khumbi laling'ono ndipo ukhale mumlengalenga pa maso pa thelo,Nyanja_NNM_Spk7_U_88debe7630_Utterance_4_800_825.wav,6.53
NNM,M,Spk7,U_88debe7630,800_825,Nyanja_NNM_Spk7_U_88debe7630_Utterance_5,atagwiridwa ndi za kumtima kwace leocadi anapanga cizindikiro ku makolo ace kuti iye anafunisisa kuti akhale nao ekha,Nyanja_NNM_Spk7_U_88debe7630_Utterance_5_800_825.wav,10.841
NNM,M,Spk7,U_88debe7630,800_825,Nyanja_NNM_Spk7_U_88debe7630_Utterance_6,sitero mosiyana ndi zimene muganiza ndinu amene mubvomerezana kwambiri ndi ine,Nyanja_NNM_Spk7_U_88debe7630_Utterance_6_800_825.wav,9.186
NNM,M,Spk7,U_88debe7630,800_825,Nyanja_NNM_Spk7_U_88debe7630_Utterance_7,atsilikari anapeza anthu mu umphawi nawasiya ndi cuuma ca mbiri,Nyanja_NNM_Spk7_U_88debe7630_Utterance_7_800_825.wav,6.791
NNM,M,Spk7,U_88debe7630,800_825,Nyanja_NNM_Spk7_U_88debe7630_Utterance_8,kapitawo martini anati ndizakupatsa mfuti yaing'ono kuti ikuthandize kuziteteza ngati zinthu zafika pobvuta,Nyanja_NNM_Spk7_U_88debe7630_Utterance_8_800_825.wav,9.854
NNM,M,Spk7,U_88debe7630,800_825,Nyanja_NNM_Spk7_U_88debe7630_Utterance_9,ndithudi zimene sizingatheke ndi kukhala opanda mantha pa nkhondo ziyenera kucitidwa mozungulila adani,Nyanja_NNM_Spk7_U_88debe7630_Utterance_9_800_825.wav,9.716
NNM,M,Spk7,U_88debe7630,800_825,Nyanja_NNM_Spk7_U_88debe7630_Utterance_10,akaucita zinthu ngati mwina sanali kutiyembekezera,Nyanja_NNM_Spk7_U_88debe7630_Utterance_10_800_825.wav,4.563
NNM,M,Spk7,U_88debe7630,800_825,Nyanja_NNM_Spk7_U_88debe7630_Utterance_11,ali kucita ngati mwina sanali kutiyembekezera,Nyanja_NNM_Spk7_U_88debe7630_Utterance_11_800_825.wav,4.621
NNM,M,Spk7,U_88debe7630,800_825,Nyanja_NNM_Spk7_U_88debe7630_Utterance_12,ndikuopa poti pano palibe zizindikiro zace,Nyanja_NNM_Spk7_U_88debe7630_Utterance_12_800_825.wav,4.63
NNM,M,Spk7,U_88debe7630,800_825,Nyanja_NNM_Spk7_U_88debe7630_Utterance_13,bwato idakwedzedwa pa maphiri a madzi naponyedwa pansi pa mtunda wa ma fathomu makhumi awiri,Nyanja_NNM_Spk7_U_88debe7630_Utterance_13_800_825.wav,10.624
NNM,M,Spk7,U_88debe7630,800_825,Nyanja_NNM_Spk7_U_88debe7630_Utterance_14,akazi ace anaikidwa pa mbali yamanda ace ndipo ci malata coyera cimene adalembapo zodziwitsira manda ao cimaoneka mong'animira m'minda ya tiligu,Nyanja_NNM_Spk7_U_88debe7630_Utterance_14_800_825.wav,17.335
NNM,M,Spk7,U_88debe7630,800_825,Nyanja_NNM_Spk7_U_88debe7630_Utterance_15,mwina dinso ya mphatso ndi cifundo kuwonetsa zipatso ndi golide opangidwa,Nyanja_NNM_Spk7_U_88debe7630_Utterance_15_800_825.wav,8.192
NNM,M,Spk7,U_88debe7630,800_825,Nyanja_NNM_Spk7_U_88debe7630_Utterance_16,kambirimbiri ndinali kunva iye akulankhula pa inu mu njira imodzi-modziyi,Nyanja_NNM_Spk7_U_88debe7630_Utterance_16_800_825.wav,7.86
NNM,M,Spk7,U_88debe7630,800_825,Nyanja_NNM_Spk7_U_88debe7630_Utterance_17,mbuya wanga kalawidwe k/zosanka za mai milner sizoipa koma ndi zabwino/kwabwino kopoosa,Nyanja_NNM_Spk7_U_88debe7630_Utterance_17_800_825.wav,8.638
NNM,M,Spk7,U_88debe7630,800_825,Nyanja_NNM_Spk7_U_88debe7630_Utterance_18,iye anali ndi mtima wabwino ndipo wacikondi anatero beti ndipo ku khala mcikondi naye sicinaletse kuona/kuwerenga zoipa zimene angacite,Nyanja_NNM_Spk7_U_88debe7630_Utterance_18_800_825.wav,13.708
NNM,M,Spk7,U_88debe7630,800_825,Nyanja_NNM_Spk7_U_88debe7630_Utterance_19,mwadzidzidzi gulu la ichthyosaurus ndi plesiosarus inangosowa pansipo itangosiya kabvumba/msokonezo ukuoneka m'madzi,Nyanja_NNM_Spk7_U_88debe7630_Utterance_19_800_825.wav,14.083
NNM,M,Spk7,U_88debe7630,800_825,Nyanja_NNM_Spk7_U_88debe7630_Utterance_20,unali utalankhula za zoona pamene siunabvomereze ambrose anayamba usamakoka ndi yohane jago fodya wace uzakupha,Nyanja_NNM_Spk7_U_88debe7630_Utterance_20_800_825.wav,14.163
NNM,M,Spk7,U_88debe7630,800_825,Nyanja_NNM_Spk7_U_88debe7630_Utterance_21,watisoni ndakhala ndikukucitila coipa/cosayenera  nthawi zonse alipo ena,Nyanja_NNM_Spk7_U_88debe7630_Utterance_21_800_825.wav,8.686
NNM,M,Spk7,U_88debe7630,800_825,Nyanja_NNM_Spk7_U_88debe7630_Utterance_22,ndicinthu cosayeenera kunena zambiri za iwo pano,Nyanja_NNM_Spk7_U_88debe7630_Utterance_22_800_825.wav,5.116
NNM,M,Spk7,U_88debe7630,800_825,Nyanja_NNM_Spk7_U_88debe7630_Utterance_23,koma kuli nkhokwe atate ngati angafune kuigwiritsa nchito,Nyanja_NNM_Spk7_U_88debe7630_Utterance_23_800_825.wav,6.276
NNM,M,Spk7,U_88debe7630,800_825,Nyanja_NNM_Spk7_U_88debe7630_Utterance_24,holmes anaigwira poyera m'manja mwace pomwe panali kufika kuwala kwa magetsi,Nyanja_NNM_Spk7_U_88debe7630_Utterance_24_800_825.wav,8.657
NNM,M,Spk7,U_88debe7630,800_825,Nyanja_NNM_Spk7_U_88debe7630_Utterance_25,iye anapenya pamwambapo mosakondwera nawauza kuti akhale pansi,Nyanja_NNM_Spk7_U_88debe7630_Utterance_25_800_825.wav,7.221
NNM,M,Spk7,U_88debe7630,825_850,Nyanja_NNM_Spk7_U_88debe7630_Utterance_1,ndinaonapo mitunndi ndi mitundu ya zimenezo mu umoyo wanga,Nyanja_NNM_Spk7_U_88debe7630_Utterance_1_825_850.wav,4.524
NNM,M,Spk7,U_88debe7630,825_850,Nyanja_NNM_Spk7_U_88debe7630_Utterance_2,ndinenetsa sindizapita kutali kweni kweni koma pa atatuwa iye ndiye amane siangathe,Nyanja_NNM_Spk7_U_88debe7630_Utterance_2_825_850.wav,7.371
NNM,M,Spk7,U_88debe7630,825_850,Nyanja_NNM_Spk7_U_88debe7630_Utterance_3,koma pa nthawi imeneyo mu nmadzi amene ali ndi mphanvu cinali cosatheka kuthala pansi,Nyanja_NNM_Spk7_U_88debe7630_Utterance_3_825_850.wav,7.184
NNM,M,Spk7,U_88debe7630,825_850,Nyanja_NNM_Spk7_U_88debe7630_Utterance_4,ici mzanga iwe tenga ndipo anaciponya m'manja mwa mlimi,Nyanja_NNM_Spk7_U_88debe7630_Utterance_4_825_850.wav,5.143
NNM,M,Spk7,U_88debe7630,825_850,Nyanja_NNM_Spk7_U_88debe7630_Utterance_5,kodi unawaona ma pepala awa pa thebulo,Nyanja_NNM_Spk7_U_88debe7630_Utterance_5_825_850.wav,3.596
NNM,M,Spk7,U_88debe7630,825_850,Nyanja_NNM_Spk7_U_88debe7630_Utterance_6,ndizanene kwa iye kuti andipatsek koffi ngati ndi yabwino,Nyanja_NNM_Spk7_U_88debe7630_Utterance_6_825_850.wav,5.83
NNM,M,Spk7,U_88debe7630,825_850,Nyanja_NNM_Spk7_U_88debe7630_Utterance_7,osati golide kapena siliva kapena nkhosa kapena mngelo koma iye mwini ndi zaciani,Nyanja_NNM_Spk7_U_88debe7630_Utterance_7_825_850.wav,7.745
NNM,M,Spk7,U_88debe7630,825_850,Nyanja_NNM_Spk7_U_88debe7630_Utterance_8,bwezani okupelekezani robini ndipo mundisanzike e e e n,Nyanja_NNM_Spk7_U_88debe7630_Utterance_8_825_850.wav,4.252
NNM,M,Spk7,U_88debe7630,825_850,Nyanja_NNM_Spk7_U_88debe7630_Utterance_9,kuli ndondomeko yaikulu kapena ya ing'ono mogwirizana ndi ma lanki/nthepe  ndi ma giledi,Nyanja_NNM_Spk7_U_88debe7630_Utterance_9_825_850.wav,8.404
NNM,M,Spk7,U_88debe7630,825_850,Nyanja_NNM_Spk7_U_88debe7630_Utterance_10,kumangotsala pang'ono kuganiza kuti ndizakumbukira  ntangonvera kusiyana pang'ono,Nyanja_NNM_Spk7_U_88debe7630_Utterance_10_825_850.wav,8.753
NNM,M,Spk7,U_88debe7630,825_850,Nyanja_NNM_Spk7_U_88debe7630_Utterance_11,ndipo ndizazigulira famu ndipo ndizalima pa malowo tsopano ndaniazanditsatira,Nyanja_NNM_Spk7_U_88debe7630_Utterance_11_825_850.wav,8.012
NNM,M,Spk7,U_88debe7630,825_850,Nyanja_NNM_Spk7_U_88debe7630_Utterance_12,ku mpoto ndi ku m'mwela zinakambidwa kale kodi ncifukwa ninji sikungaikidwenso ku m'madzulo,Nyanja_NNM_Spk7_U_88debe7630_Utterance_12_825_850.wav,9.316
NNM,M,Spk7,U_88debe7630,825_850,Nyanja_NNM_Spk7_U_88debe7630_Utterance_13,kuzitukumula kwace atakwanilitsa kunapangitsa kuti aikidwe pa mwamba mwapang'ono pang'ono ngati mabala (malawi) amadzi,Nyanja_NNM_Spk7_U_88debe7630_Utterance_13_825_850.wav,9.971
NNM,M,Spk7,U_88debe7630,825_850,Nyanja_NNM_Spk7_U_88debe7630_Utterance_14,pearl ataona thengo ya maluwa anayamba kulira pofuna duwa lofilira ndipo sanathe kunyengereredwa,Nyanja_NNM_Spk7_U_88debe7630_Utterance_14_825_850.wav,10.035
NNM,M,Spk7,U_88debe7630,825_850,Nyanja_NNM_Spk7_U_88debe7630_Utterance_15,iimfa yace yace mu izi zonse inali cinthu conetsa cisoni,Nyanja_NNM_Spk7_U_88debe7630_Utterance_15_825_850.wav,5.53
NNM,M,Spk7,U_88debe7630,825_850,Nyanja_NNM_Spk7_U_88debe7630_Utterance_16,kudulidwa kwace kwa kunja kunaonetsa ndipo sikunaonetse kokwanira zinthu zosiyana siyana za mkati wa umoyo wace,Nyanja_NNM_Spk7_U_88debe7630_Utterance_16_825_850.wav,10.678
NNM,M,Spk7,U_88debe7630,825_850,Nyanja_NNM_Spk7_U_88debe7630_Utterance_17,madzana ndi madzana a nzika zosalakwa (azibambo) zinayankha kuitanidwa kwao kubwalo ya milandu  (ma saimoni) mwansangamsanga,Nyanja_NNM_Spk7_U_88debe7630_Utterance_17_825_850.wav,11.232
NNM,M,Spk7,U_88debe7630,825_850,Nyanja_NNM_Spk7_U_88debe7630_Utterance_18,ind amai anatero mphunzi wacicepele akuoneka ndi mtima wosadikhira,Nyanja_NNM_Spk7_U_88debe7630_Utterance_18_825_850.wav,7.835
NNM,M,Spk7,U_88debe7630,825_850,Nyanja_NNM_Spk7_U_88debe7630_Utterance_19,inde inde musabvutike ndi mayankho nvetsani ndipo muona kuti sindikunyengelerani kapena kukucitilanizooipa,Nyanja_NNM_Spk7_U_88debe7630_Utterance_19_825_850.wav,11.727
NNM,M,Spk7,U_88debe7630,825_850,Nyanja_NNM_Spk7_U_88debe7630_Utterance_20,ma buku awiri aja a semoni oculidwa mu khuphunzitsana  koyamba sizikugwirizana  ndi zoyenera kudziwa za cikumbutso nghakhale pang'ono,Nyanja_NNM_Spk7_U_88debe7630_Utterance_20_825_850.wav,12.296
NNM,M,Spk7,U_88debe7630,825_850,Nyanja_NNM_Spk7_U_88debe7630_Utterance_21,ici ndiye cifukwa cake ucedwa ojo munthu amene alibe mwai anatero mzimai  ndi mau acifundo,Nyanja_NNM_Spk7_U_88debe7630_Utterance_21_825_850.wav,10.543
NNM,M,Spk7,U_88debe7630,825_850,Nyanja_NNM_Spk7_U_88debe7630_Utterance_22,inali kalata yofiilira mu njira ina kalata yofiira inadzadzidwa ndi umoyo,Nyanja_NNM_Spk7_U_88debe7630_Utterance_22_825_850.wav,8.691
NNM,M,Spk7,U_88debe7630,825_850,Nyanja_NNM_Spk7_U_88debe7630_Utterance_23,mitengo za kale za cisoni monga zazikulu ndi zacisinsi muyenge wa kuda ndi woipa,Nyanja_NNM_Spk7_U_88debe7630_Utterance_23_825_850.wav,7.759
NNM,M,Spk7,U_88debe7630,825_850,Nyanja_NNM_Spk7_U_88debe7630_Utterance_24,kacenjeda wanga anatsidwa wa umphawi kotheratu koma ndi wanzeru andiponso walunta azacitanso bwino,Nyanja_NNM_Spk7_U_88debe7630_Utterance_24_825_850.wav,10.907
NNM,M,Spk7,U_88debe7630,825_850,Nyanja_NNM_Spk7_U_88debe7630_Utterance_25,ici cinali  chida cabwinodi nthawi imineyo,Nyanja_NNM_Spk7_U_88debe7630_Utterance_25_825_850.wav,4.22
NNM,M,Spk2,U_dbcbb072d5,550_575,Nyanja_NNM_Spk2_U_dbcbb072d5_Utterance_1,ndi zakuda m'nthawi ya tsoka kapena zobvuta ndizodelatu cimodzi-modzi ngati uli mu milandu uku kuda kuwiri kulumikizana napanga cilankhulo cina,Nyanja_NNM_Spk2_U_dbcbb072d5_Utterance_1_550_575.wav,18.245
NNM,M,Spk2,U_dbcbb072d5,550_575,Nyanja_NNM_Spk2_U_dbcbb072d5_Utterance_2,koma kuculuka kwa kuiwalilila kunkacitika kunalenga kuti iye azikhala okumbukira kwambiri atauka,Nyanja_NNM_Spk2_U_dbcbb072d5_Utterance_2_550_575.wav,14.885
NNM,M,Spk2,U_dbcbb072d5,550_575,Nyanja_NNM_Spk2_U_dbcbb072d5_Utterance_3,ganizo ili silinalowe mu mitu ya aja awiri achimwemwe,Nyanja_NNM_Spk2_U_dbcbb072d5_Utterance_3_550_575.wav,8.39
NNM,M,Spk2,U_dbcbb072d5,550_575,Nyanja_NNM_Spk2_U_dbcbb072d5_Utterance_4,ndifuna kucita zinthu pa ndekha,Nyanja_NNM_Spk2_U_dbcbb072d5_Utterance_4_550_575.wav,5.06
NNM,M,Spk2,U_dbcbb072d5,550_575,Nyanja_NNM_Spk2_U_dbcbb072d5_Utterance_5,koma ncifukwa ninji sunandiuze pamene unali kuno nthawi ya chirimwe,Nyanja_NNM_Spk2_U_dbcbb072d5_Utterance_5_550_575.wav,8.585
NNM,M,Spk2,U_dbcbb072d5,550_575,Nyanja_NNM_Spk2_U_dbcbb072d5_Utterance_6,atango siliza kuika atsilikali m'malo mwao msilikali anaceukila kumene kunali davide namuuza zimene anayenera kucita asanapite,Nyanja_NNM_Spk2_U_dbcbb072d5_Utterance_6_550_575.wav,17.615
NNM,M,Spk2,U_dbcbb072d5,550_575,Nyanja_NNM_Spk2_U_dbcbb072d5_Utterance_7,koma cresswell anaonjedza mwakukulu kukwanilitsa kumasiyana kwambiri pakati pa mitundu/mbadwa,Nyanja_NNM_Spk2_U_dbcbb072d5_Utterance_7_550_575.wav,14.225
NNM,M,Spk2,U_dbcbb072d5,550_575,Nyanja_NNM_Spk2_U_dbcbb072d5_Utterance_8,kopanda kudera nkhawa iye anakulandirani bwino poti inu munabwelera kopanda cilolezo,Nyanja_NNM_Spk2_U_dbcbb072d5_Utterance_8_550_575.wav,10.7
NNM,M,Spk2,U_dbcbb072d5,550_575,Nyanja_NNM_Spk2_U_dbcbb072d5_Utterance_9,ndipo henule angabwelere ku mangalande nthawi iliyonse,Nyanja_NNM_Spk2_U_dbcbb072d5_Utterance_9_550_575.wav,7.055
NNM,M,Spk2,U_dbcbb072d5,550_575,Nyanja_NNM_Spk2_U_dbcbb072d5_Utterance_10,kodi nciani cimene ndingacitire dzimbiri (nguwe) ndi kukhala opusa pokhala osacita kanthu kalikonse cifukwa ndine mkazi,Nyanja_NNM_Spk2_U_dbcbb072d5_Utterance_10_550_575.wav,15.995
NNM,M,Spk2,U_dbcbb072d5,550_575,Nyanja_NNM_Spk2_U_dbcbb072d5_Utterance_11,chifundo citengera ku khululukila macimo mtendere ndi maganizo osangalala,Nyanja_NNM_Spk2_U_dbcbb072d5_Utterance_11_550_575.wav,9.125
NNM,M,Spk2,U_dbcbb072d5,550_575,Nyanja_NNM_Spk2_U_dbcbb072d5_Utterance_12,poikapo ganizo pa zokambirana izi ndizanena cimodzimwa izi motheratu,Nyanja_NNM_Spk2_U_dbcbb072d5_Utterance_12_550_575.wav,9.035
NNM,M,Spk2,U_dbcbb072d5,550_575,Nyanja_NNM_Spk2_U_dbcbb072d5_Utterance_13,pamenepo mtolo unatseguka(unamasuka) mwazizizi ndipo momwemo munatuluka phronsie,Nyanja_NNM_Spk2_U_dbcbb072d5_Utterance_13_550_575.wav,10.295
NNM,M,Spk2,U_dbcbb072d5,550_575,Nyanja_NNM_Spk2_U_dbcbb072d5_Utterance_14,cifungo coipa ca nayitrogeni cidzadza m'mphepo nalowa kukhosi(ku nkwiko) nazaza mapwapwa,Nyanja_NNM_Spk2_U_dbcbb072d5_Utterance_14_550_575.wav,14.255
NNM,M,Spk2,U_dbcbb072d5,550_575,Nyanja_NNM_Spk2_U_dbcbb072d5_Utterance_15,m'mubutsa analeka kulankhula mwapang'ono ndipo ali kugwedeza manja ace ogwirana patsogolo pace anapitiliza,Nyanja_NNM_Spk2_U_dbcbb072d5_Utterance_15_550_575.wav,13.685
NNM,M,Spk2,U_dbcbb072d5,550_575,Nyanja_NNM_Spk2_U_dbcbb072d5_Utterance_16,ici kopanda kukumbukira mu zowawa za mtima ni momwemo zikuyenda,Nyanja_NNM_Spk2_U_dbcbb072d5_Utterance_16_550_575.wav,8.12
NNM,M,Spk2,U_dbcbb072d5,550_575,Nyanja_NNM_Spk2_U_dbcbb072d5_Utterance_17,iye anadziwa kuti gomeza wace wa siliva  ndi wa zola unali utaonongeka,Nyanja_NNM_Spk2_U_dbcbb072d5_Utterance_17_550_575.wav,10.295
NNM,M,Spk2,U_dbcbb072d5,550_575,Nyanja_NNM_Spk2_U_dbcbb072d5_Utterance_18,ndiye tsopano ennis ndinenetsa kuti uli ndi mutu ndi conco ndi ka mtengo kanga,Nyanja_NNM_Spk2_U_dbcbb072d5_Utterance_18_550_575.wav,11.9
NNM,M,Spk2,U_dbcbb072d5,550_575,Nyanja_NNM_Spk2_U_dbcbb072d5_Utterance_19,mwamwai anatero bambo vanderpool ocokera ca kumpoto ndi a kumwera alipafupi kufika kugwirizana mzolankhula zao pa zambiri mwa nkhani zimenezi,Nyanja_NNM_Spk2_U_dbcbb072d5_Utterance_19_550_575.wav,21.425
NNM,M,Spk2,U_dbcbb072d5,550_575,Nyanja_NNM_Spk2_U_dbcbb072d5_Utterance_20,ngati mwa nthawi zonse palibe cimene cinacitika mu njira ya cilango,Nyanja_NNM_Spk2_U_dbcbb072d5_Utterance_20_550_575.wav,6.95
NNM,M,Spk2,U_dbcbb072d5,550_575,Nyanja_NNM_Spk2_U_dbcbb072d5_Utterance_21,rodolfo anafika panyumba yace kopanda,Nyanja_NNM_Spk2_U_dbcbb072d5_Utterance_21_550_575.wav,4.175
NNM,M,Spk2,U_dbcbb072d5,550_575,Nyanja_NNM_Spk2_U_dbcbb072d5_Utterance_22,koma sicimtengo ca moto cimene anali kulankhulapo,Nyanja_NNM_Spk2_U_dbcbb072d5_Utterance_22_550_575.wav,5.72
NNM,M,Spk2,U_dbcbb072d5,550_575,Nyanja_NNM_Spk2_U_dbcbb072d5_Utterance_23,patsogoro pao woyendayo anathawa ali ana ace amuna atatu opanda zitsote ndiponso ali ndi mantha,Nyanja_NNM_Spk2_U_dbcbb072d5_Utterance_23_550_575.wav,13.49
NNM,M,Spk2,U_dbcbb072d5,550_575,Nyanja_NNM_Spk2_U_dbcbb072d5_Utterance_24,komabe iye amene anena kuti kuunika sikuyelekezera cimwemwe,Nyanja_NNM_Spk2_U_dbcbb072d5_Utterance_24_550_575.wav,7.265
NNM,M,Spk2,U_dbcbb072d5,550_575,Nyanja_NNM_Spk2_U_dbcbb072d5_Utterance_25,chiliconse cimende mfumu chelford ananena mai brandon anacilandira bwino ndi cimwemwe nthawi imeneyo,Nyanja_NNM_Spk2_U_dbcbb072d5_Utterance_25_550_575.wav,9.575
NNM,M,Spk2,U_dbcbb072d5,575_600,Nyanja_NNM_Spk2_U_dbcbb072d5_Utterance_1,kabungwe koimilira anthu kanapeza njira yocitiramo zimenezi,Nyanja_NNM_Spk2_U_dbcbb072d5_Utterance_1_575_600.wav,5.93
NNM,M,Spk2,U_dbcbb072d5,575_600,Nyanja_NNM_Spk2_U_dbcbb072d5_Utterance_2,iye anadzima moto nagweranso mu mpando wace,Nyanja_NNM_Spk2_U_dbcbb072d5_Utterance_2_575_600.wav,5.435
NNM,M,Spk2,U_dbcbb072d5,575_600,Nyanja_NNM_Spk2_U_dbcbb072d5_Utterance_3,kodi cinabwera bwanji inu kusiya maki kucitseko,Nyanja_NNM_Spk2_U_dbcbb072d5_Utterance_3_575_600.wav,6.65
NNM,M,Spk2,U_dbcbb072d5,575_600,Nyanja_NNM_Spk2_U_dbcbb072d5_Utterance_4,mnjira iliyonse ndi cokondweletsa kwambiri ndipo ndinghathe kucita kukambisana kopanda bvuto ili yonse,Nyanja_NNM_Spk2_U_dbcbb072d5_Utterance_4_575_600.wav,10.445
NNM,M,Spk2,U_dbcbb072d5,575_600,Nyanja_NNM_Spk2_U_dbcbb072d5_Utterance_5,kufewa ko kongola kwa maudzu ya mu mitengo cimwemwe cimene cibwenzi cako cibweletsa pa ine,Nyanja_NNM_Spk2_U_dbcbb072d5_Utterance_5_575_600.wav,8.255
NNM,M,Spk2,U_dbcbb072d5,575_600,Nyanja_NNM_Spk2_U_dbcbb072d5_Utterance_6,cifundu ca mulungu cikhale nanu ndi mtendere wa mulungu atate ndi wa ambuye yesu kristu,Nyanja_NNM_Spk2_U_dbcbb072d5_Utterance_6_575_600.wav,8.195
NNM,M,Spk2,U_dbcbb072d5,575_600,Nyanja_NNM_Spk2_U_dbcbb072d5_Utterance_7,kupyolera mu kupalasa kwa asilikali kupitila m'maphiri amene anali kubvuta kupitamo mtsilikali wamkulu ocedwa genilo anazimasula nathawa  atsilikali amphamvu a dzipangano za mpanvu za ku scotland,Nyanja_NNM_Spk2_U_dbcbb072d5_Utterance_7_575_600.wav,25.535
NNM,M,Spk2,U_dbcbb072d5,575_600,Nyanja_NNM_Spk2_U_dbcbb072d5_Utterance_8,mwadzidzidzi ndi colinga cokhazikitsa batha ndi mtendere bambo spring anadulikira ndi  bwaro ya milandu yace  yonse,Nyanja_NNM_Spk2_U_dbcbb072d5_Utterance_8_575_600.wav,15.17
NNM,M,Spk2,U_dbcbb072d5,575_600,Nyanja_NNM_Spk2_U_dbcbb072d5_Utterance_9,nyanja inali italingana ndenende ndi zomangidwa zimene ziletsa kutaikira kwa madzi a mnyanja mulungu wathau mpaka lero,Nyanja_NNM_Spk2_U_dbcbb072d5_Utterance_9_575_600.wav,13.97
NNM,M,Spk2,U_dbcbb072d5,575_600,Nyanja_NNM_Spk2_U_dbcbb072d5_Utterance_10,sindili mu njira ili yonse wokalamba unatero mtengo wa nkhuyu,Nyanja_NNM_Spk2_U_dbcbb072d5_Utterance_10_575_600.wav,7.4
NNM,M,Spk2,U_dbcbb072d5,575_600,Nyanja_NNM_Spk2_U_dbcbb072d5_Utterance_11,zonse pa iye zinali msokonedzo wa kuwala ndi mitundu yomwadzikana mu kukankidwa momwazidwa,Nyanja_NNM_Spk2_U_dbcbb072d5_Utterance_11_575_600.wav,14.63
NNM,M,Spk2,U_dbcbb072d5,575_600,Nyanja_NNM_Spk2_U_dbcbb072d5_Utterance_12,kwa nthawi yaitali panalibe amene analankhula pakati pa hilda ndi bartley,Nyanja_NNM_Spk2_U_dbcbb072d5_Utterance_12_575_600.wav,8.345
NNM,M,Spk2,U_dbcbb072d5,575_600,Nyanja_NNM_Spk2_U_dbcbb072d5_Utterance_13,ndimakukondabe lakele ndikhulupilira nzakukondabe,Nyanja_NNM_Spk2_U_dbcbb072d5_Utterance_13_575_600.wav,6.74
NNM,M,Spk2,U_dbcbb072d5,575_600,Nyanja_NNM_Spk2_U_dbcbb072d5_Utterance_14,m'madzulo ndimaulula ndimaganizira koma sindimabvutitsa wina aliyense ndi maganizo anga,Nyanja_NNM_Spk2_U_dbcbb072d5_Utterance_14_575_600.wav,10.28
NNM,M,Spk2,U_dbcbb072d5,575_600,Nyanja_NNM_Spk2_U_dbcbb072d5_Utterance_15,sidzidzakhala zambiri koma ndine wothokodza kupedza mzanga,Nyanja_NNM_Spk2_U_dbcbb072d5_Utterance_15_575_600.wav,6.635
NNM,M,Spk2,U_dbcbb072d5,575_600,Nyanja_NNM_Spk2_U_dbcbb072d5_Utterance_16,atsikana acicepele anali atazicepetsadi indedi osagonjetsedwa,Nyanja_NNM_Spk2_U_dbcbb072d5_Utterance_16_575_600.wav,10.055
NNM,M,Spk2,U_dbcbb072d5,575_600,Nyanja_NNM_Spk2_U_dbcbb072d5_Utterance_17,anthu ambiri amalankhula kwambiri kotero kuti ndi cinthu cabwino kupedza muntu amene salankhulitsa,Nyanja_NNM_Spk2_U_dbcbb072d5_Utterance_17_575_600.wav,9.125
NNM,M,Spk2,U_dbcbb072d5,575_600,Nyanja_NNM_Spk2_U_dbcbb072d5_Utterance_18,kodi ndinali mcipinda cothuma ndithu mmene mulii zabwino ndi zotsekemera zonse,Nyanja_NNM_Spk2_U_dbcbb072d5_Utterance_18_575_600.wav,10.82
NNM,M,Spk2,U_dbcbb072d5,575_600,Nyanja_NNM_Spk2_U_dbcbb072d5_Utterance_19,nga muntu wina aliyense ku ma ngalandeninganene tero anatero gamewell modzinva cimene cinali mu tsiku lace,Nyanja_NNM_Spk2_U_dbcbb072d5_Utterance_19_575_600.wav,15.485
NNM,M,Spk2,U_dbcbb072d5,575_600,Nyanja_NNM_Spk2_U_dbcbb072d5_Utterance_20,sianali ndi pafupi komwe ndi kupeza yankho ya mabvuto ao,Nyanja_NNM_Spk2_U_dbcbb072d5_Utterance_20_575_600.wav,5.54
NNM,M,Spk2,U_dbcbb072d5,575_600,Nyanja_NNM_Spk2_U_dbcbb072d5_Utterance_21,sindinafune kuti ndicite tero ananena kapitawo ocedwa dzina loti battleax polankhulapo pa nkhani zodziwika pa nthawi ngati iyi,Nyanja_NNM_Spk2_U_dbcbb072d5_Utterance_21_575_600.wav,15.05
NNM,M,Spk2,U_dbcbb072d5,575_600,Nyanja_NNM_Spk2_U_dbcbb072d5_Utterance_22,kuli ndithu cifukwa cabwino colekera kucita mwapang'ono ndi kuganiza ngakhale ndi munthu osatengeka mtima padziko,Nyanja_NNM_Spk2_U_dbcbb072d5_Utterance_22_575_600.wav,11.36
NNM,M,Spk2,U_dbcbb072d5,575_600,Nyanja_NNM_Spk2_U_dbcbb072d5_Utterance_23,zizakhala zilibe nchito kugwetsa mitu yao pansi nanena bweraninso pano pamwamba okondedwa anga,Nyanja_NNM_Spk2_U_dbcbb072d5_Utterance_23_575_600.wav,11.84
NNM,M,Spk2,U_dbcbb072d5,575_600,Nyanja_NNM_Spk2_U_dbcbb072d5_Utterance_24,mkhalidwe wao wosiyana nawonso uonetsa ukulu ndi kutsiyana kosalepheleka,Nyanja_NNM_Spk2_U_dbcbb072d5_Utterance_24_575_600.wav,8.645
NNM,M,Spk2,U_0339273d0a,550_575,Nyanja_NNM_Spk2_U_0339273d0a_Utterance_1,ndi zakuda m'nthawi ya tsoka kapena zobvuta ndizodelatu cimodzi-modzi ngati uli mu milandu uku kuda kuwiri kulumikizana napanga cilankhulo cina,Nyanja_NNM_Spk2_U_0339273d0a_Utterance_1_550_575.wav,15.79
NNM,M,Spk2,U_0339273d0a,550_575,Nyanja_NNM_Spk2_U_0339273d0a_Utterance_2,koma kuculuka kwa kuiwalilila kunkacitika kunalenga kuti iye azikhala okumbukira kwambiri atauka,Nyanja_NNM_Spk2_U_0339273d0a_Utterance_2_550_575.wav,9.985
NNM,M,Spk2,U_0339273d0a,550_575,Nyanja_NNM_Spk2_U_0339273d0a_Utterance_3,ganizo ili silinalowe mu mitu ya aja awiri achimwemwe,Nyanja_NNM_Spk2_U_0339273d0a_Utterance_3_550_575.wav,5.805
NNM,M,Spk2,U_0339273d0a,550_575,Nyanja_NNM_Spk2_U_0339273d0a_Utterance_4,ndifuna kucita zinthu pa ndekha,Nyanja_NNM_Spk2_U_0339273d0a_Utterance_4_550_575.wav,3.135
NNM,M,Spk2,U_0339273d0a,550_575,Nyanja_NNM_Spk2_U_0339273d0a_Utterance_5,koma ncifukwa ninji sunandiuze pamene unali kuno nthawi ya chirimwe,Nyanja_NNM_Spk2_U_0339273d0a_Utterance_5_550_575.wav,6.118
NNM,M,Spk2,U_0339273d0a,550_575,Nyanja_NNM_Spk2_U_0339273d0a_Utterance_6,atango siliza kuika atsilikali m'malo mwao msilikali anaceukila kumene kunali davide namuuza zimene anayenera kucita asanapite,Nyanja_NNM_Spk2_U_0339273d0a_Utterance_6_550_575.wav,15.238
NNM,M,Spk2,U_0339273d0a,550_575,Nyanja_NNM_Spk2_U_0339273d0a_Utterance_7,koma cresswell anaonjedza mwakukulu kukwanilitsa kumasiyana kwambiri pakati pa mitundu/mbadwa,Nyanja_NNM_Spk2_U_0339273d0a_Utterance_7_550_575.wav,9.24
NNM,M,Spk2,U_0339273d0a,550_575,Nyanja_NNM_Spk2_U_0339273d0a_Utterance_8,kopanda kudera nkhawa iye anakulandirani bwino poti inu munabwelera kopanda cilolezo,Nyanja_NNM_Spk2_U_0339273d0a_Utterance_8_550_575.wav,10.202
NNM,M,Spk2,U_0339273d0a,550_575,Nyanja_NNM_Spk2_U_0339273d0a_Utterance_9,ndipo henule angabwelere ku mangalande nthawi iliyonse,Nyanja_NNM_Spk2_U_0339273d0a_Utterance_9_550_575.wav,5.422
NNM,M,Spk2,U_0339273d0a,550_575,Nyanja_NNM_Spk2_U_0339273d0a_Utterance_10,kodi nciani cimene ndingacitire dzimbiri (nguwe) ndi kukhala opusa pokhala osacita kanthu kalikonse cifukwa ndine mkazi,Nyanja_NNM_Spk2_U_0339273d0a_Utterance_10_550_575.wav,10.495
NNM,M,Spk2,U_0339273d0a,550_575,Nyanja_NNM_Spk2_U_0339273d0a_Utterance_11,chifundo citengera ku khululukila macimo mtendere ndi maganizo osangalala,Nyanja_NNM_Spk2_U_0339273d0a_Utterance_11_550_575.wav,7.512
NNM,M,Spk2,U_0339273d0a,550_575,Nyanja_NNM_Spk2_U_0339273d0a_Utterance_12,poikapo ganizo pa zokambirana izi ndizanena cimodzimwa izi motheratu,Nyanja_NNM_Spk2_U_0339273d0a_Utterance_12_550_575.wav,7.404
NNM,M,Spk2,U_0339273d0a,550_575,Nyanja_NNM_Spk2_U_0339273d0a_Utterance_13,pamenepo mtolo unatseguka(unamasuka) mwazizizi ndipo momwemo munatuluka phronsie,Nyanja_NNM_Spk2_U_0339273d0a_Utterance_13_550_575.wav,4.748
NNM,M,Spk2,U_0339273d0a,550_575,Nyanja_NNM_Spk2_U_0339273d0a_Utterance_14,cifungo coipa ca nayitrogeni cidzadza m'mphepo nalowa kukhosi(ku nkwiko) nazaza mapwapwa,Nyanja_NNM_Spk2_U_0339273d0a_Utterance_14_550_575.wav,8.197
NNM,M,Spk2,U_0339273d0a,550_575,Nyanja_NNM_Spk2_U_0339273d0a_Utterance_15,m'mubutsa analeka kulankhula mwapang'ono ndipo ali kugwedeza manja ace ogwirana patsogolo pace anapitiliza,Nyanja_NNM_Spk2_U_0339273d0a_Utterance_15_550_575.wav,10.934
NNM,M,Spk2,U_0339273d0a,550_575,Nyanja_NNM_Spk2_U_0339273d0a_Utterance_16,ici kopanda kukumbukira mu zowawa za mtima ni momwemo zikuyenda,Nyanja_NNM_Spk2_U_0339273d0a_Utterance_16_550_575.wav,7.265
NNM,M,Spk2,U_0339273d0a,550_575,Nyanja_NNM_Spk2_U_0339273d0a_Utterance_17,iye anadziwa kuti gomeza wace wa siliva  ndi wa zola unali utaonongeka,Nyanja_NNM_Spk2_U_0339273d0a_Utterance_17_550_575.wav,7.639
NNM,M,Spk2,U_0339273d0a,550_575,Nyanja_NNM_Spk2_U_0339273d0a_Utterance_18,ndiye tsopano ennis ndinenetsa kuti uli ndi mutu ndi conco ndi ka mtengo kanga,Nyanja_NNM_Spk2_U_0339273d0a_Utterance_18_550_575.wav,7.937
NNM,M,Spk2,U_0339273d0a,550_575,Nyanja_NNM_Spk2_U_0339273d0a_Utterance_19,mwamwai anatero bambo vanderpool ocokera ca kumpoto ndi a kumwera alipafupi kufika kugwirizana mzolankhula zao pa zambiri mwa nkhani zimenezi,Nyanja_NNM_Spk2_U_0339273d0a_Utterance_19_550_575.wav,12.676
NNM,M,Spk2,U_0339273d0a,550_575,Nyanja_NNM_Spk2_U_0339273d0a_Utterance_20,ngati mwa nthawi zonse palibe cimene cinacitika mu njira ya cilango,Nyanja_NNM_Spk2_U_0339273d0a_Utterance_20_550_575.wav,6.06
NNM,M,Spk2,U_0339273d0a,550_575,Nyanja_NNM_Spk2_U_0339273d0a_Utterance_21,rodolfo anafika panyumba yace kopanda,Nyanja_NNM_Spk2_U_0339273d0a_Utterance_21_550_575.wav,3.506
NNM,M,Spk2,U_0339273d0a,550_575,Nyanja_NNM_Spk2_U_0339273d0a_Utterance_22,koma sicimtengo ca moto cimene anali kulankhulapo,Nyanja_NNM_Spk2_U_0339273d0a_Utterance_22_550_575.wav,4.609
NNM,M,Spk2,U_0339273d0a,550_575,Nyanja_NNM_Spk2_U_0339273d0a_Utterance_23,patsogoro pao woyendayo anathawa ali ana ace amuna atatu opanda zitsote ndiponso ali ndi mantha,Nyanja_NNM_Spk2_U_0339273d0a_Utterance_23_550_575.wav,9.062
NNM,M,Spk2,U_0339273d0a,550_575,Nyanja_NNM_Spk2_U_0339273d0a_Utterance_24,komabe iye amene anena kuti kuunika sikuyelekezera cimwemwe,Nyanja_NNM_Spk2_U_0339273d0a_Utterance_24_550_575.wav,7.558
NNM,M,Spk2,U_0339273d0a,550_575,Nyanja_NNM_Spk2_U_0339273d0a_Utterance_25,chiliconse cimende mfumu chelford ananena mai brandon anacilandira bwino ndi cimwemwe nthawi imeneyo,Nyanja_NNM_Spk2_U_0339273d0a_Utterance_25_550_575.wav,8.905
NNM,M,Spk2,U_0339273d0a,575_600,Nyanja_NNM_Spk2_U_0339273d0a_Utterance_1,kabungwe koimilira anthu kanapeza njira yocitiramo zimenezi,Nyanja_NNM_Spk2_U_0339273d0a_Utterance_1_575_600.wav,5.851
NNM,M,Spk2,U_0339273d0a,575_600,Nyanja_NNM_Spk2_U_0339273d0a_Utterance_2,iye anadzima moto nagweranso mu mpando wace,Nyanja_NNM_Spk2_U_0339273d0a_Utterance_2_575_600.wav,4.911
NNM,M,Spk2,U_0339273d0a,575_600,Nyanja_NNM_Spk2_U_0339273d0a_Utterance_3,kodi cinabwera bwanji inu kusiya maki kucitseko,Nyanja_NNM_Spk2_U_0339273d0a_Utterance_3_575_600.wav,5.294
NNM,M,Spk2,U_0339273d0a,575_600,Nyanja_NNM_Spk2_U_0339273d0a_Utterance_4,mnjira iliyonse ndi cokondweletsa kwambiri ndipo ndinghathe kucita kukambisana kopanda bvuto ili yonse,Nyanja_NNM_Spk2_U_0339273d0a_Utterance_4_575_600.wav,10.879
NNM,M,Spk2,U_0339273d0a,575_600,Nyanja_NNM_Spk2_U_0339273d0a_Utterance_5,kufewa ko kongola kwa maudzu ya mu mitengo cimwemwe cimene cibwenzi cako cibweletsa pa ine,Nyanja_NNM_Spk2_U_0339273d0a_Utterance_5_575_600.wav,9.265
NNM,M,Spk2,U_0339273d0a,575_600,Nyanja_NNM_Spk2_U_0339273d0a_Utterance_6,cifundu ca mulungu cikhale nanu ndi mtendere wa mulungu atate ndi wa ambuye yesu kristu,Nyanja_NNM_Spk2_U_0339273d0a_Utterance_6_575_600.wav,8.139
NNM,M,Spk2,U_0339273d0a,575_600,Nyanja_NNM_Spk2_U_0339273d0a_Utterance_7,kupyolera mu kupalasa kwa asilikali kupitila m'maphiri amene anali kubvuta kupitamo mtsilikali wamkulu ocedwa genilo anazimasula nathawa  atsilikali amphamvu a dzipangano za mpanvu za ku scotland,Nyanja_NNM_Spk2_U_0339273d0a_Utterance_7_575_600.wav,23.456
NNM,M,Spk2,U_0339273d0a,575_600,Nyanja_NNM_Spk2_U_0339273d0a_Utterance_8,mwadzidzidzi ndi colinga cokhazikitsa batha ndi mtendere bambo spring anadulikira ndi  bwaro ya milandu yace  yonse,Nyanja_NNM_Spk2_U_0339273d0a_Utterance_8_575_600.wav,1.059
NNM,M,Spk2,U_0339273d0a,575_600,Nyanja_NNM_Spk2_U_0339273d0a_Utterance_9,nyanja inali italingana ndenende ndi zomangidwa zimene ziletsa kutaikira kwa madzi a mnyanja mulungu wathau mpaka lero,Nyanja_NNM_Spk2_U_0339273d0a_Utterance_9_575_600.wav,1.418
NNM,M,Spk2,U_0339273d0a,575_600,Nyanja_NNM_Spk2_U_0339273d0a_Utterance_10,sindili mu njira ili yonse wokalamba unatero mtengo wa nkhuyu,Nyanja_NNM_Spk2_U_0339273d0a_Utterance_10_575_600.wav,6.362
NNM,M,Spk2,U_0339273d0a,575_600,Nyanja_NNM_Spk2_U_0339273d0a_Utterance_11,zonse pa iye zinali msokonedzo wa kuwala ndi mitundu yomwadzikana mu kukankidwa momwazidwa,Nyanja_NNM_Spk2_U_0339273d0a_Utterance_11_575_600.wav,11.422
NNM,M,Spk2,U_0339273d0a,575_600,Nyanja_NNM_Spk2_U_0339273d0a_Utterance_12,kwa nthawi yaitali panalibe amene analankhula pakati pa hilda ndi bartley,Nyanja_NNM_Spk2_U_0339273d0a_Utterance_12_575_600.wav,6.763
NNM,M,Spk2,U_0339273d0a,575_600,Nyanja_NNM_Spk2_U_0339273d0a_Utterance_13,ndimakukondabe lakele ndikhulupilira nzakukondabe,Nyanja_NNM_Spk2_U_0339273d0a_Utterance_13_575_600.wav,4.609
NNM,M,Spk2,U_0339273d0a,575_600,Nyanja_NNM_Spk2_U_0339273d0a_Utterance_14,m'madzulo ndimaulula ndimaganizira koma sindimabvutitsa wina aliyense ndi maganizo anga,Nyanja_NNM_Spk2_U_0339273d0a_Utterance_14_575_600.wav,10.437
NNM,M,Spk2,U_0339273d0a,575_600,Nyanja_NNM_Spk2_U_0339273d0a_Utterance_15,sidzidzakhala zambiri koma ndine wothokodza kupedza mzanga,Nyanja_NNM_Spk2_U_0339273d0a_Utterance_15_575_600.wav,5.689
NNM,M,Spk2,U_0339273d0a,575_600,Nyanja_NNM_Spk2_U_0339273d0a_Utterance_16,atsikana acicepele anali atazicepetsadi indedi osagonjetsedwa,Nyanja_NNM_Spk2_U_0339273d0a_Utterance_16_575_600.wav,7.721
NNM,M,Spk2,U_0339273d0a,575_600,Nyanja_NNM_Spk2_U_0339273d0a_Utterance_17,anthu ambiri amalankhula kwambiri kotero kuti ndi cinthu cabwino kupedza muntu amene salankhulitsa,Nyanja_NNM_Spk2_U_0339273d0a_Utterance_17_575_600.wav,10.061
NNM,M,Spk2,U_0339273d0a,575_600,Nyanja_NNM_Spk2_U_0339273d0a_Utterance_18,kodi ndinali mcipinda cothuma ndithu mmene mulii zabwino ndi zotsekemera zonse,Nyanja_NNM_Spk2_U_0339273d0a_Utterance_18_575_600.wav,8.72
NNM,M,Spk2,U_0339273d0a,575_600,Nyanja_NNM_Spk2_U_0339273d0a_Utterance_19,nga muntu wina aliyense ku ma ngalandeninganene tero anatero gamewell modzinva cimene cinali mu tsiku lace,Nyanja_NNM_Spk2_U_0339273d0a_Utterance_19_575_600.wav,12.399
NNM,M,Spk2,U_0339273d0a,575_600,Nyanja_NNM_Spk2_U_0339273d0a_Utterance_20,sianali ndi pafupi komwe ndi kupeza yankho ya mabvuto ao,Nyanja_NNM_Spk2_U_0339273d0a_Utterance_20_575_600.wav,6.362
NNM,M,Spk2,U_0339273d0a,575_600,Nyanja_NNM_Spk2_U_0339273d0a_Utterance_21,sindinafune kuti ndicite tero ananena kapitawo ocedwa dzina loti battleax polankhulapo pa nkhani zodziwika pa nthawi ngati iyi,Nyanja_NNM_Spk2_U_0339273d0a_Utterance_21_575_600.wav,14.478
NNM,M,Spk2,U_0339273d0a,575_600,Nyanja_NNM_Spk2_U_0339273d0a_Utterance_22,kuli ndithu cifukwa cabwino colekera kucita mwapang'ono ndi kuganiza ngakhale ndi munthu osatengeka mtima padziko,Nyanja_NNM_Spk2_U_0339273d0a_Utterance_22_575_600.wav,0.998
NNM,M,Spk2,U_0339273d0a,575_600,Nyanja_NNM_Spk2_U_0339273d0a_Utterance_23,zizakhala zilibe nchito kugwetsa mitu yao pansi nanena bweraninso pano pamwamba okondedwa anga,Nyanja_NNM_Spk2_U_0339273d0a_Utterance_23_575_600.wav,9.799
NNM,M,Spk2,U_0339273d0a,575_600,Nyanja_NNM_Spk2_U_0339273d0a_Utterance_24,mkhalidwe wao wosiyana nawonso uonetsa ukulu ndi kutsiyana kosalepheleka,Nyanja_NNM_Spk2_U_0339273d0a_Utterance_24_575_600.wav,8.266
NNM,M,Spk2,U_0339273d0a,575_600,Nyanja_NNM_Spk2_U_0339273d0a_Utterance_25,koma a kapitao bill sanayese mpang'ono ponse cifukwa iye anazindikira kuti kutero kunali kungotaya nthawi,Nyanja_NNM_Spk2_U_0339273d0a_Utterance_25_575_600.wav,10.306
NNM,M,Spk2,U_8e2ba3c40b,550_575,Nyanja_NNM_Spk2_U_8e2ba3c40b_Utterance_1,ndi zakuda m'nthawi ya tsoka kapena zobvuta ndizodelatu cimodzi-modzi ngati uli mu milandu uku kuda kuwiri kulumikizana napanga cilankhulo cina,Nyanja_NNM_Spk2_U_8e2ba3c40b_Utterance_1_550_575.wav,15.859
NNM,M,Spk2,U_8e2ba3c40b,550_575,Nyanja_NNM_Spk2_U_8e2ba3c40b_Utterance_2,koma kuculuka kwa kuiwalilila kunkacitika kunalenga kuti iye azikhala okumbukira kwambiri atauka,Nyanja_NNM_Spk2_U_8e2ba3c40b_Utterance_2_550_575.wav,11.308
NNM,M,Spk2,U_8e2ba3c40b,550_575,Nyanja_NNM_Spk2_U_8e2ba3c40b_Utterance_3,ganizo ili silinalowe mu mitu ya aja awiri achimwemwe,Nyanja_NNM_Spk2_U_8e2ba3c40b_Utterance_3_550_575.wav,5.921
NNM,M,Spk2,U_8e2ba3c40b,550_575,Nyanja_NNM_Spk2_U_8e2ba3c40b_Utterance_4,ndifuna kucita zinthu pa ndekha,Nyanja_NNM_Spk2_U_8e2ba3c40b_Utterance_4_550_575.wav,2.833
NNM,M,Spk2,U_8e2ba3c40b,550_575,Nyanja_NNM_Spk2_U_8e2ba3c40b_Utterance_5,koma ncifukwa ninji sunandiuze pamene unali kuno nthawi ya chirimwe,Nyanja_NNM_Spk2_U_8e2ba3c40b_Utterance_5_550_575.wav,6.467
NNM,M,Spk2,U_8e2ba3c40b,550_575,Nyanja_NNM_Spk2_U_8e2ba3c40b_Utterance_6,atango siliza kuika atsilikali m'malo mwao msilikali anaceukila kumene kunali davide namuuza zimene anayenera kucita asanapite,Nyanja_NNM_Spk2_U_8e2ba3c40b_Utterance_6_550_575.wav,15.557
NNM,M,Spk2,U_8e2ba3c40b,550_575,Nyanja_NNM_Spk2_U_8e2ba3c40b_Utterance_7,koma cresswell anaonjedza mwakukulu kukwanilitsa kumasiyana kwambiri pakati pa mitundu/mbadwa,Nyanja_NNM_Spk2_U_8e2ba3c40b_Utterance_7_550_575.wav,9.671
NNM,M,Spk2,U_8e2ba3c40b,550_575,Nyanja_NNM_Spk2_U_8e2ba3c40b_Utterance_8,kopanda kudera nkhawa iye anakulandirani bwino poti inu munabwelera kopanda cilolezo,Nyanja_NNM_Spk2_U_8e2ba3c40b_Utterance_8_550_575.wav,9.543
NNM,M,Spk2,U_8e2ba3c40b,550_575,Nyanja_NNM_Spk2_U_8e2ba3c40b_Utterance_9,ndipo henule angabwelere ku mangalande nthawi iliyonse,Nyanja_NNM_Spk2_U_8e2ba3c40b_Utterance_9_550_575.wav,5.573
NNM,M,Spk2,U_8e2ba3c40b,550_575,Nyanja_NNM_Spk2_U_8e2ba3c40b_Utterance_10,kodi nciani cimene ndingacitire dzimbiri (nguwe) ndi kukhala opusa pokhala osacita kanthu kalikonse cifukwa ndine mkazi,Nyanja_NNM_Spk2_U_8e2ba3c40b_Utterance_10_550_575.wav,11.018
NNM,M,Spk2,U_8e2ba3c40b,550_575,Nyanja_NNM_Spk2_U_8e2ba3c40b_Utterance_11,chifundo citengera ku khululukila macimo mtendere ndi maganizo osangalala,Nyanja_NNM_Spk2_U_8e2ba3c40b_Utterance_11_550_575.wav,7.361
NNM,M,Spk2,U_8e2ba3c40b,550_575,Nyanja_NNM_Spk2_U_8e2ba3c40b_Utterance_12,poikapo ganizo pa zokambirana izi ndizanena cimodzimwa izi motheratu,Nyanja_NNM_Spk2_U_8e2ba3c40b_Utterance_12_550_575.wav,8.266
NNM,M,Spk2,U_8e2ba3c40b,550_575,Nyanja_NNM_Spk2_U_8e2ba3c40b_Utterance_13,pamenepo mtolo unatseguka(unamasuka) mwazizizi ndipo momwemo munatuluka phronsie,Nyanja_NNM_Spk2_U_8e2ba3c40b_Utterance_13_550_575.wav,7.86
NNM,M,Spk2,U_8e2ba3c40b,550_575,Nyanja_NNM_Spk2_U_8e2ba3c40b_Utterance_14,cifungo coipa ca nayitrogeni cidzadza m'mphepo nalowa kukhosi(ku nkwiko) nazaza mapwapwa,Nyanja_NNM_Spk2_U_8e2ba3c40b_Utterance_14_550_575.wav,8.847
NNM,M,Spk2,U_8e2ba3c40b,550_575,Nyanja_NNM_Spk2_U_8e2ba3c40b_Utterance_15,m'mubutsa analeka kulankhula mwapang'ono ndipo ali kugwedeza manja ace ogwirana patsogolo pace anapitiliza,Nyanja_NNM_Spk2_U_8e2ba3c40b_Utterance_15_550_575.wav,12.585
NNM,M,Spk2,U_8e2ba3c40b,550_575,Nyanja_NNM_Spk2_U_8e2ba3c40b_Utterance_16,ici kopanda kukumbukira mu zowawa za mtima ni momwemo zikuyenda,Nyanja_NNM_Spk2_U_8e2ba3c40b_Utterance_16_550_575.wav,6.327
NNM,M,Spk2,U_8e2ba3c40b,550_575,Nyanja_NNM_Spk2_U_8e2ba3c40b_Utterance_17,iye anadziwa kuti gomeza wace wa siliva  ndi wa zola unali utaonongeka,Nyanja_NNM_Spk2_U_8e2ba3c40b_Utterance_17_550_575.wav,6.966
NNM,M,Spk2,U_8e2ba3c40b,550_575,Nyanja_NNM_Spk2_U_8e2ba3c40b_Utterance_18,ndiye tsopano ennis ndinenetsa kuti uli ndi mutu ndi conco ndi ka mtengo kanga,Nyanja_NNM_Spk2_U_8e2ba3c40b_Utterance_18_550_575.wav,7.314
NNM,M,Spk2,U_8e2ba3c40b,550_575,Nyanja_NNM_Spk2_U_8e2ba3c40b_Utterance_19,mwamwai anatero bambo vanderpool ocokera ca kumpoto ndi a kumwera alipafupi kufika kugwirizana mzolankhula zao pa zambiri mwa nkhani zimenezi,Nyanja_NNM_Spk2_U_8e2ba3c40b_Utterance_19_550_575.wav,13.41
NNM,M,Spk2,U_8e2ba3c40b,550_575,Nyanja_NNM_Spk2_U_8e2ba3c40b_Utterance_20,ngati mwa nthawi zonse palibe cimene cinacitika mu njira ya cilango,Nyanja_NNM_Spk2_U_8e2ba3c40b_Utterance_20_550_575.wav,5.55
NNM,M,Spk2,U_8e2ba3c40b,550_575,Nyanja_NNM_Spk2_U_8e2ba3c40b_Utterance_21,rodolfo anafika panyumba yace kopanda,Nyanja_NNM_Spk2_U_8e2ba3c40b_Utterance_21_550_575.wav,3.274
NNM,M,Spk2,U_8e2ba3c40b,550_575,Nyanja_NNM_Spk2_U_8e2ba3c40b_Utterance_22,koma sicimtengo ca moto cimene anali kulankhulapo,Nyanja_NNM_Spk2_U_8e2ba3c40b_Utterance_22_550_575.wav,3.796
NNM,M,Spk2,U_8e2ba3c40b,550_575,Nyanja_NNM_Spk2_U_8e2ba3c40b_Utterance_23,patsogoro pao woyendayo anathawa ali ana ace amuna atatu opanda zitsote ndiponso ali ndi mantha,Nyanja_NNM_Spk2_U_8e2ba3c40b_Utterance_23_550_575.wav,9.392
NNM,M,Spk2,U_8e2ba3c40b,550_575,Nyanja_NNM_Spk2_U_8e2ba3c40b_Utterance_24,komabe iye amene anena kuti kuunika sikuyelekezera cimwemwe,Nyanja_NNM_Spk2_U_8e2ba3c40b_Utterance_24_550_575.wav,6.235
NNM,M,Spk2,U_8e2ba3c40b,550_575,Nyanja_NNM_Spk2_U_8e2ba3c40b_Utterance_25,chiliconse cimende mfumu chelford ananena mai brandon anacilandira bwino ndi cimwemwe nthawi imeneyo,Nyanja_NNM_Spk2_U_8e2ba3c40b_Utterance_25_550_575.wav,8.522
NNM,M,Spk2,U_8e2ba3c40b,575_600,Nyanja_NNM_Spk2_U_8e2ba3c40b_Utterance_1,kabungwe koimilira anthu kanapeza njira yocitiramo zimenezi,Nyanja_NNM_Spk2_U_8e2ba3c40b_Utterance_1_575_600.wav,4.691
NNM,M,Spk2,U_8e2ba3c40b,575_600,Nyanja_NNM_Spk2_U_8e2ba3c40b_Utterance_2,iye anadzima moto nagweranso mu mpando wace,Nyanja_NNM_Spk2_U_8e2ba3c40b_Utterance_2_575_600.wav,3.471
NNM,M,Spk2,U_8e2ba3c40b,575_600,Nyanja_NNM_Spk2_U_8e2ba3c40b_Utterance_3,kodi cinabwera bwanji inu kusiya maki kucitseko,Nyanja_NNM_Spk2_U_8e2ba3c40b_Utterance_3_575_600.wav,3.564
NNM,M,Spk2,U_8e2ba3c40b,575_600,Nyanja_NNM_Spk2_U_8e2ba3c40b_Utterance_4,mnjira iliyonse ndi cokondweletsa kwambiri ndipo ndinghathe kucita kukambisana kopanda bvuto ili yonse,Nyanja_NNM_Spk2_U_8e2ba3c40b_Utterance_4_575_600.wav,7.988
NNM,M,Spk2,U_8e2ba3c40b,575_600,Nyanja_NNM_Spk2_U_8e2ba3c40b_Utterance_5,kufewa ko kongola kwa maudzu ya mu mitengo cimwemwe cimene cibwenzi cako cibweletsa pa ine,Nyanja_NNM_Spk2_U_8e2ba3c40b_Utterance_5_575_600.wav,7.558
NNM,M,Spk2,U_8e2ba3c40b,575_600,Nyanja_NNM_Spk2_U_8e2ba3c40b_Utterance_6,cifundu ca mulungu cikhale nanu ndi mtendere wa mulungu atate ndi wa ambuye yesu kristu,Nyanja_NNM_Spk2_U_8e2ba3c40b_Utterance_6_575_600.wav,6.92
NNM,M,Spk2,U_8e2ba3c40b,575_600,Nyanja_NNM_Spk2_U_8e2ba3c40b_Utterance_7,kupyolera mu kupalasa kwa asilikali kupitila m'maphiri amene anali kubvuta kupitamo mtsilikali wamkulu ocedwa genilo anazimasula nathawa  atsilikali amphamvu a dzipangano za mpanvu za ku scotland,Nyanja_NNM_Spk2_U_8e2ba3c40b_Utterance_7_575_600.wav,19.296
NNM,M,Spk2,U_8e2ba3c40b,575_600,Nyanja_NNM_Spk2_U_8e2ba3c40b_Utterance_8,mwadzidzidzi ndi colinga cokhazikitsa batha ndi mtendere bambo spring anadulikira ndi  bwaro ya milandu yace  yonse,Nyanja_NNM_Spk2_U_8e2ba3c40b_Utterance_8_575_600.wav,9.311
NNM,M,Spk2,U_8e2ba3c40b,575_600,Nyanja_NNM_Spk2_U_8e2ba3c40b_Utterance_9,nyanja inali italingana ndenende ndi zomangidwa zimene ziletsa kutaikira kwa madzi a mnyanja mulungu wathau mpaka lero,Nyanja_NNM_Spk2_U_8e2ba3c40b_Utterance_9_575_600.wav,10.391
NNM,M,Spk2,U_8e2ba3c40b,575_600,Nyanja_NNM_Spk2_U_8e2ba3c40b_Utterance_10,sindili mu njira ili yonse wokalamba unatero mtengo wa nkhuyu,Nyanja_NNM_Spk2_U_8e2ba3c40b_Utterance_10_575_600.wav,5.631
NNM,M,Spk2,U_8e2ba3c40b,575_600,Nyanja_NNM_Spk2_U_8e2ba3c40b_Utterance_11,zonse pa iye zinali msokonedzo wa kuwala ndi mitundu yomwadzikana mu kukankidwa momwazidwa,Nyanja_NNM_Spk2_U_8e2ba3c40b_Utterance_11_575_600.wav,10.136
NNM,M,Spk2,U_8e2ba3c40b,575_600,Nyanja_NNM_Spk2_U_8e2ba3c40b_Utterance_12,kwa nthawi yaitali panalibe amene analankhula pakati pa hilda ndi bartley,Nyanja_NNM_Spk2_U_8e2ba3c40b_Utterance_12_575_600.wav,6.966
NNM,M,Spk2,U_8e2ba3c40b,575_600,Nyanja_NNM_Spk2_U_8e2ba3c40b_Utterance_13,ndimakukondabe lakele ndikhulupilira nzakukondabe,Nyanja_NNM_Spk2_U_8e2ba3c40b_Utterance_13_575_600.wav,4.957
NNM,M,Spk2,U_8e2ba3c40b,575_600,Nyanja_NNM_Spk2_U_8e2ba3c40b_Utterance_14,m'madzulo ndimaulula ndimaganizira koma sindimabvutitsa wina aliyense ndi maganizo anga,Nyanja_NNM_Spk2_U_8e2ba3c40b_Utterance_14_575_600.wav,7.43
NNM,M,Spk2,U_8e2ba3c40b,575_600,Nyanja_NNM_Spk2_U_8e2ba3c40b_Utterance_15,sidzidzakhala zambiri koma ndine wothokodza kupedza mzanga,Nyanja_NNM_Spk2_U_8e2ba3c40b_Utterance_15_575_600.wav,4.911
NNM,M,Spk2,U_8e2ba3c40b,575_600,Nyanja_NNM_Spk2_U_8e2ba3c40b_Utterance_16,atsikana acicepele anali atazicepetsadi indedi osagonjetsedwa,Nyanja_NNM_Spk2_U_8e2ba3c40b_Utterance_16_575_600.wav,7.012
NNM,M,Spk2,U_8e2ba3c40b,575_600,Nyanja_NNM_Spk2_U_8e2ba3c40b_Utterance_17,anthu ambiri amalankhula kwambiri kotero kuti ndi cinthu cabwino kupedza muntu amene salankhulitsa,Nyanja_NNM_Spk2_U_8e2ba3c40b_Utterance_17_575_600.wav,9.114
NNM,M,Spk2,U_8e2ba3c40b,575_600,Nyanja_NNM_Spk2_U_8e2ba3c40b_Utterance_18,kodi ndinali mcipinda cothuma ndithu mmene mulii zabwino ndi zotsekemera zonse,Nyanja_NNM_Spk2_U_8e2ba3c40b_Utterance_18_575_600.wav,7.872
NNM,M,Spk2,U_8e2ba3c40b,575_600,Nyanja_NNM_Spk2_U_8e2ba3c40b_Utterance_19,nga muntu wina aliyense ku ma ngalandeninganene tero anatero gamewell modzinva cimene cinali mu tsiku lace,Nyanja_NNM_Spk2_U_8e2ba3c40b_Utterance_19_575_600.wav,10.879
NNM,M,Spk2,U_8e2ba3c40b,575_600,Nyanja_NNM_Spk2_U_8e2ba3c40b_Utterance_20,sianali ndi pafupi komwe ndi kupeza yankho ya mabvuto ao,Nyanja_NNM_Spk2_U_8e2ba3c40b_Utterance_20_575_600.wav,4.807
NNM,M,Spk2,U_8e2ba3c40b,575_600,Nyanja_NNM_Spk2_U_8e2ba3c40b_Utterance_21,sindinafune kuti ndicite tero ananena kapitawo ocedwa dzina loti battleax polankhulapo pa nkhani zodziwika pa nthawi ngati iyi,Nyanja_NNM_Spk2_U_8e2ba3c40b_Utterance_21_575_600.wav,12.516
NNM,M,Spk2,U_8e2ba3c40b,575_600,Nyanja_NNM_Spk2_U_8e2ba3c40b_Utterance_22,kuli ndithu cifukwa cabwino colekera kucita mwapang'ono ndi kuganiza ngakhale ndi munthu osatengeka mtima padziko,Nyanja_NNM_Spk2_U_8e2ba3c40b_Utterance_22_575_600.wav,10.368
NNM,M,Spk2,U_8e2ba3c40b,575_600,Nyanja_NNM_Spk2_U_8e2ba3c40b_Utterance_23,zizakhala zilibe nchito kugwetsa mitu yao pansi nanena bweraninso pano pamwamba okondedwa anga,Nyanja_NNM_Spk2_U_8e2ba3c40b_Utterance_23_575_600.wav,8.429
NNM,M,Spk2,U_8e2ba3c40b,575_600,Nyanja_NNM_Spk2_U_8e2ba3c40b_Utterance_24,mkhalidwe wao wosiyana nawonso uonetsa ukulu ndi kutsiyana kosalepheleka,Nyanja_NNM_Spk2_U_8e2ba3c40b_Utterance_24_575_600.wav,7.697
NNM,M,Spk2,U_8e2ba3c40b,575_600,Nyanja_NNM_Spk2_U_8e2ba3c40b_Utterance_25,koma a kapitao bill sanayese mpang'ono ponse cifukwa iye anazindikira kuti kutero kunali kungotaya nthawi,Nyanja_NNM_Spk2_U_8e2ba3c40b_Utterance_25_575_600.wav,8.777
NNF,F,Spk9,U_0560b45fcd,425_450,Nyanja_NNF_Spk9_U_0560b45fcd_Utterance_1,paulo anyadira mpingo wace osati cifukwa ca kuyamikidwa kwace koma kuyamikidwa kwa ambuye,Nyanja_NNF_Spk9_U_0560b45fcd_Utterance_1_425_450.wav,6.548
NNF,F,Spk9,U_0560b45fcd,425_450,Nyanja_NNF_Spk9_U_0560b45fcd_Utterance_2,koma sindinu munthuamene adziwa kukonda  okendedwa wanga,Nyanja_NNF_Spk9_U_0560b45fcd_Utterance_2_425_450.wav,4.598
NNF,F,Spk9,U_0560b45fcd,425_450,Nyanja_NNF_Spk9_U_0560b45fcd_Utterance_3,alexander anaima nazigwedeza mokwiiya inde ndiziwa kuti ndine wamantha,Nyanja_NNF_Spk9_U_0560b45fcd_Utterance_3_425_450.wav,6.966
NNF,F,Spk9,U_0560b45fcd,425_450,Nyanja_NNF_Spk9_U_0560b45fcd_Utterance_4,oopani inu cifukwa ndizatsowa ndipo simuzandionanso,Nyanja_NNF_Spk9_U_0560b45fcd_Utterance_4_425_450.wav,4.563
NNF,F,Spk9,U_0560b45fcd,425_450,Nyanja_NNF_Spk9_U_0560b45fcd_Utterance_5,sungani mau anga muzamupeza ali olimba koposa kwa iwe aye ndipo wakuya kwambiri,Nyanja_NNF_Spk9_U_0560b45fcd_Utterance_5_425_450.wav,5.851
NNF,F,Spk9,U_0560b45fcd,425_450,Nyanja_NNF_Spk9_U_0560b45fcd_Utterance_6,khalani m'malo mwanu ndipo tione  cimene galasi litha kukuonetsani,Nyanja_NNF_Spk9_U_0560b45fcd_Utterance_6_425_450.wav,4.667
NNF,F,Spk9,U_0560b45fcd,425_450,Nyanja_NNF_Spk9_U_0560b45fcd_Utterance_7,mungathe kuyamba ndi kunyamula ndodo ndikulemba ma numbala,Nyanja_NNF_Spk9_U_0560b45fcd_Utterance_7_425_450.wav,4.667
NNF,F,Spk9,U_0560b45fcd,425_450,Nyanja_NNF_Spk9_U_0560b45fcd_Utterance_8,ndinali wofulumira kuti ndibwere kwa iwe wasiya citseko cako cosakhomedwa,Nyanja_NNF_Spk9_U_0560b45fcd_Utterance_8_425_450.wav,6.081
NNF,F,Spk9,U_0560b45fcd,425_450,Nyanja_NNF_Spk9_U_0560b45fcd_Utterance_9,ino tsopano ndi nthawi ya mpepo kunja kwa zitseko unaganiza mtengo,Nyanja_NNF_Spk9_U_0560b45fcd_Utterance_9_425_450.wav,4.772
NNF,F,Spk9,U_0560b45fcd,425_450,Nyanja_NNF_Spk9_U_0560b45fcd_Utterance_10,pamene ndinali munyamata wa cicepeele ndinali kuganiza kuti paulo anali kucita/kupanga zambiri mu utumiki wace,Nyanja_NNF_Spk9_U_0560b45fcd_Utterance_10_425_450.wav,4.191
NNF,F,Spk9,U_0560b45fcd,425_450,Nyanja_NNF_Spk9_U_0560b45fcd_Utterance_11,ndi zimenezi zomwe ndikukupempha kuti usinthe pa zooipa zimene wandicita,Nyanja_NNF_Spk9_U_0560b45fcd_Utterance_11_425_450.wav,5.108
NNF,F,Spk9,U_0560b45fcd,425_450,Nyanja_NNF_Spk9_U_0560b45fcd_Utterance_12,nthawi yonseyo imene ali kulankhula naine maso ake ang'ono-ang'ono ndiponso okwiya anali kundisata,Nyanja_NNF_Spk9_U_0560b45fcd_Utterance_12_425_450.wav,4.563
NNF,F,Spk9,U_0560b45fcd,425_450,Nyanja_NNF_Spk9_U_0560b45fcd_Utterance_13,ndikhumba kuti sindinalire kwambiri anatero alice ali kusambira pofuna kupeza pocookera,Nyanja_NNF_Spk9_U_0560b45fcd_Utterance_13_425_450.wav,5.108
NNF,F,Spk9,U_0560b45fcd,425_450,Nyanja_NNF_Spk9_U_0560b45fcd_Utterance_14,wokondedwa wanga ndiphunzitseko kukhala munthuoyamikira momwe iwe umacitira zabwino,Nyanja_NNF_Spk9_U_0560b45fcd_Utterance_14_425_450.wav,7.221
NNF,F,Spk9,U_0560b45fcd,425_450,Nyanja_NNF_Spk9_U_0560b45fcd_Utterance_15,ukali wa mzangayo sunacepelere kucokera pomwe analetsedwa kupezeka ku malo omwe iye anakondetsetsa omwe anali pafupi ndi kanjira kocedwa baker,Nyanja_NNF_Spk9_U_0560b45fcd_Utterance_15_425_450.wav,6.859
NNF,F,Spk9,U_0560b45fcd,425_450,Nyanja_NNF_Spk9_U_0560b45fcd_Utterance_16,ananvera kunjenjemera kwa cinthu cimene cinali cikuthamanga camaonekedwe a cikasu patsogoro pace,Nyanja_NNF_Spk9_U_0560b45fcd_Utterance_16_425_450.wav,6.246
NNF,F,Spk9,U_0560b45fcd,425_450,Nyanja_NNF_Spk9_U_0560b45fcd_Utterance_17,anakana poyamba kunva uphungu wosamala ici sicinali conyansa kulingana ndi cilengedwe ca mnyamatayu,Nyanja_NNF_Spk9_U_0560b45fcd_Utterance_17_425_450.wav,10.484
NNF,F,Spk9,U_0560b45fcd,425_450,Nyanja_NNF_Spk9_U_0560b45fcd_Utterance_18,kodi nciani khutu dziwa la madzi yoopsya kutengako mbali ku za cilengedwe,Nyanja_NNF_Spk9_U_0560b45fcd_Utterance_18_425_450.wav,7.651
NNF,F,Spk9,U_0560b45fcd,425_450,Nyanja_NNF_Spk9_U_0560b45fcd_Utterance_19,ngati zicitidwe za zinthu ndi zoletsedwa mwina kowawitsa sicikutanthauza kuti zicitidwezo ndi zosayenera,Nyanja_NNF_Spk9_U_0560b45fcd_Utterance_19_425_450.wav,8.197
NNF,F,Spk9,U_0560b45fcd,425_450,Nyanja_NNF_Spk9_U_0560b45fcd_Utterance_20,manyazi akugwireni nzika zinalira iye ine tinagwiridwa ndi manyazi cifukwa ca anzathu a ku nottingham,Nyanja_NNF_Spk9_U_0560b45fcd_Utterance_20_425_450.wav,5.689
NNF,F,Spk9,U_0560b45fcd,425_450,Nyanja_NNF_Spk9_U_0560b45fcd_Utterance_21,tsopano mungathe kumufunsa mafunso pa ukatukumeni dedalus,Nyanja_NNF_Spk9_U_0560b45fcd_Utterance_21_425_450.wav,8.51
NNF,F,Spk9,U_0560b45fcd,425_450,Nyanja_NNF_Spk9_U_0560b45fcd_Utterance_22,obvina a kaleacepetsedwa mzifuniro zao mkupita kwa nthawi,Nyanja_NNF_Spk9_U_0560b45fcd_Utterance_22_425_450.wav,7.419
NNF,F,Spk9,U_0560b45fcd,425_450,Nyanja_NNF_Spk9_U_0560b45fcd_Utterance_23,ndikupita ku bwalo ya milandu ball anayankha andalla,Nyanja_NNF_Spk9_U_0560b45fcd_Utterance_23_425_450.wav,5.05
NNF,F,Spk9,U_0560b45fcd,425_450,Nyanja_NNF_Spk9_U_0560b45fcd_Utterance_24,ndizabwera tsiku lina kuti ndizaonane ndi amuna anu ndifuna tikakambitsana pa za a kavalo,Nyanja_NNF_Spk9_U_0560b45fcd_Utterance_24_425_450.wav,3.692
NNF,F,Spk9,U_0560b45fcd,425_450,Nyanja_NNF_Spk9_U_0560b45fcd_Utterance_25,anathamangira mu mitengo naimitsa mzibambo wamtali ndi olimba koma ooonda,Nyanja_NNF_Spk9_U_0560b45fcd_Utterance_25_425_450.wav,4.667
NNF,F,Spk9,U_0560b45fcd,400_425,Nyanja_NNF_Spk9_U_0560b45fcd_Utterance_1,tsistsi yace inali yaulutsi wofilira ndipo inagwera mu khosi mwace zomangidwa zace zita oneka bwino,Nyanja_NNF_Spk9_U_0560b45fcd_Utterance_1_400_425.wav,7.86
NNF,F,Spk9,U_0560b45fcd,400_425,Nyanja_NNF_Spk9_U_0560b45fcd_Utterance_2,kuli m'modzi ndipo kulinso wina osedwa dudley ndi flint,Nyanja_NNF_Spk9_U_0560b45fcd_Utterance_2_400_425.wav,4.587
NNF,F,Spk9,U_0560b45fcd,400_425,Nyanja_NNF_Spk9_U_0560b45fcd_Utterance_3,pali izi madame anaceuka nazungulusa maso ace modabwa ca kumene kunali comte mofuna kuona cinali kucitika,Nyanja_NNF_Spk9_U_0560b45fcd_Utterance_3_400_425.wav,9.756
NNF,F,Spk9,U_0560b45fcd,400_425,Nyanja_NNF_Spk9_U_0560b45fcd_Utterance_4,mobwereza anasakira maganizo ace osati mopanda phindu ngati poyamba,Nyanja_NNF_Spk9_U_0560b45fcd_Utterance_4_400_425.wav,5.433
NNF,F,Spk9,U_0560b45fcd,400_425,Nyanja_NNF_Spk9_U_0560b45fcd_Utterance_5,tiyeni tinve zoganizirazo ndizafunafuna ambuni,Nyanja_NNF_Spk9_U_0560b45fcd_Utterance_5_400_425.wav,3.814
NNF,F,Spk9,U_0560b45fcd,400_425,Nyanja_NNF_Spk9_U_0560b45fcd_Utterance_6,kweni kweni sindiganiza kuti mwina anadziwa zambiri za izo bambo holmes,Nyanja_NNF_Spk9_U_0560b45fcd_Utterance_6_400_425.wav,4.969
NNF,F,Spk9,U_0560b45fcd,400_425,Nyanja_NNF_Spk9_U_0560b45fcd_Utterance_7,ndimatopa nazo kuona azibambo ndi akavalo akuyenda-yenda akuyenda-yenda,Nyanja_NNF_Spk9_U_0560b45fcd_Utterance_7_400_425.wav,5.294
NNF,F,Spk9,U_0560b45fcd,400_425,Nyanja_NNF_Spk9_U_0560b45fcd_Utterance_8,mu kuumitsa kwanga ndinasemera mcira pamwamba monga ngati ndi mutu,Nyanja_NNF_Spk9_U_0560b45fcd_Utterance_8_400_425.wav,5.573
NNF,F,Spk9,U_0560b45fcd,400_425,Nyanja_NNF_Spk9_U_0560b45fcd_Utterance_9,kulibe zina zambiri kopotsa izi kulibe ngakhale nzanja kumene ingathe kuikidwako,Nyanja_NNF_Spk9_U_0560b45fcd_Utterance_9_400_425.wav,6.827
NNF,F,Spk9,U_0560b45fcd,400_425,Nyanja_NNF_Spk9_U_0560b45fcd_Utterance_10,zithunzi-thunzi ca bwato/ngalawa cinali kuooneka poyera pa mwamba pa mafunde,Nyanja_NNF_Spk9_U_0560b45fcd_Utterance_10_400_425.wav,5.623
NNF,F,Spk9,U_0560b45fcd,400_425,Nyanja_NNF_Spk9_U_0560b45fcd_Utterance_11,anali kufuna kuonako ma buku atsopano ndi magazini ndi zolankhulapo za achifundo odziwika ndi zosinta zina,Nyanja_NNF_Spk9_U_0560b45fcd_Utterance_11_400_425.wav,9.242
NNF,F,Spk9,U_0560b45fcd,400_425,Nyanja_NNF_Spk9_U_0560b45fcd_Utterance_12,chimbalangondo  anagwedeza mbari za thupi lace ndipo mau odziwika anayankha,Nyanja_NNF_Spk9_U_0560b45fcd_Utterance_12_400_425.wav,6.594
NNF,F,Spk9,U_0560b45fcd,400_425,Nyanja_NNF_Spk9_U_0560b45fcd_Utterance_13,ndicabwino kuti iwe ulankhule bambo okalamba anayankha nyancito okwiya,Nyanja_NNF_Spk9_U_0560b45fcd_Utterance_13_400_425.wav,6.92
NNF,F,Spk9,U_0560b45fcd,400_425,Nyanja_NNF_Spk9_U_0560b45fcd_Utterance_14,mwatsopano iye alumpha pansi pa cipinda cake ndi mapondedwe anzeru,Nyanja_NNF_Spk9_U_0560b45fcd_Utterance_14_400_425.wav,6.177
NNF,F,Spk9,U_0560b45fcd,400_425,Nyanja_NNF_Spk9_U_0560b45fcd_Utterance_15,analankhula wopelekedza atalephera kudikila ndipo unali iwe umene ndinapatsa kacola moika ndalama zanga,Nyanja_NNF_Spk9_U_0560b45fcd_Utterance_15_400_425.wav,8.684
NNF,F,Spk9,U_0560b45fcd,400_425,Nyanja_NNF_Spk9_U_0560b45fcd_Utterance_16,hakoni kuzakhala nthawi zonse mlimi mzako,Nyanja_NNF_Spk9_U_0560b45fcd_Utterance_16_400_425.wav,3.715
NNF,F,Spk9,U_0560b45fcd,400_425,Nyanja_NNF_Spk9_U_0560b45fcd_Utterance_17,pothera peni peni kuphatikidzidwa ka thonje kunaoneka kwa ena aliyense ngati cilungamo cotsimikidzidwa ndipo cina konzedwa kupita ku boma la pamwamba,Nyanja_NNF_Spk9_U_0560b45fcd_Utterance_17_400_425.wav,13.723
NNF,F,Spk9,U_0560b45fcd,400_425,Nyanja_NNF_Spk9_U_0560b45fcd_Utterance_18,zizindikiro zosaoneka zonse za nkhani imeniyi za zocitika za panopa zaonetsedwa kale,Nyanja_NNF_Spk9_U_0560b45fcd_Utterance_18_400_425.wav,8.382
NNF,F,Spk9,U_0560b45fcd,400_425,Nyanja_NNF_Spk9_U_0560b45fcd_Utterance_19,pamenepo lake anaseka mosakweza mau  ali kupenyabe pa khadi ya masewera a njuga ndi maso ace ochenjera,Nyanja_NNF_Spk9_U_0560b45fcd_Utterance_19_400_425.wav,9.056
NNF,F,Spk9,U_0560b45fcd,400_425,Nyanja_NNF_Spk9_U_0560b45fcd_Utterance_20,ngati nzika yapadera ndizakhala ngati cisanzo camwambo poti ngati sininacite tero zimenezo zinghalete mabvuto oopysa,Nyanja_NNF_Spk9_U_0560b45fcd_Utterance_20_400_425.wav,10.983
NNF,F,Spk9,U_0560b45fcd,400_425,Nyanja_NNF_Spk9_U_0560b45fcd_Utterance_21,thonje ndi cinthu cabwino si anyamata iye anatero poyamba,Nyanja_NNF_Spk9_U_0560b45fcd_Utterance_21_400_425.wav,4.853
NNF,F,Spk9,U_0560b45fcd,400_425,Nyanja_NNF_Spk9_U_0560b45fcd_Utterance_22,bill harmon anakuwa mokweza kwa akazi ace pamene anali kupita pa holo yotsanikidwa bwino,Nyanja_NNF_Spk9_U_0560b45fcd_Utterance_22_400_425.wav,7.338
NNF,F,Spk9,U_0560b45fcd,400_425,Nyanja_NNF_Spk9_U_0560b45fcd_Utterance_23,inde wokondedwa wanga watson ndakwanitsa kuziwa cinsinsi (zobisika),Nyanja_NNF_Spk9_U_0560b45fcd_Utterance_23_400_425.wav,4.551
NNF,F,Spk9,U_0560b45fcd,400_425,Nyanja_NNF_Spk9_U_0560b45fcd_Utterance_24,inde ndakhala kuno pa kotala wa ola ino anayankha la vallierie,Nyanja_NNF_Spk9_U_0560b45fcd_Utterance_24_400_425.wav,5.433
NNF,F,Spk9,U_0560b45fcd,400_425,Nyanja_NNF_Spk9_U_0560b45fcd_Utterance_25,sindingathe kupweteka ciliconse ndidzindikila sitizasokoneza cina cili conse munjira iliyonse,Nyanja_NNF_Spk9_U_0560b45fcd_Utterance_25_400_425.wav,7.982
NNF,F,Spk8,U_c9d2ed2214,350_375,Nyanja_NNF_Spk8_U_c9d2ed2214_Utterance_1,ngale zidaona mwadala koma sizidafunekupanga cibwenzi,Nyanja_NNF_Spk8_U_c9d2ed2214_Utterance_1_350_375.wav,9.276
NNF,F,Spk8,U_c9d2ed2214,350_375,Nyanja_NNF_Spk8_U_c9d2ed2214_Utterance_2,ai jasper ndiyenera kupita ine ndekha,Nyanja_NNF_Spk8_U_c9d2ed2214_Utterance_2_350_375.wav,6.467
NNF,F,Spk8,U_c9d2ed2214,350_375,Nyanja_NNF_Spk8_U_c9d2ed2214_Utterance_3,matsku khumi adapitapo mkukambilana koma mzimu wofuna kubwezera coipa unalepheletsa kupeza cinvano cabwino,Nyanja_NNF_Spk8_U_c9d2ed2214_Utterance_3_350_375.wav,19.428
NNF,F,Spk8,U_c9d2ed2214,350_375,Nyanja_NNF_Spk8_U_c9d2ed2214_Utterance_4,kodi mu dziwa za nyanja ai sindingathe kunena koma iye azalephera posacedwa ndi umoyo wa mcalo cino,Nyanja_NNF_Spk8_U_c9d2ed2214_Utterance_4_350_375.wav,16.521
NNF,F,Spk8,U_c9d2ed2214,350_375,Nyanja_NNF_Spk8_U_c9d2ed2214_Utterance_5,ndipo zitsulo zoikiwa zija zinali kugwira nchito ndipo inali imodzi mwa  malo atatu amene anaikidwa mu dziko lino,Nyanja_NNF_Spk8_U_c9d2ed2214_Utterance_5_350_375.wav,21.86
NNF,F,Spk8,U_c9d2ed2214,350_375,Nyanja_NNF_Spk8_U_c9d2ed2214_Utterance_6,siungathe ku cipedza mu laibulale yocedwa astor,Nyanja_NNF_Spk8_U_c9d2ed2214_Utterance_6_350_375.wav,8.417
NNF,F,Spk8,U_c9d2ed2214,350_375,Nyanja_NNF_Spk8_U_c9d2ed2214_Utterance_7,anali mweenye amene chithunzi ca kuda cake cidaonekera mwadzidzidzi pa khungu lace,Nyanja_NNF_Spk8_U_c9d2ed2214_Utterance_7_350_375.wav,14.083
NNF,F,Spk8,U_c9d2ed2214,350_375,Nyanja_NNF_Spk8_U_c9d2ed2214_Utterance_8,wopelekedzayo anathandidzira kuwalowetsa onsewo nalowa iye yekha mwansanga,Nyanja_NNF_Spk8_U_c9d2ed2214_Utterance_8_350_375.wav,17.216
NNF,F,Spk8,U_c9d2ed2214,350_375,Nyanja_NNF_Spk8_U_c9d2ed2214_Utterance_9,ku zokhuzana ndi zaka zace ndi dzina ya abwana ace zolankhula za yakobo zinasiyana penapace ndinkhani yotsatsa malonda,Nyanja_NNF_Spk8_U_c9d2ed2214_Utterance_9_350_375.wav,26.541
NNF,F,Spk8,U_c9d2ed2214,350_375,Nyanja_NNF_Spk8_U_c9d2ed2214_Utterance_10,kunali kukaana kwapamodzi pa ici ndi zina zace zimene iye anamatsulitra,Nyanja_NNF_Spk8_U_c9d2ed2214_Utterance_10_350_375.wav,14.768
NNF,F,Spk8,U_c9d2ed2214,350_375,Nyanja_NNF_Spk8_U_c9d2ed2214_Utterance_11,ai ai ai totty ug nyowetsani mapadzi ake anatero poyser ali kutenga nsimbi zace,Nyanja_NNF_Spk8_U_c9d2ed2214_Utterance_11_350_375.wav,16.173
NNF,F,Spk8,U_c9d2ed2214,350_375,Nyanja_NNF_Spk8_U_c9d2ed2214_Utterance_12,usapite ndikunenetsa kuti utsiku uno ndi wotsekemera,Nyanja_NNF_Spk8_U_c9d2ed2214_Utterance_12_350_375.wav,10.24
NNF,F,Spk8,U_c9d2ed2214,350_375,Nyanja_NNF_Spk8_U_c9d2ed2214_Utterance_13,iyo si ncito yaikulu ku munthuamene amathamanga kuno ndakhala ndikupita ku walale ndikubwera,Nyanja_NNF_Spk8_U_c9d2ed2214_Utterance_13_350_375.wav,21.339
NNF,F,Spk8,U_c9d2ed2214,350_375,Nyanja_NNF_Spk8_U_c9d2ed2214_Utterance_14,bartley anawelama natenga dzanja lace kuuika m'manja mwake ali kupsopsyona pa kamwa pace ndi maso ace otoopa ndiponso onyowa,Nyanja_NNF_Spk8_U_c9d2ed2214_Utterance_14_350_375.wav,25.101
NNF,F,Spk8,U_c9d2ed2214,350_375,Nyanja_NNF_Spk8_U_c9d2ed2214_Utterance_15,cinthu cacikulu cimene angathe kunena ndi cakuti anali atatumidwa ndi ena,Nyanja_NNF_Spk8_U_c9d2ed2214_Utterance_15_350_375.wav,14.025
NNF,F,Spk8,U_c9d2ed2214,350_375,Nyanja_NNF_Spk8_U_c9d2ed2214_Utterance_16,ayenera kusamalira malo ocitilako ma opaleshoni kopotsa kupambane mmene anali kusungilako,Nyanja_NNF_Spk8_U_c9d2ed2214_Utterance_16_350_375.wav,1.974
NNF,F,Spk8,U_c9d2ed2214,350_375,Nyanja_NNF_Spk8_U_c9d2ed2214_Utterance_17,ici iye ananena kuti ndi kusungidwa bwino kwa alendo zoona ndipo sindidziwa ngati kuti mwina sindinagwirizane naye pa ico,Nyanja_NNF_Spk8_U_c9d2ed2214_Utterance_17_350_375.wav,21.339
NNF,F,Spk8,U_c9d2ed2214,350_375,Nyanja_NNF_Spk8_U_c9d2ed2214_Utterance_18,ndipemphere cipinda ca mkulu wa apolisi mwana iwe mwansanga,Nyanja_NNF_Spk8_U_c9d2ed2214_Utterance_18_350_375.wav,10.972
NNF,F,Spk8,U_c9d2ed2214,350_375,Nyanja_NNF_Spk8_U_c9d2ed2214_Utterance_19,iye anazimvetsera napeza cinsalu cakuda ca mfitiyo wopelekedzayo anakhala ndi mantha kopoosa,Nyanja_NNF_Spk8_U_c9d2ed2214_Utterance_19_350_375.wav,1.347
NNF,F,Spk8,U_c9d2ed2214,350_375,Nyanja_NNF_Spk8_U_c9d2ed2214_Utterance_20,kotero azakuphunzitsani njira za cidule zoceepa kutacha m'mawa,Nyanja_NNF_Spk8_U_c9d2ed2214_Utterance_20_350_375.wav,11.204
NNF,F,Spk8,U_c9d2ed2214,350_375,Nyanja_NNF_Spk8_U_c9d2ed2214_Utterance_21,mwatilandila ndi ulemu onsewo ndi citsamaliro cabwino zimene mkhalidwe wanu ku mangalande udziwikilamo,Nyanja_NNF_Spk8_U_c9d2ed2214_Utterance_21_350_375.wav,17.787
NNF,F,Spk8,U_c9d2ed2214,350_375,Nyanja_NNF_Spk8_U_c9d2ed2214_Utterance_22,kodi tikudziwitsitsa phiri pamene sitinadziwe bwino lomwe nyumba imene tikhalamo,Nyanja_NNF_Spk8_U_c9d2ed2214_Utterance_22_350_375.wav,13.502
NNF,F,Spk8,U_c9d2ed2214,350_375,Nyanja_NNF_Spk8_U_c9d2ed2214_Utterance_23,wina aliyense mu cipinda anali ololedwa kutuluka indetu bambo,Nyanja_NNF_Spk8_U_c9d2ed2214_Utterance_23_350_375.wav,10.298
NNF,F,Spk8,U_c9d2ed2214,350_375,Nyanja_NNF_Spk8_U_c9d2ed2214_Utterance_24,kwa ine ukukhala wolankhula-lankhula tunkhani unc anatero wa zamatsenga amene anasangalala ndi zomwe anauzidwa,Nyanja_NNF_Spk8_U_c9d2ed2214_Utterance_24_350_375.wav,16.753
NNF,F,Spk8,U_c9d2ed2214,350_375,Nyanja_NNF_Spk8_U_c9d2ed2214_Utterance_25,ndine okondwera poti wacikonda anatero wylder akusekalapo  mwapangang'ono atapititsa dzanja lake pamwamba pa mapewa ace,Nyanja_NNF_Spk8_U_c9d2ed2214_Utterance_25_350_375.wav,22.744
NNF,F,Spk8,U_c9d2ed2214,375_400,Nyanja_NNF_Spk8_U_c9d2ed2214_Utterance_1,conde osati madzina aianatero holmes pamene tinagogoda pa chitseko ca gilhrist,Nyanja_NNF_Spk8_U_c9d2ed2214_Utterance_1_375_400.wav,13.906
NNF,F,Spk8,U_c9d2ed2214,375_400,Nyanja_NNF_Spk8_U_c9d2ed2214_Utterance_2,sindidziwa za wina aliyense amene angacite zinthu mokomera iye,Nyanja_NNF_Spk8_U_c9d2ed2214_Utterance_2_375_400.wav,10.495
NNF,F,Spk8,U_c9d2ed2214,375_400,Nyanja_NNF_Spk8_U_c9d2ed2214_Utterance_3,wotsogolera mpingo sanapemphe chiphunzitso ca cipembedzo kumva zophunzitsidwa kumeneko,Nyanja_NNF_Spk8_U_c9d2ed2214_Utterance_3_375_400.wav,15.105
NNF,F,Spk8,U_c9d2ed2214,375_400,Nyanja_NNF_Spk8_U_c9d2ed2214_Utterance_4,kukhuzana ndi nkhani ya ukabwalala wanga umene ndinabela,Nyanja_NNF_Spk8_U_c9d2ed2214_Utterance_4_375_400.wav,9.172
NNF,F,Spk8,U_c9d2ed2214,375_400,Nyanja_NNF_Spk8_U_c9d2ed2214_Utterance_5,panthawi yomweyo mbuzi inalumpha nathawa atsilikali  ndi mutu wowerama anathamangira kwa a boolooroo,Nyanja_NNF_Spk8_U_c9d2ed2214_Utterance_5_375_400.wav,19.191
NNF,F,Spk8,U_c9d2ed2214,375_400,Nyanja_NNF_Spk8_U_c9d2ed2214_Utterance_6,malamulo amene ali pakati pathu ndi ofanana ndi aja omwe analiko kale,Nyanja_NNF_Spk8_U_c9d2ed2214_Utterance_6_375_400.wav,12.26
NNF,F,Spk8,U_c9d2ed2214,375_400,Nyanja_NNF_Spk8_U_c9d2ed2214_Utterance_7,kukufunsani mafunso ambiri inu ndikhulupilira cingakhale cinthu cosakuyenelani,Nyanja_NNF_Spk8_U_c9d2ed2214_Utterance_7_375_400.wav,13.92
NNF,F,Spk8,U_c9d2ed2214,375_400,Nyanja_NNF_Spk8_U_c9d2ed2214_Utterance_8,kodi siuzathamangira mnyumbamo ndi kuona ngati malita kusungako mmdzakazi/wotumikira mmodzi kapena awiri,Nyanja_NNF_Spk8_U_c9d2ed2214_Utterance_8_375_400.wav,19.667
NNF,F,Spk8,U_c9d2ed2214,375_400,Nyanja_NNF_Spk8_U_c9d2ed2214_Utterance_9,ndipo ndi ika olonda pa inu nonse mu nyumbamo,Nyanja_NNF_Spk8_U_c9d2ed2214_Utterance_9_375_400.wav,7.523
NNF,F,Spk8,U_c9d2ed2214,375_400,Nyanja_NNF_Spk8_U_c9d2ed2214_Utterance_10,thamanga mobwelera kumweko uncas ndipo undibweletsere ukuulu wa wa mendo ya oimba,Nyanja_NNF_Spk8_U_c9d2ed2214_Utterance_10_375_400.wav,15.569
NNF,F,Spk8,U_c9d2ed2214,375_400,Nyanja_NNF_Spk8_U_c9d2ed2214_Utterance_11,kudziwika a timaeus aonetsa kumbadwa ndi mwapang'ono cifukwa ca,Nyanja_NNF_Spk8_U_c9d2ed2214_Utterance_11_375_400.wav,11.122
NNF,F,Spk8,U_c9d2ed2214,375_400,Nyanja_NNF_Spk8_U_c9d2ed2214_Utterance_12,paulo akunenetsa kuti atumwi aboza (onyenga) sanaitanidwe kapena kutumidwa ndi anthu kapena muntrhuy,Nyanja_NNF_Spk8_U_c9d2ed2214_Utterance_12_375_400.wav,11.656
NNF,F,Spk8,U_c9d2ed2214,375_400,Nyanja_NNF_Spk8_U_c9d2ed2214_Utterance_13,kodi ndani emwe anakuphunzitsa kukolopa pansi ndingakonde kudziwa,Nyanja_NNF_Spk8_U_c9d2ed2214_Utterance_13_375_400.wav,11.889
NNF,F,Spk8,U_c9d2ed2214,375_400,Nyanja_NNF_Spk8_U_c9d2ed2214_Utterance_14,ciyambi cace cinali ka cilombo kamatenda ka kang'ono kambeu kopanda phindu kamene sikanaganidzilidwe kuti mwina kangayambitse ndale,Nyanja_NNF_Spk8_U_c9d2ed2214_Utterance_14_375_400.wav,24.108
NNF,F,Spk8,U_c9d2ed2214,375_400,Nyanja_NNF_Spk8_U_c9d2ed2214_Utterance_15,kodi uganiza kuti coyelekedzera cija cinali ndendende ndi cinthu cimodzi-modzico,Nyanja_NNF_Spk8_U_c9d2ed2214_Utterance_15_375_400.wav,13.886
NNF,F,Spk8,U_c9d2ed2214,375_400,Nyanja_NNF_Spk8_U_c9d2ed2214_Utterance_16,ngati kuti ali pafupi pa famu pano tinghathe kumuitana mu mphindi imodzi,Nyanja_NNF_Spk8_U_c9d2ed2214_Utterance_16_375_400.wav,13.108
NNF,F,Spk8,U_c9d2ed2214,375_400,Nyanja_NNF_Spk8_U_c9d2ed2214_Utterance_17,mwatsoka ndakhala ndikulira kotero kuti ndicapatali kuti ndingathe kukondedwa,Nyanja_NNF_Spk8_U_c9d2ed2214_Utterance_17_375_400.wav,14.025
NNF,F,Spk8,U_c9d2ed2214,375_400,Nyanja_NNF_Spk8_U_c9d2ed2214_Utterance_18,naomi anawalata ndi cala cake capakati pa mwaukali ngati kuti mwina alimi aja acinyamata awiri anali ana acicepeele awiri,Nyanja_NNF_Spk8_U_c9d2ed2214_Utterance_18_375_400.wav,23.336
NNF,F,Spk8,U_c9d2ed2214,375_400,Nyanja_NNF_Spk8_U_c9d2ed2214_Utterance_19,anatseka dzenera ngati mwina mpepo ndiyolema,Nyanja_NNF_Spk8_U_c9d2ed2214_Utterance_19_375_400.wav,8.44
NNF,F,Spk8,U_c9d2ed2214,375_400,Nyanja_NNF_Spk8_U_c9d2ed2214_Utterance_20,pa mayambidwe sindinadziwe njira yoyambira,Nyanja_NNF_Spk8_U_c9d2ed2214_Utterance_20_375_400.wav,7.454
NNF,F,Spk8,U_c9d2ed2214,375_400,Nyanja_NNF_Spk8_U_c9d2ed2214_Utterance_21,koma mau owongezera pa ulendo wonse,Nyanja_NNF_Spk8_U_c9d2ed2214_Utterance_21_375_400.wav,6.072
NNF,F,Spk8,U_c9d2ed2214,375_400,Nyanja_NNF_Spk8_U_c9d2ed2214_Utterance_22,osati cifukwa ca kalilole kapena ufumu kapena ubwino wathu koma pa macimo athu,Nyanja_NNF_Spk8_U_c9d2ed2214_Utterance_22_375_400.wav,13.015
NNF,F,Spk8,U_c9d2ed2214,375_400,Nyanja_NNF_Spk8_U_c9d2ed2214_Utterance_23,choncho mita ya edisoni imene iona pa za magetsi sili kugwilitsidwa nchito ngakhale kuti ili ndi zokoma zabwino,Nyanja_NNF_Spk8_U_c9d2ed2214_Utterance_23_375_400.wav,18.773
NNF,F,Spk8,U_c9d2ed2214,375_400,Nyanja_NNF_Spk8_U_c9d2ed2214_Utterance_24,maganizo amenewa anandikwiitsa tsiku lonse ndipo kulingalira kwanga sikunathe kwa maola ambiri pomwe ntagona,Nyanja_NNF_Spk8_U_c9d2ed2214_Utterance_24_375_400.wav,17.392
NNF,F,Spk8,U_c9d2ed2214,375_400,Nyanja_NNF_Spk8_U_c9d2ed2214_Utterance_25,koma mtengo sunakondwere konse unakura  ndi kukura ndipo unabiliwira nthawi ya dzinja ndi chilimwe,Nyanja_NNF_Spk8_U_c9d2ed2214_Utterance_25_375_400.wav,11.413
NNF,F,Spk4,U_764d733fee,150_175,Nyanja_NNF_Spk4_U_764d733fee_Utterance_1,pa nali pa kona pemene anagona pakati pa zomera zosayenera ndi maluwa a minga,Nyanja_NNF_Spk4_U_764d733fee_Utterance_1_150_175.wav,7.685
NNF,F,Spk4,U_764d733fee,150_175,Nyanja_NNF_Spk4_U_764d733fee_Utterance_2,sindingakhale odabwa kuti angathe kuseka nndi ine pali nthawi ino,Nyanja_NNF_Spk4_U_764d733fee_Utterance_2_150_175.wav,6.425
NNF,F,Spk4,U_764d733fee,150_175,Nyanja_NNF_Spk4_U_764d733fee_Utterance_3,iye anali pan'gono kuiwalako kuti cinali pafupi ndi poonekera,Nyanja_NNF_Spk4_U_764d733fee_Utterance_3_150_175.wav,6.77
NNF,F,Spk4,U_764d733fee,150_175,Nyanja_NNF_Spk4_U_764d733fee_Utterance_4,azibambo nonsenu bwelerani  ku maalo kumene mukugwirira nchito pamene saint aigani ndi villeroy anali kupita,Nyanja_NNF_Spk4_U_764d733fee_Utterance_4_150_175.wav,9.875
NNF,F,Spk4,U_764d733fee,150_175,Nyanja_NNF_Spk4_U_764d733fee_Utterance_5,momwemo sire koma ndiyenera kukhala ndi ndalama zocitila zomwezo,Nyanja_NNF_Spk4_U_764d733fee_Utterance_5_150_175.wav,6.305
NNF,F,Spk4,U_764d733fee,150_175,Nyanja_NNF_Spk4_U_764d733fee_Utterance_6,ici ciyenera kupita patali mukulekatsa atumwi aboza  kulankhula,Nyanja_NNF_Spk4_U_764d733fee_Utterance_6_150_175.wav,6.41
NNF,F,Spk4,U_764d733fee,150_175,Nyanja_NNF_Spk4_U_764d733fee_Utterance_7,uyu ndiye amene anacita zosayenera kulingana ndi nkhani yothawa,Nyanja_NNF_Spk4_U_764d733fee_Utterance_7_150_175.wav,6.23
NNF,F,Spk4,U_764d733fee,150_175,Nyanja_NNF_Spk4_U_764d733fee_Utterance_8,ndinali kuganiza kuti mwina mlongo wanga kate mwina msuweni wanga maiko ali kunvana,Nyanja_NNF_Spk4_U_764d733fee_Utterance_8_150_175.wav,8.57
NNF,F,Spk4,U_764d733fee,150_175,Nyanja_NNF_Spk4_U_764d733fee_Utterance_9,kodi ndi miyendo ya yani imene ili ngati miyenda ya phunzi pansi pace ngati manja ya muyayayaya,Nyanja_NNF_Spk4_U_764d733fee_Utterance_9_150_175.wav,8.345
NNF,F,Spk4,U_764d733fee,150_175,Nyanja_NNF_Spk4_U_764d733fee_Utterance_10,kodi uganiza kuti mulungu cifukwa ca ma calichi otsutsa chalichi ya lutheran (a chikunja) ochepa angathe ku kaana ndi chalichi yake yonse,Nyanja_NNF_Spk4_U_764d733fee_Utterance_10_150_175.wav,12.485
NNF,F,Spk4,U_764d733fee,150_175,Nyanja_NNF_Spk4_U_764d733fee_Utterance_11,anali kuyendayenda mozungulira mu cipinda cace,Nyanja_NNF_Spk4_U_764d733fee_Utterance_11_150_175.wav,5.045
NNF,F,Spk4,U_764d733fee,150_175,Nyanja_NNF_Spk4_U_764d733fee_Utterance_12,m'cipinda muno ndi mothuma kwambiri kotero kuti sitingathe kuimbiramo kodi simuli kunva kuthumako,Nyanja_NNF_Spk4_U_764d733fee_Utterance_12_150_175.wav,9.245
NNF,F,Spk4,U_764d733fee,150_175,Nyanja_NNF_Spk4_U_764d733fee_Utterance_13,kulingana ndi kukhulupilira kwanga iwowa anatengedwa,Nyanja_NNF_Spk4_U_764d733fee_Utterance_13_150_175.wav,5.885
NNF,F,Spk4,U_764d733fee,150_175,Nyanja_NNF_Spk4_U_764d733fee_Utterance_14,alexanda anapita namsegulira dzenera,Nyanja_NNF_Spk4_U_764d733fee_Utterance_14_150_175.wav,4.805
NNF,F,Spk4,U_764d733fee,150_175,Nyanja_NNF_Spk4_U_764d733fee_Utterance_15,kodi ndi ciani cingacitike ku mfuti yako nitakutenga mwakamkole,Nyanja_NNF_Spk4_U_764d733fee_Utterance_15_150_175.wav,6.095
NNF,F,Spk4,U_764d733fee,150_175,Nyanja_NNF_Spk4_U_764d733fee_Utterance_16,nthaka singaleke kulingana mumaonekedwe ndi ndende,Nyanja_NNF_Spk4_U_764d733fee_Utterance_16_150_175.wav,5.57
NNF,F,Spk4,U_764d733fee,150_175,Nyanja_NNF_Spk4_U_764d733fee_Utterance_17,margaret bolton anali pafupi kutaya mwapa nthawi yocepa mkhalidwe wace woleza mtima,Nyanja_NNF_Spk4_U_764d733fee_Utterance_17_150_175.wav,8.09
NNF,F,Spk4,U_764d733fee,150_175,Nyanja_NNF_Spk4_U_764d733fee_Utterance_18,atchison amene anali kulankhula ndi gulu ya ocita ciwawa mwapatali anaika mfuti zace ziwiri ndi kuwaphunzitsa pa zimenezo,Nyanja_NNF_Spk4_U_764d733fee_Utterance_18_150_175.wav,11.855
NNF,F,Spk4,U_764d733fee,150_175,Nyanja_NNF_Spk4_U_764d733fee_Utterance_19,koma ndinakhala mu nyengo ya masika ndipo ndinakonzanso  bwato,Nyanja_NNF_Spk4_U_764d733fee_Utterance_19_150_175.wav,6.53
NNF,F,Spk4,U_764d733fee,150_175,Nyanja_NNF_Spk4_U_764d733fee_Utterance_20,usade nkhawa nazo pali lero anatero kapitawo tizalankhuzana pa izo nthawi ina,Nyanja_NNF_Spk4_U_764d733fee_Utterance_20_150_175.wav,7.805
NNF,F,Spk4,U_764d733fee,150_175,Nyanja_NNF_Spk4_U_764d733fee_Utterance_21,ai lekani iyeyo abwere nayenso anatero mopempha ndikonda kwambiri kumuona pafupi ndi nyumba yakale ija,Nyanja_NNF_Spk4_U_764d733fee_Utterance_21_150_175.wav,9.23
NNF,F,Spk4,U_764d733fee,150_175,Nyanja_NNF_Spk4_U_764d733fee_Utterance_22,kumapeto kwace anawatulukamo na pukuta kumaso kwace mwamphanvu,Nyanja_NNF_Spk4_U_764d733fee_Utterance_22_150_175.wav,9.98
NNF,F,Spk4,U_764d733fee,150_175,Nyanja_NNF_Spk4_U_764d733fee_Utterance_23,usayesa ndi kuganizira pang'ono kuti mwina sukulu ya ci gothic ndiyopusa/ndiyopweeka,Nyanja_NNF_Spk4_U_764d733fee_Utterance_23_150_175.wav,6.005
NNF,F,Spk4,U_764d733fee,150_175,Nyanja_NNF_Spk4_U_764d733fee_Utterance_24,pangopita cabe masabata awiri ndipo ndakhalako kwa ka nthawi ndithu,Nyanja_NNF_Spk4_U_764d733fee_Utterance_24_150_175.wav,5.93
NNF,F,Spk4,U_764d733fee,150_175,Nyanja_NNF_Spk4_U_764d733fee_Utterance_25,koma ndinena kuti ndiyenera kupatsidwa njedza wanga pasanapite nthawi,Nyanja_NNF_Spk4_U_764d733fee_Utterance_25_150_175.wav,6.605
NNF,F,Spk4,U_764d733fee,175_200,Nyanja_NNF_Spk4_U_764d733fee_Utterance_1,pa mpando mu kona pataliko panali anthu owerengeka ali ataungikana pamodzi,Nyanja_NNF_Spk4_U_764d733fee_Utterance_1_175_200.wav,7.55
NNF,F,Spk4,U_764d733fee,175_200,Nyanja_NNF_Spk4_U_764d733fee_Utterance_2,ngakhale zinali tero ndinali ntango bwelera ku ulendo wautali ntatopa ndiponso ndili ofuna kupuuma konenetsa,Nyanja_NNF_Spk4_U_764d733fee_Utterance_2_175_200.wav,10.19
NNF,F,Spk4,U_764d733fee,175_200,Nyanja_NNF_Spk4_U_764d733fee_Utterance_3,ka dzuwa kowalako ndi kuunika uku ndizokongola ndipo zoyenerera zonvera zathu za mthupi,Nyanja_NNF_Spk4_U_764d733fee_Utterance_3_175_200.wav,7.25
NNF,F,Spk4,U_764d733fee,175_200,Nyanja_NNF_Spk4_U_764d733fee_Utterance_4,sindiganiza kuti  kuyerekedza kotero ndi kololedwa,Nyanja_NNF_Spk4_U_764d733fee_Utterance_4_175_200.wav,4.535
NNF,F,Spk4,U_764d733fee,175_200,Nyanja_NNF_Spk4_U_764d733fee_Utterance_5,motero maonekedwe ace zingathe kubisa umboni wa mantha manja awa anasimba nkhani ina,Nyanja_NNF_Spk4_U_764d733fee_Utterance_5_175_200.wav,7.835
NNF,F,Spk4,U_764d733fee,175_200,Nyanja_NNF_Spk4_U_764d733fee_Utterance_6,aoneka ngati tatsowa koma sindikutsimikidza,Nyanja_NNF_Spk4_U_764d733fee_Utterance_6_175_200.wav,4.805
NNF,F,Spk4,U_764d733fee,175_200,Nyanja_NNF_Spk4_U_764d733fee_Utterance_7,anali ndi zoganiza zina zobvuta khilisimisi imeneyi,Nyanja_NNF_Spk4_U_764d733fee_Utterance_7_175_200.wav,5.225
NNF,F,Spk4,U_764d733fee,175_200,Nyanja_NNF_Spk4_U_764d733fee_Utterance_8,ali ndi mwana wa cinyamata kawalala ndi mwana wacikazi njala,Nyanja_NNF_Spk4_U_764d733fee_Utterance_8_175_200.wav,5.93
NNF,F,Spk4,U_764d733fee,175_200,Nyanja_NNF_Spk4_U_764d733fee_Utterance_9,zocitika zinazace za mu ukapolo wa dziko lanu zili mkati mwa kudziwab kwa olamulila anu,Nyanja_NNF_Spk4_U_764d733fee_Utterance_9_175_200.wav,7.655
NNF,F,Spk4,U_764d733fee,175_200,Nyanja_NNF_Spk4_U_764d733fee_Utterance_10,bwana monceux ogwira ncito ku ndende anakwiya kopotsa ataudzidwa za cipolowe cimene cinacitika,Nyanja_NNF_Spk4_U_764d733fee_Utterance_10_175_200.wav,8.555
NNF,F,Spk4,U_764d733fee,175_200,Nyanja_NNF_Spk4_U_764d733fee_Utterance_11,tsopano khalani ziii pa umoyo wanu iye anayamba kulankhula koma amene anali kuphunzitsidwa nchito wogwidwa anayamba ku fuula mokuuwa,Nyanja_NNF_Spk4_U_764d733fee_Utterance_11_175_200.wav,11.105
NNF,F,Spk4,U_764d733fee,175_200,Nyanja_NNF_Spk4_U_764d733fee_Utterance_12,ndinasinya ndondomeko ya zoyenera kucitidwa poyendetsa nyama zanga ndi zomela zouma pa sitima kupita ku paris mu dziko la france,Nyanja_NNF_Spk4_U_764d733fee_Utterance_12_175_200.wav,11.465
NNF,F,Spk4,U_764d733fee,175_200,Nyanja_NNF_Spk4_U_764d733fee_Utterance_13,koma muli nkhani yocotsedwa mu turner uli ndi ziphunzitso zaphindu ziwiri zimene zabweretsedwa /zaphunzitsidwa bwino kopotsa,Nyanja_NNF_Spk4_U_764d733fee_Utterance_13_175_200.wav,10.355
NNF,F,Spk4,U_764d733fee,175_200,Nyanja_NNF_Spk4_U_764d733fee_Utterance_14,kadyedwa kamatengako mbali kwambiri mu makhalidwe a m'mizinda kopotsa mu maiko,Nyanja_NNF_Spk4_U_764d733fee_Utterance_14_175_200.wav,6.545
NNF,F,Spk4,U_764d733fee,175_200,Nyanja_NNF_Spk4_U_764d733fee_Utterance_15,will anawelewetsa robin alikusegula citseko nafunsa kodi mwakonzekera,Nyanja_NNF_Spk4_U_764d733fee_Utterance_15_175_200.wav,7.445
NNF,F,Spk4,U_764d733fee,175_200,Nyanja_NNF_Spk4_U_764d733fee_Utterance_16,atagundidwa mwapang'ono ndi mnyamata wa mtali uja mu mpandao kumbuyo kunapangisa stefani kuti afunse funso yobvuta kuyankha,Nyanja_NNF_Spk4_U_764d733fee_Utterance_16_175_200.wav,10.745
NNF,F,Spk4,U_764d733fee,175_200,Nyanja_NNF_Spk4_U_764d733fee_Utterance_17,ndinalota ciloto coipa pa iye usiku wathau,Nyanja_NNF_Spk4_U_764d733fee_Utterance_17_175_200.wav,5.03
NNF,F,Spk4,U_764d733fee,175_200,Nyanja_NNF_Spk4_U_764d733fee_Utterance_18,khala pansi anatero gates ndi mau okondwera ndi abwino pali mpando wokhalapo pano,Nyanja_NNF_Spk4_U_764d733fee_Utterance_18_175_200.wav,7.535
NNF,F,Spk4,U_764d733fee,175_200,Nyanja_NNF_Spk4_U_764d733fee_Utterance_19,iwo analandilidwa mu kaofesi kakang'ono ndi mzibambo ocedwa marham amene anali kaidi wa mundende,Nyanja_NNF_Spk4_U_764d733fee_Utterance_19_175_200.wav,8.825
NNF,F,Spk4,U_764d733fee,175_200,Nyanja_NNF_Spk4_U_764d733fee_Utterance_20,mai griffin mwinamwace anaonetsa kufuna kwa kuunika moongezera,Nyanja_NNF_Spk4_U_764d733fee_Utterance_20_175_200.wav,6.155
NNF,F,Spk4,U_764d733fee,175_200,Nyanja_NNF_Spk4_U_764d733fee_Utterance_21,mfumu yohane akutulusa moika ndudu za golide kucookera ku dzanja yace ya manzere mu thumba ya pamwamba khoti yace,Nyanja_NNF_Spk4_U_764d733fee_Utterance_21_175_200.wav,9.77
NNF,F,Spk4,U_764d733fee,175_200,Nyanja_NNF_Spk4_U_764d733fee_Utterance_22,anali mnyamata wa mkulu kotero kuti anabvara nsapata za ma buti zazitali atanyamula mpeni wa jaki,Nyanja_NNF_Spk4_U_764d733fee_Utterance_22_175_200.wav,8.405
NNF,F,Spk4,U_764d733fee,175_200,Nyanja_NNF_Spk4_U_764d733fee_Utterance_23,mwezi owala ndi odzidzila unali kuwala ndi kuunika kowala ndi zithunzi-thunzi,Nyanja_NNF_Spk4_U_764d733fee_Utterance_23_175_200.wav,8.03
NNF,F,Spk4,U_764d733fee,175_200,Nyanja_NNF_Spk4_U_764d733fee_Utterance_24,iwo anatenganso nyumba yao tsopano kopanda kusokoneza mtendre wa pa nyumba ya gamewell,Nyanja_NNF_Spk4_U_764d733fee_Utterance_24_175_200.wav,7.145
NNF,F,Spk4,U_764d733fee,175_200,Nyanja_NNF_Spk4_U_764d733fee_Utterance_25,paulo anayankha munthu omwe dzina lace ndi yesu kristu ndiponso mwana wa mulungu anadzipereka  yekha cifukwa ca macimo athu,Nyanja_NNF_Spk4_U_764d733fee_Utterance_25_175_200.wav,10.475
NNF,F,Spk3,U_d5204229ec,100_125,Nyanja_NNF_Spk3_U_d5204229ec_Utterance_1,missus usasinthe uyenera ndithu kukhala onyadira mwana wako wa mwamunayu,Nyanja_NNF_Spk3_U_d5204229ec_Utterance_1_100_125.wav,6.281
NNF,F,Spk3,U_d5204229ec,100_125,Nyanja_NNF_Spk3_U_d5204229ec_Utterance_2,ndicobvuta kwabatsi anatero mademoiselle de tonnay charente akutseka mokuuwa,Nyanja_NNF_Spk3_U_d5204229ec_Utterance_2_100_125.wav,6.652
NNF,F,Spk3,U_d5204229ec,100_125,Nyanja_NNF_Spk3_U_d5204229ec_Utterance_3,cabwino mosatikakamidza poti pakati pa ife tapambana nkhondo/ndeu anayankha lobin,Nyanja_NNF_Spk3_U_d5204229ec_Utterance_3_100_125.wav,6.595
NNF,F,Spk3,U_d5204229ec,100_125,Nyanja_NNF_Spk3_U_d5204229ec_Utterance_4,mfumu inaimilira naitanitsa kuyamba kwa nyimbo ya masalimo imene iyamba ndi mau awa,Nyanja_NNF_Spk3_U_d5204229ec_Utterance_4_100_125.wav,6.67
NNF,F,Spk3,U_d5204229ec,100_125,Nyanja_NNF_Spk3_U_d5204229ec_Utterance_5,lilime langa linakana kunena mphanvu zamga zolankhulira zidatha,Nyanja_NNF_Spk3_U_d5204229ec_Utterance_5_100_125.wav,7.454
NNF,F,Spk3,U_d5204229ec,100_125,Nyanja_NNF_Spk3_U_d5204229ec_Utterance_6,iyi inali gulu lalikulu ya ubwino umene ukapoolo unali kucita ndi kuculutsa cinyengo,Nyanja_NNF_Spk3_U_d5204229ec_Utterance_6_100_125.wav,12.365
NNF,F,Spk3,U_d5204229ec,100_125,Nyanja_NNF_Spk3_U_d5204229ec_Utterance_7,alexander anafuula ndinali kuti ndicite conco koma sindinathe,Nyanja_NNF_Spk3_U_d5204229ec_Utterance_7_100_125.wav,5.55
NNF,F,Spk3,U_d5204229ec,100_125,Nyanja_NNF_Spk3_U_d5204229ec_Utterance_8,iye anaganiza kuti anali oyenera koma mwinamwace ncito ina inali yomuyenera bwino,Nyanja_NNF_Spk3_U_d5204229ec_Utterance_8_100_125.wav,7.454
NNF,F,Spk3,U_d5204229ec,100_125,Nyanja_NNF_Spk3_U_d5204229ec_Utterance_9,kodi izi zithu sizingabwezedwe davive akupuma momasuka pamene cilungamo citadziwika kwa iye,Nyanja_NNF_Spk3_U_d5204229ec_Utterance_9_100_125.wav,8.359
NNF,F,Spk3,U_d5204229ec,100_125,Nyanja_NNF_Spk3_U_d5204229ec_Utterance_10,tsopano uzakhala analila van nena kuti polly kodi uzatero,Nyanja_NNF_Spk3_U_d5204229ec_Utterance_10_100_125.wav,6.2
NNF,F,Spk3,U_d5204229ec,100_125,Nyanja_NNF_Spk3_U_d5204229ec_Utterance_11,uyu ndi m'modzimwa mwa aja amene afunitsitsa iye lekani ndikudziwitseni kwa iye,Nyanja_NNF_Spk3_U_d5204229ec_Utterance_11_100_125.wav,8.824
NNF,F,Spk3,U_d5204229ec,100_125,Nyanja_NNF_Spk3_U_d5204229ec_Utterance_12,kwadzidzira okondedwa wanga nkhope yako yokoma idalitsidwe,Nyanja_NNF_Spk3_U_d5204229ec_Utterance_12_100_125.wav,6.536
NNF,F,Spk3,U_d5204229ec,100_125,Nyanja_NNF_Spk3_U_d5204229ec_Utterance_13,ngati cifukwa ca zokhumba zako zipemphere wekha sindingakukhalitse (sindingakuletse),Nyanja_NNF_Spk3_U_d5204229ec_Utterance_13_100_125.wav,9.056
NNF,F,Spk3,U_d5204229ec,100_125,Nyanja_NNF_Spk3_U_d5204229ec_Utterance_14,zithunzithunzi zina monga zimene zisangalatsa zina ndi zodziwika ndipo zina ndi zosadziwika,Nyanja_NNF_Spk3_U_d5204229ec_Utterance_14_100_125.wav,10.356
NNF,F,Spk3,U_d5204229ec,100_125,Nyanja_NNF_Spk3_U_d5204229ec_Utterance_15,atsikana mwadzuka ndikhulupilira muli kunva bwino cimodzimodzi ndi m'mene mukuonekera,Nyanja_NNF_Spk3_U_d5204229ec_Utterance_15_100_125.wav,7.814
NNF,F,Spk3,U_d5204229ec,100_125,Nyanja_NNF_Spk3_U_d5204229ec_Utterance_16,mau ena amene ndinazindikira kukhara mau a voltaire kaffar ananena,Nyanja_NNF_Spk3_U_d5204229ec_Utterance_16_100_125.wav,6.362
NNF,F,Spk3,U_d5204229ec,100_125,Nyanja_NNF_Spk3_U_d5204229ec_Utterance_17,oho kodi sadzakwiya  ngati namudikilitsa kwakantawi,Nyanja_NNF_Spk3_U_d5204229ec_Utterance_17_100_125.wav,4.017
NNF,F,Spk3,U_d5204229ec,100_125,Nyanja_NNF_Spk3_U_d5204229ec_Utterance_18,nyenyezi ya golide ya tinselo inali kuwalabe pamwamba pa mtengo ilikunyezimila mu dzuwa,Nyanja_NNF_Spk3_U_d5204229ec_Utterance_18_100_125.wav,7.918
NNF,F,Spk3,U_d5204229ec,100_125,Nyanja_NNF_Spk3_U_d5204229ec_Utterance_19,ico si cinthu cosatheka anatero mokweza kuti mzinda ulionse uthesedwe kotheratu,Nyanja_NNF_Spk3_U_d5204229ec_Utterance_19_100_125.wav,9.16
NNF,F,Spk3,U_d5204229ec,100_125,Nyanja_NNF_Spk3_U_d5204229ec_Utterance_20,ndipo ngati ndinali ndi cuuma kodi mungathe kufuna kuti ndikhale umoyo wacabecabe,Nyanja_NNF_Spk3_U_d5204229ec_Utterance_20_100_125.wav,7.396
NNF,F,Spk3,U_d5204229ec,100_125,Nyanja_NNF_Spk3_U_d5204229ec_Utterance_21,iye adalankhura ci fulenchi kwabwino kwambiri ndinaudzidwa pamene zinali kufunidwa koma zinali zokondweretsa ku malankhula ndi unyinji waukulu,Nyanja_NNF_Spk3_U_d5204229ec_Utterance_21_100_125.wav,16.811
NNF,F,Spk3,U_d5204229ec,100_125,Nyanja_NNF_Spk3_U_d5204229ec_Utterance_22,kodi atate ako ndi olola uyenera kupita ku sukulu ya anthu apamwamba mziko lapansi,Nyanja_NNF_Spk3_U_d5204229ec_Utterance_22_100_125.wav,7.697
NNF,F,Spk3,U_d5204229ec,100_125,Nyanja_NNF_Spk3_U_d5204229ec_Utterance_23,khalani okondwera pakati pa ife inatero mphepo ndi kuwala kwa dzuwa,Nyanja_NNF_Spk3_U_d5204229ec_Utterance_23_100_125.wav,6.362
NNF,F,Spk3,U_d5204229ec,100_125,Nyanja_NNF_Spk3_U_d5204229ec_Utterance_24,ndanali kucita mobwereza kupyolera mu mphanvu za bambo awa,Nyanja_NNF_Spk3_U_d5204229ec_Utterance_24_100_125.wav,6.67
NNF,F,Spk3,U_d5204229ec,100_125,Nyanja_NNF_Spk3_U_d5204229ec_Utterance_25,bambo harry towne bambo bartley alezxander a enginiya ocokera ku dziko la amelika,Nyanja_NNF_Spk3_U_d5204229ec_Utterance_25_100_125.wav,6.351
NNF,F,Spk3,U_d5204229ec,125_150,Nyanja_NNF_Spk3_U_d5204229ec_Utterance_1,iyi njira ikusunga cilungamo cakuti amuna onseanagulitsidwa mu ucimo,Nyanja_NNF_Spk3_U_d5204229ec_Utterance_1_125_150.wav,6.78
NNF,F,Spk3,U_d5204229ec,125_150,Nyanja_NNF_Spk3_U_d5204229ec_Utterance_2,analira atsikana acicepere ndipo mwa msanga anazima moto,Nyanja_NNF_Spk3_U_d5204229ec_Utterance_2_125_150.wav,6.339
NNF,F,Spk3,U_d5204229ec,125_150,Nyanja_NNF_Spk3_U_d5204229ec_Utterance_3,ndipo ndiwe waphindu leech will anawelewetsa  robin mowa umenewu wagwiradi nchito yodabwitsa,Nyanja_NNF_Spk3_U_d5204229ec_Utterance_3_125_150.wav,12.399
NNF,F,Spk3,U_d5204229ec,125_150,Nyanja_NNF_Spk3_U_d5204229ec_Utterance_4,pa zinthu zonse ndifunisintsa kuthesa nkhaniyi mwacisinsi ndiponso mwaubwino,Nyanja_NNF_Spk3_U_d5204229ec_Utterance_4_125_150.wav,6.78
NNF,F,Spk3,U_d5204229ec,125_150,Nyanja_NNF_Spk3_U_d5204229ec_Utterance_5,anthu ngati inu siochuka kwambiri cifukwa coti mwakhala muli kugwira nchito yanu kwa kanthawi  pamene muyenelera kuti mu zipumula,Nyanja_NNF_Spk3_U_d5204229ec_Utterance_5_125_150.wav,9.195
NNF,F,Spk3,U_d5204229ec,125_150,Nyanja_NNF_Spk3_U_d5204229ec_Utterance_6,caonekeratu kuti siuganiza za kupita komweko,Nyanja_NNF_Spk3_U_d5204229ec_Utterance_6_125_150.wav,4.052
NNF,F,Spk3,U_d5204229ec,125_150,Nyanja_NNF_Spk3_U_d5204229ec_Utterance_7,ndiganizira kuti ndi cifukwa coti ndi nyengo ya mainza  kodi muzayeneranso kuzidulanso,Nyanja_NNF_Spk3_U_d5204229ec_Utterance_7_125_150.wav,8.127
NNF,F,Spk3,U_d5204229ec,125_150,Nyanja_NNF_Spk3_U_d5204229ec_Utterance_8,zicitidwe zace sizinali za ukazipalile sizinalinso za okaana koma za munthu amene ali ndi mtima wokhazikika ndiponso wodekha,Nyanja_NNF_Spk3_U_d5204229ec_Utterance_8_125_150.wav,15.0
NNF,F,Spk3,U_d5204229ec,125_150,Nyanja_NNF_Spk3_U_d5204229ec_Utterance_9,sitinganene kuti sicimaoneka ngakhale pang'ono anatero koma zina mwa izo zinali za amai anga,Nyanja_NNF_Spk3_U_d5204229ec_Utterance_9_125_150.wav,8.858
NNF,F,Spk3,U_d5204229ec,125_150,Nyanja_NNF_Spk3_U_d5204229ec_Utterance_10,ico ndi cisote cabwino kwambiri iye anatero,Nyanja_NNF_Spk3_U_d5204229ec_Utterance_10_125_150.wav,4.76
NNF,F,Spk3,U_d5204229ec,125_150,Nyanja_NNF_Spk3_U_d5204229ec_Utterance_11,kodi wina anadziwa kuti umboni umeneyu uzakhalako kulibe ngakhale umodzi kusamalila pulinta,Nyanja_NNF_Spk3_U_d5204229ec_Utterance_11_125_150.wav,12.5
NNF,F,Spk3,U_d5204229ec,125_150,Nyanja_NNF_Spk3_U_d5204229ec_Utterance_12,ai tinakana pempho lao mwa ulemu ndithu mwa ubwino ndithu anatero oyenda wina wace wamg'ono,Nyanja_NNF_Spk3_U_d5204229ec_Utterance_12_125_150.wav,11.053
NNF,F,Spk3,U_d5204229ec,125_150,Nyanja_NNF_Spk3_U_d5204229ec_Utterance_13,pa ndevu za odin ndinalila watenga kutseka kwathu ngati muntu wa cimuuna,Nyanja_NNF_Spk3_U_d5204229ec_Utterance_13_125_150.wav,7.488
NNF,F,Spk3,U_d5204229ec,125_150,Nyanja_NNF_Spk3_U_d5204229ec_Utterance_14,comela ngati cija pa nyumba ya amfumu ku paris inali cionetsero ca pa kanthawi kochepa,Nyanja_NNF_Spk3_U_d5204229ec_Utterance_14_125_150.wav,9.207
NNF,F,Spk3,U_d5204229ec,125_150,Nyanja_NNF_Spk3_U_d5204229ec_Utterance_15,nciani cimene munthu  sangathere kucitira zonse ndi kuwerenga zonse,Nyanja_NNF_Spk3_U_d5204229ec_Utterance_15_125_150.wav,7.012
NNF,F,Spk3,U_d5204229ec,125_150,Nyanja_NNF_Spk3_U_d5204229ec_Utterance_16,zizo zolengedwa zazikulu zinapandana ndi unyama otheratu,Nyanja_NNF_Spk3_U_d5204229ec_Utterance_16_125_150.wav,9.149
NNF,F,Spk3,U_d5204229ec,125_150,Nyanja_NNF_Spk3_U_d5204229ec_Utterance_17,inde koma anthu aku meridia ocokela ku umfumu wa mfumu palais ndiwo amene alingana kwabatsi,Nyanja_NNF_Spk3_U_d5204229ec_Utterance_17_125_150.wav,14.373
NNF,F,Spk3,U_d5204229ec,125_150,Nyanja_NNF_Spk3_U_d5204229ec_Utterance_18,ukulingana ndi ine lakeleulibe mantha ndipo uli osafooka ndiponso uli wa cifundo,Nyanja_NNF_Spk3_U_d5204229ec_Utterance_18_125_150.wav,9.822
NNF,F,Spk3,U_d5204229ec,125_150,Nyanja_NNF_Spk3_U_d5204229ec_Utterance_19,bambo edisoni anali mtsogoleri amene anali patali kwambiri ndi nthawi,Nyanja_NNF_Spk3_U_d5204229ec_Utterance_19_125_150.wav,8.382
NNF,F,Spk3,U_d5204229ec,125_150,Nyanja_NNF_Spk3_U_d5204229ec_Utterance_20,kunalibe mpata oti mwina kungakhale kusintha cipinda cace cogonamo citabweretsedwa pafupi ndi m'mene mugona bambo gamewell,Nyanja_NNF_Spk3_U_d5204229ec_Utterance_20_125_150.wav,15.093
NNF,F,Spk3,U_d5204229ec,125_150,Nyanja_NNF_Spk3_U_d5204229ec_Utterance_21,kodi ukumbuka kuyenda kwathu koyamba tili mu mzinda wa paris,Nyanja_NNF_Spk3_U_d5204229ec_Utterance_21_125_150.wav,6.13
NNF,F,Spk3,U_d5204229ec,125_150,Nyanja_NNF_Spk3_U_d5204229ec_Utterance_22,anakondwera  kopoosa ndipo anapha mwaulesi pamene marie anabwera kuzatenga koffi,Nyanja_NNF_Spk3_U_d5204229ec_Utterance_22_125_150.wav,10.414
NNF,F,Spk3,U_d5204229ec,125_150,Nyanja_NNF_Spk3_U_d5204229ec_Utterance_23,kamodzi molinganiza phaphiko koma anaziyendetsa ndipo mwacangu anabweranso kuti azawerenge nkhani,Nyanja_NNF_Spk3_U_d5204229ec_Utterance_23_125_150.wav,14.652
NNF,F,Spk3,U_d5204229ec,125_150,Nyanja_NNF_Spk3_U_d5204229ec_Utterance_24,bambo kennington oval ndi munthu odziwa bwino kwambiri kusewera masewera anatero akazi anga,Nyanja_NNF_Spk3_U_d5204229ec_Utterance_24_125_150.wav,10.728
NNF,F,Spk3,U_4dd67bcf74,100_125,Nyanja_NNF_Spk3_U_4dd67bcf74_Utterance_1,missus usasinthe uyenera ndithu kukhala onyadira mwana wako wa mwamunayu,Nyanja_NNF_Spk3_U_4dd67bcf74_Utterance_1_100_125.wav,8.975
NNF,F,Spk3,U_4dd67bcf74,100_125,Nyanja_NNF_Spk3_U_4dd67bcf74_Utterance_2,ndicobvuta kwabatsi anatero mademoiselle de tonnay charente akutseka mokuuwa,Nyanja_NNF_Spk3_U_4dd67bcf74_Utterance_2_100_125.wav,8.54
NNF,F,Spk3,U_4dd67bcf74,100_125,Nyanja_NNF_Spk3_U_4dd67bcf74_Utterance_3,cabwino mosatikakamidza poti pakati pa ife tapambana nkhondo/ndeu anayankha lobin,Nyanja_NNF_Spk3_U_4dd67bcf74_Utterance_3_100_125.wav,8.66
NNF,F,Spk3,U_4dd67bcf74,100_125,Nyanja_NNF_Spk3_U_4dd67bcf74_Utterance_4,mfumu inaimilira naitanitsa kuyamba kwa nyimbo ya masalimo imene iyamba ndi mau awa,Nyanja_NNF_Spk3_U_4dd67bcf74_Utterance_4_100_125.wav,8.51
NNF,F,Spk3,U_4dd67bcf74,100_125,Nyanja_NNF_Spk3_U_4dd67bcf74_Utterance_5,lilime langa linakana kunena mphanvu zamga zolankhulira zidatha,Nyanja_NNF_Spk3_U_4dd67bcf74_Utterance_5_100_125.wav,5.51
NNF,F,Spk3,U_4dd67bcf74,100_125,Nyanja_NNF_Spk3_U_4dd67bcf74_Utterance_6,iyi inali gulu lalikulu ya ubwino umene ukapoolo unali kucita ndi kuculutsa cinyengo,Nyanja_NNF_Spk3_U_4dd67bcf74_Utterance_6_100_125.wav,7.94
NNF,F,Spk3,U_4dd67bcf74,100_125,Nyanja_NNF_Spk3_U_4dd67bcf74_Utterance_7,alexander anafuula ndinali kuti ndicite conco koma sindinathe,Nyanja_NNF_Spk3_U_4dd67bcf74_Utterance_7_100_125.wav,6.455
NNF,F,Spk3,U_4dd67bcf74,100_125,Nyanja_NNF_Spk3_U_4dd67bcf74_Utterance_8,iye anaganiza kuti anali oyenera koma mwinamwace ncito ina inali yomuyenera bwino,Nyanja_NNF_Spk3_U_4dd67bcf74_Utterance_8_100_125.wav,8.075
NNF,F,Spk3,U_4dd67bcf74,100_125,Nyanja_NNF_Spk3_U_4dd67bcf74_Utterance_9,kodi izi zithu sizingabwezedwe davive akupuma momasuka pamene cilungamo citadziwika kwa iye,Nyanja_NNF_Spk3_U_4dd67bcf74_Utterance_9_100_125.wav,10.475
NNF,F,Spk3,U_4dd67bcf74,100_125,Nyanja_NNF_Spk3_U_4dd67bcf74_Utterance_10,tsopano uzakhala analila van nena kuti polly kodi uzatero,Nyanja_NNF_Spk3_U_4dd67bcf74_Utterance_10_100_125.wav,6.875
NNF,F,Spk3,U_4dd67bcf74,100_125,Nyanja_NNF_Spk3_U_4dd67bcf74_Utterance_11,uyu ndi m'modzimwa mwa aja amene afunitsitsa iye lekani ndikudziwitseni kwa iye,Nyanja_NNF_Spk3_U_4dd67bcf74_Utterance_11_100_125.wav,8.675
NNF,F,Spk3,U_4dd67bcf74,100_125,Nyanja_NNF_Spk3_U_4dd67bcf74_Utterance_12,kwadzidzira okondedwa wanga nkhope yako yokoma idalitsidwe,Nyanja_NNF_Spk3_U_4dd67bcf74_Utterance_12_100_125.wav,6.065
NNF,F,Spk3,U_4dd67bcf74,100_125,Nyanja_NNF_Spk3_U_4dd67bcf74_Utterance_13,ngati cifukwa ca zokhumba zako zipemphere wekha sindingakukhalitse (sindingakuletse),Nyanja_NNF_Spk3_U_4dd67bcf74_Utterance_13_100_125.wav,9.185
NNF,F,Spk3,U_4dd67bcf74,100_125,Nyanja_NNF_Spk3_U_4dd67bcf74_Utterance_14,zithunzithunzi zina monga zimene zisangalatsa zina ndi zodziwika ndipo zina ndi zosadziwika,Nyanja_NNF_Spk3_U_4dd67bcf74_Utterance_14_100_125.wav,9.155
NNF,F,Spk3,U_4dd67bcf74,100_125,Nyanja_NNF_Spk3_U_4dd67bcf74_Utterance_15,atsikana mwadzuka ndikhulupilira muli kunva bwino cimodzimodzi ndi m'mene mukuonekera,Nyanja_NNF_Spk3_U_4dd67bcf74_Utterance_15_100_125.wav,8.675
NNF,F,Spk3,U_4dd67bcf74,100_125,Nyanja_NNF_Spk3_U_4dd67bcf74_Utterance_16,mau ena amene ndinazindikira kukhara mau a voltaire kaffar ananena,Nyanja_NNF_Spk3_U_4dd67bcf74_Utterance_16_100_125.wav,7.31
NNF,F,Spk3,U_4dd67bcf74,100_125,Nyanja_NNF_Spk3_U_4dd67bcf74_Utterance_17,oho kodi sadzakwiya  ngati namudikilitsa kwakantawi,Nyanja_NNF_Spk3_U_4dd67bcf74_Utterance_17_100_125.wav,6.335
NNF,F,Spk3,U_4dd67bcf74,100_125,Nyanja_NNF_Spk3_U_4dd67bcf74_Utterance_18,nyenyezi ya golide ya tinselo inali kuwalabe pamwamba pa mtengo ilikunyezimila mu dzuwa,Nyanja_NNF_Spk3_U_4dd67bcf74_Utterance_18_100_125.wav,9.845
NNF,F,Spk3,U_4dd67bcf74,100_125,Nyanja_NNF_Spk3_U_4dd67bcf74_Utterance_19,ico si cinthu cosatheka anatero mokweza kuti mzinda ulionse uthesedwe kotheratu,Nyanja_NNF_Spk3_U_4dd67bcf74_Utterance_19_100_125.wav,9.425
NNF,F,Spk3,U_4dd67bcf74,100_125,Nyanja_NNF_Spk3_U_4dd67bcf74_Utterance_20,ndipo ngati ndinali ndi cuuma kodi mungathe kufuna kuti ndikhale umoyo wacabecabe,Nyanja_NNF_Spk3_U_4dd67bcf74_Utterance_20_100_125.wav,8.315
NNF,F,Spk3,U_4dd67bcf74,100_125,Nyanja_NNF_Spk3_U_4dd67bcf74_Utterance_21,iye adalankhura ci fulenchi kwabwino kwambiri ndinaudzidwa pamene zinali kufunidwa koma zinali zokondweretsa ku malankhula ndi unyinji waukulu,Nyanja_NNF_Spk3_U_4dd67bcf74_Utterance_21_100_125.wav,14.09
NNF,F,Spk3,U_4dd67bcf74,100_125,Nyanja_NNF_Spk3_U_4dd67bcf74_Utterance_22,kodi atate ako ndi olola uyenera kupita ku sukulu ya anthu apamwamba mziko lapansi,Nyanja_NNF_Spk3_U_4dd67bcf74_Utterance_22_100_125.wav,8.63
NNF,F,Spk3,U_4dd67bcf74,100_125,Nyanja_NNF_Spk3_U_4dd67bcf74_Utterance_23,khalani okondwera pakati pa ife inatero mphepo ndi kuwala kwa dzuwa,Nyanja_NNF_Spk3_U_4dd67bcf74_Utterance_23_100_125.wav,7.895
NNF,F,Spk3,U_4dd67bcf74,100_125,Nyanja_NNF_Spk3_U_4dd67bcf74_Utterance_24,ndanali kucita mobwereza kupyolera mu mphanvu za bambo awa,Nyanja_NNF_Spk3_U_4dd67bcf74_Utterance_24_100_125.wav,5.705
NNF,F,Spk3,U_4dd67bcf74,100_125,Nyanja_NNF_Spk3_U_4dd67bcf74_Utterance_25,bambo harry towne bambo bartley alezxander a enginiya ocokera ku dziko la amelika,Nyanja_NNF_Spk3_U_4dd67bcf74_Utterance_25_100_125.wav,10.295
NNF,F,Spk3,U_4dd67bcf74,125_150,Nyanja_NNF_Spk3_U_4dd67bcf74_Utterance_1,iyi njira ikusunga cilungamo cakuti amuna onseanagulitsidwa mu ucimo,Nyanja_NNF_Spk3_U_4dd67bcf74_Utterance_1_125_150.wav,8.165
NNF,F,Spk3,U_4dd67bcf74,125_150,Nyanja_NNF_Spk3_U_4dd67bcf74_Utterance_2,analira atsikana acicepere ndipo mwa msanga anazima moto,Nyanja_NNF_Spk3_U_4dd67bcf74_Utterance_2_125_150.wav,6.02
NNF,F,Spk3,U_4dd67bcf74,125_150,Nyanja_NNF_Spk3_U_4dd67bcf74_Utterance_3,ndipo ndiwe waphindu leech will anawelewetsa  robin mowa umenewu wagwiradi nchito yodabwitsa,Nyanja_NNF_Spk3_U_4dd67bcf74_Utterance_3_125_150.wav,9.95
NNF,F,Spk3,U_4dd67bcf74,125_150,Nyanja_NNF_Spk3_U_4dd67bcf74_Utterance_4,pa zinthu zonse ndifunisintsa kuthesa nkhaniyi mwacisinsi ndiponso mwaubwino,Nyanja_NNF_Spk3_U_4dd67bcf74_Utterance_4_125_150.wav,8.015
NNF,F,Spk3,U_4dd67bcf74,125_150,Nyanja_NNF_Spk3_U_4dd67bcf74_Utterance_5,anthu ngati inu siochuka kwambiri cifukwa coti mwakhala muli kugwira nchito yanu kwa kanthawi  pamene muyenelera kuti mu zipumula,Nyanja_NNF_Spk3_U_4dd67bcf74_Utterance_5_125_150.wav,11.675
NNF,F,Spk3,U_4dd67bcf74,125_150,Nyanja_NNF_Spk3_U_4dd67bcf74_Utterance_6,caonekeratu kuti siuganiza za kupita komweko,Nyanja_NNF_Spk3_U_4dd67bcf74_Utterance_6_125_150.wav,5.315
NNF,F,Spk3,U_4dd67bcf74,125_150,Nyanja_NNF_Spk3_U_4dd67bcf74_Utterance_7,ndiganizira kuti ndi cifukwa coti ndi nyengo ya mainza  kodi muzayeneranso kuzidulanso,Nyanja_NNF_Spk3_U_4dd67bcf74_Utterance_7_125_150.wav,8.525
NNF,F,Spk3,U_4dd67bcf74,125_150,Nyanja_NNF_Spk3_U_4dd67bcf74_Utterance_8,zicitidwe zace sizinali za ukazipalile sizinalinso za okaana koma za munthu amene ali ndi mtima wokhazikika ndiponso wodekha,Nyanja_NNF_Spk3_U_4dd67bcf74_Utterance_8_125_150.wav,14.51
NNF,F,Spk3,U_4dd67bcf74,125_150,Nyanja_NNF_Spk3_U_4dd67bcf74_Utterance_9,sitinganene kuti sicimaoneka ngakhale pang'ono anatero koma zina mwa izo zinali za amai anga,Nyanja_NNF_Spk3_U_4dd67bcf74_Utterance_9_125_150.wav,9.005
NNF,F,Spk3,U_4dd67bcf74,125_150,Nyanja_NNF_Spk3_U_4dd67bcf74_Utterance_10,ico ndi cisote cabwino kwambiri iye anatero,Nyanja_NNF_Spk3_U_4dd67bcf74_Utterance_10_125_150.wav,8.345
NNF,F,Spk3,U_4dd67bcf74,125_150,Nyanja_NNF_Spk3_U_4dd67bcf74_Utterance_11,kodi wina anadziwa kuti umboni umeneyu uzakhalako kulibe ngakhale umodzi kusamalila pulinta,Nyanja_NNF_Spk3_U_4dd67bcf74_Utterance_11_125_150.wav,9.695
NNF,F,Spk3,U_4dd67bcf74,125_150,Nyanja_NNF_Spk3_U_4dd67bcf74_Utterance_12,ai tinakana pempho lao mwa ulemu ndithu mwa ubwino ndithu anatero oyenda wina wace wamg'ono,Nyanja_NNF_Spk3_U_4dd67bcf74_Utterance_12_125_150.wav,10.46
NNF,F,Spk3,U_4dd67bcf74,125_150,Nyanja_NNF_Spk3_U_4dd67bcf74_Utterance_13,pa ndevu za odin ndinalila watenga kutseka kwathu ngati muntu wa cimuuna,Nyanja_NNF_Spk3_U_4dd67bcf74_Utterance_13_125_150.wav,8.345
NNF,F,Spk3,U_4dd67bcf74,125_150,Nyanja_NNF_Spk3_U_4dd67bcf74_Utterance_14,comela ngati cija pa nyumba ya amfumu ku paris inali cionetsero ca pa kanthawi kochepa,Nyanja_NNF_Spk3_U_4dd67bcf74_Utterance_14_125_150.wav,8.57
NNF,F,Spk3,U_4dd67bcf74,125_150,Nyanja_NNF_Spk3_U_4dd67bcf74_Utterance_15,nciani cimene munthu  sangathere kucitira zonse ndi kuwerenga zonse,Nyanja_NNF_Spk3_U_4dd67bcf74_Utterance_15_125_150.wav,8.345
NNF,F,Spk3,U_4dd67bcf74,125_150,Nyanja_NNF_Spk3_U_4dd67bcf74_Utterance_16,m'mene timasangalasidwa ndi anthu poyamba kuli mu njira zisanu ndi zinai pa njira khumi kusangalasidwa kwa coonadi,Nyanja_NNF_Spk3_U_4dd67bcf74_Utterance_16_125_150.wav,10.34
NNF,F,Spk3,U_4dd67bcf74,125_150,Nyanja_NNF_Spk3_U_4dd67bcf74_Utterance_17,zizo zolengedwa zazikulu zinapandana ndi unyama otheratu,Nyanja_NNF_Spk3_U_4dd67bcf74_Utterance_17_125_150.wav,8.345
NNF,F,Spk3,U_4dd67bcf74,125_150,Nyanja_NNF_Spk3_U_4dd67bcf74_Utterance_18,inde koma anthu aku meridia ocokela ku umfumu wa mfumu palais ndiwo amene alingana kwabatsi,Nyanja_NNF_Spk3_U_4dd67bcf74_Utterance_18_125_150.wav,8.69
NNF,F,Spk3,U_4dd67bcf74,125_150,Nyanja_NNF_Spk3_U_4dd67bcf74_Utterance_19,ukulingana ndi ine lakeleulibe mantha ndipo uli osafooka ndiponso uli wa cifundo,Nyanja_NNF_Spk3_U_4dd67bcf74_Utterance_19_125_150.wav,8.345
NNF,F,Spk3,U_4dd67bcf74,125_150,Nyanja_NNF_Spk3_U_4dd67bcf74_Utterance_20,bambo edisoni anali mtsogoleri amene anali patali kwambiri ndi nthawi,Nyanja_NNF_Spk3_U_4dd67bcf74_Utterance_20_125_150.wav,8.345
NNF,F,Spk3,U_4dd67bcf74,125_150,Nyanja_NNF_Spk3_U_4dd67bcf74_Utterance_21,kunalibe mpata oti mwina kungakhale kusintha cipinda cace cogonamo citabweretsedwa pafupi ndi m'mene mugona bambo gamewell,Nyanja_NNF_Spk3_U_4dd67bcf74_Utterance_21_125_150.wav,10.28
NNF,F,Spk3,U_4dd67bcf74,125_150,Nyanja_NNF_Spk3_U_4dd67bcf74_Utterance_22,kodi ukumbuka kuyenda kwathu koyamba tili mu mzinda wa paris,Nyanja_NNF_Spk3_U_4dd67bcf74_Utterance_22_125_150.wav,8.345
NNF,F,Spk3,U_4dd67bcf74,125_150,Nyanja_NNF_Spk3_U_4dd67bcf74_Utterance_23,anakondwera  kopoosa ndipo anapha mwaulesi pamene marie anabwera kuzatenga koffi,Nyanja_NNF_Spk3_U_4dd67bcf74_Utterance_23_125_150.wav,8.345
NNF,F,Spk3,U_4dd67bcf74,125_150,Nyanja_NNF_Spk3_U_4dd67bcf74_Utterance_24,kamodzi molinganiza phaphiko koma anaziyendetsa ndipo mwacangu anabweranso kuti azawerenge nkhani,Nyanja_NNF_Spk3_U_4dd67bcf74_Utterance_24_125_150.wav,8.345
NNF,F,Spk3,U_4dd67bcf74,125_150,Nyanja_NNF_Spk3_U_4dd67bcf74_Utterance_25,bambo kennington oval ndi munthu odziwa bwino kwambiri kusewera masewera anatero akazi anga,Nyanja_NNF_Spk3_U_4dd67bcf74_Utterance_25_125_150.wav,8.345
NNF,F,Spk1,U_b79aa78dc5,25_50,Nyanja_NNF_Spk1_U_b79aa78dc5_Utterance_1,palibe kuda nkhawa za mayendedwe a nthawi zaimai azasatilapo,Nyanja_NNF_Spk1_U_b79aa78dc5_Utterance_1_25_50.wav,6.722
NNF,F,Spk1,U_b79aa78dc5,25_50,Nyanja_NNF_Spk1_U_b79aa78dc5_Utterance_2,mtima wa sitefani unayamba kupindika ndi kubisika ndi mantha ngati duwa imene ikuuma.,Nyanja_NNF_Spk1_U_b79aa78dc5_Utterance_2_25_50.wav,10.333
NNF,F,Spk1,U_b79aa78dc5,25_50,Nyanja_NNF_Spk1_U_b79aa78dc5_Utterance_3,zomasulila zina zimapezeka mkati mwa zidunswa za filimu zikuwala ndi nkhani ndi zionesero za mkati mwake,Nyanja_NNF_Spk1_U_b79aa78dc5_Utterance_3_25_50.wav,12.121
NNF,F,Spk1,U_b79aa78dc5,25_50,Nyanja_NNF_Spk1_U_b79aa78dc5_Utterance_4,ngati mzako akhala otangwanika muzicitidwe zace akhala mdyelekedzi,Nyanja_NNF_Spk1_U_b79aa78dc5_Utterance_4_25_50.wav,8.824
NNF,F,Spk1,U_b79aa78dc5,25_50,Nyanja_NNF_Spk1_U_b79aa78dc5_Utterance_5,pa kanthwi ndithu iye anagona pampando wace ndikumanva bwino ali kulota zokoma pa dzuwa ndi mbalame ndi mtengo,Nyanja_NNF_Spk1_U_b79aa78dc5_Utterance_5_25_50.wav,14.431
NNF,F,Spk1,U_b79aa78dc5,25_50,Nyanja_NNF_Spk1_U_b79aa78dc5_Utterance_6,segulani mitima yanu ndi kuzipeteka mu maphiko ankhunda onyowa,Nyanja_NNF_Spk1_U_b79aa78dc5_Utterance_6_25_50.wav,8.408
NNF,F,Spk1,U_b79aa78dc5,25_50,Nyanja_NNF_Spk1_U_b79aa78dc5_Utterance_7,pamathero azonse gulu limodzi linapita mosangalara ndipo gulu linali linakhala yekha ndiponso lodabwa,Nyanja_NNF_Spk1_U_b79aa78dc5_Utterance_7_25_50.wav,13.826
NNF,F,Spk1,U_b79aa78dc5,25_50,Nyanja_NNF_Spk1_U_b79aa78dc5_Utterance_8,zilombo ziwiri zinali cabemsokonezoumeneyu onse ndipo patsogolo pa maso anga ndikuona nyama zakumtunda ziwiei za mthengo,Nyanja_NNF_Spk1_U_b79aa78dc5_Utterance_8_25_50.wav,16.049
NNF,F,Spk1,U_b79aa78dc5,25_50,Nyanja_NNF_Spk1_U_b79aa78dc5_Utterance_9,ngati munthu amene simbutsa mu zaubatizo athira madzi asananene mau kodi mwana abatidzika,Nyanja_NNF_Spk1_U_b79aa78dc5_Utterance_9_25_50.wav,11.687
NNF,F,Spk1,U_b79aa78dc5,25_50,Nyanja_NNF_Spk1_U_b79aa78dc5_Utterance_10,zicitidwe zace ndi kukhuzidwa kwace pa kucitika kwa zinthu mwazizizi zinali zosabitsika,Nyanja_NNF_Spk1_U_b79aa78dc5_Utterance_10_25_50.wav,12.144
NNF,F,Spk1,U_b79aa78dc5,25_50,Nyanja_NNF_Spk1_U_b79aa78dc5_Utterance_11,nyengo ngati kuti tanena mau amenewo izasintha nthawi iliyonse,Nyanja_NNF_Spk1_U_b79aa78dc5_Utterance_11_25_50.wav,8.522
NNF,F,Spk1,U_b79aa78dc5,25_50,Nyanja_NNF_Spk1_U_b79aa78dc5_Utterance_12,mu dzina zambiri ikoma osati mu zonse osatinso kucita zimodzimodzi mwa kanthawi ka katali magulu awiriwa amagwirizana,Nyanja_NNF_Spk1_U_b79aa78dc5_Utterance_12_25_50.wav,16.44
NNF,F,Spk1,U_b79aa78dc5,25_50,Nyanja_NNF_Spk1_U_b79aa78dc5_Utterance_13,nkhakhala kanalikakang'ono conco kanali katalengetsa kusiyana kweni-kweni ku mbali ya cipindaco,Nyanja_NNF_Spk1_U_b79aa78dc5_Utterance_13_25_50.wav,10.716
NNF,F,Spk1,U_b79aa78dc5,25_50,Nyanja_NNF_Spk1_U_b79aa78dc5_Utterance_14,mwakamodzi cabemunjira ina ninaonetsa poyera kuti ndine mu pulofeti,Nyanja_NNF_Spk1_U_b79aa78dc5_Utterance_14_25_50.wav,8.081
NNF,F,Spk1,U_b79aa78dc5,25_50,Nyanja_NNF_Spk1_U_b79aa78dc5_Utterance_15,iye anapitila mwa henley albans nabwera pafupi kwambiri ndi dziko london ngati gejo (citsulo colimira) pa culu,Nyanja_NNF_Spk1_U_b79aa78dc5_Utterance_15_25_50.wav,15.441
NNF,F,Spk1,U_b79aa78dc5,25_50,Nyanja_NNF_Spk1_U_b79aa78dc5_Utterance_16,zomwe ndilankhula zonse zili pa inu,Nyanja_NNF_Spk1_U_b79aa78dc5_Utterance_16_25_50.wav,4.795
NNF,F,Spk1,U_b79aa78dc5,25_50,Nyanja_NNF_Spk1_U_b79aa78dc5_Utterance_17,inde ndipo abwera onse kumayeso awa inde,Nyanja_NNF_Spk1_U_b79aa78dc5_Utterance_17_25_50.wav,5.933
NNF,F,Spk1,U_b79aa78dc5,25_50,Nyanja_NNF_Spk1_U_b79aa78dc5_Utterance_18,ndizapatsidwirapo cilango tsopano ndiganiza kuti ndi kupyolera kundimwetsera mu misozi yanga,Nyanja_NNF_Spk1_U_b79aa78dc5_Utterance_18_25_50.wav,13.061
NNF,F,Spk1,U_b79aa78dc5,25_50,Nyanja_NNF_Spk1_U_b79aa78dc5_Utterance_19,kabweredwe ka anthu kunali kwakukulu mosayembekedzeleka ndipo asikana anali wosangalala kwabasi ataoneratu kupambana kwao mu phwando lao/cokondwerero cao,Nyanja_NNF_Spk1_U_b79aa78dc5_Utterance_19_25_50.wav,23.866
NNF,F,Spk1,U_b79aa78dc5,25_50,Nyanja_NNF_Spk1_U_b79aa78dc5_Utterance_20,ndipo anaponya manja mu lhosa la msuweni wace ndipo lakele ocenjera uja anayamba kucotsa misozi,Nyanja_NNF_Spk1_U_b79aa78dc5_Utterance_20_25_50.wav,14.919
NNF,F,Spk1,U_b79aa78dc5,25_50,Nyanja_NNF_Spk1_U_b79aa78dc5_Utterance_21,ndinali kuganiza kuti ndi zolingana kwabatsi ndi khadi imene ili ndi mtima pa makhadi a njuga anayankha kapitawo ali kusekelela mwapangono,Nyanja_NNF_Spk1_U_b79aa78dc5_Utterance_21_25_50.wav,19.622
NNF,F,Spk1,U_b79aa78dc5,25_50,Nyanja_NNF_Spk1_U_b79aa78dc5_Utterance_22,ndakatulo zina za soloni zinanenedwanso ndi anyamata,Nyanja_NNF_Spk1_U_b79aa78dc5_Utterance_22_25_50.wav,6.165
NNF,F,Spk1,U_b79aa78dc5,25_50,Nyanja_NNF_Spk1_U_b79aa78dc5_Utterance_23,sindizakhalanso woipa mtima onse anatero boolooroo uokalamba  ndizasintha njira zanga zoipa,Nyanja_NNF_Spk1_U_b79aa78dc5_Utterance_23_25_50.wav,15.058
NNF,F,Spk1,U_b79aa78dc5,25_50,Nyanja_NNF_Spk1_U_b79aa78dc5_Utterance_24,ndinalowa ndipon ndinakutenga mwacisinsi kulingana ndi zomwe tinakambirana pa gome yakumbali ija,Nyanja_NNF_Spk1_U_b79aa78dc5_Utterance_24_25_50.wav,12.794
NNF,F,Spk1,U_b79aa78dc5,25_50,Nyanja_NNF_Spk1_U_b79aa78dc5_Utterance_25,nanga za famu olafu zikalibe kutheka ndinayankha nati kuyenda ma ulendo aatali cimakoma nthawi ya cilimwe,Nyanja_NNF_Spk1_U_b79aa78dc5_Utterance_25_25_50.wav,18.321
NNF,F,Spk1,U_b79aa78dc5,0_25,Nyanja_NNF_Spk1_U_b79aa78dc5_Utterance_1,ndicokondweretsa kuona zinthu zonse zikupita mwacangu patsogoro ndikucitika,Nyanja_NNF_Spk1_U_b79aa78dc5_Utterance_1_0_25.wav,8.649
NNF,F,Spk1,U_b79aa78dc5,0_25,Nyanja_NNF_Spk1_U_b79aa78dc5_Utterance_2,koma ukhulupilira m'maphunziro anafunsa maliya,Nyanja_NNF_Spk1_U_b79aa78dc5_Utterance_2_0_25.wav,5.317
NNF,F,Spk1,U_b79aa78dc5,0_25,Nyanja_NNF_Spk1_U_b79aa78dc5_Utterance_3,ngati mokhutilitsidwa ndi kucingililidwa kwace mtsilikali anatsiya malo ace ndi kulowa m'menemo,Nyanja_NNF_Spk1_U_b79aa78dc5_Utterance_3_0_25.wav,10.355
NNF,F,Spk1,U_b79aa78dc5,0_25,Nyanja_NNF_Spk1_U_b79aa78dc5_Utterance_4,kodi sizinali zokhutilitsa kunena kucokera kwa ambuye mulungu,Nyanja_NNF_Spk1_U_b79aa78dc5_Utterance_4_0_25.wav,7.43
NNF,F,Spk1,U_b79aa78dc5,0_25,Nyanja_NNF_Spk1_U_b79aa78dc5_Utterance_5,mopambana kuipa kwace tomu mopambana kuipa kwace anatero kapitawo wa mundende mokwiya,Nyanja_NNF_Spk1_U_b79aa78dc5_Utterance_5_0_25.wav,12.873
NNF,F,Spk1,U_b79aa78dc5,0_25,Nyanja_NNF_Spk1_U_b79aa78dc5_Utterance_6,khwangwala anakhala pa msambo wa mtengo namayangana nyama yosakidwa ili kusamba mu madzi munsimo,Nyanja_NNF_Spk1_U_b79aa78dc5_Utterance_6_0_25.wav,13.312
NNF,F,Spk1,U_b79aa78dc5,0_25,Nyanja_NNF_Spk1_U_b79aa78dc5_Utterance_7,izo tsopano zinali zoganiza zace zabwino ana akhanda awiri conco,Nyanja_NNF_Spk1_U_b79aa78dc5_Utterance_7_0_25.wav,8.587
NNF,F,Spk1,U_b79aa78dc5,0_25,Nyanja_NNF_Spk1_U_b79aa78dc5_Utterance_8,zinthu zazing'ono za mu umphawi analira cynthia aganizireni uti anali atabwezedwa zaka zonsezi zapitazi,Nyanja_NNF_Spk1_U_b79aa78dc5_Utterance_8_0_25.wav,13.688
NNF,F,Spk1,U_b79aa78dc5,0_25,Nyanja_NNF_Spk1_U_b79aa78dc5_Utterance_9,sindizanjenjemera mawa unaganiza tero mtengo wa mkuyu,Nyanja_NNF_Spk1_U_b79aa78dc5_Utterance_9_0_25.wav,7.558
NNF,F,Spk1,U_b79aa78dc5,0_25,Nyanja_NNF_Spk1_U_b79aa78dc5_Utterance_10,iwo anayenda mobwelera pang'ono kucoka pa njira nazigwededza modziwitsa wojambura uja kuti alowe,Nyanja_NNF_Spk1_U_b79aa78dc5_Utterance_10_0_25.wav,15.343
NNF,F,Spk1,U_b79aa78dc5,0_25,Nyanja_NNF_Spk1_U_b79aa78dc5_Utterance_11,ngati coletsedwa cocuuka kwambiri m'mene kugonana kungaimitsidwe koma sikungathe kuletsdwa nthawi ya pikiniki,Nyanja_NNF_Spk1_U_b79aa78dc5_Utterance_11_0_25.wav,12.822
NNF,F,Spk1,U_b79aa78dc5,0_25,Nyanja_NNF_Spk1_U_b79aa78dc5_Utterance_12,koma sitisamala konse ndipo tipanga cimo kukhala cinthu copepeka,Nyanja_NNF_Spk1_U_b79aa78dc5_Utterance_12_0_25.wav,8.986
NNF,F,Spk1,U_b79aa78dc5,0_25,Nyanja_NNF_Spk1_U_b79aa78dc5_Utterance_13,pulasitala (chigodo) ina yocepa yopakidwa kucipupa ca nyumba yotulutsira utsi inagwa pansi ndi kundicititsa mantha kutheratu,Nyanja_NNF_Spk1_U_b79aa78dc5_Utterance_13_0_25.wav,17.252
NNF,F,Spk1,U_b79aa78dc5,0_25,Nyanja_NNF_Spk1_U_b79aa78dc5_Utterance_14,muzandilola ine kuganizila njira zina anatero monena kuti izo ndi kulingana ndi zoganiza za munthu,Nyanja_NNF_Spk1_U_b79aa78dc5_Utterance_14_0_25.wav,11.72
NNF,F,Spk1,U_b79aa78dc5,0_25,Nyanja_NNF_Spk1_U_b79aa78dc5_Utterance_15,cilibe kukongola kuli konse copanda kukongola kosiyanako munjira iliyonse ndipo mizela yace yonse ndi yopanikizani ndi yosaoneka bwino,Nyanja_NNF_Spk1_U_b79aa78dc5_Utterance_15_0_25.wav,18.988
NNF,F,Spk1,U_b79aa78dc5,0_25,Nyanja_NNF_Spk1_U_b79aa78dc5_Utterance_16,unamsiya mu mpando ukufunsa kuti mpando uti uli pafupi ndi dzenera,Nyanja_NNF_Spk1_U_b79aa78dc5_Utterance_16_0_25.wav,10.355
NNF,F,Spk1,U_b79aa78dc5,0_25,Nyanja_NNF_Spk1_U_b79aa78dc5_Utterance_17,taima pomwepo ninatero ndikuona ndi kudabwa zolephera zanga,Nyanja_NNF_Spk1_U_b79aa78dc5_Utterance_17_0_25.wav,8.99
NNF,F,Spk1,U_b79aa78dc5,0_25,Nyanja_NNF_Spk1_U_b79aa78dc5_Utterance_18,cikanakhala bwino kwambiri ngati kuti akadalankhula pa zomanga cibwenzi ca anthu,Nyanja_NNF_Spk1_U_b79aa78dc5_Utterance_18_0_25.wav,11.064
NNF,F,Spk1,U_b79aa78dc5,0_25,Nyanja_NNF_Spk1_U_b79aa78dc5_Utterance_19,songasonga yogomoka ya mwala wa lidi inali itaikidwa pomwepo nayonso,Nyanja_NNF_Spk1_U_b79aa78dc5_Utterance_19_0_25.wav,8.882
NNF,F,Spk1,U_b79aa78dc5,0_25,Nyanja_NNF_Spk1_U_b79aa78dc5_Utterance_20,kumene kunali mlili wa bwato imene inagwera pamadzi nthawi yomweyo  iwo anabwera pafupi koma osati pafupi kwenekweni kotero kuti angathe kuona ciliconse,Nyanja_NNF_Spk1_U_b79aa78dc5_Utterance_20_0_25.wav,18.92
NNF,F,Spk1,U_b79aa78dc5,0_25,Nyanja_NNF_Spk1_U_b79aa78dc5_Utterance_21,ncifukwa ninji ili mu missouri ca kumalire ndiganizira tero tizatenga mapu,Nyanja_NNF_Spk1_U_b79aa78dc5_Utterance_21_0_25.wav,10.716
NNF,F,Spk1,U_b79aa78dc5,0_25,Nyanja_NNF_Spk1_U_b79aa78dc5_Utterance_22,msokonezo umene changu cake cinathandizira unali cifukwa ca kusadziwa kwake iye mwine,Nyanja_NNF_Spk1_U_b79aa78dc5_Utterance_22_0_25.wav,12.454
NNF,F,Spk1,U_b79aa78dc5,0_25,Nyanja_NNF_Spk1_U_b79aa78dc5_Utterance_23,anafunsa  phronsie ndi pa maso pace pa pang'ono  patayandikila ndi pamaso pa polli,Nyanja_NNF_Spk1_U_b79aa78dc5_Utterance_23_0_25.wav,9.621
NNF,F,Spk1,U_b79aa78dc5,0_25,Nyanja_NNF_Spk1_U_b79aa78dc5_Utterance_24,kagwiritsa nchito zinthu zamene zidyedwa ngati umboni wa kukhala ndi cuuma kuyenera kuikidwa ngati kukula mocotsera,Nyanja_NNF_Spk1_U_b79aa78dc5_Utterance_24_0_25.wav,16.588
NNF,F,Spk1,U_b79aa78dc5,0_25,Nyanja_NNF_Spk1_U_b79aa78dc5_Utterance_25,ayenera kuti iye anazipanga mosayenera zimenezi onani ngati pamaso pace panali pooneke mosabvutikira,Nyanja_NNF_Spk1_U_b79aa78dc5_Utterance_25_0_25.wav,14.375
NNF,F,Spk1,U_dc801756e1,25_50,Nyanja_NNF_Spk1_U_dc801756e1_Utterance_1,palibe kuda nkhawa za mayendedwe a nthawi zaimai azasatilapo,Nyanja_NNF_Spk1_U_dc801756e1_Utterance_1_25_50.wav,4.69
NNF,F,Spk1,U_dc801756e1,25_50,Nyanja_NNF_Spk1_U_dc801756e1_Utterance_2,mtima wa sitefani unayamba kupindika ndi kubisika ndi mantha ngati duwa imene ikuuma.,Nyanja_NNF_Spk1_U_dc801756e1_Utterance_2_25_50.wav,8.429
NNF,F,Spk1,U_dc801756e1,25_50,Nyanja_NNF_Spk1_U_dc801756e1_Utterance_3,zomasulila zina zimapezeka mkati mwa zidunswa za filimu zikuwala ndi nkhani ndi zionesero za mkati mwake,Nyanja_NNF_Spk1_U_dc801756e1_Utterance_3_25_50.wav,2.473
NNF,F,Spk1,U_dc801756e1,25_50,Nyanja_NNF_Spk1_U_dc801756e1_Utterance_4,ngati mzako akhala otangwanika muzicitidwe zace akhala mdyelekedzi,Nyanja_NNF_Spk1_U_dc801756e1_Utterance_4_25_50.wav,3.065
NNF,F,Spk1,U_dc801756e1,25_50,Nyanja_NNF_Spk1_U_dc801756e1_Utterance_5,pa kanthwi ndithu iye anagona pampando wace ndikumanva bwino ali kulota zokoma pa dzuwa ndi mbalame ndi mtengo,Nyanja_NNF_Spk1_U_dc801756e1_Utterance_5_25_50.wav,7.175
NNF,F,Spk1,U_dc801756e1,25_50,Nyanja_NNF_Spk1_U_dc801756e1_Utterance_6,segulani mitima yanu ndi kuzipeteka mu maphiko ankhunda onyowa,Nyanja_NNF_Spk1_U_dc801756e1_Utterance_6_25_50.wav,13.27
NNF,F,Spk1,U_dc801756e1,25_50,Nyanja_NNF_Spk1_U_dc801756e1_Utterance_7,pamathero azonse gulu limodzi linapita mosangalara ndipo gulu linali linakhala yekha ndiponso lodabwa,Nyanja_NNF_Spk1_U_dc801756e1_Utterance_7_25_50.wav,7.465
NNF,F,Spk1,U_dc801756e1,25_50,Nyanja_NNF_Spk1_U_dc801756e1_Utterance_8,zilombo ziwiri zinali cabemsokonezoumeneyu onse ndipo patsogolo pa maso anga ndikuona nyama zakumtunda ziwiei za mthengo,Nyanja_NNF_Spk1_U_dc801756e1_Utterance_8_25_50.wav,10.286
NNF,F,Spk1,U_dc801756e1,25_50,Nyanja_NNF_Spk1_U_dc801756e1_Utterance_9,ngati munthu amene simbutsa mu zaubatizo athira madzi asananene mau kodi mwana abatidzika,Nyanja_NNF_Spk1_U_dc801756e1_Utterance_9_25_50.wav,8.22
NNF,F,Spk1,U_dc801756e1,25_50,Nyanja_NNF_Spk1_U_dc801756e1_Utterance_10,zicitidwe zace ndi kukhuzidwa kwace pa kucitika kwa zinthu mwazizizi zinali zosabitsika,Nyanja_NNF_Spk1_U_dc801756e1_Utterance_10_25_50.wav,4.481
NNF,F,Spk1,U_dc801756e1,25_50,Nyanja_NNF_Spk1_U_dc801756e1_Utterance_11,nyengo ngati kuti tanena mau amenewo izasintha nthawi iliyonse,Nyanja_NNF_Spk1_U_dc801756e1_Utterance_11_25_50.wav,6.838
NNF,F,Spk1,U_dc801756e1,25_50,Nyanja_NNF_Spk1_U_dc801756e1_Utterance_12,mu dzina zambiri ikoma osati mu zonse osatinso kucita zimodzimodzi mwa kanthawi ka katali magulu awiriwa amagwirizana,Nyanja_NNF_Spk1_U_dc801756e1_Utterance_12_25_50.wav,6.92
NNF,F,Spk1,U_dc801756e1,25_50,Nyanja_NNF_Spk1_U_dc801756e1_Utterance_13,nkhakhala kanalikakang'ono conco kanali katalengetsa kusiyana kweni-kweni ku mbali ya cipindaco,Nyanja_NNF_Spk1_U_dc801756e1_Utterance_13_25_50.wav,5.445
NNF,F,Spk1,U_dc801756e1,25_50,Nyanja_NNF_Spk1_U_dc801756e1_Utterance_14,mwakamodzi cabemunjira ina ninaonetsa poyera kuti ndine mu pulofeti,Nyanja_NNF_Spk1_U_dc801756e1_Utterance_14_25_50.wav,8.115
NNF,F,Spk1,U_dc801756e1,25_50,Nyanja_NNF_Spk1_U_dc801756e1_Utterance_15,iye anapitila mwa henley albans nabwera pafupi kwambiri ndi dziko london ngati gejo (citsulo colimira) pa culu,Nyanja_NNF_Spk1_U_dc801756e1_Utterance_15_25_50.wav,9.16
NNF,F,Spk1,U_dc801756e1,25_50,Nyanja_NNF_Spk1_U_dc801756e1_Utterance_16,zomwe ndilankhula zonse zili pa inu,Nyanja_NNF_Spk1_U_dc801756e1_Utterance_16_25_50.wav,5.016
NNF,F,Spk1,U_dc801756e1,25_50,Nyanja_NNF_Spk1_U_dc801756e1_Utterance_17,inde ndipo abwera onse kumayeso awa inde,Nyanja_NNF_Spk1_U_dc801756e1_Utterance_17_25_50.wav,8.963
NNF,F,Spk1,U_dc801756e1,25_50,Nyanja_NNF_Spk1_U_dc801756e1_Utterance_18,ndizapatsidwirapo cilango tsopano ndiganiza kuti ndi kupyolera kundimwetsera mu misozi yanga,Nyanja_NNF_Spk1_U_dc801756e1_Utterance_18_25_50.wav,4.818
NNF,F,Spk1,U_dc801756e1,25_50,Nyanja_NNF_Spk1_U_dc801756e1_Utterance_19,kabweredwe ka anthu kunali kwakukulu mosayembekedzeleka ndipo asikana anali wosangalala kwabasi ataoneratu kupambana kwao mu phwando lao/cokondwerero cao,Nyanja_NNF_Spk1_U_dc801756e1_Utterance_19_25_50.wav,8.04
NNF,F,Spk1,U_dc801756e1,25_50,Nyanja_NNF_Spk1_U_dc801756e1_Utterance_20,ndipo anaponya manja mu lhosa la msuweni wace ndipo lakele ocenjera uja anayamba kucotsa misozi,Nyanja_NNF_Spk1_U_dc801756e1_Utterance_20_25_50.wav,8.725
NNF,F,Spk1,U_dc801756e1,25_50,Nyanja_NNF_Spk1_U_dc801756e1_Utterance_21,ndinali kuganiza kuti ndi zolingana kwabatsi ndi khadi imene ili ndi mtima pa makhadi a njuga anayankha kapitawo ali kusekelela mwapangono,Nyanja_NNF_Spk1_U_dc801756e1_Utterance_21_25_50.wav,7.192
NNF,F,Spk1,U_dc801756e1,25_50,Nyanja_NNF_Spk1_U_dc801756e1_Utterance_22,ndakatulo zina za soloni zinanenedwanso ndi anyamata,Nyanja_NNF_Spk1_U_dc801756e1_Utterance_22_25_50.wav,7.901
NNF,F,Spk1,U_dc801756e1,25_50,Nyanja_NNF_Spk1_U_dc801756e1_Utterance_23,sindizakhalanso woipa mtima onse anatero boolooroo uokalamba  ndizasintha njira zanga zoipa,Nyanja_NNF_Spk1_U_dc801756e1_Utterance_23_25_50.wav,4.017
NNF,F,Spk1,U_dc801756e1,25_50,Nyanja_NNF_Spk1_U_dc801756e1_Utterance_24,ndinalowa ndipon ndinakutenga mwacisinsi kulingana ndi zomwe tinakambirana pa gome yakumbali ija,Nyanja_NNF_Spk1_U_dc801756e1_Utterance_24_25_50.wav,10.403
NNF,F,Spk1,U_dc801756e1,25_50,Nyanja_NNF_Spk1_U_dc801756e1_Utterance_25,nanga za famu olafu zikalibe kutheka ndinayankha nati kuyenda ma ulendo aatali cimakoma nthawi ya cilimwe,Nyanja_NNF_Spk1_U_dc801756e1_Utterance_25_25_50.wav,6.711
NNF,F,Spk1,U_dc801756e1,0_25,Nyanja_NNF_Spk1_U_dc801756e1_Utterance_1,ndicokondweretsa kuona zinthu zonse zikupita mwacangu patsogoro ndikucitika,Nyanja_NNF_Spk1_U_dc801756e1_Utterance_1_0_25.wav,4.853
NNF,F,Spk1,U_dc801756e1,0_25,Nyanja_NNF_Spk1_U_dc801756e1_Utterance_2,koma ukhulupilira m'maphunziro anafunsa maliya,Nyanja_NNF_Spk1_U_dc801756e1_Utterance_2_0_25.wav,3.599
NNF,F,Spk1,U_dc801756e1,0_25,Nyanja_NNF_Spk1_U_dc801756e1_Utterance_3,ngati mokhutilitsidwa ndi kucingililidwa kwace mtsilikali anatsiya malo ace ndi kulowa m'menemo,Nyanja_NNF_Spk1_U_dc801756e1_Utterance_3_0_25.wav,6.629
NNF,F,Spk1,U_dc801756e1,0_25,Nyanja_NNF_Spk1_U_dc801756e1_Utterance_4,kodi sizinali zokhutilitsa kunena kucokera kwa ambuye mulungu,Nyanja_NNF_Spk1_U_dc801756e1_Utterance_4_0_25.wav,4.174
NNF,F,Spk1,U_dc801756e1,0_25,Nyanja_NNF_Spk1_U_dc801756e1_Utterance_5,mopambana kuipa kwace tomu mopambana kuipa kwace anatero kapitawo wa mundende mokwiya,Nyanja_NNF_Spk1_U_dc801756e1_Utterance_5_0_25.wav,6.548
NNF,F,Spk1,U_dc801756e1,0_25,Nyanja_NNF_Spk1_U_dc801756e1_Utterance_6,khwangwala anakhala pa msambo wa mtengo namayangana nyama yosakidwa ili kusamba mu madzi munsimo,Nyanja_NNF_Spk1_U_dc801756e1_Utterance_6_0_25.wav,7.14
NNF,F,Spk1,U_dc801756e1,0_25,Nyanja_NNF_Spk1_U_dc801756e1_Utterance_7,izo tsopano zinali zoganiza zace zabwino ana akhanda awiri conco,Nyanja_NNF_Spk1_U_dc801756e1_Utterance_7_0_25.wav,5.956
NNF,F,Spk1,U_dc801756e1,0_25,Nyanja_NNF_Spk1_U_dc801756e1_Utterance_8,zinthu zazing'ono za mu umphawi analira cynthia aganizireni uti anali atabwezedwa zaka zonsezi zapitazi,Nyanja_NNF_Spk1_U_dc801756e1_Utterance_8_0_25.wav,4.342
NNF,F,Spk1,U_dc801756e1,0_25,Nyanja_NNF_Spk1_U_dc801756e1_Utterance_9,sindizanjenjemera mawa unaganiza tero mtengo wa mkuyu,Nyanja_NNF_Spk1_U_dc801756e1_Utterance_9_0_25.wav,8.499
NNF,F,Spk1,U_dc801756e1,0_25,Nyanja_NNF_Spk1_U_dc801756e1_Utterance_10,iwo anayenda mobwelera pang'ono kucoka pa njira nazigwededza modziwitsa wojambura uja kuti alowe,Nyanja_NNF_Spk1_U_dc801756e1_Utterance_10_0_25.wav,5.689
NNF,F,Spk1,U_dc801756e1,0_25,Nyanja_NNF_Spk1_U_dc801756e1_Utterance_11,ngati coletsedwa cocuuka kwambiri m'mene kugonana kungaimitsidwe koma sikungathe kuletsdwa nthawi ya pikiniki,Nyanja_NNF_Spk1_U_dc801756e1_Utterance_11_0_25.wav,4.33
NNF,F,Spk1,U_dc801756e1,0_25,Nyanja_NNF_Spk1_U_dc801756e1_Utterance_12,koma sitisamala konse ndipo tipanga cimo kukhala cinthu copepeka,Nyanja_NNF_Spk1_U_dc801756e1_Utterance_12_0_25.wav,8.259
NNF,F,Spk1,U_dc801756e1,0_25,Nyanja_NNF_Spk1_U_dc801756e1_Utterance_13,pulasitala (chigodo) ina yocepa yopakidwa kucipupa ca nyumba yotulutsira utsi inagwa pansi ndi kundicititsa mantha kutheratu,Nyanja_NNF_Spk1_U_dc801756e1_Utterance_13_0_25.wav,7.825
NNF,F,Spk1,U_dc801756e1,0_25,Nyanja_NNF_Spk1_U_dc801756e1_Utterance_14,muzandilola ine kuganizila njira zina anatero monena kuti izo ndi kulingana ndi zoganiza za munthu,Nyanja_NNF_Spk1_U_dc801756e1_Utterance_14_0_25.wav,10.344
NNF,F,Spk1,U_dc801756e1,0_25,Nyanja_NNF_Spk1_U_dc801756e1_Utterance_15,cilibe kukongola kuli konse copanda kukongola kosiyanako munjira iliyonse ndipo mizela yace yonse ndi yopanikizani ndi yosaoneka bwino,Nyanja_NNF_Spk1_U_dc801756e1_Utterance_15_0_25.wav,4.583
NNF,F,Spk1,U_dc801756e1,0_25,Nyanja_NNF_Spk1_U_dc801756e1_Utterance_16,unamsiya mu mpando ukufunsa kuti mpando uti uli pafupi ndi dzenera,Nyanja_NNF_Spk1_U_dc801756e1_Utterance_16_0_25.wav,3.917
NNF,F,Spk1,U_dc801756e1,0_25,Nyanja_NNF_Spk1_U_dc801756e1_Utterance_17,taima pomwepo ninatero ndikuona ndi kudabwa zolephera zanga,Nyanja_NNF_Spk1_U_dc801756e1_Utterance_17_0_25.wav,5.642
NNF,F,Spk1,U_dc801756e1,0_25,Nyanja_NNF_Spk1_U_dc801756e1_Utterance_18,cikanakhala bwino kwambiri ngati kuti akadalankhula pa zomanga cibwenzi ca anthu,Nyanja_NNF_Spk1_U_dc801756e1_Utterance_18_0_25.wav,5.555
NNF,F,Spk1,U_dc801756e1,0_25,Nyanja_NNF_Spk1_U_dc801756e1_Utterance_19,songasonga yogomoka ya mwala wa lidi inali itaikidwa pomwepo nayonso,Nyanja_NNF_Spk1_U_dc801756e1_Utterance_19_0_25.wav,10.606
NNF,F,Spk1,U_dc801756e1,0_25,Nyanja_NNF_Spk1_U_dc801756e1_Utterance_20,kumene kunali mlili wa bwato imene inagwera pamadzi nthawi yomweyo  iwo anabwera pafupi koma osati pafupi kwenekweni kotero kuti angathe kuona ciliconse,Nyanja_NNF_Spk1_U_dc801756e1_Utterance_20_0_25.wav,5.584
NNF,F,Spk1,U_dc801756e1,0_25,Nyanja_NNF_Spk1_U_dc801756e1_Utterance_21,ncifukwa ninji ili mu missouri ca kumalire ndiganizira tero tizatenga mapu,Nyanja_NNF_Spk1_U_dc801756e1_Utterance_21_0_25.wav,6.478
NNF,F,Spk1,U_dc801756e1,0_25,Nyanja_NNF_Spk1_U_dc801756e1_Utterance_22,msokonezo umene changu cake cinathandizira unali cifukwa ca kusadziwa kwake iye mwine,Nyanja_NNF_Spk1_U_dc801756e1_Utterance_22_0_25.wav,6.339
NNF,F,Spk1,U_dc801756e1,0_25,Nyanja_NNF_Spk1_U_dc801756e1_Utterance_23,anafunsa  phronsie ndi pa maso pace pa pang'ono  patayandikila ndi pamaso pa polli,Nyanja_NNF_Spk1_U_dc801756e1_Utterance_23_0_25.wav,9.787
NNF,F,Spk1,U_dc801756e1,0_25,Nyanja_NNF_Spk1_U_dc801756e1_Utterance_24,kagwiritsa nchito zinthu zamene zidyedwa ngati umboni wa kukhala ndi cuuma kuyenera kuikidwa ngati kukula mocotsera,Nyanja_NNF_Spk1_U_dc801756e1_Utterance_24_0_25.wav,9.857
NNF,F,Spk1,U_dc801756e1,0_25,Nyanja_NNF_Spk1_U_dc801756e1_Utterance_25,ayenera kuti iye anazipanga mosayenera zimenezi onani ngati pamaso pace panali pooneke mosabvutikira,Nyanja_NNF_Spk1_U_dc801756e1_Utterance_25_0_25.wav,8.144
NNF,F,Spk7,U_498b046e77,325_350,Nyanja_NNF_Spk7_U_498b046e77_Utterance_1,pa cisanu kufotokoza zolakwa kuzakhalako matsana onse titathana ndi ulungu,Nyanja_NNF_Spk7_U_498b046e77_Utterance_1_325_350.wav,7.685
NNF,F,Spk7,U_498b046e77,325_350,Nyanja_NNF_Spk7_U_498b046e77_Utterance_2,izo zonsezo ndi za zoona bambo neverbend anatero  bambo ferdinando brown,Nyanja_NNF_Spk7_U_498b046e77_Utterance_2_325_350.wav,7.685
NNF,F,Spk7,U_498b046e77,325_350,Nyanja_NNF_Spk7_U_498b046e77_Utterance_3,mwina kungakhaleko ndakatulo zocepa pano ndi apo koma ambiri mwa malo ano anali wofunitsitsa,Nyanja_NNF_Spk7_U_498b046e77_Utterance_3_325_350.wav,9.995
NNF,F,Spk7,U_498b046e77,325_350,Nyanja_NNF_Spk7_U_498b046e77_Utterance_4,ndiponso kunali mnyanata wacicepele amene analowa nchito ya panyumba,Nyanja_NNF_Spk7_U_498b046e77_Utterance_4_325_350.wav,9.995
NNF,F,Spk7,U_498b046e77,325_350,Nyanja_NNF_Spk7_U_498b046e77_Utterance_5,koma kodi ao ndio mathokozo onse amene m'modzi mwa azimai anapempha,Nyanja_NNF_Spk7_U_498b046e77_Utterance_5_325_350.wav,9.995
NNF,F,Spk7,U_498b046e77,325_350,Nyanja_NNF_Spk7_U_498b046e77_Utterance_6,myezi ya kapalepale ndi zibweleza  mcaka ca 1837 inapita ndipo kunalibe yankho ina iliyonse kucokera kwa southey,Nyanja_NNF_Spk7_U_498b046e77_Utterance_6_325_350.wav,18.095
NNF,F,Spk7,U_498b046e77,325_350,Nyanja_NNF_Spk7_U_498b046e77_Utterance_7,ndikudabwa mwina ndatsinthidwa utsiku,Nyanja_NNF_Spk7_U_498b046e77_Utterance_7_325_350.wav,18.095
NNF,F,Spk7,U_498b046e77,325_350,Nyanja_NNF_Spk7_U_498b046e77_Utterance_8,koma cithunzithunzi cidatsowa mwansanga-msanga citangooneka,Nyanja_NNF_Spk7_U_498b046e77_Utterance_8_325_350.wav,18.095
NNF,F,Spk7,U_498b046e77,325_350,Nyanja_NNF_Spk7_U_498b046e77_Utterance_9,kodi si uja ochuka kwambili ku nkhni yopita m'ngondya zodabwitsa,Nyanja_NNF_Spk7_U_498b046e77_Utterance_9_325_350.wav,18.095
NNF,F,Spk7,U_498b046e77,325_350,Nyanja_NNF_Spk7_U_498b046e77_Utterance_10,unali umbabva wa dala kocokera kwa amene anamlemba ncito pofuna kuteteza mtsikana amene akonda,Nyanja_NNF_Spk7_U_498b046e77_Utterance_10_325_350.wav,18.095
NNF,F,Spk7,U_498b046e77,325_350,Nyanja_NNF_Spk7_U_498b046e77_Utterance_11,tsiku iyi ndi tsiku yonvesandi manyazi anapitiliza mnyamata maso ake atakhadzikika pa mzace,Nyanja_NNF_Spk7_U_498b046e77_Utterance_11_325_350.wav,18.095
NNF,F,Spk7,U_498b046e77,325_350,Nyanja_NNF_Spk7_U_498b046e77_Utterance_12,kodi upita ku msonkhano wa pa caka lute anafunsa m'modzi mwa atsikana,Nyanja_NNF_Spk7_U_498b046e77_Utterance_12_325_350.wav,18.095
NNF,F,Spk7,U_498b046e77,325_350,Nyanja_NNF_Spk7_U_498b046e77_Utterance_13,andalasoni anacoka mu mpando wace atalumpha kmodzi cabe,Nyanja_NNF_Spk7_U_498b046e77_Utterance_13_325_350.wav,18.095
NNF,F,Spk7,U_498b046e77,325_350,Nyanja_NNF_Spk7_U_498b046e77_Utterance_14,monga mau ankhunda monga tsiku losankhalitsa monga nyimbo mu mlengalenga,Nyanja_NNF_Spk7_U_498b046e77_Utterance_14_325_350.wav,18.095
NNF,F,Spk7,U_498b046e77,325_350,Nyanja_NNF_Spk7_U_498b046e77_Utterance_15,azowona  anabwelera ndicimwemwe kucokera ku mzinda,Nyanja_NNF_Spk7_U_498b046e77_Utterance_15_325_350.wav,18.095
NNF,F,Spk7,U_498b046e77,325_350,Nyanja_NNF_Spk7_U_498b046e77_Utterance_16,kuli kubwera ci namondwe cacikulu ninalira ndikulodza cala kumene cina kucokera,Nyanja_NNF_Spk7_U_498b046e77_Utterance_16_325_350.wav,18.095
NNF,F,Spk7,U_498b046e77,325_350,Nyanja_NNF_Spk7_U_498b046e77_Utterance_17,ndakambukila tsopano ndpo ndazithokoza kodi mkondapo wina aliyense,Nyanja_NNF_Spk7_U_498b046e77_Utterance_17_325_350.wav,18.095
NNF,F,Spk7,U_498b046e77,325_350,Nyanja_NNF_Spk7_U_498b046e77_Utterance_18,zindingaziletse kukhutilitsidwa kwanga cifukwa coziletsa kuyamnkha zonena za southey,Nyanja_NNF_Spk7_U_498b046e77_Utterance_18_325_350.wav,18.095
NNF,F,Spk7,U_498b046e77,325_350,Nyanja_NNF_Spk7_U_498b046e77_Utterance_19,ndipo kudi mutu wa ndakatulo unali ciaini adafunsa emwe analankhulapo,Nyanja_NNF_Spk7_U_498b046e77_Utterance_19_325_350.wav,18.095
NNF,F,Spk7,U_498b046e77,325_350,Nyanja_NNF_Spk7_U_498b046e77_Utterance_20,za cilungamo zipanga cimodzi mwa izi ndipo zoganiza zipanga zinazo,Nyanja_NNF_Spk7_U_498b046e77_Utterance_20_325_350.wav,18.095
NNF,F,Spk7,U_498b046e77,325_350,Nyanja_NNF_Spk7_U_498b046e77_Utterance_21,wina singathe kuyembekezera ciliconse pa tsiku lowawa ngati iili,Nyanja_NNF_Spk7_U_498b046e77_Utterance_21_325_350.wav,18.095
NNF,F,Spk7,U_498b046e77,325_350,Nyanja_NNF_Spk7_U_498b046e77_Utterance_22,ma doko a ku brooklyn ndi malo ena alionse a mzinda wa new york woyandikira mtsinje wa kum'mawa unadzadzidwa ndi anthu ofuna kuonetsetsa,Nyanja_NNF_Spk7_U_498b046e77_Utterance_22_325_350.wav,18.095
NNF,F,Spk7,U_498b046e77,325_350,Nyanja_NNF_Spk7_U_498b046e77_Utterance_23,malo ena angatengedwa ngati oikidwa pamalo amodzi-modzi ndipo zina ngati maphunziro ena onse a pa kukumbukira azafika,Nyanja_NNF_Spk7_U_498b046e77_Utterance_23_325_350.wav,18.095
NNF,F,Spk7,U_498b046e77,325_350,Nyanja_NNF_Spk7_U_498b046e77_Utterance_24,anchito pamodzi ndi azimai acicepele anazikonzo mokometsa zimenezi,Nyanja_NNF_Spk7_U_498b046e77_Utterance_24_325_350.wav,18.095
NNF,F,Spk7,U_498b046e77,325_350,Nyanja_NNF_Spk7_U_498b046e77_Utterance_25,ndipo ndilibe wina aliyense amene ndiokonzeka kupatsidwa zolemba za boma za  kale,Nyanja_NNF_Spk7_U_498b046e77_Utterance_25_325_350.wav,18.095
NNF,F,Spk7,U_498b046e77,300_325,Nyanja_NNF_Spk7_U_498b046e77_Utterance_1,koma izi ndizo mtengo umunewo sunafuna kunva,Nyanja_NNF_Spk7_U_498b046e77_Utterance_1_300_325.wav,4.235
NNF,F,Spk7,U_498b046e77,300_325,Nyanja_NNF_Spk7_U_498b046e77_Utterance_2,aliko ambiri amene ndi acikulire uposa ine,Nyanja_NNF_Spk7_U_498b046e77_Utterance_2_300_325.wav,4.235
NNF,F,Spk7,U_498b046e77,300_325,Nyanja_NNF_Spk7_U_498b046e77_Utterance_3,ndipo emil anakonza njira yace mwapang'ono pang'ono kumapita ca ku mtengo wa mkuyu,Nyanja_NNF_Spk7_U_498b046e77_Utterance_3_300_325.wav,8.645
NNF,F,Spk7,U_498b046e77,300_325,Nyanja_NNF_Spk7_U_498b046e77_Utterance_4,pansipo koposa cina ciri conse  pa naonetsa cipindacho kukhala ca zaka zambiri,Nyanja_NNF_Spk7_U_498b046e77_Utterance_4_300_325.wav,12.515
NNF,F,Spk7,U_498b046e77,300_325,Nyanja_NNF_Spk7_U_498b046e77_Utterance_5,nemo ali kupanga chi sitima capamadzi cacikulu komanso cabwino ca mtsogoro cocedwa nautilus ndipo acitanso kampeni yapamadzi pofuna kukopa ena kubwezera omwe anawapondereza,Nyanja_NNF_Spk7_U_498b046e77_Utterance_5_300_325.wav,24.52
NNF,F,Spk7,U_498b046e77,300_325,Nyanja_NNF_Spk7_U_498b046e77_Utterance_6,kutali ndi izo bwana amfumu pokhala kuti sanapeleke chiloledzo oimba achita tero,Nyanja_NNF_Spk7_U_498b046e77_Utterance_6_300_325.wav,24.52
NNF,F,Spk7,U_498b046e77,300_325,Nyanja_NNF_Spk7_U_498b046e77_Utterance_7,asilikali omenyera nkhondo okwanira ngati ma dzana awiri anadya mu holo lace namusatila ku nkondo,Nyanja_NNF_Spk7_U_498b046e77_Utterance_7_300_325.wav,24.52
NNF,F,Spk7,U_498b046e77,300_325,Nyanja_NNF_Spk7_U_498b046e77_Utterance_8,ndipo anali kukukondani kwabasi nanunso a lakele,Nyanja_NNF_Spk7_U_498b046e77_Utterance_8_300_325.wav,24.52
NNF,F,Spk7,U_498b046e77,300_325,Nyanja_NNF_Spk7_U_498b046e77_Utterance_9,dzanja la fitzooth inali itaikidwa pamwamba peni-peni pa matanda ndipo  mwapang'ono-pang'ono cilungamo cinadza kwa iye,Nyanja_NNF_Spk7_U_498b046e77_Utterance_9_300_325.wav,24.52
NNF,F,Spk7,U_498b046e77,300_325,Nyanja_NNF_Spk7_U_498b046e77_Utterance_10,cinthu cina cabwino cinthu cina cacikulube ciyenera kukonkhapo koma kodi nciani,Nyanja_NNF_Spk7_U_498b046e77_Utterance_10_300_325.wav,24.52
NNF,F,Spk7,U_498b046e77,300_325,Nyanja_NNF_Spk7_U_498b046e77_Utterance_11,nthano analira ana akulemba ka mzibambo konenepa ca ku mtengo,Nyanja_NNF_Spk7_U_498b046e77_Utterance_11_300_325.wav,24.52
NNF,F,Spk7,U_498b046e77,300_325,Nyanja_NNF_Spk7_U_498b046e77_Utterance_12,ici cinali cikhulupiliro cacikulu wina aliyense sazapita,Nyanja_NNF_Spk7_U_498b046e77_Utterance_12_300_325.wav,24.52
NNF,F,Spk7,U_498b046e77,300_325,Nyanja_NNF_Spk7_U_498b046e77_Utterance_13,mwinamwace mitengo zina kuthengoko  zizabwera kundiona,Nyanja_NNF_Spk7_U_498b046e77_Utterance_13_300_325.wav,24.52
NNF,F,Spk7,U_498b046e77,300_325,Nyanja_NNF_Spk7_U_498b046e77_Utterance_14,walankhula bwino mademoiselle de tonnay charente nanenso ndiganiza kuti izo ndizabwino cabe koma ndizasamala,Nyanja_NNF_Spk7_U_498b046e77_Utterance_14_300_325.wav,24.52
NNF,F,Spk7,U_498b046e77,300_325,Nyanja_NNF_Spk7_U_498b046e77_Utterance_15,kodi ndi zoipa zotatani zoipa zothekha zimene sizinacitike kwa ine masikun acepa apitawa,Nyanja_NNF_Spk7_U_498b046e77_Utterance_15_300_325.wav,24.52
NNF,F,Spk7,U_498b046e77,300_325,Nyanja_NNF_Spk7_U_498b046e77_Utterance_16,ndinali ndi ciganiziro conena kuti ndiwe mzanga amene unandipulumutsa ku mpeni,Nyanja_NNF_Spk7_U_498b046e77_Utterance_16_300_325.wav,24.52
NNF,F,Spk7,U_498b046e77,300_325,Nyanja_NNF_Spk7_U_498b046e77_Utterance_17,kodi ndi dzina la yani imene unasayina pa cheke anafunsa kenneth,Nyanja_NNF_Spk7_U_498b046e77_Utterance_17_300_325.wav,24.52
NNF,F,Spk7,U_498b046e77,300_325,Nyanja_NNF_Spk7_U_498b046e77_Utterance_18,pepani mundikhululukile anatero trot ndinaiwalila ku kuuzani kuti sindinu a boolooroo kuyambira lero,Nyanja_NNF_Spk7_U_498b046e77_Utterance_18_300_325.wav,24.52
NNF,F,Spk7,U_498b046e77,300_325,Nyanja_NNF_Spk7_U_498b046e77_Utterance_19,iye anayambira pa ganizoli napita mosakondwera,Nyanja_NNF_Spk7_U_498b046e77_Utterance_19_300_325.wav,24.52
NNF,F,Spk7,U_498b046e77,300_325,Nyanja_NNF_Spk7_U_498b046e77_Utterance_20,larkspur andilumanso lero mmawa kwa nthawi ka citatu,Nyanja_NNF_Spk7_U_498b046e77_Utterance_20_300_325.wav,24.52
NNF,F,Spk7,U_498b046e77,300_325,Nyanja_NNF_Spk7_U_498b046e77_Utterance_21,opanga shuga amene ananena kuti loaf anamasulira lumps chitsiru cotenthedwa opanga zinthu umenewu wacilungamo,Nyanja_NNF_Spk7_U_498b046e77_Utterance_21_300_325.wav,24.52
NNF,F,Spk7,U_498b046e77,300_325,Nyanja_NNF_Spk7_U_498b046e77_Utterance_22,uyenekera kuziwa yohane kuti ngati naphunzitsa anthu acikuda sindizakhala ndi mpata oona anthu ambiri amene ndiphunzitsa mkalasi mwanga,Nyanja_NNF_Spk7_U_498b046e77_Utterance_22_300_325.wav,24.52
NNF,F,Spk7,U_498b046e77,300_325,Nyanja_NNF_Spk7_U_498b046e77_Utterance_23,sicidzakhala kopanda ciopyezo ngati iwe ukhala kuno tsopano,Nyanja_NNF_Spk7_U_498b046e77_Utterance_23_300_325.wav,24.52
NNF,F,Spk7,U_498b046e77,300_325,Nyanja_NNF_Spk7_U_498b046e77_Utterance_24,mwinamwace izo zidatha kwanthawi ino mtengo unapita ntano yace ili kumathero,Nyanja_NNF_Spk7_U_498b046e77_Utterance_24_300_325.wav,24.52
NNF,F,Spk7,U_498b046e77,300_325,Nyanja_NNF_Spk7_U_498b046e77_Utterance_25,mutsale bwino anatero akhoswe ndi anapita kunyumbako,Nyanja_NNF_Spk7_U_498b046e77_Utterance_25_300_325.wav,24.52
NNF,F,Spk6,U_4d0d591d11,250_275,Nyanja_NNF_Spk6_U_4d0d591d11_Utterance_1,iye akulankhula pa atumwi poyamba cifukwa ndiwo amene anasankhidwa ndi mulungu iye mwini,Nyanja_NNF_Spk6_U_4d0d591d11_Utterance_1_250_275.wav,9.455
NNF,F,Spk6,U_4d0d591d11,250_275,Nyanja_NNF_Spk6_U_4d0d591d11_Utterance_2,panali cinthu cina cimene cinali cidabwitsa pa famu lalikulu lija kasamalilidwe ka zinthu kanali kodabwitsa,Nyanja_NNF_Spk6_U_4d0d591d11_Utterance_2_250_275.wav,10.955
NNF,F,Spk6,U_4d0d591d11,250_275,Nyanja_NNF_Spk6_U_4d0d591d11_Utterance_3,kodi inu muganiza kuti mungathe kukwaniritsa kwa myezi isanu ndi umodzi,Nyanja_NNF_Spk6_U_4d0d591d11_Utterance_3_250_275.wav,7.685
NNF,F,Spk6,U_4d0d591d11,250_275,Nyanja_NNF_Spk6_U_4d0d591d11_Utterance_4,mowatu unakwanitsadi kubweretsa mtundu wa masaya ya squire,Nyanja_NNF_Spk6_U_4d0d591d11_Utterance_4_250_275.wav,7.145
NNF,F,Spk6,U_4d0d591d11,250_275,Nyanja_NNF_Spk6_U_4d0d591d11_Utterance_5,ai ai lording anayankha warrenton ali kuseka pan'gono,Nyanja_NNF_Spk6_U_4d0d591d11_Utterance_5_250_275.wav,6.275
NNF,F,Spk6,U_4d0d591d11,250_275,Nyanja_NNF_Spk6_U_4d0d591d11_Utterance_6,anapeza citseko koma cinali cokhomedwela kubwalo,Nyanja_NNF_Spk6_U_4d0d591d11_Utterance_6_250_275.wav,5.66
NNF,F,Spk6,U_4d0d591d11,250_275,Nyanja_NNF_Spk6_U_4d0d591d11_Utterance_7,pa maso pace poopsya panali kusekelera ndi cimwemwe,Nyanja_NNF_Spk6_U_4d0d591d11_Utterance_7_250_275.wav,6.17
NNF,F,Spk6,U_4d0d591d11,250_275,Nyanja_NNF_Spk6_U_4d0d591d11_Utterance_8,ndatopa kwmbiri kumangonyaya muno oo khoswe,Nyanja_NNF_Spk6_U_4d0d591d11_Utterance_8_250_275.wav,6.38
NNF,F,Spk6,U_4d0d591d11,250_275,Nyanja_NNF_Spk6_U_4d0d591d11_Utterance_9,ndinveleleni cifundo ambuye nga ndipemphera poti anthuwa azandipha,Nyanja_NNF_Spk6_U_4d0d591d11_Utterance_9_250_275.wav,8.45
NNF,F,Spk6,U_4d0d591d11,250_275,Nyanja_NNF_Spk6_U_4d0d591d11_Utterance_10,analowanso butler ndi azibambo a mene anali kuyenda pansi ocotsa zinthu za tiiiolandira alendo kwa mlendo,Nyanja_NNF_Spk6_U_4d0d591d11_Utterance_10_250_275.wav,11.045
NNF,F,Spk6,U_4d0d591d11,250_275,Nyanja_NNF_Spk6_U_4d0d591d11_Utterance_11,bwerani bwerani ndinaitana pamene kunalibe wina aliyense okonka motoyo,Nyanja_NNF_Spk6_U_4d0d591d11_Utterance_11_250_275.wav,6.935
NNF,F,Spk6,U_4d0d591d11,250_275,Nyanja_NNF_Spk6_U_4d0d591d11_Utterance_12,pa nthawi ino ninali nitapanga ganizo lina pa iye,Nyanja_NNF_Spk6_U_4d0d591d11_Utterance_12_250_275.wav,5.6
NNF,F,Spk6,U_4d0d591d11,250_275,Nyanja_NNF_Spk6_U_4d0d591d11_Utterance_13,mkondo unalasan mtima wace ndikumpweteka thupi lace,Nyanja_NNF_Spk6_U_4d0d591d11_Utterance_13_250_275.wav,5.225
NNF,F,Spk6,U_4d0d591d11,250_275,Nyanja_NNF_Spk6_U_4d0d591d11_Utterance_14,koma pano pali cinthu cimene muzadabwa poyamba kuti ncifukwa ninji turner anacilemba conseci,Nyanja_NNF_Spk6_U_4d0d591d11_Utterance_14_250_275.wav,9.245
NNF,F,Spk6,U_4d0d591d11,250_275,Nyanja_NNF_Spk6_U_4d0d591d11_Utterance_15,akazi anga pomwepo ali kuyenda anakwanitsa kupatsa azibambo cakudya ca m'madzulo cabwino kwambiri,Nyanja_NNF_Spk6_U_4d0d591d11_Utterance_15_250_275.wav,9.155
NNF,F,Spk6,U_4d0d591d11,250_275,Nyanja_NNF_Spk6_U_4d0d591d11_Utterance_16,koma zambiri za mphanvu ya ka buku ya nkhani imeneyi icokera ku kapitawo nemo,Nyanja_NNF_Spk6_U_4d0d591d11_Utterance_16_250_275.wav,8.33
NNF,F,Spk6,U_4d0d591d11,250_275,Nyanja_NNF_Spk6_U_4d0d591d11_Utterance_17,iwo akuganiza kuti mukunyada cifukwa munali mutacokapo mutapita kusukulu  kapena kwina kwace,Nyanja_NNF_Spk6_U_4d0d591d11_Utterance_17_250_275.wav,9.185
NNF,F,Spk6,U_4d0d591d11,250_275,Nyanja_NNF_Spk6_U_4d0d591d11_Utterance_18,ubwino wa kudziwa kuyendayenda pa nyanja kwace kunali kokoma kotero kuti kunakakwanilitsa kuzungulira kwa dziko lonse lapansi,Nyanja_NNF_Spk6_U_4d0d591d11_Utterance_18_250_275.wav,10.955
NNF,F,Spk6,U_4d0d591d11,250_275,Nyanja_NNF_Spk6_U_4d0d591d11_Utterance_19,inde ndipo ndi manja ako onse cinakutengera caka kuti undigwire amfumu anaonetsa pa maso pokwiya kwambiri,Nyanja_NNF_Spk6_U_4d0d591d11_Utterance_19_250_275.wav,9.8
NNF,F,Spk6,U_4d0d591d11,250_275,Nyanja_NNF_Spk6_U_4d0d591d11_Utterance_20,voltaire anatenga cinthu cina cance pansi nacionetsesa,Nyanja_NNF_Spk6_U_4d0d591d11_Utterance_20_250_275.wav,5.825
NNF,F,Spk6,U_4d0d591d11,250_275,Nyanja_NNF_Spk6_U_4d0d591d11_Utterance_21,ndiganiza tero ngakhale kuti ndiona kuti ndi mwamsanga kwa iwo ndipo kunanveka kuphulika kwa cinthu,Nyanja_NNF_Spk6_U_4d0d591d11_Utterance_21_250_275.wav,8.42
NNF,F,Spk6,U_4d0d591d11,250_275,Nyanja_NNF_Spk6_U_4d0d591d11_Utterance_22,ndimazizimuka ndi mantha nitakumbukila zigawenga  izi kucikumbutso canga,Nyanja_NNF_Spk6_U_4d0d591d11_Utterance_22_250_275.wav,6.545
NNF,F,Spk6,U_4d0d591d11,250_275,Nyanja_NNF_Spk6_U_4d0d591d11_Utterance_23,ndaona kuti umoyo wanu siunapiteko muzobvuta zazikulu kopootsa kamnyamata kamene kakukwera mu mtengo cifukwa coti kaiti wake asakamila,Nyanja_NNF_Spk6_U_4d0d591d11_Utterance_23_250_275.wav,13.745
NNF,F,Spk6,U_4d0d591d11,250_275,Nyanja_NNF_Spk6_U_4d0d591d11_Utterance_24,cinthu cinacaca cinalenga kuti iye alowe ndi kuona ngati izo zinalidi ma umbuni,Nyanja_NNF_Spk6_U_4d0d591d11_Utterance_24_250_275.wav,9.305
NNF,F,Spk6,U_4d0d591d11,250_275,Nyanja_NNF_Spk6_U_4d0d591d11_Utterance_25,ncifukwa ciani ndi goliati nthawi zonse onse analira ali kusonjola,Nyanja_NNF_Spk6_U_4d0d591d11_Utterance_25_250_275.wav,6.035
NNF,F,Spk6,U_4d0d591d11,275_300,Nyanja_NNF_Spk6_U_4d0d591d11_Utterance_1,sitinakhalepo ndi ambiri aiwo motere muno masiku akumbuyo awa,Nyanja_NNF_Spk6_U_4d0d591d11_Utterance_1_275_300.wav,6.395
NNF,F,Spk6,U_4d0d591d11,275_300,Nyanja_NNF_Spk6_U_4d0d591d11_Utterance_2,calo cili m'mene cinaliri conse koma sindingathe cabe kufikako,Nyanja_NNF_Spk6_U_4d0d591d11_Utterance_2_275_300.wav,6.5
NNF,F,Spk6,U_4d0d591d11,275_300,Nyanja_NNF_Spk6_U_4d0d591d11_Utterance_3,mpweya uno ndi odzadzidwa ndi mphepo yamadzi ofalikitsidwa ndi magetsi opangidwa ndi madzi amcere amene akuuma,Nyanja_NNF_Spk6_U_4d0d591d11_Utterance_3_275_300.wav,12.815
NNF,F,Spk6,U_4d0d591d11,275_300,Nyanja_NNF_Spk6_U_4d0d591d11_Utterance_4,kuli aja achangu oyera tsiku lomalidza mu tempele si mu chalichi mokha nyumba yosonkhanilamo ku zauzimu,Nyanja_NNF_Spk6_U_4d0d591d11_Utterance_4_275_300.wav,10.625
NNF,F,Spk6,U_4d0d591d11,275_300,Nyanja_NNF_Spk6_U_4d0d591d11_Utterance_5,pali ndithu mdandanda woyera wa ming'oma ya nzimu mu munda wa dzipatso munsi mwa mtengo wa mteza,Nyanja_NNF_Spk6_U_4d0d591d11_Utterance_5_275_300.wav,10.745
NNF,F,Spk6,U_4d0d591d11,275_300,Nyanja_NNF_Spk6_U_4d0d591d11_Utterance_6,mzera ndi tsiku ndi maonekedwe a pomwepo zidagwilizana pa modzi,Nyanja_NNF_Spk6_U_4d0d591d11_Utterance_6_275_300.wav,8.03
NNF,F,Spk6,U_4d0d591d11,275_300,Nyanja_NNF_Spk6_U_4d0d591d11_Utterance_7,zikomo kwambiri lakele msuweni wanga lakele mzanga yekhayo,Nyanja_NNF_Spk6_U_4d0d591d11_Utterance_7_275_300.wav,6.77
NNF,F,Spk6,U_4d0d591d11,275_300,Nyanja_NNF_Spk6_U_4d0d591d11_Utterance_8,kwangwala anatsika pa msambo wokufa/woouma na khala coimilira kopanda kugwedezeka mwina ngati ndiodabwa,Nyanja_NNF_Spk6_U_4d0d591d11_Utterance_8_275_300.wav,11.165
NNF,F,Spk6,U_4d0d591d11,275_300,Nyanja_NNF_Spk6_U_4d0d591d11_Utterance_9,montfichet anaitana robin kuti ampatse dzanja,Nyanja_NNF_Spk6_U_4d0d591d11_Utterance_9_275_300.wav,4.745
NNF,F,Spk6,U_4d0d591d11,275_300,Nyanja_NNF_Spk6_U_4d0d591d11_Utterance_10,zaucitsiru kwabasi sindinghathe kuimba pokhapokhapo ntaimba mmene amai ndi ambuye anga anaimbira ine ndisanabwere,Nyanja_NNF_Spk6_U_4d0d591d11_Utterance_10_275_300.wav,11.615
NNF,F,Spk6,U_4d0d591d11,275_300,Nyanja_NNF_Spk6_U_4d0d591d11_Utterance_11,ndikhala mumphepete ya nyanja pa malo ocedwa mariua rue de douze,Nyanja_NNF_Spk6_U_4d0d591d11_Utterance_11_275_300.wav,7.805
NNF,F,Spk6,U_4d0d591d11,275_300,Nyanja_NNF_Spk6_U_4d0d591d11_Utterance_12,akapolo anali kubweretsa mphika wabwino/waukulu wa nyama,Nyanja_NNF_Spk6_U_4d0d591d11_Utterance_12_275_300.wav,6.245
NNF,F,Spk6,U_4d0d591d11,275_300,Nyanja_NNF_Spk6_U_4d0d591d11_Utterance_13,ndondolosi inali kupitabe kumwela ca kum'mawa,Nyanja_NNF_Spk6_U_4d0d591d11_Utterance_13_275_300.wav,5.525
NNF,F,Spk6,U_4d0d591d11,275_300,Nyanja_NNF_Spk6_U_4d0d591d11_Utterance_14,kucokera mumdima umene unali ku mbuyo kwa kuunika iwo ananva mau a warrenton,Nyanja_NNF_Spk6_U_4d0d591d11_Utterance_14_275_300.wav,8.33
NNF,F,Spk6,U_4d0d591d11,275_300,Nyanja_NNF_Spk6_U_4d0d591d11_Utterance_15,anali atagwirira ndi manja ace awiri pamene anali kuthamangira mnyumba ya amai ace,Nyanja_NNF_Spk6_U_4d0d591d11_Utterance_15_275_300.wav,8.18
NNF,F,Spk6,U_4d0d591d11,275_300,Nyanja_NNF_Spk6_U_4d0d591d11_Utterance_16,yohane wesley combash yakobo taylor ndi thomasi edward skinner,Nyanja_NNF_Spk6_U_4d0d591d11_Utterance_16_275_300.wav,6.35
NNF,F,Spk6,U_4d0d591d11,275_300,Nyanja_NNF_Spk6_U_4d0d591d11_Utterance_17,koma za cibwenzi cao zinakulitsidwa ngati umboni weni-weni wakuti  nzika zosamangidwa za dziko zinali zopwanya malamulo,Nyanja_NNF_Spk6_U_4d0d591d11_Utterance_17_275_300.wav,12.485
NNF,F,Spk6,U_4d0d591d11,275_300,Nyanja_NNF_Spk6_U_4d0d591d11_Utterance_18,kodi dzina lako ndiwe yani lording anafunsa woyenda pang'ono omwe analipo,Nyanja_NNF_Spk6_U_4d0d591d11_Utterance_18_275_300.wav,7.295
NNF,F,Spk6,U_4d0d591d11,275_300,Nyanja_NNF_Spk6_U_4d0d591d11_Utterance_19,ayenera kusaina ma cheke onse amene akhuzana  ndi iye,Nyanja_NNF_Spk6_U_4d0d591d11_Utterance_19_275_300.wav,5.63
NNF,F,Spk6,U_4d0d591d11,275_300,Nyanja_NNF_Spk6_U_4d0d591d11_Utterance_20,kacenjede ocedwa socrates ayamba buku lace locedwa timaeus ndi kufupikitsa kwa buko locedwa republic,Nyanja_NNF_Spk6_U_4d0d591d11_Utterance_20_275_300.wav,11.165
NNF,F,Spk6,U_4d0d591d11,275_300,Nyanja_NNF_Spk6_U_4d0d591d11_Utterance_21,kodi nciani bannister wa nchito kodi mbali yace nciani mu nkhani imineyi,Nyanja_NNF_Spk6_U_4d0d591d11_Utterance_21_275_300.wav,7.4
NNF,F,Spk6,U_4d0d591d11,275_300,Nyanja_NNF_Spk6_U_4d0d591d11_Utterance_22,ndipo anacikonkera ndipo moimilira ndi zimbombo zace za kumwendo atatambasula khosi lace anaona mcipinda,Nyanja_NNF_Spk6_U_4d0d591d11_Utterance_22_275_300.wav,11.78
NNF,F,Spk6,U_4d0d591d11,275_300,Nyanja_NNF_Spk6_U_4d0d591d11_Utterance_23,mphweya ndi ozadzidwa ndithu ndipo unalipilitsidwa ndi magetsi,Nyanja_NNF_Spk6_U_4d0d591d11_Utterance_23_275_300.wav,5.81
NNF,F,Spk6,U_4d0d591d11,275_300,Nyanja_NNF_Spk6_U_4d0d591d11_Utterance_24,ndipo mthumba langa mukucepelera ka ndalama ka pa thumba mobwelezanso ndipo simunandisiile ndalama ina iliyonse mwa nthawi zonse,Nyanja_NNF_Spk6_U_4d0d591d11_Utterance_24_275_300.wav,12.545
NNF,F,Spk6,U_4d0d591d11,275_300,Nyanja_NNF_Spk6_U_4d0d591d11_Utterance_25,la vallieriendi wolemba ndakatulo wa bwino kwambiri anatero tonnay charente,Nyanja_NNF_Spk6_U_4d0d591d11_Utterance_25_275_300.wav,8.0
NNF,F,Spk2,U_4e66c20dab,50_75,Nyanja_NNF_Spk2_U_4e66c20dab_Utterance_1,m'mawa  mnyanyito ndi ogwira nchito ta mu nyumba anabwera,Nyanja_NNF_Spk2_U_4e66c20dab_Utterance_1_50_75.wav,4.998
NNF,F,Spk2,U_4e66c20dab,50_75,Nyanja_NNF_Spk2_U_4e66c20dab_Utterance_2,adamsiya  iye pomwe woyanganira ndende atabwera kutsegula citseko comwe ciitakhomedwa ndi kumpelekedza ku ofesi,Nyanja_NNF_Spk2_U_4e66c20dab_Utterance_2_50_75.wav,8.839
NNF,F,Spk2,U_4e66c20dab,50_75,Nyanja_NNF_Spk2_U_4e66c20dab_Utterance_3,tabi anawathangata ku ubwana wao iwo ngakhale ena aliyense sayenera kumthangata mu kufooka ndi ukalamba wao,Nyanja_NNF_Spk2_U_4e66c20dab_Utterance_3_50_75.wav,8.745
NNF,F,Spk2,U_4e66c20dab,50_75,Nyanja_NNF_Spk2_U_4e66c20dab_Utterance_4,muzandipeza ndikulankhula mosalekedza za azibambo anai titiani holbeni turner ndi titoret munjira zimodzi-modzi,Nyanja_NNF_Spk2_U_4e66c20dab_Utterance_4_50_75.wav,12.651
NNF,F,Spk2,U_4e66c20dab,50_75,Nyanja_NNF_Spk2_U_4e66c20dab_Utterance_5,wanena zokwanira anatero george gamewell mwamsanga nabwerera ku gulu ya anthu,Nyanja_NNF_Spk2_U_4e66c20dab_Utterance_5_50_75.wav,8.432
NNF,F,Spk2,U_4e66c20dab,50_75,Nyanja_NNF_Spk2_U_4e66c20dab_Utterance_6,kodi azayamba nyuzipepala yace imene izituluka tsiku ndi tsiku pakati pa anthu a gulu la kick a poos,Nyanja_NNF_Spk2_U_4e66c20dab_Utterance_6_50_75.wav,9.932
NNF,F,Spk2,U_4e66c20dab,50_75,Nyanja_NNF_Spk2_U_4e66c20dab_Utterance_7,mumitengo kubwaroko kunaimilira ka mtsikana pa cimtengo wa mkungudza,Nyanja_NNF_Spk2_U_4e66c20dab_Utterance_7_50_75.wav,6.183
NNF,F,Spk2,U_4e66c20dab,50_75,Nyanja_NNF_Spk2_U_4e66c20dab_Utterance_8,mtengere kubwaloko ndipo mleke alawe mpeni omenyera nkhondo wakoyo,Nyanja_NNF_Spk2_U_4e66c20dab_Utterance_8_50_75.wav,6.37
NNF,F,Spk2,U_4e66c20dab,50_75,Nyanja_NNF_Spk2_U_4e66c20dab_Utterance_9,pamene anali pabwalo amalume anatseka citseko ndikutsegula njira,Nyanja_NNF_Spk2_U_4e66c20dab_Utterance_9_50_75.wav,5.933
NNF,F,Spk2,U_4e66c20dab,50_75,Nyanja_NNF_Spk2_U_4e66c20dab_Utterance_10,iye anayamba kudandaula motangwanika  pa mfiti imene inathawira kumbuyo kwa cinsala cotchingira  pa dzenera ku dzanja lamanzere,Nyanja_NNF_Spk2_U_4e66c20dab_Utterance_10_50_75.wav,9.557
NNF,F,Spk2,U_4e66c20dab,50_75,Nyanja_NNF_Spk2_U_4e66c20dab_Utterance_11,ndizafunsa cinthu camene simungaganinizire koma ndiyenera kukhala ndi cinthu cina,Nyanja_NNF_Spk2_U_4e66c20dab_Utterance_11_50_75.wav,7.026
NNF,F,Spk2,U_4e66c20dab,50_75,Nyanja_NNF_Spk2_U_4e66c20dab_Utterance_12,kutada msanga magetsi a chikasu azasanika/azawala apa ndi apondipo kuja kumanyumba onyansa a ma hule,Nyanja_NNF_Spk2_U_4e66c20dab_Utterance_12_50_75.wav,11.964
NNF,F,Spk2,U_4e66c20dab,50_75,Nyanja_NNF_Spk2_U_4e66c20dab_Utterance_13,mwansanga-msanga  servadaki anathamangira ndikukwera pamwamba pa phiri lalitari,Nyanja_NNF_Spk2_U_4e66c20dab_Utterance_13_50_75.wav,6.87
NNF,F,Spk2,U_4e66c20dab,50_75,Nyanja_NNF_Spk2_U_4e66c20dab_Utterance_14,bwera tizamwa kofi  yathu mucipinda cina ndipo uzatha kutsuta fodya,Nyanja_NNF_Spk2_U_4e66c20dab_Utterance_14_50_75.wav,4.995
NNF,F,Spk2,U_4e66c20dab,50_75,Nyanja_NNF_Spk2_U_4e66c20dab_Utterance_15,kumbali ina sitiyenera kuwaganizira kukhala oipitsitsa kotero kuti tingataye mtima,Nyanja_NNF_Spk2_U_4e66c20dab_Utterance_15_50_75.wav,6.151
NNF,F,Spk2,U_4e66c20dab,50_75,Nyanja_NNF_Spk2_U_4e66c20dab_Utterance_16,nthawi imineyo sindinadziwe ubwino wa utumiki,Nyanja_NNF_Spk2_U_4e66c20dab_Utterance_16_50_75.wav,4.464
NNF,F,Spk2,U_4e66c20dab,50_75,Nyanja_NNF_Spk2_U_4e66c20dab_Utterance_17,a dachi aku southbridge kupita ku lord reggie ai raggie kodi nciani ukunena,Nyanja_NNF_Spk2_U_4e66c20dab_Utterance_17_50_75.wav,8.464
NNF,F,Spk2,U_4e66c20dab,50_75,Nyanja_NNF_Spk2_U_4e66c20dab_Utterance_18,ndipo ndizayambira ndi ulaliki mwacidule pa kulankhula kwa munthu yekha,Nyanja_NNF_Spk2_U_4e66c20dab_Utterance_18_50_75.wav,6.839
NNF,F,Spk2,U_4e66c20dab,50_75,Nyanja_NNF_Spk2_U_4e66c20dab_Utterance_19,kumapsya kopanda kuleka kumauluka momwemo ndiye cimene cionetsa  nzeru zakuya modabwitsa,Nyanja_NNF_Spk2_U_4e66c20dab_Utterance_19_50_75.wav,8.182
NNF,F,Spk2,U_4e66c20dab,50_75,Nyanja_NNF_Spk2_U_4e66c20dab_Utterance_20,inde izo ndizo ananena koma ine ndiganiza kuti zinapambana apo,Nyanja_NNF_Spk2_U_4e66c20dab_Utterance_20_50_75.wav,7.276
NNF,F,Spk2,U_4e66c20dab,50_75,Nyanja_NNF_Spk2_U_4e66c20dab_Utterance_21,ndatenga ii nati yankho yanga ndipo ndasiya pulofesa (mkulu wa maphunziro apamwamba) okwiya cifukwa ca kulephera kudikhira,Nyanja_NNF_Spk2_U_4e66c20dab_Utterance_21_50_75.wav,10.026
NNF,F,Spk2,U_4e66c20dab,50_75,Nyanja_NNF_Spk2_U_4e66c20dab_Utterance_22,sindinakhale ndi mantha alionse ngati ndinagwira bwino nchito anatero bambo wacikulire mosasamala,Nyanja_NNF_Spk2_U_4e66c20dab_Utterance_22_50_75.wav,8.339
NNF,F,Spk2,U_4e66c20dab,50_75,Nyanja_NNF_Spk2_U_4e66c20dab_Utterance_23,ma mita anapitilizabe kugwiritsidwa nchito ku anthu mu caka ca 1899 mwinamwace mphaka ku mathero a zaka makhumi khuminthawi imineyo,Nyanja_NNF_Spk2_U_4e66c20dab_Utterance_23_50_75.wav,13.214
NNF,F,Spk2,U_4e66c20dab,50_75,Nyanja_NNF_Spk2_U_4e66c20dab_Utterance_24,keswick mwezi wa kafukulila matsiku makhumi awiri ndi awiri mwezi wa 1837 kwa inu mai,Nyanja_NNF_Spk2_U_4e66c20dab_Utterance_24_50_75.wav,8.089
NNF,F,Spk2,U_4e66c20dab,50_75,Nyanja_NNF_Spk2_U_4e66c20dab_Utterance_25,iye  anali ndicikhulupiliro mwaiye cimene cingathe kucotsa ma phiri,Nyanja_NNF_Spk2_U_4e66c20dab_Utterance_25_50_75.wav,6.058
NNF,F,Spk2,U_4e66c20dab,75_100,Nyanja_NNF_Spk2_U_4e66c20dab_Utterance_1,sindinaganizire zokonkha njira zocitira mosamala potsegula motulukila utsi,Nyanja_NNF_Spk2_U_4e66c20dab_Utterance_1_75_100.wav,5.776
NNF,F,Spk2,U_4e66c20dab,75_100,Nyanja_NNF_Spk2_U_4e66c20dab_Utterance_2,westmere ndi ine tinabweranso titatha chigawo coyamba koma tinaganiza kuti iye anaoneka osadzidziwa bwino,Nyanja_NNF_Spk2_U_4e66c20dab_Utterance_2_75_100.wav,9.182
NNF,F,Spk2,U_4e66c20dab,75_100,Nyanja_NNF_Spk2_U_4e66c20dab_Utterance_3,anasegula kosaneneka njira yoyenera kulowera mu msasa robin mwadzidzidzi anathamangirako ndi zobvuta zace ali kufuula mokweza,Nyanja_NNF_Spk2_U_4e66c20dab_Utterance_3_75_100.wav,9.339
NNF,F,Spk2,U_4e66c20dab,75_100,Nyanja_NNF_Spk2_U_4e66c20dab_Utterance_4,sevadaki anafuula mokweza ali kuonaetsetsa mu telesikopu  mosagwedezea,Nyanja_NNF_Spk2_U_4e66c20dab_Utterance_4_75_100.wav,6.026
NNF,F,Spk2,U_4e66c20dab,75_100,Nyanja_NNF_Spk2_U_4e66c20dab_Utterance_5,nguba sizimera pa mwamba pampesa  koma pansi pa mizyu imene ioeka monga cinangwa,Nyanja_NNF_Spk2_U_4e66c20dab_Utterance_5_75_100.wav,6.808
NNF,F,Spk2,U_4e66c20dab,75_100,Nyanja_NNF_Spk2_U_4e66c20dab_Utterance_6,ndizatengako dothi yakudayi napita nayo pamodzi nditimitengo topangila maphensulo tsalani bwino,Nyanja_NNF_Spk2_U_4e66c20dab_Utterance_6_75_100.wav,7.62
NNF,F,Spk2,U_4e66c20dab,75_100,Nyanja_NNF_Spk2_U_4e66c20dab_Utterance_7,ngati iye asamal;ira kulumbira kwace ku modzi nchito yace iyenera kuthesedwa pa nyenyezi ya umoyo wake isanalankhulidwe,Nyanja_NNF_Spk2_U_4e66c20dab_Utterance_7_75_100.wav,10.62
NNF,F,Spk2,U_4e66c20dab,75_100,Nyanja_NNF_Spk2_U_4e66c20dab_Utterance_8,ndipo ndikunenetsa ico ndi coipa mmene zilili tero,Nyanja_NNF_Spk2_U_4e66c20dab_Utterance_8_75_100.wav,5.058
NNF,F,Spk2,U_4e66c20dab,75_100,Nyanja_NNF_Spk2_U_4e66c20dab_Utterance_9,munandipatsa zisanu mobweleza ine ndifuna zobweleza zisanu ndi zinai hallo  kodi ndiwe horatio hamlet akulankhura,Nyanja_NNF_Spk2_U_4e66c20dab_Utterance_9_75_100.wav,11.432
NNF,F,Spk2,U_4e66c20dab,75_100,Nyanja_NNF_Spk2_U_4e66c20dab_Utterance_10,iye anawapempha kuti azawaone mu mzinda wa chelsea  ndipo analankhula zabwino kwambiri kumbali ya hilda,Nyanja_NNF_Spk2_U_4e66c20dab_Utterance_10_75_100.wav,8.964
NNF,F,Spk2,U_4e66c20dab,75_100,Nyanja_NNF_Spk2_U_4e66c20dab_Utterance_11,inde cinacake zonse anatero lakele mwansanga-msanga akuona duwa mosakondwa imene anali kugwiragwira ndi manja ace,Nyanja_NNF_Spk2_U_4e66c20dab_Utterance_11_75_100.wav,11.307
NNF,F,Spk2,U_4e66c20dab,75_100,Nyanja_NNF_Spk2_U_4e66c20dab_Utterance_12,mu umoyo wanga wa ndekha-ndekha iyi inali pwando/msonkhano wabwino,Nyanja_NNF_Spk2_U_4e66c20dab_Utterance_12_75_100.wav,6.12
NNF,F,Spk2,U_4e66c20dab,75_100,Nyanja_NNF_Spk2_U_4e66c20dab_Utterance_13,mwadzidzidzi anamunva pa citseko comweco kunalibe njira yothawiramo iliyonse,Nyanja_NNF_Spk2_U_4e66c20dab_Utterance_13_75_100.wav,7.87
NNF,F,Spk2,U_4e66c20dab,75_100,Nyanja_NNF_Spk2_U_4e66c20dab_Utterance_14,indetu ndipo cinthu cina cabwino cinthu cina cacikulupo cizayenerabe kukutsatani kapena chifukwa chake ayenera kundikongoletsa,Nyanja_NNF_Spk2_U_4e66c20dab_Utterance_14_75_100.wav,12.901
NNF,F,Spk2,U_4e66c20dab,75_100,Nyanja_NNF_Spk2_U_4e66c20dab_Utterance_15,uku cimadzibitsa mu mau amene agwiritsidwa ncito kufananitsa zinthu zosiyana,Nyanja_NNF_Spk2_U_4e66c20dab_Utterance_15_75_100.wav,7.87
NNF,F,Spk2,U_4e66c20dab,75_100,Nyanja_NNF_Spk2_U_4e66c20dab_Utterance_16,koma ndinagwebana naye munthuyu kuma ndipo ndidziwa kuti anacita masewera ace mosayenera mu mpikisano wa ciwiri,Nyanja_NNF_Spk2_U_4e66c20dab_Utterance_16_75_100.wav,10.151
NNF,F,Spk2,U_4e66c20dab,75_100,Nyanja_NNF_Spk2_U_4e66c20dab_Utterance_17,makhalidwe ao oganizilidwa cabe anasintha kulingana ndi kusintha kwa mwai kapena zofuna,Nyanja_NNF_Spk2_U_4e66c20dab_Utterance_17_75_100.wav,7.964
NNF,F,Spk2,U_4e66c20dab,75_100,Nyanja_NNF_Spk2_U_4e66c20dab_Utterance_18,mphundu mzace wa mwamuna anacita cinthu cimene iye sanakondwere naco ndipo aanatembenuzila cithunzithunzi cake ku cipupa,Nyanja_NNF_Spk2_U_4e66c20dab_Utterance_18_75_100.wav,10.057
NNF,F,Spk2,U_4e66c20dab,75_100,Nyanja_NNF_Spk2_U_4e66c20dab_Utterance_19,ndikukonda momasuka pamene azibambo ayesesa kupeza cifuniro ndikukonda ndi mtima onse pamene ali kubwelera ku mathokodzo,Nyanja_NNF_Spk2_U_4e66c20dab_Utterance_19_75_100.wav,11.307
NNF,F,Spk2,U_4e66c20dab,75_100,Nyanja_NNF_Spk2_U_4e66c20dab_Utterance_20,akhala akufunafuna ku kwatira hilda zaka zonse zapitazi,Nyanja_NNF_Spk2_U_4e66c20dab_Utterance_20_75_100.wav,4.37
NNF,F,Spk2,U_4e66c20dab,75_100,Nyanja_NNF_Spk2_U_4e66c20dab_Utterance_21,ndi paci suweni muziwe onsefe ndife asuweni,Nyanja_NNF_Spk2_U_4e66c20dab_Utterance_21_75_100.wav,5.058
NNF,F,Spk2,U_4e66c20dab,75_100,Nyanja_NNF_Spk2_U_4e66c20dab_Utterance_22,pemphelani mutisate pamodzi ndi anthu anga ndi a ambuya anga a sherriff,Nyanja_NNF_Spk2_U_4e66c20dab_Utterance_22_75_100.wav,6.995
NNF,F,Spk2,U_4e66c20dab,75_100,Nyanja_NNF_Spk2_U_4e66c20dab_Utterance_23,sindine wabwino kopotsa kwa iwe ndipo uyenera kupewetsedwa ku kutengera cibwenzi capamtima copitilira ca mdziko,Nyanja_NNF_Spk2_U_4e66c20dab_Utterance_23_75_100.wav,9.745
NNF,F,Spk2,U_4e66c20dab,75_100,Nyanja_NNF_Spk2_U_4e66c20dab_Utterance_24,koma anakwanits bwanji kucipanga motsamala,Nyanja_NNF_Spk2_U_4e66c20dab_Utterance_24_75_100.wav,4.464
NNF,F,Spk2,U_4e66c20dab,75_100,Nyanja_NNF_Spk2_U_4e66c20dab_Utterance_25,kodi siukudziwa cimodzi pa ma kandulo ocedwa bacon ndi tonnay kodi siungathe kusimba nkhani zodyelamo,Nyanja_NNF_Spk2_U_4e66c20dab_Utterance_25_75_100.wav,10.057
NNF,F,Spk2,U_9fa5bb2f52,50_75,Nyanja_NNF_Spk2_U_9fa5bb2f52_Utterance_1,m'mawa  mnyanyito ndi ogwira nchito ta mu nyumba anabwera,Nyanja_NNF_Spk2_U_9fa5bb2f52_Utterance_1_50_75.wav,5.0
NNF,F,Spk2,U_9fa5bb2f52,50_75,Nyanja_NNF_Spk2_U_9fa5bb2f52_Utterance_2,adamsiya  iye pomwe woyanganira ndende atabwera kutsegula citseko comwe ciitakhomedwa ndi kumpelekedza ku ofesi,Nyanja_NNF_Spk2_U_9fa5bb2f52_Utterance_2_50_75.wav,10.445
NNF,F,Spk2,U_9fa5bb2f52,50_75,Nyanja_NNF_Spk2_U_9fa5bb2f52_Utterance_3,tabi anawathangata ku ubwana wao iwo ngakhale ena aliyense sayenera kumthangata mu kufooka ndi ukalamba wao,Nyanja_NNF_Spk2_U_9fa5bb2f52_Utterance_3_50_75.wav,11.545
NNF,F,Spk2,U_9fa5bb2f52,50_75,Nyanja_NNF_Spk2_U_9fa5bb2f52_Utterance_4,muzandipeza ndikulankhula mosalekedza za azibambo anai titiani holbeni turner ndi titoret munjira zimodzi-modzi,Nyanja_NNF_Spk2_U_9fa5bb2f52_Utterance_4_50_75.wav,12.545
NNF,F,Spk2,U_9fa5bb2f52,50_75,Nyanja_NNF_Spk2_U_9fa5bb2f52_Utterance_5,wanena zokwanira anatero george gamewell mwamsanga nabwerera ku gulu ya anthu,Nyanja_NNF_Spk2_U_9fa5bb2f52_Utterance_5_50_75.wav,8.525
NNF,F,Spk2,U_9fa5bb2f52,50_75,Nyanja_NNF_Spk2_U_9fa5bb2f52_Utterance_6,kodi azayamba nyuzipepala yace imene izituluka tsiku ndi tsiku pakati pa anthu a gulu la kick a poos,Nyanja_NNF_Spk2_U_9fa5bb2f52_Utterance_6_50_75.wav,9.515
NNF,F,Spk2,U_9fa5bb2f52,50_75,Nyanja_NNF_Spk2_U_9fa5bb2f52_Utterance_7,mumitengo kubwaroko kunaimilira ka mtsikana pa cimtengo wa mkungudza,Nyanja_NNF_Spk2_U_9fa5bb2f52_Utterance_7_50_75.wav,9.515
NNF,F,Spk2,U_9fa5bb2f52,50_75,Nyanja_NNF_Spk2_U_9fa5bb2f52_Utterance_8,mtengere kubwaloko ndipo mleke alawe mpeni omenyera nkhondo wakoyo,Nyanja_NNF_Spk2_U_9fa5bb2f52_Utterance_8_50_75.wav,6.905
NNF,F,Spk2,U_9fa5bb2f52,50_75,Nyanja_NNF_Spk2_U_9fa5bb2f52_Utterance_9,pamene anali pabwalo amalume anatseka citseko ndikutsegula njira,Nyanja_NNF_Spk2_U_9fa5bb2f52_Utterance_9_50_75.wav,6.005
NNF,F,Spk2,U_9fa5bb2f52,50_75,Nyanja_NNF_Spk2_U_9fa5bb2f52_Utterance_10,iye anayamba kudandaula motangwanika  pa mfiti imene inathawira kumbuyo kwa cinsala cotchingira  pa dzenera ku dzanja lamanzere,Nyanja_NNF_Spk2_U_9fa5bb2f52_Utterance_10_50_75.wav,11.12
NNF,F,Spk2,U_9fa5bb2f52,50_75,Nyanja_NNF_Spk2_U_9fa5bb2f52_Utterance_11,ndizafunsa cinthu camene simungaganinizire koma ndiyenera kukhala ndi cinthu cina,Nyanja_NNF_Spk2_U_9fa5bb2f52_Utterance_11_50_75.wav,7.685
NNF,F,Spk2,U_9fa5bb2f52,50_75,Nyanja_NNF_Spk2_U_9fa5bb2f52_Utterance_12,kutada msanga magetsi a chikasu azasanika/azawala apa ndi apondipo kuja kumanyumba onyansa a ma hule,Nyanja_NNF_Spk2_U_9fa5bb2f52_Utterance_12_50_75.wav,13.265
NNF,F,Spk2,U_9fa5bb2f52,50_75,Nyanja_NNF_Spk2_U_9fa5bb2f52_Utterance_13,mwansanga-msanga  servadaki anathamangira ndikukwera pamwamba pa phiri lalitari,Nyanja_NNF_Spk2_U_9fa5bb2f52_Utterance_13_50_75.wav,7.655
NNF,F,Spk2,U_9fa5bb2f52,50_75,Nyanja_NNF_Spk2_U_9fa5bb2f52_Utterance_14,bwera tizamwa kofi  yathu mucipinda cina ndipo uzatha kutsuta fodya,Nyanja_NNF_Spk2_U_9fa5bb2f52_Utterance_14_50_75.wav,7.295
NNF,F,Spk2,U_9fa5bb2f52,50_75,Nyanja_NNF_Spk2_U_9fa5bb2f52_Utterance_15,kumbali ina sitiyenera kuwaganizira kukhala oipitsitsa kotero kuti tingataye mtima,Nyanja_NNF_Spk2_U_9fa5bb2f52_Utterance_15_50_75.wav,9.335
NNF,F,Spk2,U_9fa5bb2f52,50_75,Nyanja_NNF_Spk2_U_9fa5bb2f52_Utterance_16,nthawi imineyo sindinadziwe ubwino wa utumiki,Nyanja_NNF_Spk2_U_9fa5bb2f52_Utterance_16_50_75.wav,4.745
NNF,F,Spk2,U_9fa5bb2f52,50_75,Nyanja_NNF_Spk2_U_9fa5bb2f52_Utterance_17,a dachi aku southbridge kupita ku lord reggie ai raggie kodi nciani ukunena,Nyanja_NNF_Spk2_U_9fa5bb2f52_Utterance_17_50_75.wav,7.685
NNF,F,Spk2,U_9fa5bb2f52,50_75,Nyanja_NNF_Spk2_U_9fa5bb2f52_Utterance_18,ndipo ndizayambira ndi ulaliki mwacidule pa kulankhula kwa munthu yekha,Nyanja_NNF_Spk2_U_9fa5bb2f52_Utterance_18_50_75.wav,7.685
NNF,F,Spk2,U_9fa5bb2f52,50_75,Nyanja_NNF_Spk2_U_9fa5bb2f52_Utterance_19,kumapsya kopanda kuleka kumauluka momwemo ndiye cimene cionetsa  nzeru zakuya modabwitsa,Nyanja_NNF_Spk2_U_9fa5bb2f52_Utterance_19_50_75.wav,9.395
NNF,F,Spk2,U_9fa5bb2f52,50_75,Nyanja_NNF_Spk2_U_9fa5bb2f52_Utterance_20,inde izo ndizo ananena koma ine ndiganiza kuti zinapambana apo,Nyanja_NNF_Spk2_U_9fa5bb2f52_Utterance_20_50_75.wav,6.77
NNF,F,Spk2,U_9fa5bb2f52,50_75,Nyanja_NNF_Spk2_U_9fa5bb2f52_Utterance_21,ndatenga ii nati yankho yanga ndipo ndasiya pulofesa (mkulu wa maphunziro apamwamba) okwiya cifukwa ca kulephera kudikhira,Nyanja_NNF_Spk2_U_9fa5bb2f52_Utterance_21_50_75.wav,13.355
NNF,F,Spk2,U_9fa5bb2f52,50_75,Nyanja_NNF_Spk2_U_9fa5bb2f52_Utterance_22,sindinakhale ndi mantha alionse ngati ndinagwira bwino nchito anatero bambo wacikulire mosasamala,Nyanja_NNF_Spk2_U_9fa5bb2f52_Utterance_22_50_75.wav,10.46
NNF,F,Spk2,U_9fa5bb2f52,50_75,Nyanja_NNF_Spk2_U_9fa5bb2f52_Utterance_23,ma mita anapitilizabe kugwiritsidwa nchito ku anthu mu caka ca 1899 mwinamwace mphaka ku mathero a zaka makhumi khuminthawi imineyo,Nyanja_NNF_Spk2_U_9fa5bb2f52_Utterance_23_50_75.wav,13.475
NNF,F,Spk2,U_9fa5bb2f52,50_75,Nyanja_NNF_Spk2_U_9fa5bb2f52_Utterance_24,keswick mwezi wa kafukulila matsiku makhumi awiri ndi awiri mwezi wa 1837 kwa inu mai,Nyanja_NNF_Spk2_U_9fa5bb2f52_Utterance_24_50_75.wav,9.89
NNF,F,Spk2,U_9fa5bb2f52,50_75,Nyanja_NNF_Spk2_U_9fa5bb2f52_Utterance_25,iye  anali ndicikhulupiliro mwaiye cimene cingathe kucotsa ma phiri,Nyanja_NNF_Spk2_U_9fa5bb2f52_Utterance_25_50_75.wav,6.755
NNF,F,Spk2,U_9fa5bb2f52,75_100,Nyanja_NNF_Spk2_U_9fa5bb2f52_Utterance_1,sindinaganizire zokonkha njira zocitira mosamala potsegula motulukila utsi,Nyanja_NNF_Spk2_U_9fa5bb2f52_Utterance_1_75_100.wav,10.055
NNF,F,Spk2,U_9fa5bb2f52,75_100,Nyanja_NNF_Spk2_U_9fa5bb2f52_Utterance_2,westmere ndi ine tinabweranso titatha chigawo coyamba koma tinaganiza kuti iye anaoneka osadzidziwa bwino,Nyanja_NNF_Spk2_U_9fa5bb2f52_Utterance_2_75_100.wav,12.605
NNF,F,Spk2,U_9fa5bb2f52,75_100,Nyanja_NNF_Spk2_U_9fa5bb2f52_Utterance_3,anasegula kosaneneka njira yoyenera kulowera mu msasa robin mwadzidzidzi anathamangirako ndi zobvuta zace ali kufuula mokweza,Nyanja_NNF_Spk2_U_9fa5bb2f52_Utterance_3_75_100.wav,7.625
NNF,F,Spk2,U_9fa5bb2f52,75_100,Nyanja_NNF_Spk2_U_9fa5bb2f52_Utterance_4,sevadaki anafuula mokweza ali kuonaetsetsa mu telesikopu  mosagwedezea,Nyanja_NNF_Spk2_U_9fa5bb2f52_Utterance_4_75_100.wav,8.075
NNF,F,Spk2,U_9fa5bb2f52,75_100,Nyanja_NNF_Spk2_U_9fa5bb2f52_Utterance_5,nguba sizimera pa mwamba pampesa  koma pansi pa mizyu imene ioeka monga cinangwa,Nyanja_NNF_Spk2_U_9fa5bb2f52_Utterance_5_75_100.wav,9.65
NNF,F,Spk2,U_9fa5bb2f52,75_100,Nyanja_NNF_Spk2_U_9fa5bb2f52_Utterance_6,ndizatengako dothi yakudayi napita nayo pamodzi nditimitengo topangila maphensulo tsalani bwino,Nyanja_NNF_Spk2_U_9fa5bb2f52_Utterance_6_75_100.wav,11.24
NNF,F,Spk2,U_9fa5bb2f52,75_100,Nyanja_NNF_Spk2_U_9fa5bb2f52_Utterance_7,ngati iye asamal;ira kulumbira kwace ku modzi nchito yace iyenera kuthesedwa pa nyenyezi ya umoyo wake isanalankhulidwe,Nyanja_NNF_Spk2_U_9fa5bb2f52_Utterance_7_75_100.wav,6.17
NNF,F,Spk2,U_9fa5bb2f52,75_100,Nyanja_NNF_Spk2_U_9fa5bb2f52_Utterance_8,ndipo ndikunenetsa ico ndi coipa mmene zilili tero,Nyanja_NNF_Spk2_U_9fa5bb2f52_Utterance_8_75_100.wav,12.575
NNF,F,Spk2,U_9fa5bb2f52,75_100,Nyanja_NNF_Spk2_U_9fa5bb2f52_Utterance_9,munandipatsa zisanu mobweleza ine ndifuna zobweleza zisanu ndi zinai hallo  kodi ndiwe horatio hamlet akulankhura,Nyanja_NNF_Spk2_U_9fa5bb2f52_Utterance_9_75_100.wav,10.505
NNF,F,Spk2,U_9fa5bb2f52,75_100,Nyanja_NNF_Spk2_U_9fa5bb2f52_Utterance_10,iye anawapempha kuti azawaone mu mzinda wa chelsea  ndipo analankhula zabwino kwambiri kumbali ya hilda,Nyanja_NNF_Spk2_U_9fa5bb2f52_Utterance_10_75_100.wav,13.025
NNF,F,Spk2,U_9fa5bb2f52,75_100,Nyanja_NNF_Spk2_U_9fa5bb2f52_Utterance_11,inde cinacake zonse anatero lakele mwansanga-msanga akuona duwa mosakondwa imene anali kugwiragwira ndi manja ace,Nyanja_NNF_Spk2_U_9fa5bb2f52_Utterance_11_75_100.wav,7.01
NNF,F,Spk2,U_9fa5bb2f52,75_100,Nyanja_NNF_Spk2_U_9fa5bb2f52_Utterance_12,mu umoyo wanga wa ndekha-ndekha iyi inali pwando/msonkhano wabwino,Nyanja_NNF_Spk2_U_9fa5bb2f52_Utterance_12_75_100.wav,7.85
NNF,F,Spk2,U_9fa5bb2f52,75_100,Nyanja_NNF_Spk2_U_9fa5bb2f52_Utterance_13,mwadzidzidzi anamunva pa citseko comweco kunalibe njira yothawiramo iliyonse,Nyanja_NNF_Spk2_U_9fa5bb2f52_Utterance_13_75_100.wav,12.185
NNF,F,Spk2,U_9fa5bb2f52,75_100,Nyanja_NNF_Spk2_U_9fa5bb2f52_Utterance_14,indetu ndipo cinthu cina cabwino cinthu cina cacikulupo cizayenerabe kukutsatani kapena chifukwa chake ayenera kundikongoletsa,Nyanja_NNF_Spk2_U_9fa5bb2f52_Utterance_14_75_100.wav,8.405
NNF,F,Spk2,U_9fa5bb2f52,75_100,Nyanja_NNF_Spk2_U_9fa5bb2f52_Utterance_15,uku cimadzibitsa mu mau amene agwiritsidwa ncito kufananitsa zinthu zosiyana,Nyanja_NNF_Spk2_U_9fa5bb2f52_Utterance_15_75_100.wav,10.445
NNF,F,Spk2,U_9fa5bb2f52,75_100,Nyanja_NNF_Spk2_U_9fa5bb2f52_Utterance_16,koma ndinagwebana naye munthuyu kuma ndipo ndidziwa kuti anacita masewera ace mosayenera mu mpikisano wa ciwiri,Nyanja_NNF_Spk2_U_9fa5bb2f52_Utterance_16_75_100.wav,8.735
NNF,F,Spk2,U_9fa5bb2f52,75_100,Nyanja_NNF_Spk2_U_9fa5bb2f52_Utterance_17,makhalidwe ao oganizilidwa cabe anasintha kulingana ndi kusintha kwa mwai kapena zofuna,Nyanja_NNF_Spk2_U_9fa5bb2f52_Utterance_17_75_100.wav,11.72
NNF,F,Spk2,U_9fa5bb2f52,75_100,Nyanja_NNF_Spk2_U_9fa5bb2f52_Utterance_18,mphundu mzace wa mwamuna anacita cinthu cimene iye sanakondwere naco ndipo aanatembenuzila cithunzithunzi cake ku cipupa,Nyanja_NNF_Spk2_U_9fa5bb2f52_Utterance_18_75_100.wav,12.515
NNF,F,Spk2,U_9fa5bb2f52,75_100,Nyanja_NNF_Spk2_U_9fa5bb2f52_Utterance_19,ndikukonda momasuka pamene azibambo ayesesa kupeza cifuniro ndikukonda ndi mtima onse pamene ali kubwelera ku mathokodzo,Nyanja_NNF_Spk2_U_9fa5bb2f52_Utterance_19_75_100.wav,6.14
NNF,F,Spk2,U_9fa5bb2f52,75_100,Nyanja_NNF_Spk2_U_9fa5bb2f52_Utterance_20,akhala akufunafuna ku kwatira hilda zaka zonse zapitazi,Nyanja_NNF_Spk2_U_9fa5bb2f52_Utterance_20_75_100.wav,6.275
NNF,F,Spk2,U_9fa5bb2f52,75_100,Nyanja_NNF_Spk2_U_9fa5bb2f52_Utterance_21,ndi paci suweni muziwe onsefe ndife asuweni,Nyanja_NNF_Spk2_U_9fa5bb2f52_Utterance_21_75_100.wav,7.595
NNF,F,Spk2,U_9fa5bb2f52,75_100,Nyanja_NNF_Spk2_U_9fa5bb2f52_Utterance_22,pemphelani mutisate pamodzi ndi anthu anga ndi a ambuya anga a sherriff,Nyanja_NNF_Spk2_U_9fa5bb2f52_Utterance_22_75_100.wav,10.655
NNF,F,Spk2,U_9fa5bb2f52,75_100,Nyanja_NNF_Spk2_U_9fa5bb2f52_Utterance_23,sindine wabwino kopotsa kwa iwe ndipo uyenera kupewetsedwa ku kutengera cibwenzi capamtima copitilira ca mdziko,Nyanja_NNF_Spk2_U_9fa5bb2f52_Utterance_23_75_100.wav,4.415
NNF,F,Spk2,U_9fa5bb2f52,75_100,Nyanja_NNF_Spk2_U_9fa5bb2f52_Utterance_24,koma anakwanits bwanji kucipanga motsamala,Nyanja_NNF_Spk2_U_9fa5bb2f52_Utterance_24_75_100.wav,10.94
NNF,F,Spk2,U_9fa5bb2f52,75_100,Nyanja_NNF_Spk2_U_9fa5bb2f52_Utterance_25,kodi siukudziwa cimodzi pa ma kandulo ocedwa bacon ndi tonnay kodi siungathe kusimba nkhani zodyelamo,Nyanja_NNF_Spk2_U_9fa5bb2f52_Utterance_25_75_100.wav,8.195
