group,gender,spk_id,user_id,batch_id,audio_id,sentence,audio,duration_seconds
NF,F,Spk7,U_4650715fbd,800_825,Nyanja_NF_Spk7_U_4650715fbd_Utterance_1,nthawi imene anali kumwa tiii anali osakondwa ndipo analinso cete kotero kuti cakudya cinangopita cosagwirida/cosadyedwa ndi wina mwa iwo atatu,Nyanja_NF_Spk7_U_4650715fbd_Utterance_1_800_825.wav,33.708
NF,F,Spk7,U_4650715fbd,800_825,Nyanja_NF_Spk7_U_4650715fbd_Utterance_2,ndipo izi zonse zizatsatira ukapolo wanu mu njira imodzi-modzi,Nyanja_NF_Spk7_U_4650715fbd_Utterance_2_800_825.wav,10.875
NF,F,Spk7,U_4650715fbd,800_825,Nyanja_NF_Spk7_U_4650715fbd_Utterance_3,koma ngati zili tero kusankha kwa amuna kwa mai milner sikuzapangitsa ine kusanka anga,Nyanja_NF_Spk7_U_4650715fbd_Utterance_3_800_825.wav,10.322
NF,F,Spk7,U_4650715fbd,800_825,Nyanja_NF_Spk7_U_4650715fbd_Utterance_4,tsika iwe khumbi laling'ono ndipo ukhale mumlengalenga pa maso pa thelo,Nyanja_NF_Spk7_U_4650715fbd_Utterance_4_800_825.wav,7.738
NF,F,Spk7,U_4650715fbd,800_825,Nyanja_NF_Spk7_U_4650715fbd_Utterance_5,atagwiridwa ndi za kumtima kwace leocadi anapanga cizindikiro ku makolo ace kuti iye anafunisisa kuti akhale nao ekha,Nyanja_NF_Spk7_U_4650715fbd_Utterance_5_800_825.wav,15.982
NF,F,Spk7,U_4650715fbd,800_825,Nyanja_NF_Spk7_U_4650715fbd_Utterance_6,sitero mosiyana ndi zimene muganiza ndinu amene mubvomerezana kwambiri ndi ine,Nyanja_NF_Spk7_U_4650715fbd_Utterance_6_800_825.wav,8.782
NF,F,Spk7,U_4650715fbd,800_825,Nyanja_NF_Spk7_U_4650715fbd_Utterance_7,atsilikari anapeza anthu mu umphawi nawasiya ndi cuuma ca mbiri,Nyanja_NF_Spk7_U_4650715fbd_Utterance_7_800_825.wav,7.601
NF,F,Spk7,U_4650715fbd,800_825,Nyanja_NF_Spk7_U_4650715fbd_Utterance_8,kapitawo martini anati ndizakupatsa mfuti yaing'ono kuti ikuthandize kuziteteza ngati zinthu zafika pobvuta,Nyanja_NF_Spk7_U_4650715fbd_Utterance_8_800_825.wav,9.411
NF,F,Spk7,U_4650715fbd,800_825,Nyanja_NF_Spk7_U_4650715fbd_Utterance_9,ndithudi zimene sizingatheke ndi kukhala opanda mantha pa nkhondo ziyenera kucitidwa mozungulila adani,Nyanja_NF_Spk7_U_4650715fbd_Utterance_9_800_825.wav,51.376
NF,F,Spk7,U_4650715fbd,800_825,Nyanja_NF_Spk7_U_4650715fbd_Utterance_10,akaucita zinthu ngati mwina sanali kutiyembekezera,Nyanja_NF_Spk7_U_4650715fbd_Utterance_10_800_825.wav,5.321
NF,F,Spk7,U_4650715fbd,800_825,Nyanja_NF_Spk7_U_4650715fbd_Utterance_11,ali kucita ngati mwina sanali kutiyembekezera,Nyanja_NF_Spk7_U_4650715fbd_Utterance_11_800_825.wav,4.916
NF,F,Spk7,U_4650715fbd,800_825,Nyanja_NF_Spk7_U_4650715fbd_Utterance_12,ndikuopa poti pano palibe zizindikiro zace,Nyanja_NF_Spk7_U_4650715fbd_Utterance_12_800_825.wav,4.31
NF,F,Spk7,U_4650715fbd,800_825,Nyanja_NF_Spk7_U_4650715fbd_Utterance_13,bwato idakwedzedwa pa maphiri a madzi naponyedwa pansi pa mtunda wa ma fathomu makhumi awiri,Nyanja_NF_Spk7_U_4650715fbd_Utterance_13_800_825.wav,10.407
NF,F,Spk7,U_4650715fbd,800_825,Nyanja_NF_Spk7_U_4650715fbd_Utterance_14,akazi ace anaikidwa pa mbali yamanda ace ndipo ci malata coyera cimene adalembapo zodziwitsira manda ao cimaoneka mong'animira m'minda ya tiligu,Nyanja_NF_Spk7_U_4650715fbd_Utterance_14_800_825.wav,18.505
NF,F,Spk7,U_4650715fbd,800_825,Nyanja_NF_Spk7_U_4650715fbd_Utterance_15,mwina dinso ya mphatso ndi cifundo kuwonetsa zipatso ndi golide opangidwa,Nyanja_NF_Spk7_U_4650715fbd_Utterance_15_800_825.wav,8.479
NF,F,Spk7,U_4650715fbd,800_825,Nyanja_NF_Spk7_U_4650715fbd_Utterance_16,kambirimbiri ndinali kunva iye akulankhula pa inu mu njira imodzi-modziyi,Nyanja_NF_Spk7_U_4650715fbd_Utterance_16_800_825.wav,7.844
NF,F,Spk7,U_4650715fbd,800_825,Nyanja_NF_Spk7_U_4650715fbd_Utterance_17,mbuya wanga kalawidwe k/zosanka za mai milner sizoipa koma ndi zabwino/kwabwino kopoosa,Nyanja_NF_Spk7_U_4650715fbd_Utterance_17_800_825.wav,9.011
NF,F,Spk7,U_4650715fbd,800_825,Nyanja_NF_Spk7_U_4650715fbd_Utterance_18,iye anali ndi mtima wabwino ndipo wacikondi anatero beti ndipo ku khala mcikondi naye sicinaletse kuona/kuwerenga zoipa zimene angacite,Nyanja_NF_Spk7_U_4650715fbd_Utterance_18_800_825.wav,13.814
NF,F,Spk7,U_4650715fbd,800_825,Nyanja_NF_Spk7_U_4650715fbd_Utterance_19,mwadzidzidzi gulu la ichthyosaurus ndi plesiosarus inangosowa pansipo itangosiya kabvumba/msokonezo ukuoneka m'madzi,Nyanja_NF_Spk7_U_4650715fbd_Utterance_19_800_825.wav,15.079
NF,F,Spk7,U_4650715fbd,800_825,Nyanja_NF_Spk7_U_4650715fbd_Utterance_20,unali utalankhula za zoona pamene siunabvomereze ambrose anayamba usamakoka ndi yohane jago fodya wace uzakupha,Nyanja_NF_Spk7_U_4650715fbd_Utterance_20_800_825.wav,14.83
NF,F,Spk7,U_4650715fbd,800_825,Nyanja_NF_Spk7_U_4650715fbd_Utterance_21,watisoni ndakhala ndikukucitila coipa/cosayenera  nthawi zonse alipo ena,Nyanja_NF_Spk7_U_4650715fbd_Utterance_21_800_825.wav,6.273
NF,F,Spk7,U_4650715fbd,800_825,Nyanja_NF_Spk7_U_4650715fbd_Utterance_22,ndicinthu cosayeenera kunena zambiri za iwo pano,Nyanja_NF_Spk7_U_4650715fbd_Utterance_22_800_825.wav,5.13
NF,F,Spk7,U_4650715fbd,800_825,Nyanja_NF_Spk7_U_4650715fbd_Utterance_23,koma kuli nkhokwe atate ngati angafune kuigwiritsa nchito,Nyanja_NF_Spk7_U_4650715fbd_Utterance_23_800_825.wav,6.414
NF,F,Spk7,U_4650715fbd,800_825,Nyanja_NF_Spk7_U_4650715fbd_Utterance_24,holmes anaigwira poyera m'manja mwace pomwe panali kufika kuwala kwa magetsi,Nyanja_NF_Spk7_U_4650715fbd_Utterance_24_800_825.wav,8.352
NF,F,Spk7,U_4650715fbd,800_825,Nyanja_NF_Spk7_U_4650715fbd_Utterance_25,iye anapenya pamwambapo mosakondwera nawauza kuti akhale pansi,Nyanja_NF_Spk7_U_4650715fbd_Utterance_25_800_825.wav,7.469
NF,F,Spk7,U_4650715fbd,825_850,Nyanja_NF_Spk7_U_4650715fbd_Utterance_1,ndinaonapo mitunndi ndi mitundu ya zimenezo mu umoyo wanga,Nyanja_NF_Spk7_U_4650715fbd_Utterance_1_825_850.wav,6.35
NF,F,Spk7,U_4650715fbd,825_850,Nyanja_NF_Spk7_U_4650715fbd_Utterance_2,ndinenetsa sindizapita kutali kweni kweni koma pa atatuwa iye ndiye amane siangathe,Nyanja_NF_Spk7_U_4650715fbd_Utterance_2_825_850.wav,8.506
NF,F,Spk7,U_4650715fbd,825_850,Nyanja_NF_Spk7_U_4650715fbd_Utterance_3,koma pa nthawi imeneyo mu nmadzi amene ali ndi mphanvu cinali cosatheka kuthala pansi,Nyanja_NF_Spk7_U_4650715fbd_Utterance_3_825_850.wav,9.92
NF,F,Spk7,U_4650715fbd,825_850,Nyanja_NF_Spk7_U_4650715fbd_Utterance_4,ici mzanga iwe tenga ndipo anaciponya m'manja mwa mlimi,Nyanja_NF_Spk7_U_4650715fbd_Utterance_4_825_850.wav,5.016
NF,F,Spk7,U_4650715fbd,825_850,Nyanja_NF_Spk7_U_4650715fbd_Utterance_5,kodi unawaona ma pepala awa pa thebulo,Nyanja_NF_Spk7_U_4650715fbd_Utterance_5_825_850.wav,3.669
NF,F,Spk7,U_4650715fbd,825_850,Nyanja_NF_Spk7_U_4650715fbd_Utterance_6,ndizanene kwa iye kuti andipatsek koffi ngati ndi yabwino,Nyanja_NF_Spk7_U_4650715fbd_Utterance_6_825_850.wav,5.062
NF,F,Spk7,U_4650715fbd,825_850,Nyanja_NF_Spk7_U_4650715fbd_Utterance_7,osati golide kapena siliva kapena nkhosa kapena mngelo koma iye mwini ndi zaciani,Nyanja_NF_Spk7_U_4650715fbd_Utterance_7_825_850.wav,7.628
NF,F,Spk7,U_4650715fbd,825_850,Nyanja_NF_Spk7_U_4650715fbd_Utterance_8,bwezani okupelekezani robini ndipo mundisanzike e e e n,Nyanja_NF_Spk7_U_4650715fbd_Utterance_8_825_850.wav,5.991
NF,F,Spk7,U_4650715fbd,825_850,Nyanja_NF_Spk7_U_4650715fbd_Utterance_9,kuli ndondomeko yaikulu kapena ya ing'ono mogwirizana ndi ma lanki/nthepe  ndi ma giledi,Nyanja_NF_Spk7_U_4650715fbd_Utterance_9_825_850.wav,7.964
NF,F,Spk7,U_4650715fbd,825_850,Nyanja_NF_Spk7_U_4650715fbd_Utterance_10,kumangotsala pang'ono kuganiza kuti ndizakumbukira  ntangonvera kusiyana pang'ono,Nyanja_NF_Spk7_U_4650715fbd_Utterance_10_825_850.wav,8.75
NF,F,Spk7,U_4650715fbd,825_850,Nyanja_NF_Spk7_U_4650715fbd_Utterance_11,ndipo ndizazigulira famu ndipo ndizalima pa malowo tsopano ndaniazanditsatira,Nyanja_NF_Spk7_U_4650715fbd_Utterance_11_825_850.wav,6.365
NF,F,Spk7,U_4650715fbd,825_850,Nyanja_NF_Spk7_U_4650715fbd_Utterance_12,ku mpoto ndi ku m'mwela zinakambidwa kale kodi ncifukwa ninji sikungaikidwenso ku m'madzulo,Nyanja_NF_Spk7_U_4650715fbd_Utterance_12_825_850.wav,7.988
NF,F,Spk7,U_4650715fbd,825_850,Nyanja_NF_Spk7_U_4650715fbd_Utterance_13,kuzitukumula kwace atakwanilitsa kunapangitsa kuti aikidwe pa mwamba mwapang'ono pang'ono ngati mabala (malawi) amadzi,Nyanja_NF_Spk7_U_4650715fbd_Utterance_13_825_850.wav,14.795
NF,F,Spk7,U_4650715fbd,825_850,Nyanja_NF_Spk7_U_4650715fbd_Utterance_14,pearl ataona thengo ya maluwa anayamba kulira pofuna duwa lofilira ndipo sanathe kunyengereredwa,Nyanja_NF_Spk7_U_4650715fbd_Utterance_14_825_850.wav,10.495
NF,F,Spk7,U_4650715fbd,825_850,Nyanja_NF_Spk7_U_4650715fbd_Utterance_15,iimfa yace yace mu izi zonse inali cinthu conetsa cisoni,Nyanja_NF_Spk7_U_4650715fbd_Utterance_15_825_850.wav,5.457
NF,F,Spk7,U_4650715fbd,825_850,Nyanja_NF_Spk7_U_4650715fbd_Utterance_16,kudulidwa kwace kwa kunja kunaonetsa ndipo sikunaonetse kokwanira zinthu zosiyana siyana za mkati wa umoyo wace,Nyanja_NF_Spk7_U_4650715fbd_Utterance_16_825_850.wav,11.482
NF,F,Spk7,U_4650715fbd,825_850,Nyanja_NF_Spk7_U_4650715fbd_Utterance_17,madzana ndi madzana a nzika zosalakwa (azibambo) zinayankha kuitanidwa kwao kubwalo ya milandu  (ma saimoni) mwansangamsanga,Nyanja_NF_Spk7_U_4650715fbd_Utterance_17_825_850.wav,13.723
NF,F,Spk7,U_4650715fbd,825_850,Nyanja_NF_Spk7_U_4650715fbd_Utterance_18,ind amai anatero mphunzi wacicepele akuoneka ndi mtima wosadikhira,Nyanja_NF_Spk7_U_4650715fbd_Utterance_18_825_850.wav,7.57
NF,F,Spk7,U_4650715fbd,825_850,Nyanja_NF_Spk7_U_4650715fbd_Utterance_19,inde inde musabvutike ndi mayankho nvetsani ndipo muona kuti sindikunyengelerani kapena kukucitilanizooipa,Nyanja_NF_Spk7_U_4650715fbd_Utterance_19_825_850.wav,12.132
NF,F,Spk7,U_4650715fbd,825_850,Nyanja_NF_Spk7_U_4650715fbd_Utterance_20,ma buku awiri aja a semoni oculidwa mu khuphunzitsana  koyamba sizikugwirizana  ndi zoyenera kudziwa za cikumbutso nghakhale pang'ono,Nyanja_NF_Spk7_U_4650715fbd_Utterance_20_825_850.wav,17.821
NF,F,Spk7,U_4650715fbd,825_850,Nyanja_NF_Spk7_U_4650715fbd_Utterance_21,ici ndiye cifukwa cake ucedwa ojo munthu amene alibe mwai anatero mzimai  ndi mau acifundo,Nyanja_NF_Spk7_U_4650715fbd_Utterance_21_825_850.wav,12.69
NF,F,Spk7,U_4650715fbd,825_850,Nyanja_NF_Spk7_U_4650715fbd_Utterance_22,inali kalata yofiilira mu njira ina kalata yofiira inadzadzidwa ndi umoyo,Nyanja_NF_Spk7_U_4650715fbd_Utterance_22_825_850.wav,12.109
NF,F,Spk7,U_4650715fbd,825_850,Nyanja_NF_Spk7_U_4650715fbd_Utterance_23,mitengo za kale za cisoni monga zazikulu ndi zacisinsi muyenge wa kuda ndi woipa,Nyanja_NF_Spk7_U_4650715fbd_Utterance_23_825_850.wav,9.485
NF,F,Spk7,U_4650715fbd,825_850,Nyanja_NF_Spk7_U_4650715fbd_Utterance_24,kacenjeda wanga anatsidwa wa umphawi kotheratu koma ndi wanzeru andiponso walunta azacitanso bwino,Nyanja_NF_Spk7_U_4650715fbd_Utterance_24_825_850.wav,13.572
NF,F,Spk7,U_4650715fbd,825_850,Nyanja_NF_Spk7_U_4650715fbd_Utterance_25,ici cinali  chida cabwinodi nthawi imineyo,Nyanja_NF_Spk7_U_4650715fbd_Utterance_25_825_850.wav,6.545
NF,F,Spk4,U_2633263dcc,650_675,Nyanja_NF_Spk4_U_2633263dcc_Utterance_1,pamenepo japu wacigwira  anaseka percy pamene ena anali ku kukuwa ataona pa maso pa jasper,Nyanja_NF_Spk4_U_2633263dcc_Utterance_1_650_675.wav,10.275
NF,F,Spk4,U_2633263dcc,650_675,Nyanja_NF_Spk4_U_2633263dcc_Utterance_2,ndimakonda kulankhula ndi karl pa nkhani ya mzinda wa new york ndi zimene munthu angathe kucita kumeneko,Nyanja_NF_Spk4_U_2633263dcc_Utterance_2_650_675.wav,11.236
NF,F,Spk4,U_2633263dcc,650_675,Nyanja_NF_Spk4_U_2633263dcc_Utterance_3,ukuona kuti kukonda wina wace mmene nkukondera ine cipangitsa calo conse kusintha,Nyanja_NF_Spk4_U_2633263dcc_Utterance_3_650_675.wav,10.861
NF,F,Spk4,U_2633263dcc,650_675,Nyanja_NF_Spk4_U_2633263dcc_Utterance_4,akaidi atacotsedwa pa ola/nthawi yoikidwa ija mpholopolo za futi zowerengeka zinalasidwa mzipupa ca miyala,Nyanja_NF_Spk4_U_2633263dcc_Utterance_4_650_675.wav,17.071
NF,F,Spk4,U_2633263dcc,650_675,Nyanja_NF_Spk4_U_2633263dcc_Utterance_5,kodi munalandilako mlendo wa waukada ine nisanapite,Nyanja_NF_Spk4_U_2633263dcc_Utterance_5_650_675.wav,6.616
NF,F,Spk4,U_2633263dcc,650_675,Nyanja_NF_Spk4_U_2633263dcc_Utterance_6,mwani zakumtima zosabvutisa kwa zaka zambiri,Nyanja_NF_Spk4_U_2633263dcc_Utterance_6_650_675.wav,6.871
NF,F,Spk4,U_2633263dcc,650_675,Nyanja_NF_Spk4_U_2633263dcc_Utterance_7,anthu awa oukila ungwilyo wa khristu amatsutsa/amakana atate ndi mwana ndi nchito zao zonse,Nyanja_NF_Spk4_U_2633263dcc_Utterance_7_650_675.wav,13.291
NF,F,Spk4,U_2633263dcc,650_675,Nyanja_NF_Spk4_U_2633263dcc_Utterance_8,pa ici yankho yace inali itaperekedwa mwamsanga-msanga ai tithokoze mulungu ai ndipo kodi zolembedwa izi ndi zanu,Nyanja_NF_Spk4_U_2633263dcc_Utterance_8_650_675.wav,14.851
NF,F,Spk4,U_2633263dcc,650_675,Nyanja_NF_Spk4_U_2633263dcc_Utterance_9,mwatsopano ndiri kuzigwiritsa nchito ngati zimadekho zopangidwa mwaluso mu dimba yanga,Nyanja_NF_Spk4_U_2633263dcc_Utterance_9_650_675.wav,11.986
NF,F,Spk4,U_2633263dcc,650_675,Nyanja_NF_Spk4_U_2633263dcc_Utterance_10,koma sizipyolera zimene ziri mu baibulo azakhali anaterodina,Nyanja_NF_Spk4_U_2633263dcc_Utterance_10_650_675.wav,8.986
NF,F,Spk4,U_2633263dcc,650_675,Nyanja_NF_Spk4_U_2633263dcc_Utterance_11,pa tsiku ya makhumi awiri zisanu ndi ziwiri (27) m'mwezi wa phukira mu caka ca 1837 iye analemba,Nyanja_NF_Spk4_U_2633263dcc_Utterance_11_650_675.wav,14.401
NF,F,Spk4,U_2633263dcc,650_675,Nyanja_NF_Spk4_U_2633263dcc_Utterance_12,pamene anaponya dzala zace zimene zinkafika pansi sizinali patali kwambiri ndi mutu wa uja amene anali kuthawa,Nyanja_NF_Spk4_U_2633263dcc_Utterance_12_650_675.wav,12.616
NF,F,Spk4,U_2633263dcc,650_675,Nyanja_NF_Spk4_U_2633263dcc_Utterance_13,kukumbukira kuyenera kukhala cinthu cimene cinacitika ndipo cilipo mu njira ina cofanana mwina cndi cimene cili kukumbukidwa,Nyanja_NF_Spk4_U_2633263dcc_Utterance_13_650_675.wav,15.631
NF,F,Spk4,U_2633263dcc,650_675,Nyanja_NF_Spk4_U_2633263dcc_Utterance_14,eeeh zolembedwa za mtundu wotani zimene nawerenga cithunzithunzi cotani cimene ndaonapo cilungamo coipa bwanji,Nyanja_NF_Spk4_U_2633263dcc_Utterance_14_650_675.wav,13.831
NF,F,Spk4,U_2633263dcc,650_675,Nyanja_NF_Spk4_U_2633263dcc_Utterance_15,iye analira ali kuimikira dzanja lanthor amene anali patsogoro pace pofuna kusimikidza kuti kunalibe ziwanda (zipuku) patsogoro pace,Nyanja_NF_Spk4_U_2633263dcc_Utterance_15_650_675.wav,12.826
NF,F,Spk4,U_2633263dcc,650_675,Nyanja_NF_Spk4_U_2633263dcc_Utterance_16,ndipo ukhala ndi ka gulu ako kakang'ono kodi ndiwe okondwera,Nyanja_NF_Spk4_U_2633263dcc_Utterance_16_650_675.wav,8.836
NF,F,Spk4,U_2633263dcc,650_675,Nyanja_NF_Spk4_U_2633263dcc_Utterance_17,ndimawaona akugona pansi  mopanda thandizo iliyonse akulira kulibe wina aliyense owayanka kulibe wina okusangalatsani ndi cimwemwe ca mai,Nyanja_NF_Spk4_U_2633263dcc_Utterance_17_650_675.wav,19.066
NF,F,Spk4,U_2633263dcc,650_675,Nyanja_NF_Spk4_U_2633263dcc_Utterance_18,nambala ya khumi nelli akukudikhilani mugone bwino amuna anga,Nyanja_NF_Spk4_U_2633263dcc_Utterance_18_650_675.wav,9.541
NF,F,Spk4,U_2633263dcc,650_675,Nyanja_NF_Spk4_U_2633263dcc_Utterance_19,tonsefe tinamenya ku mbali ina yace ya bwato,Nyanja_NF_Spk4_U_2633263dcc_Utterance_19_650_675.wav,7.561
NF,F,Spk4,U_2633263dcc,650_675,Nyanja_NF_Spk4_U_2633263dcc_Utterance_20,cokonkhapo kunabwera mpata wa oliva kuti athandizire  mu myambo,Nyanja_NF_Spk4_U_2633263dcc_Utterance_20_650_675.wav,9.781
NF,F,Spk4,U_2633263dcc,650_675,Nyanja_NF_Spk4_U_2633263dcc_Utterance_21,musamalileni ndipo muiwaleko za cilengedwa ca mulungu,Nyanja_NF_Spk4_U_2633263dcc_Utterance_21_650_675.wav,8.536
NF,F,Spk4,U_2633263dcc,650_675,Nyanja_NF_Spk4_U_2633263dcc_Utterance_22,inde ndikhulupilira kuti tili conco ndinayankha mopewetsa koma pamene tinangogwiritsa nchito kanjira koonjezedwa,Nyanja_NF_Spk4_U_2633263dcc_Utterance_22_650_675.wav,15.166
NF,F,Spk4,U_2633263dcc,650_675,Nyanja_NF_Spk4_U_2633263dcc_Utterance_23,mwanzeru zobadwa nazo zimene zili mwa wina aliyense nzeru zimene ziletsa wina kumaika ndalama zace pa mpikitsano wa mathamangidwe,Nyanja_NF_Spk4_U_2633263dcc_Utterance_23_650_675.wav,19.531
NF,F,Spk4,U_2633263dcc,650_675,Nyanja_NF_Spk4_U_2633263dcc_Utterance_24,ndinali kugwira nchito yosunga bwino mabuku a nchito pa nchito ndipo cinali capafupi kwaine kutenga cheke ndikulemba siginacala yopeeka (yabooza),Nyanja_NF_Spk4_U_2633263dcc_Utterance_24_650_675.wav,16.471
NF,F,Spk4,U_2633263dcc,650_675,Nyanja_NF_Spk4_U_2633263dcc_Utterance_25,kwa ka nthawi gilchrist ndi dzanja yace yoimitsidwa anayesesa kuika bwino zimene zinapezeka mu zolemba zace,Nyanja_NF_Spk4_U_2633263dcc_Utterance_25_650_675.wav,14.041
NF,F,Spk4,U_2633263dcc,675_700,Nyanja_NF_Spk4_U_2633263dcc_Utterance_1,mwantsopano rodolfo anakwanitsa kugwira leocadia mosamala na muika  mu citolokosi ndi mnyumba yace,Nyanja_NF_Spk4_U_2633263dcc_Utterance_1_675_700.wav,3.456
NF,F,Spk4,U_2633263dcc,675_700,Nyanja_NF_Spk4_U_2633263dcc_Utterance_2,ndi apo cabe pamene pali zinthu monga mikumbi ndi moto,Nyanja_NF_Spk4_U_2633263dcc_Utterance_2_675_700.wav,6.936
NF,F,Spk4,U_2633263dcc,675_700,Nyanja_NF_Spk4_U_2633263dcc_Utterance_3,pa ciweru pa tsiku ya khumi ndi zisanu mu mwezi wa phukira nyanja sinali yotseguka konseku ndipo kunalibe malo ali onse a kutsidya amene anali kuonekera,Nyanja_NF_Spk4_U_2633263dcc_Utterance_3_675_700.wav,18.336
NF,F,Spk4,U_2633263dcc,675_700,Nyanja_NF_Spk4_U_2633263dcc_Utterance_4,mussulmans ndi giaours anazibisa kukamwa ndi kansalu kozipukutira kumaso  ali kuseka  ndipo alibe lute pa zolilitsa zina ziri zonse,Nyanja_NF_Spk4_U_2633263dcc_Utterance_4_675_700.wav,17.961
NF,F,Spk4,U_2633263dcc,675_700,Nyanja_NF_Spk4_U_2633263dcc_Utterance_5,ndakhala wokonzekera kupita kwina kuli konse kwa miyezi isanu ndi umodzi yapitai,Nyanja_NF_Spk4_U_2633263dcc_Utterance_5_675_700.wav,11.871
NF,F,Spk4,U_2633263dcc,675_700,Nyanja_NF_Spk4_U_2633263dcc_Utterance_6,wabwera andella andella inali dzina y ka doli wa mwana jani amene anali kuyendera lozalia,Nyanja_NF_Spk4_U_2633263dcc_Utterance_6_675_700.wav,11.586
NF,F,Spk4,U_2633263dcc,675_700,Nyanja_NF_Spk4_U_2633263dcc_Utterance_7,nkhani yokhayo ya cimwemwe imene inakambidwa ndi imene pa gome(thebulo) pakati pa ine ndi naomi,Nyanja_NF_Spk4_U_2633263dcc_Utterance_7_675_700.wav,10.866
NF,F,Spk4,U_2633263dcc,675_700,Nyanja_NF_Spk4_U_2633263dcc_Utterance_8,ameneyu anali mzimai wabwino kwambiri  bambo ndipo munjira ina ndiganiza kuti anafa,Nyanja_NF_Spk4_U_2633263dcc_Utterance_8_675_700.wav,11.586
NF,F,Spk4,U_2633263dcc,675_700,Nyanja_NF_Spk4_U_2633263dcc_Utterance_9,ndili ndi mantha poti sindidziwa zambiri za malo a oz,Nyanja_NF_Spk4_U_2633263dcc_Utterance_9_675_700.wav,8.166
NF,F,Spk4,U_2633263dcc,675_700,Nyanja_NF_Spk4_U_2633263dcc_Utterance_10,ndipo siunali kufuna kukhala pafupi ndi ine,Nyanja_NF_Spk4_U_2633263dcc_Utterance_10_675_700.wav,7.086
NF,F,Spk4,U_2633263dcc,675_700,Nyanja_NF_Spk4_U_2633263dcc_Utterance_11,mzibambo analowa natenga mapepela imodzi -imodzi  pa gome imene inali ca pakati,Nyanja_NF_Spk4_U_2633263dcc_Utterance_11_675_700.wav,10.101
NF,F,Spk4,U_2633263dcc,675_700,Nyanja_NF_Spk4_U_2633263dcc_Utterance_12,ndinanva m'mafupa anga m'mawa n'tauka kuti cinthu cabwino cidzacitika,Nyanja_NF_Spk4_U_2633263dcc_Utterance_12_675_700.wav,9.666
NF,F,Spk4,U_2633263dcc,675_700,Nyanja_NF_Spk4_U_2633263dcc_Utterance_13,kunena cilungamo iye sangathe kucita izo anatero soames poti ine ndinalowera pa citseko ca mumbalimu,Nyanja_NF_Spk4_U_2633263dcc_Utterance_13_675_700.wav,3.771
NF,F,Spk4,U_2633263dcc,675_700,Nyanja_NF_Spk4_U_2633263dcc_Utterance_14,ungathe kukhala kutali ndi ine ngati ufuna kutero nanga ni liti pamene ndakukonkako,Nyanja_NF_Spk4_U_2633263dcc_Utterance_14_675_700.wav,11.871
NF,F,Spk4,U_2633263dcc,675_700,Nyanja_NF_Spk4_U_2633263dcc_Utterance_15,kulibe tsiku ngakhale imodzi imene pa matsiku dzana imene ndi tsiku ya cimwemwe cotheratu ndipo ya dzuwa ikuwala kotheratu,Nyanja_NF_Spk4_U_2633263dcc_Utterance_15_675_700.wav,13.836
NF,F,Spk4,U_2633263dcc,675_700,Nyanja_NF_Spk4_U_2633263dcc_Utterance_16,koma kusiyana mu zonse sikuli pa zimenezo kusamaziika nzeru,Nyanja_NF_Spk4_U_2633263dcc_Utterance_16_675_700.wav,9.066
NF,F,Spk4,U_2633263dcc,675_700,Nyanja_NF_Spk4_U_2633263dcc_Utterance_17,ndimakupemphelera  koma sicimodzi-modzi ngati kuti iwe wekha wazipemphelera,Nyanja_NF_Spk4_U_2633263dcc_Utterance_17_675_700.wav,9.636
NF,F,Spk4,U_2633263dcc,675_700,Nyanja_NF_Spk4_U_2633263dcc_Utterance_18,ukuona mzanga iyi ndi nkhani ya cilombo coopsya ca pa madzi (narwhale),Nyanja_NF_Spk4_U_2633263dcc_Utterance_18_675_700.wav,9.666
NF,F,Spk4,U_2633263dcc,675_700,Nyanja_NF_Spk4_U_2633263dcc_Utterance_19,ndinatenga zibangili za golide zitsanu mu bokosi la cuma ndi kuzipatsa kwa iye,Nyanja_NF_Spk4_U_2633263dcc_Utterance_19_675_700.wav,8.601
NF,F,Spk4,U_2633263dcc,675_700,Nyanja_NF_Spk4_U_2633263dcc_Utterance_20,anali ngati bmbo wanga munjira ina koma sanali atate anga,Nyanja_NF_Spk4_U_2633263dcc_Utterance_20_675_700.wav,7.596
NF,F,Spk4,U_2633263dcc,675_700,Nyanja_NF_Spk4_U_2633263dcc_Utterance_21,bambo will okalamba aja ndi munthu wabwino koma ndi osauka komanso wopanda thandizo iliyonse kucokerab pameneakazi a bambo rodges anapezekera mu ngozi,Nyanja_NF_Spk4_U_2633263dcc_Utterance_21_675_700.wav,17.901
NF,F,Spk4,U_2633263dcc,675_700,Nyanja_NF_Spk4_U_2633263dcc_Utterance_22,ndikhulupilira kuti wakhala  mtsikana wa bwino kwambiri kucookera pomwe unacokera kuno andella,Nyanja_NF_Spk4_U_2633263dcc_Utterance_22_675_700.wav,9.966
NF,F,Spk4,U_2633263dcc,675_700,Nyanja_NF_Spk4_U_2633263dcc_Utterance_23,ndikunenetsa bambo harry msikana wa cicepeleyu azachuka usiku walero kodi sazachuka,Nyanja_NF_Spk4_U_2633263dcc_Utterance_23_675_700.wav,11.931
NF,F,Spk4,U_2633263dcc,675_700,Nyanja_NF_Spk4_U_2633263dcc_Utterance_24,ndinaganiza kuti mwina mwace nchito yanga pamene nitasiya sukulu lina nkukhala mphunzitsi wosamalira ana,Nyanja_NF_Spk4_U_2633263dcc_Utterance_24_675_700.wav,13.866
NF,F,Spk4,U_2633263dcc,675_700,Nyanja_NF_Spk4_U_2633263dcc_Utterance_25,iye analephera kudziwa momwe zinayenera kukhalira,Nyanja_NF_Spk4_U_2633263dcc_Utterance_25_675_700.wav,6.906
NF,F,Spk8,U_14239f6387,875_900,Nyanja_NF_Spk8_U_14239f6387_Utterance_1,ananene kwa agalantiya nati mulibe mphanvu yoganizira paulo mwapamwamba,Nyanja_NF_Spk8_U_14239f6387_Utterance_1_875_900.wav,10.16
NF,F,Spk8,U_14239f6387,875_900,Nyanja_NF_Spk8_U_14239f6387_Utterance_2,kulibe kwina kwace kotseguka pokhapokhapo khola imodzi anatero wotiyanganira wathu ophunzira,Nyanja_NF_Spk8_U_14239f6387_Utterance_2_875_900.wav,10.16
NF,F,Spk8,U_14239f6387,875_900,Nyanja_NF_Spk8_U_14239f6387_Utterance_3,kwangwala wa mkulu analondola mwansanga kufuna kuti acotse nyama yace /cimene anagwira pansi,Nyanja_NF_Spk8_U_14239f6387_Utterance_3_875_900.wav,10.16
NF,F,Spk8,U_14239f6387,875_900,Nyanja_NF_Spk8_U_14239f6387_Utterance_4,wina waceananena nkhani ngakhala sanainene bwino yomwe ninaona kuti sanali kunvetsetsa,Nyanja_NF_Spk8_U_14239f6387_Utterance_4_875_900.wav,10.16
NF,F,Spk8,U_14239f6387,875_900,Nyanja_NF_Spk8_U_14239f6387_Utterance_5,cinali cinthu ca bwino kwa iye kuganiza kuti mkaziyo zanali kumkonda kopotsa kudziwa cilungamo,Nyanja_NF_Spk8_U_14239f6387_Utterance_5_875_900.wav,10.16
NF,F,Spk8,U_14239f6387,875_900,Nyanja_NF_Spk8_U_14239f6387_Utterance_6,oho bambo anatero bambo missus poyser ataopyedwa simungazikonde konse,Nyanja_NF_Spk8_U_14239f6387_Utterance_6_875_900.wav,10.16
NF,F,Spk8,U_14239f6387,875_900,Nyanja_NF_Spk8_U_14239f6387_Utterance_7,pamenepo anaika dzanja lace pa mkono wace  naseka nati,Nyanja_NF_Spk8_U_14239f6387_Utterance_7_875_900.wav,10.16
NF,F,Spk8,U_14239f6387,875_900,Nyanja_NF_Spk8_U_14239f6387_Utterance_8,chingachgook anali ataona izi ndi mayendedwe ndipo ndi manja ake anawalola kulankhula,Nyanja_NF_Spk8_U_14239f6387_Utterance_8_875_900.wav,10.16
NF,F,Spk8,U_14239f6387,875_900,Nyanja_NF_Spk8_U_14239f6387_Utterance_9,apa apo anatero motonthoza ali kupapatsa mutu wace wofilira,Nyanja_NF_Spk8_U_14239f6387_Utterance_9_875_900.wav,10.16
NF,F,Spk8,U_14239f6387,875_900,Nyanja_NF_Spk8_U_14239f6387_Utterance_10,anayenda mwamsanga ngati mwivi napita mun ma holo onsewo ma sitepi okwelera mnyumba ndi pa bwalo ponse,Nyanja_NF_Spk8_U_14239f6387_Utterance_10_875_900.wav,10.16
NF,F,Spk8,U_14239f6387,875_900,Nyanja_NF_Spk8_U_14239f6387_Utterance_11,iye anafuna kuyambira pamwamba pa matanda,Nyanja_NF_Spk8_U_14239f6387_Utterance_11_875_900.wav,10.16
NF,F,Spk8,U_14239f6387,875_900,Nyanja_NF_Spk8_U_14239f6387_Utterance_12,humpy dumpy anali atagwa pansipa koma anakwatira ndithu mwana wa amfumu wa mkazi,Nyanja_NF_Spk8_U_14239f6387_Utterance_12_875_900.wav,10.16
NF,F,Spk8,U_14239f6387,875_900,Nyanja_NF_Spk8_U_14239f6387_Utterance_13,m'mene analonjezera kuteteza hotela nzika zimene zitauzidwa kuti zisade nkhawa mogogomedza zinayamba kuseka mantha ao,Nyanja_NF_Spk8_U_14239f6387_Utterance_13_875_900.wav,10.16
NF,F,Spk8,U_14239f6387,875_900,Nyanja_NF_Spk8_U_14239f6387_Utterance_14,mabwalo ya tolasa twa thonje tolema anali pafupi kuphulika,Nyanja_NF_Spk8_U_14239f6387_Utterance_14_875_900.wav,10.16
NF,F,Spk8,U_14239f6387,875_900,Nyanja_NF_Spk8_U_14239f6387_Utterance_15,lute anakhala zii kwanthawi yaitali ali kuoneka ndi pa maso pofunisisa  kunali kutatulukila,Nyanja_NF_Spk8_U_14239f6387_Utterance_15_875_900.wav,10.16
NF,F,Spk8,U_14239f6387,875_900,Nyanja_NF_Spk8_U_14239f6387_Utterance_16,kodi unabwera liti bartley ndipo kodi zakhala bwanji zotheka kuti sunalankhule kanthu kali konse,Nyanja_NF_Spk8_U_14239f6387_Utterance_16_875_900.wav,10.16
NF,F,Spk8,U_14239f6387,875_900,Nyanja_NF_Spk8_U_14239f6387_Utterance_17,sindinathe kuonana mwana wanga wacimuna opwetekedwa mwaubwino koma akucita zinchito zace ngati m'modzi wa ana a bamba cumberland,Nyanja_NF_Spk8_U_14239f6387_Utterance_17_875_900.wav,10.16
NF,F,Spk8,U_14239f6387,875_900,Nyanja_NF_Spk8_U_14239f6387_Utterance_18,ngati ndili kunva conjo ndiye kuti ndili kunva conjo,Nyanja_NF_Spk8_U_14239f6387_Utterance_18_875_900.wav,10.16
NF,F,Spk8,U_14239f6387,875_900,Nyanja_NF_Spk8_U_14239f6387_Utterance_19,anzanga anatero montifichet mosakweza mau ace kwa ena anali kucita masewera ya kumenyana tipelekezeni mkatifikiseko ca kunyumba kwa ogwira nchito ku ndende,Nyanja_NF_Spk8_U_14239f6387_Utterance_19_875_900.wav,10.16
NF,F,Spk8,U_14239f6387,875_900,Nyanja_NF_Spk8_U_14239f6387_Utterance_20,koma sindinadziwe apa ndipo pomwe mundiuza,Nyanja_NF_Spk8_U_14239f6387_Utterance_20_875_900.wav,10.16
NF,F,Spk8,U_14239f6387,875_900,Nyanja_NF_Spk8_U_14239f6387_Utterance_21,bulakitoni ndi mzanga wabwino kwambiri ndinenetsa nzo kwa iwe,Nyanja_NF_Spk8_U_14239f6387_Utterance_21_875_900.wav,10.16
NF,F,Spk8,U_14239f6387,875_900,Nyanja_NF_Spk8_U_14239f6387_Utterance_22,ndanyowa kufika munkongono mwanga ntawerama kuti ndidoba cherries,Nyanja_NF_Spk8_U_14239f6387_Utterance_22_875_900.wav,10.16
NF,F,Spk8,U_14239f6387,875_900,Nyanja_NF_Spk8_U_14239f6387_Utterance_23,ena ace sanafune kuti zimenezi zikacitike tsiku lina mtsogolo koma zina cabe zopanga zace zimene zinandisangalasa,Nyanja_NF_Spk8_U_14239f6387_Utterance_23_875_900.wav,10.16
NF,F,Spk8,U_14239f6387,875_900,Nyanja_NF_Spk8_U_14239f6387_Utterance_24,kodi kuti sangakhale mphatso yabwino kwa mwana wanthu wakhandayu,Nyanja_NF_Spk8_U_14239f6387_Utterance_24_875_900.wav,10.16
NF,F,Spk8,U_14239f6387,875_900,Nyanja_NF_Spk8_U_14239f6387_Utterance_25,izo zitapita cinali ca pafupi kuziiwalako indetu kuziiwala,Nyanja_NF_Spk8_U_14239f6387_Utterance_25_875_900.wav,10.16
NF,F,Spk8,U_14239f6387,850_875,Nyanja_NF_Spk8_U_14239f6387_Utterance_1,lobini anaselutsa matanda ace mosamala ndipo mwamsanga  anazipeza pansi pa miyala yolimba kwabatsi,Nyanja_NF_Spk8_U_14239f6387_Utterance_1_850_875.wav,12.635
NF,F,Spk8,U_14239f6387,850_875,Nyanja_NF_Spk8_U_14239f6387_Utterance_2,koma kulingana ndi zomwe zili kucitiika sindidziwa ngati zinthu ngati izo kuti zingathe kucitika,Nyanja_NF_Spk8_U_14239f6387_Utterance_2_850_875.wav,12.635
NF,F,Spk8,U_14239f6387,850_875,Nyanja_NF_Spk8_U_14239f6387_Utterance_3,oho iye amakhala pafupi ndi piano anatero van ayenera kukhalapo pa nthawi ino kwinakwace  ndipo wina anaseka.,Nyanja_NF_Spk8_U_14239f6387_Utterance_3_850_875.wav,12.635
NF,F,Spk8,U_14239f6387,850_875,Nyanja_NF_Spk8_U_14239f6387_Utterance_4,amai taylor sanadziwe zambiri za kotoni koma conena cimodzi cabe coonjedzedwa cinaoneka coyenera,Nyanja_NF_Spk8_U_14239f6387_Utterance_4_850_875.wav,12.635
NF,F,Spk8,U_14239f6387,850_875,Nyanja_NF_Spk8_U_14239f6387_Utterance_5,mkupita ndi kupita sindinaonepo bulu lanu limene mu malembedwa za umoyo wanu ndiyenera kuiona bukuli missus poyser,Nyanja_NF_Spk8_U_14239f6387_Utterance_5_850_875.wav,12.635
NF,F,Spk8,U_14239f6387,850_875,Nyanja_NF_Spk8_U_14239f6387_Utterance_6,mnyamata wacicepele ndi omangidwa ndipo ndiopa imfa yace ngati yanenedwa,Nyanja_NF_Spk8_U_14239f6387_Utterance_6_850_875.wav,12.635
NF,F,Spk8,U_14239f6387,850_875,Nyanja_NF_Spk8_U_14239f6387_Utterance_7,nthawi imeneyo ntaona pa thebulo yanga ndinadziwa kuti wina wace anatayataya ma pepeela anga,Nyanja_NF_Spk8_U_14239f6387_Utterance_7_850_875.wav,12.635
NF,F,Spk8,U_14239f6387,850_875,Nyanja_NF_Spk8_U_14239f6387_Utterance_8,maonekedwa a lakelo ofooka ndi ocenjeletsa maso amene anali ku mupenya ndi codabwitsa cowawitsa,Nyanja_NF_Spk8_U_14239f6387_Utterance_8_850_875.wav,12.635
NF,F,Spk8,U_14239f6387,850_875,Nyanja_NF_Spk8_U_14239f6387_Utterance_9,ndikhulupilira ndithu kuti ndimadziwa kusankha zokoma mnjira imeneyo zonsezo ndi za zoona mukuzidziwa zobvara zimenezo,Nyanja_NF_Spk8_U_14239f6387_Utterance_9_850_875.wav,12.635
NF,F,Spk8,U_14239f6387,850_875,Nyanja_NF_Spk8_U_14239f6387_Utterance_10,cilungamo ici ciyamba kumatsulira mphanvu ya kuda zokhumba zina za dziko za magulu okwanira madzana makhumi awiri pansi pa nyanja,Nyanja_NF_Spk8_U_14239f6387_Utterance_10_850_875.wav,12.635
NF,F,Spk8,U_14239f6387,850_875,Nyanja_NF_Spk8_U_14239f6387_Utterance_11,ndipo anaseka mwapang'ono ndikuyankha ai amai beti ndine elizabeth parsons,Nyanja_NF_Spk8_U_14239f6387_Utterance_11_850_875.wav,12.635
NF,F,Spk8,U_14239f6387,850_875,Nyanja_NF_Spk8_U_14239f6387_Utterance_12,kuguzidwa kwace ku mlomo ndi kuunika kwace ku mapaphiko ace zinali zosanveka kwa iye ndipo zodabwitsa,Nyanja_NF_Spk8_U_14239f6387_Utterance_12_850_875.wav,12.635
NF,F,Spk8,U_14239f6387,850_875,Nyanja_NF_Spk8_U_14239f6387_Utterance_13,munny nsimbi zanga zili zozizila anauzidwa pease iiika pansi kuti zithumeko,Nyanja_NF_Spk8_U_14239f6387_Utterance_13_850_875.wav,12.635
NF,F,Spk8,U_14239f6387,850_875,Nyanja_NF_Spk8_U_14239f6387_Utterance_14,sindikucicepetsa nitalankhula kuti ma siku ano sicili cosaoneka=oneka,Nyanja_NF_Spk8_U_14239f6387_Utterance_14_850_875.wav,12.635
NF,F,Spk8,U_14239f6387,850_875,Nyanja_NF_Spk8_U_14239f6387_Utterance_15,nthawi zina cimachedwa copangidwa codabwitsa/cosokonedzetsa cifukwa zodindidwa zace ndi mitundu ndi zinaikidwa mosokoneza/mosasamala,Nyanja_NF_Spk8_U_14239f6387_Utterance_15_850_875.wav,12.635
NF,F,Spk8,U_14239f6387,850_875,Nyanja_NF_Spk8_U_14239f6387_Utterance_16,bwera pita ukanditengere ndalama yosala ya bambo louis ndilinayo bambo,Nyanja_NF_Spk8_U_14239f6387_Utterance_16_850_875.wav,12.635
NF,F,Spk8,U_14239f6387,850_875,Nyanja_NF_Spk8_U_14239f6387_Utterance_17,anandigwiritsa ncito kotheratu anali kufuna kumandimenya tsiku ndi tsiku,Nyanja_NF_Spk8_U_14239f6387_Utterance_17_850_875.wav,12.635
NF,F,Spk8,U_14239f6387,850_875,Nyanja_NF_Spk8_U_14239f6387_Utterance_18,mwamene njira ya cifundo ingapezekele kuli chalichi yoyera/yangwilyo ngakhale kuti anthu osakhulupilira mwa ambuye yesu apezeka komweko,Nyanja_NF_Spk8_U_14239f6387_Utterance_18_850_875.wav,12.635
NF,F,Spk8,U_14239f6387,850_875,Nyanja_NF_Spk8_U_14239f6387_Utterance_19,indetu iye anasautsa mpingo wa ambuye yesu kristu kwa nthawi ya itali,Nyanja_NF_Spk8_U_14239f6387_Utterance_19_850_875.wav,12.635
NF,F,Spk8,U_14239f6387,850_875,Nyanja_NF_Spk8_U_14239f6387_Utterance_20,pamene anayamba kucita zinthu anali kutsogolera yopatulika ya atsilikali oyenda pansi kupitila mu njira yolowera pansi,Nyanja_NF_Spk8_U_14239f6387_Utterance_20_850_875.wav,12.635
NF,F,Spk8,U_14239f6387,850_875,Nyanja_NF_Spk8_U_14239f6387_Utterance_21,ndifuna kusiys zonsezi kotheratu,Nyanja_NF_Spk8_U_14239f6387_Utterance_21_850_875.wav,12.635
NF,F,Spk8,U_14239f6387,850_875,Nyanja_NF_Spk8_U_14239f6387_Utterance_22,kodi sizingatheke kuti zoonekela za mumzinda za bwino zizionekera poyera,Nyanja_NF_Spk8_U_14239f6387_Utterance_22_850_875.wav,12.635
NF,F,Spk8,U_14239f6387,850_875,Nyanja_NF_Spk8_U_14239f6387_Utterance_23,anatero kapitawo donnithrone atakhala pamene anali kukwanitsa kuona  mkanjira kakafupi kamene kanalin kupita kumene anali kusungira mkaka,Nyanja_NF_Spk8_U_14239f6387_Utterance_23_850_875.wav,12.635
NF,F,Spk8,U_14239f6387,850_875,Nyanja_NF_Spk8_U_14239f6387_Utterance_24,tikuganiza kuti kupyolera mu nchito yocepa kapena ubwino tingathe kuthesa cimo,Nyanja_NF_Spk8_U_14239f6387_Utterance_24_850_875.wav,25.49
NF,F,Spk8,U_14239f6387,850_875,Nyanja_NF_Spk8_U_14239f6387_Utterance_25,indetu ndikupita ngati enginiya nanunso mungathe kupita ngati amodzi,Nyanja_NF_Spk8_U_14239f6387_Utterance_25_850_875.wav,25.49
NF,F,Spk9,U_85c90b0797,900_925,Nyanja_NF_Spk9_U_85c90b0797_Utterance_1,iye anawelamuka napenya kumene kunali naomi mokaika kucokela pa mbale yace napenyanso [pansi mocedwa moonetsa ukwiyo pa maso,Nyanja_NF_Spk9_U_85c90b0797_Utterance_1_900_925.wav,8.949
NF,F,Spk9,U_85c90b0797,900_925,Nyanja_NF_Spk9_U_85c90b0797_Utterance_2,patsogoro pa sitima ndinasema mutu wace ndi kamwa kotseguka ndi lilime lamphanda litatuluka pabwalo,Nyanja_NF_Spk9_U_85c90b0797_Utterance_2_900_925.wav,12.655
NF,F,Spk9,U_85c90b0797,900_925,Nyanja_NF_Spk9_U_85c90b0797_Utterance_3,unatelo mtengo wa mkuyu kuganizira zomwe anali nazo iye anadzindikila,Nyanja_NF_Spk9_U_85c90b0797_Utterance_3_900_925.wav,16.384
NF,F,Spk9,U_85c90b0797,900_925,Nyanja_NF_Spk9_U_85c90b0797_Utterance_4,ndine okhutilitsidwa ndi zime ndinanena  anatero owerenga,Nyanja_NF_Spk9_U_85c90b0797_Utterance_4_900_925.wav,6.989
NF,F,Spk9,U_85c90b0797,900_925,Nyanja_NF_Spk9_U_85c90b0797_Utterance_5,anaitanitsa nsika z okwanira zisanu ndi imodzi kuti amsatire mu zimene anali kucita ndipo nzikazi zinamsatira zinakonka zofuna zace ndi kumthandiza,Nyanja_NF_Spk9_U_85c90b0797_Utterance_5_900_925.wav,6.92
NF,F,Spk9,U_85c90b0797,900_925,Nyanja_NF_Spk9_U_85c90b0797_Utterance_6,tiyenela kukhala ndi otengako mbali ambiri anatero beti louise akayandikana ndi msuweni wace,Nyanja_NF_Spk9_U_85c90b0797_Utterance_6_900_925.wav,16.44
NF,F,Spk9,U_85c90b0797,900_925,Nyanja_NF_Spk9_U_85c90b0797_Utterance_7,sindili kucionera m'mene muli kucionera inu anatero loya wacikulire,Nyanja_NF_Spk9_U_85c90b0797_Utterance_7_900_925.wav,9.009
NF,F,Spk9,U_85c90b0797,900_925,Nyanja_NF_Spk9_U_85c90b0797_Utterance_8,pa mbale zazikulu za siliva panali ma pilamidi ya zakudya zophikidwandi ma keke ndi vinyo wofilira utanyenzimira itaikidwa mu zonyezimira,Nyanja_NF_Spk9_U_85c90b0797_Utterance_8_900_925.wav,5.84
NF,F,Spk9,U_85c90b0797,900_925,Nyanja_NF_Spk9_U_85c90b0797_Utterance_9,ndithudi maganizo awa anabvutitsa hester prynne mwapang'ono ciyembekezo kopotsa kuzindikira kulakwa kwace,Nyanja_NF_Spk9_U_85c90b0797_Utterance_9_900_925.wav,20.956
NF,F,Spk9,U_85c90b0797,900_925,Nyanja_NF_Spk9_U_85c90b0797_Utterance_10,ndipo bambo ferdinando anatikulibe cake ciliconse koma ayenera kuti apite nanu,Nyanja_NF_Spk9_U_85c90b0797_Utterance_10_900_925.wav,14.234
NF,F,Spk9,U_85c90b0797,900_925,Nyanja_NF_Spk9_U_85c90b0797_Utterance_11,ici calengetsa kuti nditaye ndalama zanga kawili zokwanira ma dola makhumu asaninndi imodzi cifukwa ca mkwiyo,Nyanja_NF_Spk9_U_85c90b0797_Utterance_11_900_925.wav,7.605
NF,F,Spk9,U_85c90b0797,900_925,Nyanja_NF_Spk9_U_85c90b0797_Utterance_12,titayendako mtunda wautali pang'ono mayendedwa a hawkeye amene anatsogolera gulu anakhala adala ndipo osamala ndithu,Nyanja_NF_Spk9_U_85c90b0797_Utterance_12_900_925.wav,0.195
NF,F,Spk9,U_85c90b0797,900_925,Nyanja_NF_Spk9_U_85c90b0797_Utterance_13,mibadwo zimene wanena mobweleza kwa ife kuchokera mu mbiri zako soloni ndi nthano cabe za ana,Nyanja_NF_Spk9_U_85c90b0797_Utterance_13_900_925.wav,9.985
NF,F,Spk9,U_85c90b0797,900_925,Nyanja_NF_Spk9_U_85c90b0797_Utterance_14,cawatengera  nthawi yaitali amai anga kumasitolo kupeza magalasi olingana ndendende ndi  cisote cao,Nyanja_NF_Spk9_U_85c90b0797_Utterance_14_900_925.wav,12.608
NF,F,Spk9,U_85c90b0797,900_925,Nyanja_NF_Spk9_U_85c90b0797_Utterance_15,monsieur anali iye yekha amene sananvetse ciriconse pa nkhani imeneyi,Nyanja_NF_Spk9_U_85c90b0797_Utterance_15_900_925.wav,11.331
NF,F,Spk9,U_85c90b0797,900_925,Nyanja_NF_Spk9_U_85c90b0797_Utterance_16,anandidziwitsa ku alendo ace onse ndipo anandiuza zambiri pali iwo ngati njira yoonetseramo wina mwa onsewo,Nyanja_NF_Spk9_U_85c90b0797_Utterance_16_900_925.wav,10.612
NF,F,Spk9,U_85c90b0797,900_925,Nyanja_NF_Spk9_U_85c90b0797_Utterance_17,ndi cifunilo cabwino kopotsa kotero kuti ndiconvetsa cisoni kuti mayambidwe ace amakhala osakondweretsa poyamba,Nyanja_NF_Spk9_U_85c90b0797_Utterance_17_900_925.wav,14.071
NF,F,Spk9,U_85c90b0797,900_925,Nyanja_NF_Spk9_U_85c90b0797_Utterance_18,ndizaimilila ngati membala woimililako cipani pa tikiti ya republican anatero kenneth,Nyanja_NF_Spk9_U_85c90b0797_Utterance_18_900_925.wav,13.677
NF,F,Spk9,U_85c90b0797,900_925,Nyanja_NF_Spk9_U_85c90b0797_Utterance_19,kodi ziliko kwa ine analankhura sandfodi monyodola,Nyanja_NF_Spk9_U_85c90b0797_Utterance_19_900_925.wav,8.127
NF,F,Spk9,U_85c90b0797,900_925,Nyanja_NF_Spk9_U_85c90b0797_Utterance_20,ndinakusiyani pa kontinent ndipo ndiyenera kukupezani pa chithukuthuku,Nyanja_NF_Spk9_U_85c90b0797_Utterance_20_900_925.wav,12.655
NF,F,Spk9,U_85c90b0797,900_925,Nyanja_NF_Spk9_U_85c90b0797_Utterance_21,atate ako anaganiza mwakanthawi  napenya amako nasekelera,Nyanja_NF_Spk9_U_85c90b0797_Utterance_21_900_925.wav,5.306
NF,F,Spk9,U_85c90b0797,900_925,Nyanja_NF_Spk9_U_85c90b0797_Utterance_22,tinali ndi ma mita m'mene munapezeka mabotolo awiri a zinthub za madzi,Nyanja_NF_Spk9_U_85c90b0797_Utterance_22_900_925.wav,6.211
NF,F,Spk9,U_85c90b0797,900_925,Nyanja_NF_Spk9_U_85c90b0797_Utterance_23,kuli cilankhulo ca mzimai amene ali ndi bvuto ndi a precieuses,Nyanja_NF_Spk9_U_85c90b0797_Utterance_23_900_925.wav,7.442
NF,F,Spk9,U_85c90b0797,900_925,Nyanja_NF_Spk9_U_85c90b0797_Utterance_24,kuli zonse zofunsidwa izi amene anali kuwerenga anafunsa,Nyanja_NF_Spk9_U_85c90b0797_Utterance_24_900_925.wav,7.268
NF,F,Spk9,U_85c90b0797,900_925,Nyanja_NF_Spk9_U_85c90b0797_Utterance_25,ai zikomo ndizangoona phonda (ana) za agalu zimenezo nasiya uthenga pali ana agalu omweo kwa,Nyanja_NF_Spk9_U_85c90b0797_Utterance_25_900_925.wav,6.96
NF,F,Spk9,U_85c90b0797,925_950,Nyanja_NF_Spk9_U_85c90b0797_Utterance_1,ninacita kuwerengamo mosamala kwambiri cifukwa zolembazo zili za zoona,Nyanja_NF_Spk9_U_85c90b0797_Utterance_1_925_950.wav,6.666
NF,F,Spk9,U_85c90b0797,925_950,Nyanja_NF_Spk9_U_85c90b0797_Utterance_2,iye anabwelera atanyamula nsapato zace zo jumpila zimene zipelekedwa monga m'mene mudziwira ndi zinthu zina zace zosongoka kunsiku,Nyanja_NF_Spk9_U_85c90b0797_Utterance_2_925_950.wav,12.515
NF,F,Spk9,U_85c90b0797,925_950,Nyanja_NF_Spk9_U_85c90b0797_Utterance_3,cinthu cokhaco cimene cinali cofunikila cinali kukonza a seth reymolds ndikuyetsetsa kuika moyenera bambo hopings,Nyanja_NF_Spk9_U_85c90b0797_Utterance_3_925_950.wav,13.038
NF,F,Spk9,U_85c90b0797,925_950,Nyanja_NF_Spk9_U_85c90b0797_Utterance_4,kodi ndani mzakoyo amene ali kubudula kono wa manja (zobvara zako) ako,Nyanja_NF_Spk9_U_85c90b0797_Utterance_4_925_950.wav,7.86
NF,F,Spk9,U_85c90b0797,925_950,Nyanja_NF_Spk9_U_85c90b0797_Utterance_5,ambrose anakumana ndi ine munsi mwa matanda okwerera mnyumba nandionetsa njira kumene ca kudya ca m'madzulo cinali kudyedwera,Nyanja_NF_Spk9_U_85c90b0797_Utterance_5_925_950.wav,13.003
NF,F,Spk9,U_85c90b0797,925_950,Nyanja_NF_Spk9_U_85c90b0797_Utterance_6,wina aliyense sangafune kumangoganizira ngati palibe umboni,Nyanja_NF_Spk9_U_85c90b0797_Utterance_6_925_950.wav,4.702
NF,F,Spk9,U_85c90b0797,925_950,Nyanja_NF_Spk9_U_85c90b0797_Utterance_7,anafunsa phronsie mofunitsitsa kudziwa ali kucoka m'manja mwa polli ali kufuna kutseka mbali ya jasper,Nyanja_NF_Spk9_U_85c90b0797_Utterance_7_925_950.wav,8.498
NF,F,Spk9,U_85c90b0797,925_950,Nyanja_NF_Spk9_U_85c90b0797_Utterance_8,ncifukwa ninji tsiku lina m'mawa kunabwere anthu ambviri ndipo anayamba kugwirita nchito mwa ulova,Nyanja_NF_Spk9_U_85c90b0797_Utterance_8_925_950.wav,9.799
NF,F,Spk9,U_85c90b0797,925_950,Nyanja_NF_Spk9_U_85c90b0797_Utterance_9,anali kulankhuzana ndi kalaliki pamene analowa mu holo atamgwira pa dzanja,Nyanja_NF_Spk9_U_85c90b0797_Utterance_9_925_950.wav,6.513
NF,F,Spk9,U_85c90b0797,925_950,Nyanja_NF_Spk9_U_85c90b0797_Utterance_10,olowa mcibwenzi ca banja lathu wa tsopano amene anatenga maganizo anga pomwepo analowa mcipinda,Nyanja_NF_Spk9_U_85c90b0797_Utterance_10_925_950.wav,8.44
NF,F,Spk9,U_85c90b0797,925_950,Nyanja_NF_Spk9_U_85c90b0797_Utterance_11,m'mene sizinayenere kukhalira anayenera kuikidwa ngati mwana wa mfumu wa cimuna pamene anaona cisote cace ca bwino,Nyanja_NF_Spk9_U_85c90b0797_Utterance_11_925_950.wav,8.127
NF,F,Spk9,U_85c90b0797,925_950,Nyanja_NF_Spk9_U_85c90b0797_Utterance_12,sindizagwiritsa ncito zimene ndidziwa mosayenera iye anayankha mosimikidzira ndithu ndikhulupilira inu mfumu yanga,Nyanja_NF_Spk9_U_85c90b0797_Utterance_12_925_950.wav,9.24
NF,F,Spk9,U_85c90b0797,925_950,Nyanja_NF_Spk9_U_85c90b0797_Utterance_13,utsi uli kutuluka ndi mokonzekera zobvuta zakutsogolo sitima inaima nayamba kupita ca kummawa,Nyanja_NF_Spk9_U_85c90b0797_Utterance_13_925_950.wav,8.243
NF,F,Spk9,U_85c90b0797,925_950,Nyanja_NF_Spk9_U_85c90b0797_Utterance_14,izo sizizakhalitsa zizatha ndipo zinthu zizakhala momwe zinalili kale,Nyanja_NF_Spk9_U_85c90b0797_Utterance_14_925_950.wav,6.248
NF,F,Spk9,U_85c90b0797,925_950,Nyanja_NF_Spk9_U_85c90b0797_Utterance_15,kodi simunadabwe nazo onani myenda kangaude m'mene mwaikidwa m'maudzu monsemu,Nyanja_NF_Spk9_U_85c90b0797_Utterance_15_925_950.wav,7.279
NF,F,Spk9,U_85c90b0797,925_950,Nyanja_NF_Spk9_U_85c90b0797_Utterance_16,nthawi imineyo inatilodzera ku dera kumene kunali sitima ya atate ako,Nyanja_NF_Spk9_U_85c90b0797_Utterance_16_925_950.wav,5.619
NF,F,Spk9,U_85c90b0797,925_950,Nyanja_NF_Spk9_U_85c90b0797_Utterance_17,pamene ninaitanidwa  nisananene m'mene nidataila maluwa mwamsangamsanga kapena kuleka kutengako mbali ku ma sewera,Nyanja_NF_Spk9_U_85c90b0797_Utterance_17_925_950.wav,10.611
NF,F,Spk9,U_85c90b0797,925_950,Nyanja_NF_Spk9_U_85c90b0797_Utterance_18,sindikudandaula kuti zikuyenda mocedwa koma kuti nyanjai ndi yaikulu kwabasi,Nyanja_NF_Spk9_U_85c90b0797_Utterance_18_925_950.wav,5.891
NF,F,Spk9,U_85c90b0797,925_950,Nyanja_NF_Spk9_U_85c90b0797_Utterance_19,ndicoyenera kuti acite m'mene ayenera kucita mfumu inatero mokwiiya,Nyanja_NF_Spk9_U_85c90b0797_Utterance_19_925_950.wav,5.958
NF,F,Spk9,U_85c90b0797,925_950,Nyanja_NF_Spk9_U_85c90b0797_Utterance_20,sicinathe kugwedezeka kapena kuyendako mwapang'ono cinali citango imilira njii ngati dzanja la imfa,Nyanja_NF_Spk9_U_85c90b0797_Utterance_20_925_950.wav,7.947
NF,F,Spk9,U_85c90b0797,925_950,Nyanja_NF_Spk9_U_85c90b0797_Utterance_21,oho koma ndine okondwera kuona kuti malo awa atsetsedwa,Nyanja_NF_Spk9_U_85c90b0797_Utterance_21_925_950.wav,4.772
NF,F,Spk9,U_85c90b0797,925_950,Nyanja_NF_Spk9_U_85c90b0797_Utterance_22,atate aja amane ndi osakhulupililika kwa a philipo ali kupita ku za malonda,Nyanja_NF_Spk9_U_85c90b0797_Utterance_22_925_950.wav,5.851
NF,F,Spk9,U_85c90b0797,925_950,Nyanja_NF_Spk9_U_85c90b0797_Utterance_23,macokedwa a anthu kupita kumalo ena kuka khala chirimwe cija  ngakhale  kuti  makamak anthu  anali kucokera ku ngondya za calo zimene zinali zomatsuka kunasintha kwakukulu mphanvu za zipani ziwirizi,Nyanja_NF_Spk9_U_85c90b0797_Utterance_23_925_950.wav,17.891
NF,F,Spk9,U_85c90b0797,925_950,Nyanja_NF_Spk9_U_85c90b0797_Utterance_24,pamenepo mfumukazi sanaikileko wina aliyense nzeru ndipo panalibenso wina aliyense amene anawaikilako nzeru,Nyanja_NF_Spk9_U_85c90b0797_Utterance_24_925_950.wav,9.391
NF,F,Spk9,U_85c90b0797,925_950,Nyanja_NF_Spk9_U_85c90b0797_Utterance_25,inali tsiku yothera mu mwezi wa kapalepale pamene zokonza konza za sitima zidatha,Nyanja_NF_Spk9_U_85c90b0797_Utterance_25_925_950.wav,7.918
NF,F,Spk1,U_374afe899a,500_525,Nyanja_NF_Spk1_U_374afe899a_Utterance_1,otsogolera ndi mfumu ya cipolowe ophunzitsidwa nchito wa nottingham ataunga makofi ace anaophyeza montfichet,Nyanja_NF_Spk1_U_374afe899a_Utterance_1_500_525.wav,11.15
NF,F,Spk1,U_374afe899a,500_525,Nyanja_NF_Spk1_U_374afe899a_Utterance_2,pamene bwato lathu linali kuyenda zinthu zimene zimazunguluka kunsi kwace zinapanga nyimboyi ndi kuiimba m'madzi,Nyanja_NF_Spk1_U_374afe899a_Utterance_2_500_525.wav,11.69
NF,F,Spk1,U_374afe899a,500_525,Nyanja_NF_Spk1_U_374afe899a_Utterance_3,ndilibe cobvala ciliconse anayankha mzimai wozicepetsa uja,Nyanja_NF_Spk1_U_374afe899a_Utterance_3_500_525.wav,7.355
NF,F,Spk1,U_374afe899a,500_525,Nyanja_NF_Spk1_U_374afe899a_Utterance_4,servadaki anazitenga mwa masewela kuti a dobryna anali kufuna kuikamo,Nyanja_NF_Spk1_U_374afe899a_Utterance_4_500_525.wav,8.585
NF,F,Spk1,U_374afe899a,500_525,Nyanja_NF_Spk1_U_374afe899a_Utterance_5,zoipa zace za kugwiritsidwa nchito kopita patsogoro ndi kusagwiritsidwa nchito kwa zisulo,Nyanja_NF_Spk1_U_374afe899a_Utterance_5_500_525.wav,9.545
NF,F,Spk1,U_374afe899a,500_525,Nyanja_NF_Spk1_U_374afe899a_Utterance_6,ndipo mulungu atate maene anamuutsa kwa akufa,Nyanja_NF_Spk1_U_374afe899a_Utterance_6_500_525.wav,6.62
NF,F,Spk1,U_374afe899a,500_525,Nyanja_NF_Spk1_U_374afe899a_Utterance_7,ndipo ndinabwelera nitakalipilidwa kotheratu nizatenga za munjira yoipa zambiri katatu kupotsa zomwe ndagwiritsa nchito,Nyanja_NF_Spk1_U_374afe899a_Utterance_7_500_525.wav,15.605
NF,F,Spk1,U_374afe899a,500_525,Nyanja_NF_Spk1_U_374afe899a_Utterance_8,mwina cinali coyenera kusakufunsani ngati molly anali pano popeza kuti ine ndikumbukira kuti inu simukonda zophikaphika za cizungu,Nyanja_NF_Spk1_U_374afe899a_Utterance_8_500_525.wav,12.965
NF,F,Spk1,U_374afe899a,500_525,Nyanja_NF_Spk1_U_374afe899a_Utterance_9,azoimba imba ogwilira nchito pamodzi kucokera ku maiko onsewa anaimba nyimbo ndipo cakudya cotsekemera ca m' madzulo (mgonero) cinaperekedwa,Nyanja_NF_Spk1_U_374afe899a_Utterance_9_500_525.wav,17.705
NF,F,Spk1,U_374afe899a,500_525,Nyanja_NF_Spk1_U_374afe899a_Utterance_10,iyo ndiyo njira kuli inu iyo ndiye njira imene mufuna nonsenu kutipa healongs kuonongeka,Nyanja_NF_Spk1_U_374afe899a_Utterance_10_500_525.wav,10.715
NF,F,Spk1,U_374afe899a,500_525,Nyanja_NF_Spk1_U_374afe899a_Utterance_11,anali kubvutikilabe ku msokonezo wace wa m'mene anali kucitira zinthu nthawi zonse mwan kacetecete,Nyanja_NF_Spk1_U_374afe899a_Utterance_11_500_525.wav,12.005
NF,F,Spk1,U_374afe899a,500_525,Nyanja_NF_Spk1_U_374afe899a_Utterance_12,maka-maka zipangidwa kucokera ku kuika pamodzi kwa zithunzithunzi zopangidwa kuubwana,Nyanja_NF_Spk1_U_374afe899a_Utterance_12_500_525.wav,12.065
NF,F,Spk1,U_374afe899a,500_525,Nyanja_NF_Spk1_U_374afe899a_Utterance_13,ndizoonekeratu kuti munthu ndiye colankhulidwa ku zinthu zosiyana-siyana,Nyanja_NF_Spk1_U_374afe899a_Utterance_13_500_525.wav,7.97
NF,F,Spk1,U_374afe899a,500_525,Nyanja_NF_Spk1_U_374afe899a_Utterance_14,milligram amene thupi lao ndi lolemela ma kilogilamu okewanira 128 ooo,Nyanja_NF_Spk1_U_374afe899a_Utterance_14_500_525.wav,9.605
NF,F,Spk1,U_374afe899a,500_525,Nyanja_NF_Spk1_U_374afe899a_Utterance_15,koma nkhani imeneyi izakambidwa bwino ndithu titaona pa makhalidwa ya anthu a mitundu yonse(ubadwe) ya anthu,Nyanja_NF_Spk1_U_374afe899a_Utterance_15_500_525.wav,13.34
NF,F,Spk1,U_374afe899a,500_525,Nyanja_NF_Spk1_U_374afe899a_Utterance_16,eliza anatseka citseko kumbuyo kwace ndi cifuniro coti aigunditse mwadala ndipo kiyi inagwirana ndi citseko,Nyanja_NF_Spk1_U_374afe899a_Utterance_16_500_525.wav,12.215
NF,F,Spk1,U_374afe899a,500_525,Nyanja_NF_Spk1_U_374afe899a_Utterance_17,ndife okhutilitsidwa ndithu tsopano anatelo kapitawo battleax anatero akazi anga,Nyanja_NF_Spk1_U_374afe899a_Utterance_17_500_525.wav,10.595
NF,F,Spk1,U_374afe899a,500_525,Nyanja_NF_Spk1_U_374afe899a_Utterance_18,ndizapangitsa kuti iwe usandulize mu ci fulunchi ndipo  siuyenera kuopa ngati mwina ndakupeza ndi bvuto,Nyanja_NF_Spk1_U_374afe899a_Utterance_18_500_525.wav,11.285
NF,F,Spk1,U_374afe899a,500_525,Nyanja_NF_Spk1_U_374afe899a_Utterance_19,ndipo unabweleranso mosasamala kwambiri koma izo sizinasinthe ciliconse,Nyanja_NF_Spk1_U_374afe899a_Utterance_19_500_525.wav,8.315
NF,F,Spk1,U_374afe899a,500_525,Nyanja_NF_Spk1_U_374afe899a_Utterance_20,mu dziko lino ndicodziwikilatu kuti kacipinda ka panja ca kunyumba ya malamulo kudulikila mwinanso kulibeali ndi mwai,Nyanja_NF_Spk1_U_374afe899a_Utterance_20_500_525.wav,14.645
NF,F,Spk1,U_374afe899a,500_525,Nyanja_NF_Spk1_U_374afe899a_Utterance_21,ai ndakuyamikilani ndine wokondwera pokupatsani cimwemwe cotere mosabvutikila,Nyanja_NF_Spk1_U_374afe899a_Utterance_21_500_525.wav,9.53
NF,F,Spk1,U_374afe899a,500_525,Nyanja_NF_Spk1_U_374afe899a_Utterance_22,izo ndizo ufuna kumacita eti,Nyanja_NF_Spk1_U_374afe899a_Utterance_22_500_525.wav,3.71
NF,F,Spk1,U_374afe899a,500_525,Nyanja_NF_Spk1_U_374afe899a_Utterance_23,mzimai osadziwika uja ndi zonena zace za kumtima zimene zinanenedwa mwacangu anaopyeza onsewo,Nyanja_NF_Spk1_U_374afe899a_Utterance_23_500_525.wav,11.18
NF,F,Spk1,U_374afe899a,500_525,Nyanja_NF_Spk1_U_374afe899a_Utterance_24,ndine wotopa kwambiri kumanghokhala nekha pano,Nyanja_NF_Spk1_U_374afe899a_Utterance_24_500_525.wav,6.05
NF,F,Spk1,U_374afe899a,500_525,Nyanja_NF_Spk1_U_374afe899a_Utterance_25,zambiri monga za mutu wa buku la m'mbaibulo yocedwa episikopo tsopano pakubwera moni wa atumwi mzera wa citatu,Nyanja_NF_Spk1_U_374afe899a_Utterance_25_500_525.wav,14.255
NF,F,Spk1,U_374afe899a,525_550,Nyanja_NF_Spk1_U_374afe899a_Utterance_1,sitizalankhulanso pa iye ngati inu simukufuna indetu,Nyanja_NF_Spk1_U_374afe899a_Utterance_1_525_550.wav,5.93
NF,F,Spk1,U_374afe899a,525_550,Nyanja_NF_Spk1_U_374afe899a_Utterance_2,njira zako lute zimandiyetsa konenetsa ndi azibale ako onse,Nyanja_NF_Spk1_U_374afe899a_Utterance_2_525_550.wav,8.09
NF,F,Spk1,U_374afe899a,525_550,Nyanja_NF_Spk1_U_374afe899a_Utterance_3,tacokelra kumalo oziimilila okha opambana malo ano oziimilila okha,Nyanja_NF_Spk1_U_374afe899a_Utterance_3_525_550.wav,7.73
NF,F,Spk1,U_374afe899a,525_550,Nyanja_NF_Spk1_U_374afe899a_Utterance_4,popanda ma buku ace olembamo zinthu zithunzi-thunzi makemiko ace ndi maonekedwe/mabvalidwe ace osaoneka bwino akunyumba anali munthu osamasuka bwino,Nyanja_NF_Spk1_U_374afe899a_Utterance_4_525_550.wav,15.425
NF,F,Spk1,U_374afe899a,525_550,Nyanja_NF_Spk1_U_374afe899a_Utterance_5,munny ine tould ike ndifuna kucita mu nkhokwe kwa tonny kukaona a whittawd,Nyanja_NF_Spk1_U_374afe899a_Utterance_5_525_550.wav,7.805
NF,F,Spk1,U_374afe899a,525_550,Nyanja_NF_Spk1_U_374afe899a_Utterance_6,anandikondweretsa ine cifukwa cokhala munthu wa cikhulupiliro kwambiri,Nyanja_NF_Spk1_U_374afe899a_Utterance_6_525_550.wav,7.13
NF,F,Spk1,U_374afe899a,525_550,Nyanja_NF_Spk1_U_374afe899a_Utterance_7,ndipo kulibe nzeru za kale zimene ziyenera kutengedwa kupyolera mu kumanva cizolowezi cokha,Nyanja_NF_Spk1_U_374afe899a_Utterance_7_525_550.wav,10.025
NF,F,Spk1,U_374afe899a,525_550,Nyanja_NF_Spk1_U_374afe899a_Utterance_8,pearl anabadwa okanidwa mu calo ca ana ang'ono-ang'ono,Nyanja_NF_Spk1_U_374afe899a_Utterance_8_525_550.wav,5.945
NF,F,Spk1,U_374afe899a,525_550,Nyanja_NF_Spk1_U_374afe899a_Utterance_9,jaki azakhala mwamuna wa eva osangalala ndipo angakhale pakati pa zinchito zimene calo cifunitsitsa,Nyanja_NF_Spk1_U_374afe899a_Utterance_9_525_550.wav,10.925
NF,F,Spk1,U_374afe899a,525_550,Nyanja_NF_Spk1_U_374afe899a_Utterance_10,nciani cimene ndinamuuza bambo kodi ndili ndi mwai wapadera kuti ndingathe kukuonani,Nyanja_NF_Spk1_U_374afe899a_Utterance_10_525_550.wav,9.95
NF,F,Spk1,U_374afe899a,525_550,Nyanja_NF_Spk1_U_374afe899a_Utterance_11,anakhala pansi ali wodabwa/wosokonezeka m'maganizo ndipo cinthu cimozi anali kuganizapo kopotsa cinali zola,Nyanja_NF_Spk1_U_374afe899a_Utterance_11_525_550.wav,10.61
NF,F,Spk1,U_374afe899a,525_550,Nyanja_NF_Spk1_U_374afe899a_Utterance_12,magome anaikidwa pa maudzu  ndipo cakudya cokoma cinali pafupi kuikidwapo,Nyanja_NF_Spk1_U_374afe899a_Utterance_12_525_550.wav,8.795
NF,F,Spk1,U_374afe899a,525_550,Nyanja_NF_Spk1_U_374afe899a_Utterance_13,cobitsira pa gome ndicolinga coti pathumecopangidwa ndi zidunswa za nsalu zosiyana mitundu zitasokedwa bwino zonse,Nyanja_NF_Spk1_U_374afe899a_Utterance_13_525_550.wav,11.39
NF,F,Spk1,U_374afe899a,525_550,Nyanja_NF_Spk1_U_374afe899a_Utterance_14,koma cimpalangondo m'malo moti amverele anakhalilila pa mpando umene anakhala nayamba kulila,Nyanja_NF_Spk1_U_374afe899a_Utterance_14_525_550.wav,9.215
NF,F,Spk1,U_374afe899a,525_550,Nyanja_NF_Spk1_U_374afe899a_Utterance_15,ndine wamtali tsopano ndipo misambo zanga ndizogawanitsika monga m'mene zinalili zija zimene zinatengedwa caka chatha oo,Nyanja_NF_Spk1_U_374afe899a_Utterance_15_525_550.wav,12.005
NF,F,Spk1,U_374afe899a,525_550,Nyanja_NF_Spk1_U_374afe899a_Utterance_16,koma philippo ndi wacilungamo ndipo ali ndi luso yokwanira ngati anghathe kuleka kulemba--lemba pofuna kupeza njira yace,Nyanja_NF_Spk1_U_374afe899a_Utterance_16_525_550.wav,11.105
NF,F,Spk1,U_374afe899a,525_550,Nyanja_NF_Spk1_U_374afe899a_Utterance_17,anaimililabe motsutsana ndi ziimene anali kunena(kumunamidzira) nayankha zonena zao mozemba mogwiritsa nchito mau ofewa,Nyanja_NF_Spk1_U_374afe899a_Utterance_17_525_550.wav,12.59
NF,F,Spk1,U_374afe899a,525_550,Nyanja_NF_Spk1_U_374afe899a_Utterance_18,cingakhale coneka ngati mwina nsomba ya ukulu wotere inali cakudya cokwanira ndithu,Nyanja_NF_Spk1_U_374afe899a_Utterance_18_525_550.wav,8.855
NF,F,Spk1,U_374afe899a,525_550,Nyanja_NF_Spk1_U_374afe899a_Utterance_19,pulumutsa mtima wakowo ku zobvuto zimene zimabwera utakhala mu cikondi ndi mzimai amene amuna ace anamwalira,Nyanja_NF_Spk1_U_374afe899a_Utterance_19_525_550.wav,10.805
NF,F,Spk1,U_374afe899a,525_550,Nyanja_NF_Spk1_U_374afe899a_Utterance_20,ndipo zisakhileni nokha kunyamuka mwamsanga kapena kucedwako pang'ono,Nyanja_NF_Spk1_U_374afe899a_Utterance_20_525_550.wav,7.235
NF,F,Spk1,U_374afe899a,525_550,Nyanja_NF_Spk1_U_374afe899a_Utterance_21,ndipo anasamila ku cipupa atatsowa mu mapempero,Nyanja_NF_Spk1_U_374afe899a_Utterance_21_525_550.wav,5.525
NF,F,Spk1,U_374afe899a,525_550,Nyanja_NF_Spk1_U_374afe899a_Utterance_22,koma ndakhala ndikucita zimenezi mwakanthawi pa nthawi zina,Nyanja_NF_Spk1_U_374afe899a_Utterance_22_525_550.wav,5.6
NF,F,Spk1,U_374afe899a,525_550,Nyanja_NF_Spk1_U_374afe899a_Utterance_23,inde koma ico ndico ubwinoo wace wa zofuna zace,Nyanja_NF_Spk1_U_374afe899a_Utterance_23_525_550.wav,5.285
NF,F,Spk1,U_374afe899a,525_550,Nyanja_NF_Spk1_U_374afe899a_Utterance_24,coyamba ca zopeza zathu zimene zili zosamveka bwino koma zosatsutsika ndi cakuti kuli kudziwa za kale,Nyanja_NF_Spk1_U_374afe899a_Utterance_24_525_550.wav,10.805
NF,F,Spk1,U_374afe899a,525_550,Nyanja_NF_Spk1_U_374afe899a_Utterance_25,nga ndi zaichthyosaurus kodi abwelera ku mphako yace ya kumadzi,Nyanja_NF_Spk1_U_374afe899a_Utterance_25_525_550.wav,6.425
NF,F,Spk2,U_0622979829,550_575,Nyanja_NF_Spk2_U_0622979829_Utterance_1,ndi zakuda m'nthawi ya tsoka kapena zobvuta ndizodelatu cimodzi-modzi ngati uli mu milandu uku kuda kuwiri kulumikizana napanga cilankhulo cina,Nyanja_NF_Spk2_U_0622979829_Utterance_1_550_575.wav,8.93
NF,F,Spk2,U_0622979829,550_575,Nyanja_NF_Spk2_U_0622979829_Utterance_2,koma kuculuka kwa kuiwalilila kunkacitika kunalenga kuti iye azikhala okumbukira kwambiri atauka,Nyanja_NF_Spk2_U_0622979829_Utterance_2_550_575.wav,7.487
NF,F,Spk2,U_0622979829,550_575,Nyanja_NF_Spk2_U_0622979829_Utterance_3,ganizo ili silinalowe mu mitu ya aja awiri achimwemwe,Nyanja_NF_Spk2_U_0622979829_Utterance_3_550_575.wav,4.588
NF,F,Spk2,U_0622979829,550_575,Nyanja_NF_Spk2_U_0622979829_Utterance_4,ndifuna kucita zinthu pa ndekha,Nyanja_NF_Spk2_U_0622979829_Utterance_4_550_575.wav,2.326
NF,F,Spk2,U_0622979829,550_575,Nyanja_NF_Spk2_U_0622979829_Utterance_5,atango siliza kuika atsilikali m'malo mwao msilikali anaceukila kumene kunali davide namuuza zimene anayenera kucita asanapite,Nyanja_NF_Spk2_U_0622979829_Utterance_5_550_575.wav,10.082
NF,F,Spk2,U_0622979829,550_575,Nyanja_NF_Spk2_U_0622979829_Utterance_6,koma cresswell anaonjedza mwakukulu kukwanilitsa kumasiyana kwambiri pakati pa mitundu/mbadwa,Nyanja_NF_Spk2_U_0622979829_Utterance_6_550_575.wav,5.711
NF,F,Spk2,U_0622979829,550_575,Nyanja_NF_Spk2_U_0622979829_Utterance_7,kopanda kudera nkhawa iye anakulandirani bwino poti inu munabwelera kopanda cilolezo,Nyanja_NF_Spk2_U_0622979829_Utterance_7_550_575.wav,6.141
NF,F,Spk2,U_0622979829,550_575,Nyanja_NF_Spk2_U_0622979829_Utterance_8,ndipo henule angabwelere ku mangalande nthawi iliyonse,Nyanja_NF_Spk2_U_0622979829_Utterance_8_550_575.wav,3.505
NF,F,Spk2,U_0622979829,550_575,Nyanja_NF_Spk2_U_0622979829_Utterance_9,kodi nciani cimene ndingacitire dzimbiri (nguwe) ndi kukhala opusa pokhala osacita kanthu kalikonse cifukwa ndine mkazi,Nyanja_NF_Spk2_U_0622979829_Utterance_9_550_575.wav,8.389
NF,F,Spk2,U_0622979829,550_575,Nyanja_NF_Spk2_U_0622979829_Utterance_10,chifundo citengera ku khululukila macimo mtendere ndi maganizo osangalala,Nyanja_NF_Spk2_U_0622979829_Utterance_10_550_575.wav,5.545
NF,F,Spk2,U_0622979829,550_575,Nyanja_NF_Spk2_U_0622979829_Utterance_11,poikapo ganizo pa zokambirana izi ndizanena cimodzimwa izi motheratu,Nyanja_NF_Spk2_U_0622979829_Utterance_11_550_575.wav,6.322
NF,F,Spk2,U_0622979829,550_575,Nyanja_NF_Spk2_U_0622979829_Utterance_12,pamenepo mtolo unatseguka(unamasuka) mwazizizi ndipo momwemo munatuluka phronsie,Nyanja_NF_Spk2_U_0622979829_Utterance_12_550_575.wav,6.96
NF,F,Spk2,U_0622979829,550_575,Nyanja_NF_Spk2_U_0622979829_Utterance_13,cifungo coipa ca nayitrogeni cidzadza m'mphepo nalowa kukhosi(ku nkwiko) nazaza mapwapwa,Nyanja_NF_Spk2_U_0622979829_Utterance_13_550_575.wav,7.307
NF,F,Spk2,U_0622979829,550_575,Nyanja_NF_Spk2_U_0622979829_Utterance_14,m'mubutsa analeka kulankhula mwapang'ono ndipo ali kugwedeza manja ace ogwirana patsogolo pace anapitiliza,Nyanja_NF_Spk2_U_0622979829_Utterance_14_550_575.wav,8.278
NF,F,Spk2,U_0622979829,550_575,Nyanja_NF_Spk2_U_0622979829_Utterance_15,ici kopanda kukumbukira mu zowawa za mtima ni momwemo zikuyenda,Nyanja_NF_Spk2_U_0622979829_Utterance_15_550_575.wav,5.156
NF,F,Spk2,U_0622979829,550_575,Nyanja_NF_Spk2_U_0622979829_Utterance_16,iye anadziwa kuti gomeza wace wa siliva  ndi wa zola unali utaonongeka,Nyanja_NF_Spk2_U_0622979829_Utterance_16_550_575.wav,5.892
NF,F,Spk2,U_0622979829,550_575,Nyanja_NF_Spk2_U_0622979829_Utterance_17,ndiye tsopano ennis ndinenetsa kuti uli ndi mutu ndi conco ndi ka mtengo kanga,Nyanja_NF_Spk2_U_0622979829_Utterance_17_550_575.wav,6.308
NF,F,Spk2,U_0622979829,550_575,Nyanja_NF_Spk2_U_0622979829_Utterance_18,mwamwai anatero bambo vanderpool ocokera ca kumpoto ndi a kumwera alipafupi kufika kugwirizana mzolankhula zao pa zambiri mwa nkhani zimenezi,Nyanja_NF_Spk2_U_0622979829_Utterance_18_550_575.wav,9.374
NF,F,Spk2,U_0622979829,550_575,Nyanja_NF_Spk2_U_0622979829_Utterance_19,ngati mwa nthawi zonse palibe cimene cinacitika mu njira ya cilango,Nyanja_NF_Spk2_U_0622979829_Utterance_19_550_575.wav,4.99
NF,F,Spk2,U_0622979829,550_575,Nyanja_NF_Spk2_U_0622979829_Utterance_20,rodolfo anafika panyumba yace kopanda,Nyanja_NF_Spk2_U_0622979829_Utterance_20_550_575.wav,3.852
NF,F,Spk2,U_0622979829,550_575,Nyanja_NF_Spk2_U_0622979829_Utterance_21,koma sicimtengo ca moto cimene anali kulankhulapo,Nyanja_NF_Spk2_U_0622979829_Utterance_21_550_575.wav,4.199
NF,F,Spk2,U_0622979829,550_575,Nyanja_NF_Spk2_U_0622979829_Utterance_22,patsogoro pao woyendayo anathawa ali ana ace amuna atatu opanda zitsote ndiponso ali ndi mantha,Nyanja_NF_Spk2_U_0622979829_Utterance_22_550_575.wav,7.196
NF,F,Spk2,U_0622979829,550_575,Nyanja_NF_Spk2_U_0622979829_Utterance_23,komabe iye amene anena kuti kuunika sikuyelekezera cimwemwe,Nyanja_NF_Spk2_U_0622979829_Utterance_23_550_575.wav,5.267
NF,F,Spk2,U_0622979829,550_575,Nyanja_NF_Spk2_U_0622979829_Utterance_24,chiliconse cimende mfumu chelford ananena mai brandon anacilandira bwino ndi cimwemwe nthawi imeneyo,Nyanja_NF_Spk2_U_0622979829_Utterance_24_550_575.wav,7.89
NF,F,Spk2,U_0622979829,575_600,Nyanja_NF_Spk2_U_0622979829_Utterance_1,kabungwe koimilira anthu kanapeza njira yocitiramo zimenezi,Nyanja_NF_Spk2_U_0622979829_Utterance_1_575_600.wav,4.615
NF,F,Spk2,U_0622979829,575_600,Nyanja_NF_Spk2_U_0622979829_Utterance_2,iye anadzima moto nagweranso mu mpando wace,Nyanja_NF_Spk2_U_0622979829_Utterance_2_575_600.wav,3.575
NF,F,Spk2,U_0622979829,575_600,Nyanja_NF_Spk2_U_0622979829_Utterance_3,kodi cinabwera bwanji inu kusiya maki kucitseko,Nyanja_NF_Spk2_U_0622979829_Utterance_3_575_600.wav,4.005
NF,F,Spk2,U_0622979829,575_600,Nyanja_NF_Spk2_U_0622979829_Utterance_4,mnjira iliyonse ndi cokondweletsa kwambiri ndipo ndinghathe kucita kukambisana kopanda bvuto ili yonse,Nyanja_NF_Spk2_U_0622979829_Utterance_4_575_600.wav,7.279
NF,F,Spk2,U_0622979829,575_600,Nyanja_NF_Spk2_U_0622979829_Utterance_5,kufewa ko kongola kwa maudzu ya mu mitengo cimwemwe cimene cibwenzi cako cibweletsa pa ine,Nyanja_NF_Spk2_U_0622979829_Utterance_5_575_600.wav,6.641
NF,F,Spk2,U_0622979829,575_600,Nyanja_NF_Spk2_U_0622979829_Utterance_6,cifundu ca mulungu cikhale nanu ndi mtendere wa mulungu atate ndi wa ambuye yesu kristu,Nyanja_NF_Spk2_U_0622979829_Utterance_6_575_600.wav,6.017
NF,F,Spk2,U_0622979829,575_600,Nyanja_NF_Spk2_U_0622979829_Utterance_7,kupyolera mu kupalasa kwa asilikali kupitila m'maphiri amene anali kubvuta kupitamo mtsilikali wamkulu ocedwa genilo anazimasula nathawa  atsilikali amphamvu a dzipangano za mpanvu za ku scotland,Nyanja_NF_Spk2_U_0622979829_Utterance_7_575_600.wav,12.469
NF,F,Spk2,U_0622979829,575_600,Nyanja_NF_Spk2_U_0622979829_Utterance_8,mwadzidzidzi ndi colinga cokhazikitsa batha ndi mtendere bambo spring anadulikira ndi  bwaro ya milandu yace  yonse,Nyanja_NF_Spk2_U_0622979829_Utterance_8_575_600.wav,7.265
NF,F,Spk2,U_0622979829,575_600,Nyanja_NF_Spk2_U_0622979829_Utterance_9,nyanja inali italingana ndenende ndi zomangidwa zimene ziletsa kutaikira kwa madzi a mnyanja mulungu wathau mpaka lero,Nyanja_NF_Spk2_U_0622979829_Utterance_9_575_600.wav,8.264
NF,F,Spk2,U_0622979829,575_600,Nyanja_NF_Spk2_U_0622979829_Utterance_10,sindili mu njira ili yonse wokalamba unatero mtengo wa nkhuyu,Nyanja_NF_Spk2_U_0622979829_Utterance_10_575_600.wav,4.629
NF,F,Spk2,U_0622979829,575_600,Nyanja_NF_Spk2_U_0622979829_Utterance_11,zonse pa iye zinali msokonedzo wa kuwala ndi mitundu yomwadzikana mu kukankidwa momwazidwa,Nyanja_NF_Spk2_U_0622979829_Utterance_11_575_600.wav,6.655
NF,F,Spk2,U_0622979829,575_600,Nyanja_NF_Spk2_U_0622979829_Utterance_12,kwa nthawi yaitali panalibe amene analankhula pakati pa hilda ndi bartley,Nyanja_NF_Spk2_U_0622979829_Utterance_12_575_600.wav,5.253
NF,F,Spk2,U_0622979829,575_600,Nyanja_NF_Spk2_U_0622979829_Utterance_13,ndimakukondabe lakele ndikhulupilira nzakukondabe,Nyanja_NF_Spk2_U_0622979829_Utterance_13_575_600.wav,5.587
NF,F,Spk2,U_0622979829,575_600,Nyanja_NF_Spk2_U_0622979829_Utterance_14,m'madzulo ndimaulula ndimaganizira koma sindimabvutitsa wina aliyense ndi maganizo anga,Nyanja_NF_Spk2_U_0622979829_Utterance_14_575_600.wav,7.696
NF,F,Spk2,U_0622979829,575_600,Nyanja_NF_Spk2_U_0622979829_Utterance_15,sidzidzakhala zambiri koma ndine wothokodza kupedza mzanga,Nyanja_NF_Spk2_U_0622979829_Utterance_15_575_600.wav,4.407
NF,F,Spk2,U_0622979829,575_600,Nyanja_NF_Spk2_U_0622979829_Utterance_16,atsikana acicepele anali atazicepetsadi indedi osagonjetsedwa,Nyanja_NF_Spk2_U_0622979829_Utterance_16_575_600.wav,6.114
NF,F,Spk2,U_0622979829,575_600,Nyanja_NF_Spk2_U_0622979829_Utterance_17,anthu ambiri amalankhula kwambiri kotero kuti ndi cinthu cabwino kupedza muntu amene salankhulitsa,Nyanja_NF_Spk2_U_0622979829_Utterance_17_575_600.wav,6.613
NF,F,Spk2,U_0622979829,575_600,Nyanja_NF_Spk2_U_0622979829_Utterance_18,kodi ndinali mcipinda cothuma ndithu mmene mulii zabwino ndi zotsekemera zonse,Nyanja_NF_Spk2_U_0622979829_Utterance_18_575_600.wav,6.086
NF,F,Spk2,U_0622979829,575_600,Nyanja_NF_Spk2_U_0622979829_Utterance_19,nga muntu wina aliyense ku ma ngalandeninganene tero anatero gamewell modzinva cimene cinali mu tsiku lace,Nyanja_NF_Spk2_U_0622979829_Utterance_19_575_600.wav,7.64
NF,F,Spk2,U_0622979829,575_600,Nyanja_NF_Spk2_U_0622979829_Utterance_20,sianali ndi pafupi komwe ndi kupeza yankho ya mabvuto ao,Nyanja_NF_Spk2_U_0622979829_Utterance_20_575_600.wav,4.296
NF,F,Spk2,U_0622979829,575_600,Nyanja_NF_Spk2_U_0622979829_Utterance_21,sindinafune kuti ndicite tero ananena kapitawo ocedwa dzina loti battleax polankhulapo pa nkhani zodziwika pa nthawi ngati iyi,Nyanja_NF_Spk2_U_0622979829_Utterance_21_575_600.wav,9.694
NF,F,Spk2,U_0622979829,575_600,Nyanja_NF_Spk2_U_0622979829_Utterance_22,kuli ndithu cifukwa cabwino colekera kucita mwapang'ono ndi kuganiza ngakhale ndi munthu osatengeka mtima padziko,Nyanja_NF_Spk2_U_0622979829_Utterance_22_575_600.wav,7.46
NF,F,Spk2,U_0622979829,575_600,Nyanja_NF_Spk2_U_0622979829_Utterance_23,zizakhala zilibe nchito kugwetsa mitu yao pansi nanena bweraninso pano pamwamba okondedwa anga,Nyanja_NF_Spk2_U_0622979829_Utterance_23_575_600.wav,8.042
NF,F,Spk2,U_0622979829,575_600,Nyanja_NF_Spk2_U_0622979829_Utterance_24,mkhalidwe wao wosiyana nawonso uonetsa ukulu ndi kutsiyana kosalepheleka,Nyanja_NF_Spk2_U_0622979829_Utterance_24_575_600.wav,5.989
NF,F,Spk2,U_0622979829,575_600,Nyanja_NF_Spk2_U_0622979829_Utterance_25,koma a kapitao bill sanayese mpang'ono ponse cifukwa iye anazindikira kuti kutero kunali kungotaya nthawi,Nyanja_NF_Spk2_U_0622979829_Utterance_25_575_600.wav,8.195
NNF,F,Spk9,U_0560b45fcd,425_450,Nyanja_NNF_Spk9_U_0560b45fcd_Utterance_1,paulo anyadira mpingo wace osati cifukwa ca kuyamikidwa kwace koma kuyamikidwa kwa ambuye,Nyanja_NNF_Spk9_U_0560b45fcd_Utterance_1_425_450.wav,6.548
NNF,F,Spk9,U_0560b45fcd,425_450,Nyanja_NNF_Spk9_U_0560b45fcd_Utterance_2,koma sindinu munthuamene adziwa kukonda  okendedwa wanga,Nyanja_NNF_Spk9_U_0560b45fcd_Utterance_2_425_450.wav,4.598
NNF,F,Spk9,U_0560b45fcd,425_450,Nyanja_NNF_Spk9_U_0560b45fcd_Utterance_3,alexander anaima nazigwedeza mokwiiya inde ndiziwa kuti ndine wamantha,Nyanja_NNF_Spk9_U_0560b45fcd_Utterance_3_425_450.wav,6.966
NNF,F,Spk9,U_0560b45fcd,425_450,Nyanja_NNF_Spk9_U_0560b45fcd_Utterance_4,oopani inu cifukwa ndizatsowa ndipo simuzandionanso,Nyanja_NNF_Spk9_U_0560b45fcd_Utterance_4_425_450.wav,4.563
NNF,F,Spk9,U_0560b45fcd,425_450,Nyanja_NNF_Spk9_U_0560b45fcd_Utterance_5,sungani mau anga muzamupeza ali olimba koposa kwa iwe aye ndipo wakuya kwambiri,Nyanja_NNF_Spk9_U_0560b45fcd_Utterance_5_425_450.wav,5.851
NNF,F,Spk9,U_0560b45fcd,425_450,Nyanja_NNF_Spk9_U_0560b45fcd_Utterance_6,khalani m'malo mwanu ndipo tione  cimene galasi litha kukuonetsani,Nyanja_NNF_Spk9_U_0560b45fcd_Utterance_6_425_450.wav,4.667
NNF,F,Spk9,U_0560b45fcd,425_450,Nyanja_NNF_Spk9_U_0560b45fcd_Utterance_7,mungathe kuyamba ndi kunyamula ndodo ndikulemba ma numbala,Nyanja_NNF_Spk9_U_0560b45fcd_Utterance_7_425_450.wav,4.667
NNF,F,Spk9,U_0560b45fcd,425_450,Nyanja_NNF_Spk9_U_0560b45fcd_Utterance_8,ndinali wofulumira kuti ndibwere kwa iwe wasiya citseko cako cosakhomedwa,Nyanja_NNF_Spk9_U_0560b45fcd_Utterance_8_425_450.wav,6.081
NNF,F,Spk9,U_0560b45fcd,425_450,Nyanja_NNF_Spk9_U_0560b45fcd_Utterance_9,ino tsopano ndi nthawi ya mpepo kunja kwa zitseko unaganiza mtengo,Nyanja_NNF_Spk9_U_0560b45fcd_Utterance_9_425_450.wav,4.772
NNF,F,Spk9,U_0560b45fcd,425_450,Nyanja_NNF_Spk9_U_0560b45fcd_Utterance_10,pamene ndinali munyamata wa cicepeele ndinali kuganiza kuti paulo anali kucita/kupanga zambiri mu utumiki wace,Nyanja_NNF_Spk9_U_0560b45fcd_Utterance_10_425_450.wav,4.191
NNF,F,Spk9,U_0560b45fcd,425_450,Nyanja_NNF_Spk9_U_0560b45fcd_Utterance_11,ndi zimenezi zomwe ndikukupempha kuti usinthe pa zooipa zimene wandicita,Nyanja_NNF_Spk9_U_0560b45fcd_Utterance_11_425_450.wav,5.108
NNF,F,Spk9,U_0560b45fcd,425_450,Nyanja_NNF_Spk9_U_0560b45fcd_Utterance_12,nthawi yonseyo imene ali kulankhula naine maso ake ang'ono-ang'ono ndiponso okwiya anali kundisata,Nyanja_NNF_Spk9_U_0560b45fcd_Utterance_12_425_450.wav,4.563
NNF,F,Spk9,U_0560b45fcd,425_450,Nyanja_NNF_Spk9_U_0560b45fcd_Utterance_13,ndikhumba kuti sindinalire kwambiri anatero alice ali kusambira pofuna kupeza pocookera,Nyanja_NNF_Spk9_U_0560b45fcd_Utterance_13_425_450.wav,5.108
NNF,F,Spk9,U_0560b45fcd,425_450,Nyanja_NNF_Spk9_U_0560b45fcd_Utterance_14,wokondedwa wanga ndiphunzitseko kukhala munthuoyamikira momwe iwe umacitira zabwino,Nyanja_NNF_Spk9_U_0560b45fcd_Utterance_14_425_450.wav,7.221
NNF,F,Spk9,U_0560b45fcd,425_450,Nyanja_NNF_Spk9_U_0560b45fcd_Utterance_15,ukali wa mzangayo sunacepelere kucokera pomwe analetsedwa kupezeka ku malo omwe iye anakondetsetsa omwe anali pafupi ndi kanjira kocedwa baker,Nyanja_NNF_Spk9_U_0560b45fcd_Utterance_15_425_450.wav,6.859
NNF,F,Spk9,U_0560b45fcd,425_450,Nyanja_NNF_Spk9_U_0560b45fcd_Utterance_16,ananvera kunjenjemera kwa cinthu cimene cinali cikuthamanga camaonekedwe a cikasu patsogoro pace,Nyanja_NNF_Spk9_U_0560b45fcd_Utterance_16_425_450.wav,6.246
NNF,F,Spk9,U_0560b45fcd,425_450,Nyanja_NNF_Spk9_U_0560b45fcd_Utterance_17,anakana poyamba kunva uphungu wosamala ici sicinali conyansa kulingana ndi cilengedwe ca mnyamatayu,Nyanja_NNF_Spk9_U_0560b45fcd_Utterance_17_425_450.wav,10.484
NNF,F,Spk9,U_0560b45fcd,425_450,Nyanja_NNF_Spk9_U_0560b45fcd_Utterance_18,kodi nciani khutu dziwa la madzi yoopsya kutengako mbali ku za cilengedwe,Nyanja_NNF_Spk9_U_0560b45fcd_Utterance_18_425_450.wav,7.651
NNF,F,Spk9,U_0560b45fcd,425_450,Nyanja_NNF_Spk9_U_0560b45fcd_Utterance_19,ngati zicitidwe za zinthu ndi zoletsedwa mwina kowawitsa sicikutanthauza kuti zicitidwezo ndi zosayenera,Nyanja_NNF_Spk9_U_0560b45fcd_Utterance_19_425_450.wav,8.197
NNF,F,Spk9,U_0560b45fcd,425_450,Nyanja_NNF_Spk9_U_0560b45fcd_Utterance_20,manyazi akugwireni nzika zinalira iye ine tinagwiridwa ndi manyazi cifukwa ca anzathu a ku nottingham,Nyanja_NNF_Spk9_U_0560b45fcd_Utterance_20_425_450.wav,5.689
NNF,F,Spk9,U_0560b45fcd,425_450,Nyanja_NNF_Spk9_U_0560b45fcd_Utterance_21,tsopano mungathe kumufunsa mafunso pa ukatukumeni dedalus,Nyanja_NNF_Spk9_U_0560b45fcd_Utterance_21_425_450.wav,8.51
NNF,F,Spk9,U_0560b45fcd,425_450,Nyanja_NNF_Spk9_U_0560b45fcd_Utterance_22,obvina a kaleacepetsedwa mzifuniro zao mkupita kwa nthawi,Nyanja_NNF_Spk9_U_0560b45fcd_Utterance_22_425_450.wav,7.419
NNF,F,Spk9,U_0560b45fcd,425_450,Nyanja_NNF_Spk9_U_0560b45fcd_Utterance_23,ndikupita ku bwalo ya milandu ball anayankha andalla,Nyanja_NNF_Spk9_U_0560b45fcd_Utterance_23_425_450.wav,5.05
NNF,F,Spk9,U_0560b45fcd,425_450,Nyanja_NNF_Spk9_U_0560b45fcd_Utterance_24,ndizabwera tsiku lina kuti ndizaonane ndi amuna anu ndifuna tikakambitsana pa za a kavalo,Nyanja_NNF_Spk9_U_0560b45fcd_Utterance_24_425_450.wav,3.692
NNF,F,Spk9,U_0560b45fcd,425_450,Nyanja_NNF_Spk9_U_0560b45fcd_Utterance_25,anathamangira mu mitengo naimitsa mzibambo wamtali ndi olimba koma ooonda,Nyanja_NNF_Spk9_U_0560b45fcd_Utterance_25_425_450.wav,4.667
NNF,F,Spk9,U_0560b45fcd,400_425,Nyanja_NNF_Spk9_U_0560b45fcd_Utterance_1,tsistsi yace inali yaulutsi wofilira ndipo inagwera mu khosi mwace zomangidwa zace zita oneka bwino,Nyanja_NNF_Spk9_U_0560b45fcd_Utterance_1_400_425.wav,7.86
NNF,F,Spk9,U_0560b45fcd,400_425,Nyanja_NNF_Spk9_U_0560b45fcd_Utterance_2,kuli m'modzi ndipo kulinso wina osedwa dudley ndi flint,Nyanja_NNF_Spk9_U_0560b45fcd_Utterance_2_400_425.wav,4.587
NNF,F,Spk9,U_0560b45fcd,400_425,Nyanja_NNF_Spk9_U_0560b45fcd_Utterance_3,pali izi madame anaceuka nazungulusa maso ace modabwa ca kumene kunali comte mofuna kuona cinali kucitika,Nyanja_NNF_Spk9_U_0560b45fcd_Utterance_3_400_425.wav,9.756
NNF,F,Spk9,U_0560b45fcd,400_425,Nyanja_NNF_Spk9_U_0560b45fcd_Utterance_4,mobwereza anasakira maganizo ace osati mopanda phindu ngati poyamba,Nyanja_NNF_Spk9_U_0560b45fcd_Utterance_4_400_425.wav,5.433
NNF,F,Spk9,U_0560b45fcd,400_425,Nyanja_NNF_Spk9_U_0560b45fcd_Utterance_5,tiyeni tinve zoganizirazo ndizafunafuna ambuni,Nyanja_NNF_Spk9_U_0560b45fcd_Utterance_5_400_425.wav,3.814
NNF,F,Spk9,U_0560b45fcd,400_425,Nyanja_NNF_Spk9_U_0560b45fcd_Utterance_6,kweni kweni sindiganiza kuti mwina anadziwa zambiri za izo bambo holmes,Nyanja_NNF_Spk9_U_0560b45fcd_Utterance_6_400_425.wav,4.969
NNF,F,Spk9,U_0560b45fcd,400_425,Nyanja_NNF_Spk9_U_0560b45fcd_Utterance_7,ndimatopa nazo kuona azibambo ndi akavalo akuyenda-yenda akuyenda-yenda,Nyanja_NNF_Spk9_U_0560b45fcd_Utterance_7_400_425.wav,5.294
NNF,F,Spk9,U_0560b45fcd,400_425,Nyanja_NNF_Spk9_U_0560b45fcd_Utterance_8,mu kuumitsa kwanga ndinasemera mcira pamwamba monga ngati ndi mutu,Nyanja_NNF_Spk9_U_0560b45fcd_Utterance_8_400_425.wav,5.573
NNF,F,Spk9,U_0560b45fcd,400_425,Nyanja_NNF_Spk9_U_0560b45fcd_Utterance_9,kulibe zina zambiri kopotsa izi kulibe ngakhale nzanja kumene ingathe kuikidwako,Nyanja_NNF_Spk9_U_0560b45fcd_Utterance_9_400_425.wav,6.827
NNF,F,Spk9,U_0560b45fcd,400_425,Nyanja_NNF_Spk9_U_0560b45fcd_Utterance_10,zithunzi-thunzi ca bwato/ngalawa cinali kuooneka poyera pa mwamba pa mafunde,Nyanja_NNF_Spk9_U_0560b45fcd_Utterance_10_400_425.wav,5.623
NNF,F,Spk9,U_0560b45fcd,400_425,Nyanja_NNF_Spk9_U_0560b45fcd_Utterance_11,anali kufuna kuonako ma buku atsopano ndi magazini ndi zolankhulapo za achifundo odziwika ndi zosinta zina,Nyanja_NNF_Spk9_U_0560b45fcd_Utterance_11_400_425.wav,9.242
NNF,F,Spk9,U_0560b45fcd,400_425,Nyanja_NNF_Spk9_U_0560b45fcd_Utterance_12,chimbalangondo  anagwedeza mbari za thupi lace ndipo mau odziwika anayankha,Nyanja_NNF_Spk9_U_0560b45fcd_Utterance_12_400_425.wav,6.594
NNF,F,Spk9,U_0560b45fcd,400_425,Nyanja_NNF_Spk9_U_0560b45fcd_Utterance_13,ndicabwino kuti iwe ulankhule bambo okalamba anayankha nyancito okwiya,Nyanja_NNF_Spk9_U_0560b45fcd_Utterance_13_400_425.wav,6.92
NNF,F,Spk9,U_0560b45fcd,400_425,Nyanja_NNF_Spk9_U_0560b45fcd_Utterance_14,mwatsopano iye alumpha pansi pa cipinda cake ndi mapondedwe anzeru,Nyanja_NNF_Spk9_U_0560b45fcd_Utterance_14_400_425.wav,6.177
NNF,F,Spk9,U_0560b45fcd,400_425,Nyanja_NNF_Spk9_U_0560b45fcd_Utterance_15,analankhula wopelekedza atalephera kudikila ndipo unali iwe umene ndinapatsa kacola moika ndalama zanga,Nyanja_NNF_Spk9_U_0560b45fcd_Utterance_15_400_425.wav,8.684
NNF,F,Spk9,U_0560b45fcd,400_425,Nyanja_NNF_Spk9_U_0560b45fcd_Utterance_16,hakoni kuzakhala nthawi zonse mlimi mzako,Nyanja_NNF_Spk9_U_0560b45fcd_Utterance_16_400_425.wav,3.715
NNF,F,Spk9,U_0560b45fcd,400_425,Nyanja_NNF_Spk9_U_0560b45fcd_Utterance_17,pothera peni peni kuphatikidzidwa ka thonje kunaoneka kwa ena aliyense ngati cilungamo cotsimikidzidwa ndipo cina konzedwa kupita ku boma la pamwamba,Nyanja_NNF_Spk9_U_0560b45fcd_Utterance_17_400_425.wav,13.723
NNF,F,Spk9,U_0560b45fcd,400_425,Nyanja_NNF_Spk9_U_0560b45fcd_Utterance_18,zizindikiro zosaoneka zonse za nkhani imeniyi za zocitika za panopa zaonetsedwa kale,Nyanja_NNF_Spk9_U_0560b45fcd_Utterance_18_400_425.wav,8.382
NNF,F,Spk9,U_0560b45fcd,400_425,Nyanja_NNF_Spk9_U_0560b45fcd_Utterance_19,pamenepo lake anaseka mosakweza mau  ali kupenyabe pa khadi ya masewera a njuga ndi maso ace ochenjera,Nyanja_NNF_Spk9_U_0560b45fcd_Utterance_19_400_425.wav,9.056
NNF,F,Spk9,U_0560b45fcd,400_425,Nyanja_NNF_Spk9_U_0560b45fcd_Utterance_20,ngati nzika yapadera ndizakhala ngati cisanzo camwambo poti ngati sininacite tero zimenezo zinghalete mabvuto oopysa,Nyanja_NNF_Spk9_U_0560b45fcd_Utterance_20_400_425.wav,10.983
NNF,F,Spk9,U_0560b45fcd,400_425,Nyanja_NNF_Spk9_U_0560b45fcd_Utterance_21,thonje ndi cinthu cabwino si anyamata iye anatero poyamba,Nyanja_NNF_Spk9_U_0560b45fcd_Utterance_21_400_425.wav,4.853
NNF,F,Spk9,U_0560b45fcd,400_425,Nyanja_NNF_Spk9_U_0560b45fcd_Utterance_22,bill harmon anakuwa mokweza kwa akazi ace pamene anali kupita pa holo yotsanikidwa bwino,Nyanja_NNF_Spk9_U_0560b45fcd_Utterance_22_400_425.wav,7.338
NNF,F,Spk9,U_0560b45fcd,400_425,Nyanja_NNF_Spk9_U_0560b45fcd_Utterance_23,inde wokondedwa wanga watson ndakwanitsa kuziwa cinsinsi (zobisika),Nyanja_NNF_Spk9_U_0560b45fcd_Utterance_23_400_425.wav,4.551
NNF,F,Spk9,U_0560b45fcd,400_425,Nyanja_NNF_Spk9_U_0560b45fcd_Utterance_24,inde ndakhala kuno pa kotala wa ola ino anayankha la vallierie,Nyanja_NNF_Spk9_U_0560b45fcd_Utterance_24_400_425.wav,5.433
NNF,F,Spk9,U_0560b45fcd,400_425,Nyanja_NNF_Spk9_U_0560b45fcd_Utterance_25,sindingathe kupweteka ciliconse ndidzindikila sitizasokoneza cina cili conse munjira iliyonse,Nyanja_NNF_Spk9_U_0560b45fcd_Utterance_25_400_425.wav,7.982
NNF,F,Spk8,U_c9d2ed2214,350_375,Nyanja_NNF_Spk8_U_c9d2ed2214_Utterance_1,ngale zidaona mwadala koma sizidafunekupanga cibwenzi,Nyanja_NNF_Spk8_U_c9d2ed2214_Utterance_1_350_375.wav,9.276
NNF,F,Spk8,U_c9d2ed2214,350_375,Nyanja_NNF_Spk8_U_c9d2ed2214_Utterance_2,ai jasper ndiyenera kupita ine ndekha,Nyanja_NNF_Spk8_U_c9d2ed2214_Utterance_2_350_375.wav,6.467
NNF,F,Spk8,U_c9d2ed2214,350_375,Nyanja_NNF_Spk8_U_c9d2ed2214_Utterance_3,matsku khumi adapitapo mkukambilana koma mzimu wofuna kubwezera coipa unalepheletsa kupeza cinvano cabwino,Nyanja_NNF_Spk8_U_c9d2ed2214_Utterance_3_350_375.wav,19.428
NNF,F,Spk8,U_c9d2ed2214,350_375,Nyanja_NNF_Spk8_U_c9d2ed2214_Utterance_4,kodi mu dziwa za nyanja ai sindingathe kunena koma iye azalephera posacedwa ndi umoyo wa mcalo cino,Nyanja_NNF_Spk8_U_c9d2ed2214_Utterance_4_350_375.wav,16.521
NNF,F,Spk8,U_c9d2ed2214,350_375,Nyanja_NNF_Spk8_U_c9d2ed2214_Utterance_5,ndipo zitsulo zoikiwa zija zinali kugwira nchito ndipo inali imodzi mwa  malo atatu amene anaikidwa mu dziko lino,Nyanja_NNF_Spk8_U_c9d2ed2214_Utterance_5_350_375.wav,21.86
NNF,F,Spk8,U_c9d2ed2214,350_375,Nyanja_NNF_Spk8_U_c9d2ed2214_Utterance_6,siungathe ku cipedza mu laibulale yocedwa astor,Nyanja_NNF_Spk8_U_c9d2ed2214_Utterance_6_350_375.wav,8.417
NNF,F,Spk8,U_c9d2ed2214,350_375,Nyanja_NNF_Spk8_U_c9d2ed2214_Utterance_7,anali mweenye amene chithunzi ca kuda cake cidaonekera mwadzidzidzi pa khungu lace,Nyanja_NNF_Spk8_U_c9d2ed2214_Utterance_7_350_375.wav,14.083
NNF,F,Spk8,U_c9d2ed2214,350_375,Nyanja_NNF_Spk8_U_c9d2ed2214_Utterance_8,wopelekedzayo anathandidzira kuwalowetsa onsewo nalowa iye yekha mwansanga,Nyanja_NNF_Spk8_U_c9d2ed2214_Utterance_8_350_375.wav,17.216
NNF,F,Spk8,U_c9d2ed2214,350_375,Nyanja_NNF_Spk8_U_c9d2ed2214_Utterance_9,ku zokhuzana ndi zaka zace ndi dzina ya abwana ace zolankhula za yakobo zinasiyana penapace ndinkhani yotsatsa malonda,Nyanja_NNF_Spk8_U_c9d2ed2214_Utterance_9_350_375.wav,26.541
NNF,F,Spk8,U_c9d2ed2214,350_375,Nyanja_NNF_Spk8_U_c9d2ed2214_Utterance_10,kunali kukaana kwapamodzi pa ici ndi zina zace zimene iye anamatsulitra,Nyanja_NNF_Spk8_U_c9d2ed2214_Utterance_10_350_375.wav,14.768
NNF,F,Spk8,U_c9d2ed2214,350_375,Nyanja_NNF_Spk8_U_c9d2ed2214_Utterance_11,ai ai ai totty ug nyowetsani mapadzi ake anatero poyser ali kutenga nsimbi zace,Nyanja_NNF_Spk8_U_c9d2ed2214_Utterance_11_350_375.wav,16.173
NNF,F,Spk8,U_c9d2ed2214,350_375,Nyanja_NNF_Spk8_U_c9d2ed2214_Utterance_12,usapite ndikunenetsa kuti utsiku uno ndi wotsekemera,Nyanja_NNF_Spk8_U_c9d2ed2214_Utterance_12_350_375.wav,10.24
NNF,F,Spk8,U_c9d2ed2214,350_375,Nyanja_NNF_Spk8_U_c9d2ed2214_Utterance_13,iyo si ncito yaikulu ku munthuamene amathamanga kuno ndakhala ndikupita ku walale ndikubwera,Nyanja_NNF_Spk8_U_c9d2ed2214_Utterance_13_350_375.wav,21.339
NNF,F,Spk8,U_c9d2ed2214,350_375,Nyanja_NNF_Spk8_U_c9d2ed2214_Utterance_14,bartley anawelama natenga dzanja lace kuuika m'manja mwake ali kupsopsyona pa kamwa pace ndi maso ace otoopa ndiponso onyowa,Nyanja_NNF_Spk8_U_c9d2ed2214_Utterance_14_350_375.wav,25.101
NNF,F,Spk8,U_c9d2ed2214,350_375,Nyanja_NNF_Spk8_U_c9d2ed2214_Utterance_15,cinthu cacikulu cimene angathe kunena ndi cakuti anali atatumidwa ndi ena,Nyanja_NNF_Spk8_U_c9d2ed2214_Utterance_15_350_375.wav,14.025
NNF,F,Spk8,U_c9d2ed2214,350_375,Nyanja_NNF_Spk8_U_c9d2ed2214_Utterance_16,ayenera kusamalira malo ocitilako ma opaleshoni kopotsa kupambane mmene anali kusungilako,Nyanja_NNF_Spk8_U_c9d2ed2214_Utterance_16_350_375.wav,1.974
NNF,F,Spk8,U_c9d2ed2214,350_375,Nyanja_NNF_Spk8_U_c9d2ed2214_Utterance_17,ici iye ananena kuti ndi kusungidwa bwino kwa alendo zoona ndipo sindidziwa ngati kuti mwina sindinagwirizane naye pa ico,Nyanja_NNF_Spk8_U_c9d2ed2214_Utterance_17_350_375.wav,21.339
NNF,F,Spk8,U_c9d2ed2214,350_375,Nyanja_NNF_Spk8_U_c9d2ed2214_Utterance_18,ndipemphere cipinda ca mkulu wa apolisi mwana iwe mwansanga,Nyanja_NNF_Spk8_U_c9d2ed2214_Utterance_18_350_375.wav,10.972
NNF,F,Spk8,U_c9d2ed2214,350_375,Nyanja_NNF_Spk8_U_c9d2ed2214_Utterance_19,iye anazimvetsera napeza cinsalu cakuda ca mfitiyo wopelekedzayo anakhala ndi mantha kopoosa,Nyanja_NNF_Spk8_U_c9d2ed2214_Utterance_19_350_375.wav,1.347
NNF,F,Spk8,U_c9d2ed2214,350_375,Nyanja_NNF_Spk8_U_c9d2ed2214_Utterance_20,kotero azakuphunzitsani njira za cidule zoceepa kutacha m'mawa,Nyanja_NNF_Spk8_U_c9d2ed2214_Utterance_20_350_375.wav,11.204
NNF,F,Spk8,U_c9d2ed2214,350_375,Nyanja_NNF_Spk8_U_c9d2ed2214_Utterance_21,mwatilandila ndi ulemu onsewo ndi citsamaliro cabwino zimene mkhalidwe wanu ku mangalande udziwikilamo,Nyanja_NNF_Spk8_U_c9d2ed2214_Utterance_21_350_375.wav,17.787
NNF,F,Spk8,U_c9d2ed2214,350_375,Nyanja_NNF_Spk8_U_c9d2ed2214_Utterance_22,kodi tikudziwitsitsa phiri pamene sitinadziwe bwino lomwe nyumba imene tikhalamo,Nyanja_NNF_Spk8_U_c9d2ed2214_Utterance_22_350_375.wav,13.502
NNF,F,Spk8,U_c9d2ed2214,350_375,Nyanja_NNF_Spk8_U_c9d2ed2214_Utterance_23,wina aliyense mu cipinda anali ololedwa kutuluka indetu bambo,Nyanja_NNF_Spk8_U_c9d2ed2214_Utterance_23_350_375.wav,10.298
NNF,F,Spk8,U_c9d2ed2214,350_375,Nyanja_NNF_Spk8_U_c9d2ed2214_Utterance_24,kwa ine ukukhala wolankhula-lankhula tunkhani unc anatero wa zamatsenga amene anasangalala ndi zomwe anauzidwa,Nyanja_NNF_Spk8_U_c9d2ed2214_Utterance_24_350_375.wav,16.753
NNF,F,Spk8,U_c9d2ed2214,350_375,Nyanja_NNF_Spk8_U_c9d2ed2214_Utterance_25,ndine okondwera poti wacikonda anatero wylder akusekalapo  mwapangang'ono atapititsa dzanja lake pamwamba pa mapewa ace,Nyanja_NNF_Spk8_U_c9d2ed2214_Utterance_25_350_375.wav,22.744
NNF,F,Spk8,U_c9d2ed2214,375_400,Nyanja_NNF_Spk8_U_c9d2ed2214_Utterance_1,conde osati madzina aianatero holmes pamene tinagogoda pa chitseko ca gilhrist,Nyanja_NNF_Spk8_U_c9d2ed2214_Utterance_1_375_400.wav,13.906
NNF,F,Spk8,U_c9d2ed2214,375_400,Nyanja_NNF_Spk8_U_c9d2ed2214_Utterance_2,sindidziwa za wina aliyense amene angacite zinthu mokomera iye,Nyanja_NNF_Spk8_U_c9d2ed2214_Utterance_2_375_400.wav,10.495
NNF,F,Spk8,U_c9d2ed2214,375_400,Nyanja_NNF_Spk8_U_c9d2ed2214_Utterance_3,wotsogolera mpingo sanapemphe chiphunzitso ca cipembedzo kumva zophunzitsidwa kumeneko,Nyanja_NNF_Spk8_U_c9d2ed2214_Utterance_3_375_400.wav,15.105
NNF,F,Spk8,U_c9d2ed2214,375_400,Nyanja_NNF_Spk8_U_c9d2ed2214_Utterance_4,kukhuzana ndi nkhani ya ukabwalala wanga umene ndinabela,Nyanja_NNF_Spk8_U_c9d2ed2214_Utterance_4_375_400.wav,9.172
NNF,F,Spk8,U_c9d2ed2214,375_400,Nyanja_NNF_Spk8_U_c9d2ed2214_Utterance_5,panthawi yomweyo mbuzi inalumpha nathawa atsilikali  ndi mutu wowerama anathamangira kwa a boolooroo,Nyanja_NNF_Spk8_U_c9d2ed2214_Utterance_5_375_400.wav,19.191
NNF,F,Spk8,U_c9d2ed2214,375_400,Nyanja_NNF_Spk8_U_c9d2ed2214_Utterance_6,malamulo amene ali pakati pathu ndi ofanana ndi aja omwe analiko kale,Nyanja_NNF_Spk8_U_c9d2ed2214_Utterance_6_375_400.wav,12.26
NNF,F,Spk8,U_c9d2ed2214,375_400,Nyanja_NNF_Spk8_U_c9d2ed2214_Utterance_7,kukufunsani mafunso ambiri inu ndikhulupilira cingakhale cinthu cosakuyenelani,Nyanja_NNF_Spk8_U_c9d2ed2214_Utterance_7_375_400.wav,13.92
NNF,F,Spk8,U_c9d2ed2214,375_400,Nyanja_NNF_Spk8_U_c9d2ed2214_Utterance_8,kodi siuzathamangira mnyumbamo ndi kuona ngati malita kusungako mmdzakazi/wotumikira mmodzi kapena awiri,Nyanja_NNF_Spk8_U_c9d2ed2214_Utterance_8_375_400.wav,19.667
NNF,F,Spk8,U_c9d2ed2214,375_400,Nyanja_NNF_Spk8_U_c9d2ed2214_Utterance_9,ndipo ndi ika olonda pa inu nonse mu nyumbamo,Nyanja_NNF_Spk8_U_c9d2ed2214_Utterance_9_375_400.wav,7.523
NNF,F,Spk8,U_c9d2ed2214,375_400,Nyanja_NNF_Spk8_U_c9d2ed2214_Utterance_10,thamanga mobwelera kumweko uncas ndipo undibweletsere ukuulu wa wa mendo ya oimba,Nyanja_NNF_Spk8_U_c9d2ed2214_Utterance_10_375_400.wav,15.569
NNF,F,Spk8,U_c9d2ed2214,375_400,Nyanja_NNF_Spk8_U_c9d2ed2214_Utterance_11,kudziwika a timaeus aonetsa kumbadwa ndi mwapang'ono cifukwa ca,Nyanja_NNF_Spk8_U_c9d2ed2214_Utterance_11_375_400.wav,11.122
NNF,F,Spk8,U_c9d2ed2214,375_400,Nyanja_NNF_Spk8_U_c9d2ed2214_Utterance_12,paulo akunenetsa kuti atumwi aboza (onyenga) sanaitanidwe kapena kutumidwa ndi anthu kapena muntrhuy,Nyanja_NNF_Spk8_U_c9d2ed2214_Utterance_12_375_400.wav,11.656
NNF,F,Spk8,U_c9d2ed2214,375_400,Nyanja_NNF_Spk8_U_c9d2ed2214_Utterance_13,kodi ndani emwe anakuphunzitsa kukolopa pansi ndingakonde kudziwa,Nyanja_NNF_Spk8_U_c9d2ed2214_Utterance_13_375_400.wav,11.889
NNF,F,Spk8,U_c9d2ed2214,375_400,Nyanja_NNF_Spk8_U_c9d2ed2214_Utterance_14,ciyambi cace cinali ka cilombo kamatenda ka kang'ono kambeu kopanda phindu kamene sikanaganidzilidwe kuti mwina kangayambitse ndale,Nyanja_NNF_Spk8_U_c9d2ed2214_Utterance_14_375_400.wav,24.108
NNF,F,Spk8,U_c9d2ed2214,375_400,Nyanja_NNF_Spk8_U_c9d2ed2214_Utterance_15,kodi uganiza kuti coyelekedzera cija cinali ndendende ndi cinthu cimodzi-modzico,Nyanja_NNF_Spk8_U_c9d2ed2214_Utterance_15_375_400.wav,13.886
NNF,F,Spk8,U_c9d2ed2214,375_400,Nyanja_NNF_Spk8_U_c9d2ed2214_Utterance_16,ngati kuti ali pafupi pa famu pano tinghathe kumuitana mu mphindi imodzi,Nyanja_NNF_Spk8_U_c9d2ed2214_Utterance_16_375_400.wav,13.108
NNF,F,Spk8,U_c9d2ed2214,375_400,Nyanja_NNF_Spk8_U_c9d2ed2214_Utterance_17,mwatsoka ndakhala ndikulira kotero kuti ndicapatali kuti ndingathe kukondedwa,Nyanja_NNF_Spk8_U_c9d2ed2214_Utterance_17_375_400.wav,14.025
NNF,F,Spk8,U_c9d2ed2214,375_400,Nyanja_NNF_Spk8_U_c9d2ed2214_Utterance_18,naomi anawalata ndi cala cake capakati pa mwaukali ngati kuti mwina alimi aja acinyamata awiri anali ana acicepeele awiri,Nyanja_NNF_Spk8_U_c9d2ed2214_Utterance_18_375_400.wav,23.336
NNF,F,Spk8,U_c9d2ed2214,375_400,Nyanja_NNF_Spk8_U_c9d2ed2214_Utterance_19,anatseka dzenera ngati mwina mpepo ndiyolema,Nyanja_NNF_Spk8_U_c9d2ed2214_Utterance_19_375_400.wav,8.44
NNF,F,Spk8,U_c9d2ed2214,375_400,Nyanja_NNF_Spk8_U_c9d2ed2214_Utterance_20,pa mayambidwe sindinadziwe njira yoyambira,Nyanja_NNF_Spk8_U_c9d2ed2214_Utterance_20_375_400.wav,7.454
NNF,F,Spk8,U_c9d2ed2214,375_400,Nyanja_NNF_Spk8_U_c9d2ed2214_Utterance_21,koma mau owongezera pa ulendo wonse,Nyanja_NNF_Spk8_U_c9d2ed2214_Utterance_21_375_400.wav,6.072
NNF,F,Spk8,U_c9d2ed2214,375_400,Nyanja_NNF_Spk8_U_c9d2ed2214_Utterance_22,osati cifukwa ca kalilole kapena ufumu kapena ubwino wathu koma pa macimo athu,Nyanja_NNF_Spk8_U_c9d2ed2214_Utterance_22_375_400.wav,13.015
NNF,F,Spk8,U_c9d2ed2214,375_400,Nyanja_NNF_Spk8_U_c9d2ed2214_Utterance_23,choncho mita ya edisoni imene iona pa za magetsi sili kugwilitsidwa nchito ngakhale kuti ili ndi zokoma zabwino,Nyanja_NNF_Spk8_U_c9d2ed2214_Utterance_23_375_400.wav,18.773
NNF,F,Spk8,U_c9d2ed2214,375_400,Nyanja_NNF_Spk8_U_c9d2ed2214_Utterance_24,maganizo amenewa anandikwiitsa tsiku lonse ndipo kulingalira kwanga sikunathe kwa maola ambiri pomwe ntagona,Nyanja_NNF_Spk8_U_c9d2ed2214_Utterance_24_375_400.wav,17.392
NNF,F,Spk8,U_c9d2ed2214,375_400,Nyanja_NNF_Spk8_U_c9d2ed2214_Utterance_25,koma mtengo sunakondwere konse unakura  ndi kukura ndipo unabiliwira nthawi ya dzinja ndi chilimwe,Nyanja_NNF_Spk8_U_c9d2ed2214_Utterance_25_375_400.wav,11.413
NNF,F,Spk4,U_764d733fee,150_175,Nyanja_NNF_Spk4_U_764d733fee_Utterance_1,pa nali pa kona pemene anagona pakati pa zomera zosayenera ndi maluwa a minga,Nyanja_NNF_Spk4_U_764d733fee_Utterance_1_150_175.wav,7.685
NNF,F,Spk4,U_764d733fee,150_175,Nyanja_NNF_Spk4_U_764d733fee_Utterance_2,sindingakhale odabwa kuti angathe kuseka nndi ine pali nthawi ino,Nyanja_NNF_Spk4_U_764d733fee_Utterance_2_150_175.wav,6.425
NNF,F,Spk4,U_764d733fee,150_175,Nyanja_NNF_Spk4_U_764d733fee_Utterance_3,iye anali pan'gono kuiwalako kuti cinali pafupi ndi poonekera,Nyanja_NNF_Spk4_U_764d733fee_Utterance_3_150_175.wav,6.77
NNF,F,Spk4,U_764d733fee,150_175,Nyanja_NNF_Spk4_U_764d733fee_Utterance_4,azibambo nonsenu bwelerani  ku maalo kumene mukugwirira nchito pamene saint aigani ndi villeroy anali kupita,Nyanja_NNF_Spk4_U_764d733fee_Utterance_4_150_175.wav,9.875
NNF,F,Spk4,U_764d733fee,150_175,Nyanja_NNF_Spk4_U_764d733fee_Utterance_5,momwemo sire koma ndiyenera kukhala ndi ndalama zocitila zomwezo,Nyanja_NNF_Spk4_U_764d733fee_Utterance_5_150_175.wav,6.305
NNF,F,Spk4,U_764d733fee,150_175,Nyanja_NNF_Spk4_U_764d733fee_Utterance_6,ici ciyenera kupita patali mukulekatsa atumwi aboza  kulankhula,Nyanja_NNF_Spk4_U_764d733fee_Utterance_6_150_175.wav,6.41
NNF,F,Spk4,U_764d733fee,150_175,Nyanja_NNF_Spk4_U_764d733fee_Utterance_7,uyu ndiye amene anacita zosayenera kulingana ndi nkhani yothawa,Nyanja_NNF_Spk4_U_764d733fee_Utterance_7_150_175.wav,6.23
NNF,F,Spk4,U_764d733fee,150_175,Nyanja_NNF_Spk4_U_764d733fee_Utterance_8,ndinali kuganiza kuti mwina mlongo wanga kate mwina msuweni wanga maiko ali kunvana,Nyanja_NNF_Spk4_U_764d733fee_Utterance_8_150_175.wav,8.57
NNF,F,Spk4,U_764d733fee,150_175,Nyanja_NNF_Spk4_U_764d733fee_Utterance_9,kodi ndi miyendo ya yani imene ili ngati miyenda ya phunzi pansi pace ngati manja ya muyayayaya,Nyanja_NNF_Spk4_U_764d733fee_Utterance_9_150_175.wav,8.345
NNF,F,Spk4,U_764d733fee,150_175,Nyanja_NNF_Spk4_U_764d733fee_Utterance_10,kodi uganiza kuti mulungu cifukwa ca ma calichi otsutsa chalichi ya lutheran (a chikunja) ochepa angathe ku kaana ndi chalichi yake yonse,Nyanja_NNF_Spk4_U_764d733fee_Utterance_10_150_175.wav,12.485
NNF,F,Spk4,U_764d733fee,150_175,Nyanja_NNF_Spk4_U_764d733fee_Utterance_11,anali kuyendayenda mozungulira mu cipinda cace,Nyanja_NNF_Spk4_U_764d733fee_Utterance_11_150_175.wav,5.045
NNF,F,Spk4,U_764d733fee,150_175,Nyanja_NNF_Spk4_U_764d733fee_Utterance_12,m'cipinda muno ndi mothuma kwambiri kotero kuti sitingathe kuimbiramo kodi simuli kunva kuthumako,Nyanja_NNF_Spk4_U_764d733fee_Utterance_12_150_175.wav,9.245
NNF,F,Spk4,U_764d733fee,150_175,Nyanja_NNF_Spk4_U_764d733fee_Utterance_13,kulingana ndi kukhulupilira kwanga iwowa anatengedwa,Nyanja_NNF_Spk4_U_764d733fee_Utterance_13_150_175.wav,5.885
NNF,F,Spk4,U_764d733fee,150_175,Nyanja_NNF_Spk4_U_764d733fee_Utterance_14,alexanda anapita namsegulira dzenera,Nyanja_NNF_Spk4_U_764d733fee_Utterance_14_150_175.wav,4.805
NNF,F,Spk4,U_764d733fee,150_175,Nyanja_NNF_Spk4_U_764d733fee_Utterance_15,kodi ndi ciani cingacitike ku mfuti yako nitakutenga mwakamkole,Nyanja_NNF_Spk4_U_764d733fee_Utterance_15_150_175.wav,6.095
NNF,F,Spk4,U_764d733fee,150_175,Nyanja_NNF_Spk4_U_764d733fee_Utterance_16,nthaka singaleke kulingana mumaonekedwe ndi ndende,Nyanja_NNF_Spk4_U_764d733fee_Utterance_16_150_175.wav,5.57
NNF,F,Spk4,U_764d733fee,150_175,Nyanja_NNF_Spk4_U_764d733fee_Utterance_17,margaret bolton anali pafupi kutaya mwapa nthawi yocepa mkhalidwe wace woleza mtima,Nyanja_NNF_Spk4_U_764d733fee_Utterance_17_150_175.wav,8.09
NNF,F,Spk4,U_764d733fee,150_175,Nyanja_NNF_Spk4_U_764d733fee_Utterance_18,atchison amene anali kulankhula ndi gulu ya ocita ciwawa mwapatali anaika mfuti zace ziwiri ndi kuwaphunzitsa pa zimenezo,Nyanja_NNF_Spk4_U_764d733fee_Utterance_18_150_175.wav,11.855
NNF,F,Spk4,U_764d733fee,150_175,Nyanja_NNF_Spk4_U_764d733fee_Utterance_19,koma ndinakhala mu nyengo ya masika ndipo ndinakonzanso  bwato,Nyanja_NNF_Spk4_U_764d733fee_Utterance_19_150_175.wav,6.53
NNF,F,Spk4,U_764d733fee,150_175,Nyanja_NNF_Spk4_U_764d733fee_Utterance_20,usade nkhawa nazo pali lero anatero kapitawo tizalankhuzana pa izo nthawi ina,Nyanja_NNF_Spk4_U_764d733fee_Utterance_20_150_175.wav,7.805
NNF,F,Spk4,U_764d733fee,150_175,Nyanja_NNF_Spk4_U_764d733fee_Utterance_21,ai lekani iyeyo abwere nayenso anatero mopempha ndikonda kwambiri kumuona pafupi ndi nyumba yakale ija,Nyanja_NNF_Spk4_U_764d733fee_Utterance_21_150_175.wav,9.23
NNF,F,Spk4,U_764d733fee,150_175,Nyanja_NNF_Spk4_U_764d733fee_Utterance_22,kumapeto kwace anawatulukamo na pukuta kumaso kwace mwamphanvu,Nyanja_NNF_Spk4_U_764d733fee_Utterance_22_150_175.wav,9.98
NNF,F,Spk4,U_764d733fee,150_175,Nyanja_NNF_Spk4_U_764d733fee_Utterance_23,usayesa ndi kuganizira pang'ono kuti mwina sukulu ya ci gothic ndiyopusa/ndiyopweeka,Nyanja_NNF_Spk4_U_764d733fee_Utterance_23_150_175.wav,6.005
NNF,F,Spk4,U_764d733fee,150_175,Nyanja_NNF_Spk4_U_764d733fee_Utterance_24,pangopita cabe masabata awiri ndipo ndakhalako kwa ka nthawi ndithu,Nyanja_NNF_Spk4_U_764d733fee_Utterance_24_150_175.wav,5.93
NNF,F,Spk4,U_764d733fee,150_175,Nyanja_NNF_Spk4_U_764d733fee_Utterance_25,koma ndinena kuti ndiyenera kupatsidwa njedza wanga pasanapite nthawi,Nyanja_NNF_Spk4_U_764d733fee_Utterance_25_150_175.wav,6.605
NNF,F,Spk4,U_764d733fee,175_200,Nyanja_NNF_Spk4_U_764d733fee_Utterance_1,pa mpando mu kona pataliko panali anthu owerengeka ali ataungikana pamodzi,Nyanja_NNF_Spk4_U_764d733fee_Utterance_1_175_200.wav,7.55
NNF,F,Spk4,U_764d733fee,175_200,Nyanja_NNF_Spk4_U_764d733fee_Utterance_2,ngakhale zinali tero ndinali ntango bwelera ku ulendo wautali ntatopa ndiponso ndili ofuna kupuuma konenetsa,Nyanja_NNF_Spk4_U_764d733fee_Utterance_2_175_200.wav,10.19
NNF,F,Spk4,U_764d733fee,175_200,Nyanja_NNF_Spk4_U_764d733fee_Utterance_3,ka dzuwa kowalako ndi kuunika uku ndizokongola ndipo zoyenerera zonvera zathu za mthupi,Nyanja_NNF_Spk4_U_764d733fee_Utterance_3_175_200.wav,7.25
NNF,F,Spk4,U_764d733fee,175_200,Nyanja_NNF_Spk4_U_764d733fee_Utterance_4,sindiganiza kuti  kuyerekedza kotero ndi kololedwa,Nyanja_NNF_Spk4_U_764d733fee_Utterance_4_175_200.wav,4.535
NNF,F,Spk4,U_764d733fee,175_200,Nyanja_NNF_Spk4_U_764d733fee_Utterance_5,motero maonekedwe ace zingathe kubisa umboni wa mantha manja awa anasimba nkhani ina,Nyanja_NNF_Spk4_U_764d733fee_Utterance_5_175_200.wav,7.835
NNF,F,Spk4,U_764d733fee,175_200,Nyanja_NNF_Spk4_U_764d733fee_Utterance_6,aoneka ngati tatsowa koma sindikutsimikidza,Nyanja_NNF_Spk4_U_764d733fee_Utterance_6_175_200.wav,4.805
NNF,F,Spk4,U_764d733fee,175_200,Nyanja_NNF_Spk4_U_764d733fee_Utterance_7,anali ndi zoganiza zina zobvuta khilisimisi imeneyi,Nyanja_NNF_Spk4_U_764d733fee_Utterance_7_175_200.wav,5.225
NNF,F,Spk4,U_764d733fee,175_200,Nyanja_NNF_Spk4_U_764d733fee_Utterance_8,ali ndi mwana wa cinyamata kawalala ndi mwana wacikazi njala,Nyanja_NNF_Spk4_U_764d733fee_Utterance_8_175_200.wav,5.93
NNF,F,Spk4,U_764d733fee,175_200,Nyanja_NNF_Spk4_U_764d733fee_Utterance_9,zocitika zinazace za mu ukapolo wa dziko lanu zili mkati mwa kudziwab kwa olamulila anu,Nyanja_NNF_Spk4_U_764d733fee_Utterance_9_175_200.wav,7.655
NNF,F,Spk4,U_764d733fee,175_200,Nyanja_NNF_Spk4_U_764d733fee_Utterance_10,bwana monceux ogwira ncito ku ndende anakwiya kopotsa ataudzidwa za cipolowe cimene cinacitika,Nyanja_NNF_Spk4_U_764d733fee_Utterance_10_175_200.wav,8.555
NNF,F,Spk4,U_764d733fee,175_200,Nyanja_NNF_Spk4_U_764d733fee_Utterance_11,tsopano khalani ziii pa umoyo wanu iye anayamba kulankhula koma amene anali kuphunzitsidwa nchito wogwidwa anayamba ku fuula mokuuwa,Nyanja_NNF_Spk4_U_764d733fee_Utterance_11_175_200.wav,11.105
NNF,F,Spk4,U_764d733fee,175_200,Nyanja_NNF_Spk4_U_764d733fee_Utterance_12,ndinasinya ndondomeko ya zoyenera kucitidwa poyendetsa nyama zanga ndi zomela zouma pa sitima kupita ku paris mu dziko la france,Nyanja_NNF_Spk4_U_764d733fee_Utterance_12_175_200.wav,11.465
NNF,F,Spk4,U_764d733fee,175_200,Nyanja_NNF_Spk4_U_764d733fee_Utterance_13,koma muli nkhani yocotsedwa mu turner uli ndi ziphunzitso zaphindu ziwiri zimene zabweretsedwa /zaphunzitsidwa bwino kopotsa,Nyanja_NNF_Spk4_U_764d733fee_Utterance_13_175_200.wav,10.355
NNF,F,Spk4,U_764d733fee,175_200,Nyanja_NNF_Spk4_U_764d733fee_Utterance_14,kadyedwa kamatengako mbali kwambiri mu makhalidwe a m'mizinda kopotsa mu maiko,Nyanja_NNF_Spk4_U_764d733fee_Utterance_14_175_200.wav,6.545
NNF,F,Spk4,U_764d733fee,175_200,Nyanja_NNF_Spk4_U_764d733fee_Utterance_15,will anawelewetsa robin alikusegula citseko nafunsa kodi mwakonzekera,Nyanja_NNF_Spk4_U_764d733fee_Utterance_15_175_200.wav,7.445
NNF,F,Spk4,U_764d733fee,175_200,Nyanja_NNF_Spk4_U_764d733fee_Utterance_16,atagundidwa mwapang'ono ndi mnyamata wa mtali uja mu mpandao kumbuyo kunapangisa stefani kuti afunse funso yobvuta kuyankha,Nyanja_NNF_Spk4_U_764d733fee_Utterance_16_175_200.wav,10.745
NNF,F,Spk4,U_764d733fee,175_200,Nyanja_NNF_Spk4_U_764d733fee_Utterance_17,ndinalota ciloto coipa pa iye usiku wathau,Nyanja_NNF_Spk4_U_764d733fee_Utterance_17_175_200.wav,5.03
NNF,F,Spk4,U_764d733fee,175_200,Nyanja_NNF_Spk4_U_764d733fee_Utterance_18,khala pansi anatero gates ndi mau okondwera ndi abwino pali mpando wokhalapo pano,Nyanja_NNF_Spk4_U_764d733fee_Utterance_18_175_200.wav,7.535
NNF,F,Spk4,U_764d733fee,175_200,Nyanja_NNF_Spk4_U_764d733fee_Utterance_19,iwo analandilidwa mu kaofesi kakang'ono ndi mzibambo ocedwa marham amene anali kaidi wa mundende,Nyanja_NNF_Spk4_U_764d733fee_Utterance_19_175_200.wav,8.825
NNF,F,Spk4,U_764d733fee,175_200,Nyanja_NNF_Spk4_U_764d733fee_Utterance_20,mai griffin mwinamwace anaonetsa kufuna kwa kuunika moongezera,Nyanja_NNF_Spk4_U_764d733fee_Utterance_20_175_200.wav,6.155
NNF,F,Spk4,U_764d733fee,175_200,Nyanja_NNF_Spk4_U_764d733fee_Utterance_21,mfumu yohane akutulusa moika ndudu za golide kucookera ku dzanja yace ya manzere mu thumba ya pamwamba khoti yace,Nyanja_NNF_Spk4_U_764d733fee_Utterance_21_175_200.wav,9.77
NNF,F,Spk4,U_764d733fee,175_200,Nyanja_NNF_Spk4_U_764d733fee_Utterance_22,anali mnyamata wa mkulu kotero kuti anabvara nsapata za ma buti zazitali atanyamula mpeni wa jaki,Nyanja_NNF_Spk4_U_764d733fee_Utterance_22_175_200.wav,8.405
NNF,F,Spk4,U_764d733fee,175_200,Nyanja_NNF_Spk4_U_764d733fee_Utterance_23,mwezi owala ndi odzidzila unali kuwala ndi kuunika kowala ndi zithunzi-thunzi,Nyanja_NNF_Spk4_U_764d733fee_Utterance_23_175_200.wav,8.03
NNF,F,Spk4,U_764d733fee,175_200,Nyanja_NNF_Spk4_U_764d733fee_Utterance_24,iwo anatenganso nyumba yao tsopano kopanda kusokoneza mtendre wa pa nyumba ya gamewell,Nyanja_NNF_Spk4_U_764d733fee_Utterance_24_175_200.wav,7.145
NNF,F,Spk4,U_764d733fee,175_200,Nyanja_NNF_Spk4_U_764d733fee_Utterance_25,paulo anayankha munthu omwe dzina lace ndi yesu kristu ndiponso mwana wa mulungu anadzipereka  yekha cifukwa ca macimo athu,Nyanja_NNF_Spk4_U_764d733fee_Utterance_25_175_200.wav,10.475
NNF,F,Spk3,U_4dd67bcf74,100_125,Nyanja_NNF_Spk3_U_4dd67bcf74_Utterance_1,missus usasinthe uyenera ndithu kukhala onyadira mwana wako wa mwamunayu,Nyanja_NNF_Spk3_U_4dd67bcf74_Utterance_1_100_125.wav,8.975
NNF,F,Spk3,U_4dd67bcf74,100_125,Nyanja_NNF_Spk3_U_4dd67bcf74_Utterance_2,ndicobvuta kwabatsi anatero mademoiselle de tonnay charente akutseka mokuuwa,Nyanja_NNF_Spk3_U_4dd67bcf74_Utterance_2_100_125.wav,8.54
NNF,F,Spk3,U_4dd67bcf74,100_125,Nyanja_NNF_Spk3_U_4dd67bcf74_Utterance_3,cabwino mosatikakamidza poti pakati pa ife tapambana nkhondo/ndeu anayankha lobin,Nyanja_NNF_Spk3_U_4dd67bcf74_Utterance_3_100_125.wav,8.66
NNF,F,Spk3,U_4dd67bcf74,100_125,Nyanja_NNF_Spk3_U_4dd67bcf74_Utterance_4,mfumu inaimilira naitanitsa kuyamba kwa nyimbo ya masalimo imene iyamba ndi mau awa,Nyanja_NNF_Spk3_U_4dd67bcf74_Utterance_4_100_125.wav,8.51
NNF,F,Spk3,U_4dd67bcf74,100_125,Nyanja_NNF_Spk3_U_4dd67bcf74_Utterance_5,lilime langa linakana kunena mphanvu zamga zolankhulira zidatha,Nyanja_NNF_Spk3_U_4dd67bcf74_Utterance_5_100_125.wav,5.51
NNF,F,Spk3,U_4dd67bcf74,100_125,Nyanja_NNF_Spk3_U_4dd67bcf74_Utterance_6,iyi inali gulu lalikulu ya ubwino umene ukapoolo unali kucita ndi kuculutsa cinyengo,Nyanja_NNF_Spk3_U_4dd67bcf74_Utterance_6_100_125.wav,7.94
NNF,F,Spk3,U_4dd67bcf74,100_125,Nyanja_NNF_Spk3_U_4dd67bcf74_Utterance_7,alexander anafuula ndinali kuti ndicite conco koma sindinathe,Nyanja_NNF_Spk3_U_4dd67bcf74_Utterance_7_100_125.wav,6.455
NNF,F,Spk3,U_4dd67bcf74,100_125,Nyanja_NNF_Spk3_U_4dd67bcf74_Utterance_8,iye anaganiza kuti anali oyenera koma mwinamwace ncito ina inali yomuyenera bwino,Nyanja_NNF_Spk3_U_4dd67bcf74_Utterance_8_100_125.wav,8.075
NNF,F,Spk3,U_4dd67bcf74,100_125,Nyanja_NNF_Spk3_U_4dd67bcf74_Utterance_9,kodi izi zithu sizingabwezedwe davive akupuma momasuka pamene cilungamo citadziwika kwa iye,Nyanja_NNF_Spk3_U_4dd67bcf74_Utterance_9_100_125.wav,10.475
NNF,F,Spk3,U_4dd67bcf74,100_125,Nyanja_NNF_Spk3_U_4dd67bcf74_Utterance_10,tsopano uzakhala analila van nena kuti polly kodi uzatero,Nyanja_NNF_Spk3_U_4dd67bcf74_Utterance_10_100_125.wav,6.875
NNF,F,Spk3,U_4dd67bcf74,100_125,Nyanja_NNF_Spk3_U_4dd67bcf74_Utterance_11,uyu ndi m'modzimwa mwa aja amene afunitsitsa iye lekani ndikudziwitseni kwa iye,Nyanja_NNF_Spk3_U_4dd67bcf74_Utterance_11_100_125.wav,8.675
NNF,F,Spk3,U_4dd67bcf74,100_125,Nyanja_NNF_Spk3_U_4dd67bcf74_Utterance_12,kwadzidzira okondedwa wanga nkhope yako yokoma idalitsidwe,Nyanja_NNF_Spk3_U_4dd67bcf74_Utterance_12_100_125.wav,6.065
NNF,F,Spk3,U_4dd67bcf74,100_125,Nyanja_NNF_Spk3_U_4dd67bcf74_Utterance_13,ngati cifukwa ca zokhumba zako zipemphere wekha sindingakukhalitse (sindingakuletse),Nyanja_NNF_Spk3_U_4dd67bcf74_Utterance_13_100_125.wav,9.185
NNF,F,Spk3,U_4dd67bcf74,100_125,Nyanja_NNF_Spk3_U_4dd67bcf74_Utterance_14,zithunzithunzi zina monga zimene zisangalatsa zina ndi zodziwika ndipo zina ndi zosadziwika,Nyanja_NNF_Spk3_U_4dd67bcf74_Utterance_14_100_125.wav,9.155
NNF,F,Spk3,U_4dd67bcf74,100_125,Nyanja_NNF_Spk3_U_4dd67bcf74_Utterance_15,atsikana mwadzuka ndikhulupilira muli kunva bwino cimodzimodzi ndi m'mene mukuonekera,Nyanja_NNF_Spk3_U_4dd67bcf74_Utterance_15_100_125.wav,8.675
NNF,F,Spk3,U_4dd67bcf74,100_125,Nyanja_NNF_Spk3_U_4dd67bcf74_Utterance_16,mau ena amene ndinazindikira kukhara mau a voltaire kaffar ananena,Nyanja_NNF_Spk3_U_4dd67bcf74_Utterance_16_100_125.wav,7.31
NNF,F,Spk3,U_4dd67bcf74,100_125,Nyanja_NNF_Spk3_U_4dd67bcf74_Utterance_17,oho kodi sadzakwiya  ngati namudikilitsa kwakantawi,Nyanja_NNF_Spk3_U_4dd67bcf74_Utterance_17_100_125.wav,6.335
NNF,F,Spk3,U_4dd67bcf74,100_125,Nyanja_NNF_Spk3_U_4dd67bcf74_Utterance_18,nyenyezi ya golide ya tinselo inali kuwalabe pamwamba pa mtengo ilikunyezimila mu dzuwa,Nyanja_NNF_Spk3_U_4dd67bcf74_Utterance_18_100_125.wav,9.845
NNF,F,Spk3,U_4dd67bcf74,100_125,Nyanja_NNF_Spk3_U_4dd67bcf74_Utterance_19,ico si cinthu cosatheka anatero mokweza kuti mzinda ulionse uthesedwe kotheratu,Nyanja_NNF_Spk3_U_4dd67bcf74_Utterance_19_100_125.wav,9.425
NNF,F,Spk3,U_4dd67bcf74,100_125,Nyanja_NNF_Spk3_U_4dd67bcf74_Utterance_20,ndipo ngati ndinali ndi cuuma kodi mungathe kufuna kuti ndikhale umoyo wacabecabe,Nyanja_NNF_Spk3_U_4dd67bcf74_Utterance_20_100_125.wav,8.315
NNF,F,Spk3,U_4dd67bcf74,100_125,Nyanja_NNF_Spk3_U_4dd67bcf74_Utterance_21,iye adalankhura ci fulenchi kwabwino kwambiri ndinaudzidwa pamene zinali kufunidwa koma zinali zokondweretsa ku malankhula ndi unyinji waukulu,Nyanja_NNF_Spk3_U_4dd67bcf74_Utterance_21_100_125.wav,14.09
NNF,F,Spk3,U_4dd67bcf74,100_125,Nyanja_NNF_Spk3_U_4dd67bcf74_Utterance_22,kodi atate ako ndi olola uyenera kupita ku sukulu ya anthu apamwamba mziko lapansi,Nyanja_NNF_Spk3_U_4dd67bcf74_Utterance_22_100_125.wav,8.63
NNF,F,Spk3,U_4dd67bcf74,100_125,Nyanja_NNF_Spk3_U_4dd67bcf74_Utterance_23,khalani okondwera pakati pa ife inatero mphepo ndi kuwala kwa dzuwa,Nyanja_NNF_Spk3_U_4dd67bcf74_Utterance_23_100_125.wav,7.895
NNF,F,Spk3,U_4dd67bcf74,100_125,Nyanja_NNF_Spk3_U_4dd67bcf74_Utterance_24,ndanali kucita mobwereza kupyolera mu mphanvu za bambo awa,Nyanja_NNF_Spk3_U_4dd67bcf74_Utterance_24_100_125.wav,5.705
NNF,F,Spk3,U_4dd67bcf74,100_125,Nyanja_NNF_Spk3_U_4dd67bcf74_Utterance_25,bambo harry towne bambo bartley alezxander a enginiya ocokera ku dziko la amelika,Nyanja_NNF_Spk3_U_4dd67bcf74_Utterance_25_100_125.wav,10.295
NNF,F,Spk3,U_4dd67bcf74,125_150,Nyanja_NNF_Spk3_U_4dd67bcf74_Utterance_1,iyi njira ikusunga cilungamo cakuti amuna onseanagulitsidwa mu ucimo,Nyanja_NNF_Spk3_U_4dd67bcf74_Utterance_1_125_150.wav,8.165
NNF,F,Spk3,U_4dd67bcf74,125_150,Nyanja_NNF_Spk3_U_4dd67bcf74_Utterance_2,analira atsikana acicepere ndipo mwa msanga anazima moto,Nyanja_NNF_Spk3_U_4dd67bcf74_Utterance_2_125_150.wav,6.02
NNF,F,Spk3,U_4dd67bcf74,125_150,Nyanja_NNF_Spk3_U_4dd67bcf74_Utterance_3,ndipo ndiwe waphindu leech will anawelewetsa  robin mowa umenewu wagwiradi nchito yodabwitsa,Nyanja_NNF_Spk3_U_4dd67bcf74_Utterance_3_125_150.wav,9.95
NNF,F,Spk3,U_4dd67bcf74,125_150,Nyanja_NNF_Spk3_U_4dd67bcf74_Utterance_4,pa zinthu zonse ndifunisintsa kuthesa nkhaniyi mwacisinsi ndiponso mwaubwino,Nyanja_NNF_Spk3_U_4dd67bcf74_Utterance_4_125_150.wav,8.015
NNF,F,Spk3,U_4dd67bcf74,125_150,Nyanja_NNF_Spk3_U_4dd67bcf74_Utterance_5,anthu ngati inu siochuka kwambiri cifukwa coti mwakhala muli kugwira nchito yanu kwa kanthawi  pamene muyenelera kuti mu zipumula,Nyanja_NNF_Spk3_U_4dd67bcf74_Utterance_5_125_150.wav,11.675
NNF,F,Spk3,U_4dd67bcf74,125_150,Nyanja_NNF_Spk3_U_4dd67bcf74_Utterance_6,caonekeratu kuti siuganiza za kupita komweko,Nyanja_NNF_Spk3_U_4dd67bcf74_Utterance_6_125_150.wav,5.315
NNF,F,Spk3,U_4dd67bcf74,125_150,Nyanja_NNF_Spk3_U_4dd67bcf74_Utterance_7,ndiganizira kuti ndi cifukwa coti ndi nyengo ya mainza  kodi muzayeneranso kuzidulanso,Nyanja_NNF_Spk3_U_4dd67bcf74_Utterance_7_125_150.wav,8.525
NNF,F,Spk3,U_4dd67bcf74,125_150,Nyanja_NNF_Spk3_U_4dd67bcf74_Utterance_8,zicitidwe zace sizinali za ukazipalile sizinalinso za okaana koma za munthu amene ali ndi mtima wokhazikika ndiponso wodekha,Nyanja_NNF_Spk3_U_4dd67bcf74_Utterance_8_125_150.wav,14.51
NNF,F,Spk3,U_4dd67bcf74,125_150,Nyanja_NNF_Spk3_U_4dd67bcf74_Utterance_9,sitinganene kuti sicimaoneka ngakhale pang'ono anatero koma zina mwa izo zinali za amai anga,Nyanja_NNF_Spk3_U_4dd67bcf74_Utterance_9_125_150.wav,9.005
NNF,F,Spk3,U_4dd67bcf74,125_150,Nyanja_NNF_Spk3_U_4dd67bcf74_Utterance_10,ico ndi cisote cabwino kwambiri iye anatero,Nyanja_NNF_Spk3_U_4dd67bcf74_Utterance_10_125_150.wav,8.345
NNF,F,Spk3,U_4dd67bcf74,125_150,Nyanja_NNF_Spk3_U_4dd67bcf74_Utterance_11,kodi wina anadziwa kuti umboni umeneyu uzakhalako kulibe ngakhale umodzi kusamalila pulinta,Nyanja_NNF_Spk3_U_4dd67bcf74_Utterance_11_125_150.wav,9.695
NNF,F,Spk3,U_4dd67bcf74,125_150,Nyanja_NNF_Spk3_U_4dd67bcf74_Utterance_12,ai tinakana pempho lao mwa ulemu ndithu mwa ubwino ndithu anatero oyenda wina wace wamg'ono,Nyanja_NNF_Spk3_U_4dd67bcf74_Utterance_12_125_150.wav,10.46
NNF,F,Spk3,U_4dd67bcf74,125_150,Nyanja_NNF_Spk3_U_4dd67bcf74_Utterance_13,pa ndevu za odin ndinalila watenga kutseka kwathu ngati muntu wa cimuuna,Nyanja_NNF_Spk3_U_4dd67bcf74_Utterance_13_125_150.wav,8.345
NNF,F,Spk3,U_4dd67bcf74,125_150,Nyanja_NNF_Spk3_U_4dd67bcf74_Utterance_14,comela ngati cija pa nyumba ya amfumu ku paris inali cionetsero ca pa kanthawi kochepa,Nyanja_NNF_Spk3_U_4dd67bcf74_Utterance_14_125_150.wav,8.57
NNF,F,Spk3,U_4dd67bcf74,125_150,Nyanja_NNF_Spk3_U_4dd67bcf74_Utterance_15,nciani cimene munthu  sangathere kucitira zonse ndi kuwerenga zonse,Nyanja_NNF_Spk3_U_4dd67bcf74_Utterance_15_125_150.wav,8.345
NNF,F,Spk3,U_4dd67bcf74,125_150,Nyanja_NNF_Spk3_U_4dd67bcf74_Utterance_16,m'mene timasangalasidwa ndi anthu poyamba kuli mu njira zisanu ndi zinai pa njira khumi kusangalasidwa kwa coonadi,Nyanja_NNF_Spk3_U_4dd67bcf74_Utterance_16_125_150.wav,10.34
NNF,F,Spk3,U_4dd67bcf74,125_150,Nyanja_NNF_Spk3_U_4dd67bcf74_Utterance_17,zizo zolengedwa zazikulu zinapandana ndi unyama otheratu,Nyanja_NNF_Spk3_U_4dd67bcf74_Utterance_17_125_150.wav,8.345
NNF,F,Spk3,U_4dd67bcf74,125_150,Nyanja_NNF_Spk3_U_4dd67bcf74_Utterance_18,inde koma anthu aku meridia ocokela ku umfumu wa mfumu palais ndiwo amene alingana kwabatsi,Nyanja_NNF_Spk3_U_4dd67bcf74_Utterance_18_125_150.wav,8.69
NNF,F,Spk3,U_4dd67bcf74,125_150,Nyanja_NNF_Spk3_U_4dd67bcf74_Utterance_19,ukulingana ndi ine lakeleulibe mantha ndipo uli osafooka ndiponso uli wa cifundo,Nyanja_NNF_Spk3_U_4dd67bcf74_Utterance_19_125_150.wav,8.345
NNF,F,Spk3,U_4dd67bcf74,125_150,Nyanja_NNF_Spk3_U_4dd67bcf74_Utterance_20,bambo edisoni anali mtsogoleri amene anali patali kwambiri ndi nthawi,Nyanja_NNF_Spk3_U_4dd67bcf74_Utterance_20_125_150.wav,8.345
NNF,F,Spk3,U_4dd67bcf74,125_150,Nyanja_NNF_Spk3_U_4dd67bcf74_Utterance_21,kunalibe mpata oti mwina kungakhale kusintha cipinda cace cogonamo citabweretsedwa pafupi ndi m'mene mugona bambo gamewell,Nyanja_NNF_Spk3_U_4dd67bcf74_Utterance_21_125_150.wav,10.28
NNF,F,Spk3,U_4dd67bcf74,125_150,Nyanja_NNF_Spk3_U_4dd67bcf74_Utterance_22,kodi ukumbuka kuyenda kwathu koyamba tili mu mzinda wa paris,Nyanja_NNF_Spk3_U_4dd67bcf74_Utterance_22_125_150.wav,8.345
NNF,F,Spk3,U_4dd67bcf74,125_150,Nyanja_NNF_Spk3_U_4dd67bcf74_Utterance_23,anakondwera  kopoosa ndipo anapha mwaulesi pamene marie anabwera kuzatenga koffi,Nyanja_NNF_Spk3_U_4dd67bcf74_Utterance_23_125_150.wav,8.345
NNF,F,Spk3,U_4dd67bcf74,125_150,Nyanja_NNF_Spk3_U_4dd67bcf74_Utterance_24,kamodzi molinganiza phaphiko koma anaziyendetsa ndipo mwacangu anabweranso kuti azawerenge nkhani,Nyanja_NNF_Spk3_U_4dd67bcf74_Utterance_24_125_150.wav,8.345
NNF,F,Spk3,U_4dd67bcf74,125_150,Nyanja_NNF_Spk3_U_4dd67bcf74_Utterance_25,bambo kennington oval ndi munthu odziwa bwino kwambiri kusewera masewera anatero akazi anga,Nyanja_NNF_Spk3_U_4dd67bcf74_Utterance_25_125_150.wav,8.345
NNF,F,Spk1,U_b79aa78dc5,25_50,Nyanja_NNF_Spk1_U_b79aa78dc5_Utterance_1,palibe kuda nkhawa za mayendedwe a nthawi zaimai azasatilapo,Nyanja_NNF_Spk1_U_b79aa78dc5_Utterance_1_25_50.wav,6.722
NNF,F,Spk1,U_b79aa78dc5,25_50,Nyanja_NNF_Spk1_U_b79aa78dc5_Utterance_2,mtima wa sitefani unayamba kupindika ndi kubisika ndi mantha ngati duwa imene ikuuma.,Nyanja_NNF_Spk1_U_b79aa78dc5_Utterance_2_25_50.wav,10.333
NNF,F,Spk1,U_b79aa78dc5,25_50,Nyanja_NNF_Spk1_U_b79aa78dc5_Utterance_3,zomasulila zina zimapezeka mkati mwa zidunswa za filimu zikuwala ndi nkhani ndi zionesero za mkati mwake,Nyanja_NNF_Spk1_U_b79aa78dc5_Utterance_3_25_50.wav,12.121
NNF,F,Spk1,U_b79aa78dc5,25_50,Nyanja_NNF_Spk1_U_b79aa78dc5_Utterance_4,ngati mzako akhala otangwanika muzicitidwe zace akhala mdyelekedzi,Nyanja_NNF_Spk1_U_b79aa78dc5_Utterance_4_25_50.wav,8.824
NNF,F,Spk1,U_b79aa78dc5,25_50,Nyanja_NNF_Spk1_U_b79aa78dc5_Utterance_5,pa kanthwi ndithu iye anagona pampando wace ndikumanva bwino ali kulota zokoma pa dzuwa ndi mbalame ndi mtengo,Nyanja_NNF_Spk1_U_b79aa78dc5_Utterance_5_25_50.wav,14.431
NNF,F,Spk1,U_b79aa78dc5,25_50,Nyanja_NNF_Spk1_U_b79aa78dc5_Utterance_6,segulani mitima yanu ndi kuzipeteka mu maphiko ankhunda onyowa,Nyanja_NNF_Spk1_U_b79aa78dc5_Utterance_6_25_50.wav,8.408
NNF,F,Spk1,U_b79aa78dc5,25_50,Nyanja_NNF_Spk1_U_b79aa78dc5_Utterance_7,pamathero azonse gulu limodzi linapita mosangalara ndipo gulu linali linakhala yekha ndiponso lodabwa,Nyanja_NNF_Spk1_U_b79aa78dc5_Utterance_7_25_50.wav,13.826
NNF,F,Spk1,U_b79aa78dc5,25_50,Nyanja_NNF_Spk1_U_b79aa78dc5_Utterance_8,zilombo ziwiri zinali cabemsokonezoumeneyu onse ndipo patsogolo pa maso anga ndikuona nyama zakumtunda ziwiei za mthengo,Nyanja_NNF_Spk1_U_b79aa78dc5_Utterance_8_25_50.wav,16.049
NNF,F,Spk1,U_b79aa78dc5,25_50,Nyanja_NNF_Spk1_U_b79aa78dc5_Utterance_9,ngati munthu amene simbutsa mu zaubatizo athira madzi asananene mau kodi mwana abatidzika,Nyanja_NNF_Spk1_U_b79aa78dc5_Utterance_9_25_50.wav,11.687
NNF,F,Spk1,U_b79aa78dc5,25_50,Nyanja_NNF_Spk1_U_b79aa78dc5_Utterance_10,zicitidwe zace ndi kukhuzidwa kwace pa kucitika kwa zinthu mwazizizi zinali zosabitsika,Nyanja_NNF_Spk1_U_b79aa78dc5_Utterance_10_25_50.wav,12.144
NNF,F,Spk1,U_b79aa78dc5,25_50,Nyanja_NNF_Spk1_U_b79aa78dc5_Utterance_11,nyengo ngati kuti tanena mau amenewo izasintha nthawi iliyonse,Nyanja_NNF_Spk1_U_b79aa78dc5_Utterance_11_25_50.wav,8.522
NNF,F,Spk1,U_b79aa78dc5,25_50,Nyanja_NNF_Spk1_U_b79aa78dc5_Utterance_12,mu dzina zambiri ikoma osati mu zonse osatinso kucita zimodzimodzi mwa kanthawi ka katali magulu awiriwa amagwirizana,Nyanja_NNF_Spk1_U_b79aa78dc5_Utterance_12_25_50.wav,16.44
NNF,F,Spk1,U_b79aa78dc5,25_50,Nyanja_NNF_Spk1_U_b79aa78dc5_Utterance_13,nkhakhala kanalikakang'ono conco kanali katalengetsa kusiyana kweni-kweni ku mbali ya cipindaco,Nyanja_NNF_Spk1_U_b79aa78dc5_Utterance_13_25_50.wav,10.716
NNF,F,Spk1,U_b79aa78dc5,25_50,Nyanja_NNF_Spk1_U_b79aa78dc5_Utterance_14,mwakamodzi cabemunjira ina ninaonetsa poyera kuti ndine mu pulofeti,Nyanja_NNF_Spk1_U_b79aa78dc5_Utterance_14_25_50.wav,8.081
NNF,F,Spk1,U_b79aa78dc5,25_50,Nyanja_NNF_Spk1_U_b79aa78dc5_Utterance_15,iye anapitila mwa henley albans nabwera pafupi kwambiri ndi dziko london ngati gejo (citsulo colimira) pa culu,Nyanja_NNF_Spk1_U_b79aa78dc5_Utterance_15_25_50.wav,15.441
NNF,F,Spk1,U_b79aa78dc5,25_50,Nyanja_NNF_Spk1_U_b79aa78dc5_Utterance_16,zomwe ndilankhula zonse zili pa inu,Nyanja_NNF_Spk1_U_b79aa78dc5_Utterance_16_25_50.wav,4.795
NNF,F,Spk1,U_b79aa78dc5,25_50,Nyanja_NNF_Spk1_U_b79aa78dc5_Utterance_17,inde ndipo abwera onse kumayeso awa inde,Nyanja_NNF_Spk1_U_b79aa78dc5_Utterance_17_25_50.wav,5.933
NNF,F,Spk1,U_b79aa78dc5,25_50,Nyanja_NNF_Spk1_U_b79aa78dc5_Utterance_18,ndizapatsidwirapo cilango tsopano ndiganiza kuti ndi kupyolera kundimwetsera mu misozi yanga,Nyanja_NNF_Spk1_U_b79aa78dc5_Utterance_18_25_50.wav,13.061
NNF,F,Spk1,U_b79aa78dc5,25_50,Nyanja_NNF_Spk1_U_b79aa78dc5_Utterance_19,kabweredwe ka anthu kunali kwakukulu mosayembekedzeleka ndipo asikana anali wosangalala kwabasi ataoneratu kupambana kwao mu phwando lao/cokondwerero cao,Nyanja_NNF_Spk1_U_b79aa78dc5_Utterance_19_25_50.wav,23.866
NNF,F,Spk1,U_b79aa78dc5,25_50,Nyanja_NNF_Spk1_U_b79aa78dc5_Utterance_20,ndipo anaponya manja mu lhosa la msuweni wace ndipo lakele ocenjera uja anayamba kucotsa misozi,Nyanja_NNF_Spk1_U_b79aa78dc5_Utterance_20_25_50.wav,14.919
NNF,F,Spk1,U_b79aa78dc5,25_50,Nyanja_NNF_Spk1_U_b79aa78dc5_Utterance_21,ndinali kuganiza kuti ndi zolingana kwabatsi ndi khadi imene ili ndi mtima pa makhadi a njuga anayankha kapitawo ali kusekelela mwapangono,Nyanja_NNF_Spk1_U_b79aa78dc5_Utterance_21_25_50.wav,19.622
NNF,F,Spk1,U_b79aa78dc5,25_50,Nyanja_NNF_Spk1_U_b79aa78dc5_Utterance_22,ndakatulo zina za soloni zinanenedwanso ndi anyamata,Nyanja_NNF_Spk1_U_b79aa78dc5_Utterance_22_25_50.wav,6.165
NNF,F,Spk1,U_b79aa78dc5,25_50,Nyanja_NNF_Spk1_U_b79aa78dc5_Utterance_23,sindizakhalanso woipa mtima onse anatero boolooroo uokalamba  ndizasintha njira zanga zoipa,Nyanja_NNF_Spk1_U_b79aa78dc5_Utterance_23_25_50.wav,15.058
NNF,F,Spk1,U_b79aa78dc5,25_50,Nyanja_NNF_Spk1_U_b79aa78dc5_Utterance_24,ndinalowa ndipon ndinakutenga mwacisinsi kulingana ndi zomwe tinakambirana pa gome yakumbali ija,Nyanja_NNF_Spk1_U_b79aa78dc5_Utterance_24_25_50.wav,12.794
NNF,F,Spk1,U_b79aa78dc5,25_50,Nyanja_NNF_Spk1_U_b79aa78dc5_Utterance_25,nanga za famu olafu zikalibe kutheka ndinayankha nati kuyenda ma ulendo aatali cimakoma nthawi ya cilimwe,Nyanja_NNF_Spk1_U_b79aa78dc5_Utterance_25_25_50.wav,18.321
NNF,F,Spk1,U_b79aa78dc5,0_25,Nyanja_NNF_Spk1_U_b79aa78dc5_Utterance_1,ndicokondweretsa kuona zinthu zonse zikupita mwacangu patsogoro ndikucitika,Nyanja_NNF_Spk1_U_b79aa78dc5_Utterance_1_0_25.wav,8.649
NNF,F,Spk1,U_b79aa78dc5,0_25,Nyanja_NNF_Spk1_U_b79aa78dc5_Utterance_2,koma ukhulupilira m'maphunziro anafunsa maliya,Nyanja_NNF_Spk1_U_b79aa78dc5_Utterance_2_0_25.wav,5.317
NNF,F,Spk1,U_b79aa78dc5,0_25,Nyanja_NNF_Spk1_U_b79aa78dc5_Utterance_3,ngati mokhutilitsidwa ndi kucingililidwa kwace mtsilikali anatsiya malo ace ndi kulowa m'menemo,Nyanja_NNF_Spk1_U_b79aa78dc5_Utterance_3_0_25.wav,10.355
NNF,F,Spk1,U_b79aa78dc5,0_25,Nyanja_NNF_Spk1_U_b79aa78dc5_Utterance_4,kodi sizinali zokhutilitsa kunena kucokera kwa ambuye mulungu,Nyanja_NNF_Spk1_U_b79aa78dc5_Utterance_4_0_25.wav,7.43
NNF,F,Spk1,U_b79aa78dc5,0_25,Nyanja_NNF_Spk1_U_b79aa78dc5_Utterance_5,mopambana kuipa kwace tomu mopambana kuipa kwace anatero kapitawo wa mundende mokwiya,Nyanja_NNF_Spk1_U_b79aa78dc5_Utterance_5_0_25.wav,12.873
NNF,F,Spk1,U_b79aa78dc5,0_25,Nyanja_NNF_Spk1_U_b79aa78dc5_Utterance_6,khwangwala anakhala pa msambo wa mtengo namayangana nyama yosakidwa ili kusamba mu madzi munsimo,Nyanja_NNF_Spk1_U_b79aa78dc5_Utterance_6_0_25.wav,13.312
NNF,F,Spk1,U_b79aa78dc5,0_25,Nyanja_NNF_Spk1_U_b79aa78dc5_Utterance_7,izo tsopano zinali zoganiza zace zabwino ana akhanda awiri conco,Nyanja_NNF_Spk1_U_b79aa78dc5_Utterance_7_0_25.wav,8.587
NNF,F,Spk1,U_b79aa78dc5,0_25,Nyanja_NNF_Spk1_U_b79aa78dc5_Utterance_8,zinthu zazing'ono za mu umphawi analira cynthia aganizireni uti anali atabwezedwa zaka zonsezi zapitazi,Nyanja_NNF_Spk1_U_b79aa78dc5_Utterance_8_0_25.wav,13.688
NNF,F,Spk1,U_b79aa78dc5,0_25,Nyanja_NNF_Spk1_U_b79aa78dc5_Utterance_9,sindizanjenjemera mawa unaganiza tero mtengo wa mkuyu,Nyanja_NNF_Spk1_U_b79aa78dc5_Utterance_9_0_25.wav,7.558
NNF,F,Spk1,U_b79aa78dc5,0_25,Nyanja_NNF_Spk1_U_b79aa78dc5_Utterance_10,iwo anayenda mobwelera pang'ono kucoka pa njira nazigwededza modziwitsa wojambura uja kuti alowe,Nyanja_NNF_Spk1_U_b79aa78dc5_Utterance_10_0_25.wav,15.343
NNF,F,Spk1,U_b79aa78dc5,0_25,Nyanja_NNF_Spk1_U_b79aa78dc5_Utterance_11,ngati coletsedwa cocuuka kwambiri m'mene kugonana kungaimitsidwe koma sikungathe kuletsdwa nthawi ya pikiniki,Nyanja_NNF_Spk1_U_b79aa78dc5_Utterance_11_0_25.wav,12.822
NNF,F,Spk1,U_b79aa78dc5,0_25,Nyanja_NNF_Spk1_U_b79aa78dc5_Utterance_12,koma sitisamala konse ndipo tipanga cimo kukhala cinthu copepeka,Nyanja_NNF_Spk1_U_b79aa78dc5_Utterance_12_0_25.wav,8.986
NNF,F,Spk1,U_b79aa78dc5,0_25,Nyanja_NNF_Spk1_U_b79aa78dc5_Utterance_13,pulasitala (chigodo) ina yocepa yopakidwa kucipupa ca nyumba yotulutsira utsi inagwa pansi ndi kundicititsa mantha kutheratu,Nyanja_NNF_Spk1_U_b79aa78dc5_Utterance_13_0_25.wav,17.252
NNF,F,Spk1,U_b79aa78dc5,0_25,Nyanja_NNF_Spk1_U_b79aa78dc5_Utterance_14,muzandilola ine kuganizila njira zina anatero monena kuti izo ndi kulingana ndi zoganiza za munthu,Nyanja_NNF_Spk1_U_b79aa78dc5_Utterance_14_0_25.wav,11.72
NNF,F,Spk1,U_b79aa78dc5,0_25,Nyanja_NNF_Spk1_U_b79aa78dc5_Utterance_15,cilibe kukongola kuli konse copanda kukongola kosiyanako munjira iliyonse ndipo mizela yace yonse ndi yopanikizani ndi yosaoneka bwino,Nyanja_NNF_Spk1_U_b79aa78dc5_Utterance_15_0_25.wav,18.988
NNF,F,Spk1,U_b79aa78dc5,0_25,Nyanja_NNF_Spk1_U_b79aa78dc5_Utterance_16,unamsiya mu mpando ukufunsa kuti mpando uti uli pafupi ndi dzenera,Nyanja_NNF_Spk1_U_b79aa78dc5_Utterance_16_0_25.wav,10.355
NNF,F,Spk1,U_b79aa78dc5,0_25,Nyanja_NNF_Spk1_U_b79aa78dc5_Utterance_17,taima pomwepo ninatero ndikuona ndi kudabwa zolephera zanga,Nyanja_NNF_Spk1_U_b79aa78dc5_Utterance_17_0_25.wav,8.99
NNF,F,Spk1,U_b79aa78dc5,0_25,Nyanja_NNF_Spk1_U_b79aa78dc5_Utterance_18,cikanakhala bwino kwambiri ngati kuti akadalankhula pa zomanga cibwenzi ca anthu,Nyanja_NNF_Spk1_U_b79aa78dc5_Utterance_18_0_25.wav,11.064
NNF,F,Spk1,U_b79aa78dc5,0_25,Nyanja_NNF_Spk1_U_b79aa78dc5_Utterance_19,songasonga yogomoka ya mwala wa lidi inali itaikidwa pomwepo nayonso,Nyanja_NNF_Spk1_U_b79aa78dc5_Utterance_19_0_25.wav,8.882
NNF,F,Spk1,U_b79aa78dc5,0_25,Nyanja_NNF_Spk1_U_b79aa78dc5_Utterance_20,kumene kunali mlili wa bwato imene inagwera pamadzi nthawi yomweyo  iwo anabwera pafupi koma osati pafupi kwenekweni kotero kuti angathe kuona ciliconse,Nyanja_NNF_Spk1_U_b79aa78dc5_Utterance_20_0_25.wav,18.92
NNF,F,Spk1,U_b79aa78dc5,0_25,Nyanja_NNF_Spk1_U_b79aa78dc5_Utterance_21,ncifukwa ninji ili mu missouri ca kumalire ndiganizira tero tizatenga mapu,Nyanja_NNF_Spk1_U_b79aa78dc5_Utterance_21_0_25.wav,10.716
NNF,F,Spk1,U_b79aa78dc5,0_25,Nyanja_NNF_Spk1_U_b79aa78dc5_Utterance_22,msokonezo umene changu cake cinathandizira unali cifukwa ca kusadziwa kwake iye mwine,Nyanja_NNF_Spk1_U_b79aa78dc5_Utterance_22_0_25.wav,12.454
NNF,F,Spk1,U_b79aa78dc5,0_25,Nyanja_NNF_Spk1_U_b79aa78dc5_Utterance_23,anafunsa  phronsie ndi pa maso pace pa pang'ono  patayandikila ndi pamaso pa polli,Nyanja_NNF_Spk1_U_b79aa78dc5_Utterance_23_0_25.wav,9.621
NNF,F,Spk1,U_b79aa78dc5,0_25,Nyanja_NNF_Spk1_U_b79aa78dc5_Utterance_24,kagwiritsa nchito zinthu zamene zidyedwa ngati umboni wa kukhala ndi cuuma kuyenera kuikidwa ngati kukula mocotsera,Nyanja_NNF_Spk1_U_b79aa78dc5_Utterance_24_0_25.wav,16.588
NNF,F,Spk1,U_b79aa78dc5,0_25,Nyanja_NNF_Spk1_U_b79aa78dc5_Utterance_25,ayenera kuti iye anazipanga mosayenera zimenezi onani ngati pamaso pace panali pooneke mosabvutikira,Nyanja_NNF_Spk1_U_b79aa78dc5_Utterance_25_0_25.wav,14.375
NNF,F,Spk2,U_4e66c20dab,50_75,Nyanja_NNF_Spk2_U_4e66c20dab_Utterance_1,m'mawa  mnyanyito ndi ogwira nchito ta mu nyumba anabwera,Nyanja_NNF_Spk2_U_4e66c20dab_Utterance_1_50_75.wav,4.998
NNF,F,Spk2,U_4e66c20dab,50_75,Nyanja_NNF_Spk2_U_4e66c20dab_Utterance_2,adamsiya  iye pomwe woyanganira ndende atabwera kutsegula citseko comwe ciitakhomedwa ndi kumpelekedza ku ofesi,Nyanja_NNF_Spk2_U_4e66c20dab_Utterance_2_50_75.wav,8.839
NNF,F,Spk2,U_4e66c20dab,50_75,Nyanja_NNF_Spk2_U_4e66c20dab_Utterance_3,tabi anawathangata ku ubwana wao iwo ngakhale ena aliyense sayenera kumthangata mu kufooka ndi ukalamba wao,Nyanja_NNF_Spk2_U_4e66c20dab_Utterance_3_50_75.wav,8.745
NNF,F,Spk2,U_4e66c20dab,50_75,Nyanja_NNF_Spk2_U_4e66c20dab_Utterance_4,muzandipeza ndikulankhula mosalekedza za azibambo anai titiani holbeni turner ndi titoret munjira zimodzi-modzi,Nyanja_NNF_Spk2_U_4e66c20dab_Utterance_4_50_75.wav,12.651
NNF,F,Spk2,U_4e66c20dab,50_75,Nyanja_NNF_Spk2_U_4e66c20dab_Utterance_5,wanena zokwanira anatero george gamewell mwamsanga nabwerera ku gulu ya anthu,Nyanja_NNF_Spk2_U_4e66c20dab_Utterance_5_50_75.wav,8.432
NNF,F,Spk2,U_4e66c20dab,50_75,Nyanja_NNF_Spk2_U_4e66c20dab_Utterance_6,kodi azayamba nyuzipepala yace imene izituluka tsiku ndi tsiku pakati pa anthu a gulu la kick a poos,Nyanja_NNF_Spk2_U_4e66c20dab_Utterance_6_50_75.wav,9.932
NNF,F,Spk2,U_4e66c20dab,50_75,Nyanja_NNF_Spk2_U_4e66c20dab_Utterance_7,mumitengo kubwaroko kunaimilira ka mtsikana pa cimtengo wa mkungudza,Nyanja_NNF_Spk2_U_4e66c20dab_Utterance_7_50_75.wav,6.183
NNF,F,Spk2,U_4e66c20dab,50_75,Nyanja_NNF_Spk2_U_4e66c20dab_Utterance_8,mtengere kubwaloko ndipo mleke alawe mpeni omenyera nkhondo wakoyo,Nyanja_NNF_Spk2_U_4e66c20dab_Utterance_8_50_75.wav,6.37
NNF,F,Spk2,U_4e66c20dab,50_75,Nyanja_NNF_Spk2_U_4e66c20dab_Utterance_9,pamene anali pabwalo amalume anatseka citseko ndikutsegula njira,Nyanja_NNF_Spk2_U_4e66c20dab_Utterance_9_50_75.wav,5.933
NNF,F,Spk2,U_4e66c20dab,50_75,Nyanja_NNF_Spk2_U_4e66c20dab_Utterance_10,iye anayamba kudandaula motangwanika  pa mfiti imene inathawira kumbuyo kwa cinsala cotchingira  pa dzenera ku dzanja lamanzere,Nyanja_NNF_Spk2_U_4e66c20dab_Utterance_10_50_75.wav,9.557
NNF,F,Spk2,U_4e66c20dab,50_75,Nyanja_NNF_Spk2_U_4e66c20dab_Utterance_11,ndizafunsa cinthu camene simungaganinizire koma ndiyenera kukhala ndi cinthu cina,Nyanja_NNF_Spk2_U_4e66c20dab_Utterance_11_50_75.wav,7.026
NNF,F,Spk2,U_4e66c20dab,50_75,Nyanja_NNF_Spk2_U_4e66c20dab_Utterance_12,kutada msanga magetsi a chikasu azasanika/azawala apa ndi apondipo kuja kumanyumba onyansa a ma hule,Nyanja_NNF_Spk2_U_4e66c20dab_Utterance_12_50_75.wav,11.964
NNF,F,Spk2,U_4e66c20dab,50_75,Nyanja_NNF_Spk2_U_4e66c20dab_Utterance_13,mwansanga-msanga  servadaki anathamangira ndikukwera pamwamba pa phiri lalitari,Nyanja_NNF_Spk2_U_4e66c20dab_Utterance_13_50_75.wav,6.87
NNF,F,Spk2,U_4e66c20dab,50_75,Nyanja_NNF_Spk2_U_4e66c20dab_Utterance_14,bwera tizamwa kofi  yathu mucipinda cina ndipo uzatha kutsuta fodya,Nyanja_NNF_Spk2_U_4e66c20dab_Utterance_14_50_75.wav,4.995
NNF,F,Spk2,U_4e66c20dab,50_75,Nyanja_NNF_Spk2_U_4e66c20dab_Utterance_15,kumbali ina sitiyenera kuwaganizira kukhala oipitsitsa kotero kuti tingataye mtima,Nyanja_NNF_Spk2_U_4e66c20dab_Utterance_15_50_75.wav,6.151
NNF,F,Spk2,U_4e66c20dab,50_75,Nyanja_NNF_Spk2_U_4e66c20dab_Utterance_16,nthawi imineyo sindinadziwe ubwino wa utumiki,Nyanja_NNF_Spk2_U_4e66c20dab_Utterance_16_50_75.wav,4.464
NNF,F,Spk2,U_4e66c20dab,50_75,Nyanja_NNF_Spk2_U_4e66c20dab_Utterance_17,a dachi aku southbridge kupita ku lord reggie ai raggie kodi nciani ukunena,Nyanja_NNF_Spk2_U_4e66c20dab_Utterance_17_50_75.wav,8.464
NNF,F,Spk2,U_4e66c20dab,50_75,Nyanja_NNF_Spk2_U_4e66c20dab_Utterance_18,ndipo ndizayambira ndi ulaliki mwacidule pa kulankhula kwa munthu yekha,Nyanja_NNF_Spk2_U_4e66c20dab_Utterance_18_50_75.wav,6.839
NNF,F,Spk2,U_4e66c20dab,50_75,Nyanja_NNF_Spk2_U_4e66c20dab_Utterance_19,kumapsya kopanda kuleka kumauluka momwemo ndiye cimene cionetsa  nzeru zakuya modabwitsa,Nyanja_NNF_Spk2_U_4e66c20dab_Utterance_19_50_75.wav,8.182
NNF,F,Spk2,U_4e66c20dab,50_75,Nyanja_NNF_Spk2_U_4e66c20dab_Utterance_20,inde izo ndizo ananena koma ine ndiganiza kuti zinapambana apo,Nyanja_NNF_Spk2_U_4e66c20dab_Utterance_20_50_75.wav,7.276
NNF,F,Spk2,U_4e66c20dab,50_75,Nyanja_NNF_Spk2_U_4e66c20dab_Utterance_21,ndatenga ii nati yankho yanga ndipo ndasiya pulofesa (mkulu wa maphunziro apamwamba) okwiya cifukwa ca kulephera kudikhira,Nyanja_NNF_Spk2_U_4e66c20dab_Utterance_21_50_75.wav,10.026
NNF,F,Spk2,U_4e66c20dab,50_75,Nyanja_NNF_Spk2_U_4e66c20dab_Utterance_22,sindinakhale ndi mantha alionse ngati ndinagwira bwino nchito anatero bambo wacikulire mosasamala,Nyanja_NNF_Spk2_U_4e66c20dab_Utterance_22_50_75.wav,8.339
NNF,F,Spk2,U_4e66c20dab,50_75,Nyanja_NNF_Spk2_U_4e66c20dab_Utterance_23,ma mita anapitilizabe kugwiritsidwa nchito ku anthu mu caka ca 1899 mwinamwace mphaka ku mathero a zaka makhumi khuminthawi imineyo,Nyanja_NNF_Spk2_U_4e66c20dab_Utterance_23_50_75.wav,13.214
NNF,F,Spk2,U_4e66c20dab,50_75,Nyanja_NNF_Spk2_U_4e66c20dab_Utterance_24,keswick mwezi wa kafukulila matsiku makhumi awiri ndi awiri mwezi wa 1837 kwa inu mai,Nyanja_NNF_Spk2_U_4e66c20dab_Utterance_24_50_75.wav,8.089
NNF,F,Spk2,U_4e66c20dab,50_75,Nyanja_NNF_Spk2_U_4e66c20dab_Utterance_25,iye  anali ndicikhulupiliro mwaiye cimene cingathe kucotsa ma phiri,Nyanja_NNF_Spk2_U_4e66c20dab_Utterance_25_50_75.wav,6.058
NNF,F,Spk2,U_4e66c20dab,75_100,Nyanja_NNF_Spk2_U_4e66c20dab_Utterance_1,sindinaganizire zokonkha njira zocitira mosamala potsegula motulukila utsi,Nyanja_NNF_Spk2_U_4e66c20dab_Utterance_1_75_100.wav,5.776
NNF,F,Spk2,U_4e66c20dab,75_100,Nyanja_NNF_Spk2_U_4e66c20dab_Utterance_2,westmere ndi ine tinabweranso titatha chigawo coyamba koma tinaganiza kuti iye anaoneka osadzidziwa bwino,Nyanja_NNF_Spk2_U_4e66c20dab_Utterance_2_75_100.wav,9.182
NNF,F,Spk2,U_4e66c20dab,75_100,Nyanja_NNF_Spk2_U_4e66c20dab_Utterance_3,anasegula kosaneneka njira yoyenera kulowera mu msasa robin mwadzidzidzi anathamangirako ndi zobvuta zace ali kufuula mokweza,Nyanja_NNF_Spk2_U_4e66c20dab_Utterance_3_75_100.wav,9.339
NNF,F,Spk2,U_4e66c20dab,75_100,Nyanja_NNF_Spk2_U_4e66c20dab_Utterance_4,sevadaki anafuula mokweza ali kuonaetsetsa mu telesikopu  mosagwedezea,Nyanja_NNF_Spk2_U_4e66c20dab_Utterance_4_75_100.wav,6.026
NNF,F,Spk2,U_4e66c20dab,75_100,Nyanja_NNF_Spk2_U_4e66c20dab_Utterance_5,nguba sizimera pa mwamba pampesa  koma pansi pa mizyu imene ioeka monga cinangwa,Nyanja_NNF_Spk2_U_4e66c20dab_Utterance_5_75_100.wav,6.808
NNF,F,Spk2,U_4e66c20dab,75_100,Nyanja_NNF_Spk2_U_4e66c20dab_Utterance_6,ndizatengako dothi yakudayi napita nayo pamodzi nditimitengo topangila maphensulo tsalani bwino,Nyanja_NNF_Spk2_U_4e66c20dab_Utterance_6_75_100.wav,7.62
NNF,F,Spk2,U_4e66c20dab,75_100,Nyanja_NNF_Spk2_U_4e66c20dab_Utterance_7,ngati iye asamal;ira kulumbira kwace ku modzi nchito yace iyenera kuthesedwa pa nyenyezi ya umoyo wake isanalankhulidwe,Nyanja_NNF_Spk2_U_4e66c20dab_Utterance_7_75_100.wav,10.62
NNF,F,Spk2,U_4e66c20dab,75_100,Nyanja_NNF_Spk2_U_4e66c20dab_Utterance_8,ndipo ndikunenetsa ico ndi coipa mmene zilili tero,Nyanja_NNF_Spk2_U_4e66c20dab_Utterance_8_75_100.wav,5.058
NNF,F,Spk2,U_4e66c20dab,75_100,Nyanja_NNF_Spk2_U_4e66c20dab_Utterance_9,munandipatsa zisanu mobweleza ine ndifuna zobweleza zisanu ndi zinai hallo  kodi ndiwe horatio hamlet akulankhura,Nyanja_NNF_Spk2_U_4e66c20dab_Utterance_9_75_100.wav,11.432
NNF,F,Spk2,U_4e66c20dab,75_100,Nyanja_NNF_Spk2_U_4e66c20dab_Utterance_10,iye anawapempha kuti azawaone mu mzinda wa chelsea  ndipo analankhula zabwino kwambiri kumbali ya hilda,Nyanja_NNF_Spk2_U_4e66c20dab_Utterance_10_75_100.wav,8.964
NNF,F,Spk2,U_4e66c20dab,75_100,Nyanja_NNF_Spk2_U_4e66c20dab_Utterance_11,inde cinacake zonse anatero lakele mwansanga-msanga akuona duwa mosakondwa imene anali kugwiragwira ndi manja ace,Nyanja_NNF_Spk2_U_4e66c20dab_Utterance_11_75_100.wav,11.307
NNF,F,Spk2,U_4e66c20dab,75_100,Nyanja_NNF_Spk2_U_4e66c20dab_Utterance_12,mu umoyo wanga wa ndekha-ndekha iyi inali pwando/msonkhano wabwino,Nyanja_NNF_Spk2_U_4e66c20dab_Utterance_12_75_100.wav,6.12
NNF,F,Spk2,U_4e66c20dab,75_100,Nyanja_NNF_Spk2_U_4e66c20dab_Utterance_13,mwadzidzidzi anamunva pa citseko comweco kunalibe njira yothawiramo iliyonse,Nyanja_NNF_Spk2_U_4e66c20dab_Utterance_13_75_100.wav,7.87
NNF,F,Spk2,U_4e66c20dab,75_100,Nyanja_NNF_Spk2_U_4e66c20dab_Utterance_14,indetu ndipo cinthu cina cabwino cinthu cina cacikulupo cizayenerabe kukutsatani kapena chifukwa chake ayenera kundikongoletsa,Nyanja_NNF_Spk2_U_4e66c20dab_Utterance_14_75_100.wav,12.901
NNF,F,Spk2,U_4e66c20dab,75_100,Nyanja_NNF_Spk2_U_4e66c20dab_Utterance_15,uku cimadzibitsa mu mau amene agwiritsidwa ncito kufananitsa zinthu zosiyana,Nyanja_NNF_Spk2_U_4e66c20dab_Utterance_15_75_100.wav,7.87
NNF,F,Spk2,U_4e66c20dab,75_100,Nyanja_NNF_Spk2_U_4e66c20dab_Utterance_16,koma ndinagwebana naye munthuyu kuma ndipo ndidziwa kuti anacita masewera ace mosayenera mu mpikisano wa ciwiri,Nyanja_NNF_Spk2_U_4e66c20dab_Utterance_16_75_100.wav,10.151
NNF,F,Spk2,U_4e66c20dab,75_100,Nyanja_NNF_Spk2_U_4e66c20dab_Utterance_17,makhalidwe ao oganizilidwa cabe anasintha kulingana ndi kusintha kwa mwai kapena zofuna,Nyanja_NNF_Spk2_U_4e66c20dab_Utterance_17_75_100.wav,7.964
NNF,F,Spk2,U_4e66c20dab,75_100,Nyanja_NNF_Spk2_U_4e66c20dab_Utterance_18,mphundu mzace wa mwamuna anacita cinthu cimene iye sanakondwere naco ndipo aanatembenuzila cithunzithunzi cake ku cipupa,Nyanja_NNF_Spk2_U_4e66c20dab_Utterance_18_75_100.wav,10.057
NNF,F,Spk2,U_4e66c20dab,75_100,Nyanja_NNF_Spk2_U_4e66c20dab_Utterance_19,ndikukonda momasuka pamene azibambo ayesesa kupeza cifuniro ndikukonda ndi mtima onse pamene ali kubwelera ku mathokodzo,Nyanja_NNF_Spk2_U_4e66c20dab_Utterance_19_75_100.wav,11.307
NNF,F,Spk2,U_4e66c20dab,75_100,Nyanja_NNF_Spk2_U_4e66c20dab_Utterance_20,akhala akufunafuna ku kwatira hilda zaka zonse zapitazi,Nyanja_NNF_Spk2_U_4e66c20dab_Utterance_20_75_100.wav,4.37
NNF,F,Spk2,U_4e66c20dab,75_100,Nyanja_NNF_Spk2_U_4e66c20dab_Utterance_21,ndi paci suweni muziwe onsefe ndife asuweni,Nyanja_NNF_Spk2_U_4e66c20dab_Utterance_21_75_100.wav,5.058
NNF,F,Spk2,U_4e66c20dab,75_100,Nyanja_NNF_Spk2_U_4e66c20dab_Utterance_22,pemphelani mutisate pamodzi ndi anthu anga ndi a ambuya anga a sherriff,Nyanja_NNF_Spk2_U_4e66c20dab_Utterance_22_75_100.wav,6.995
NNF,F,Spk2,U_4e66c20dab,75_100,Nyanja_NNF_Spk2_U_4e66c20dab_Utterance_23,sindine wabwino kopotsa kwa iwe ndipo uyenera kupewetsedwa ku kutengera cibwenzi capamtima copitilira ca mdziko,Nyanja_NNF_Spk2_U_4e66c20dab_Utterance_23_75_100.wav,9.745
NNF,F,Spk2,U_4e66c20dab,75_100,Nyanja_NNF_Spk2_U_4e66c20dab_Utterance_24,koma anakwanits bwanji kucipanga motsamala,Nyanja_NNF_Spk2_U_4e66c20dab_Utterance_24_75_100.wav,4.464
NNF,F,Spk2,U_4e66c20dab,75_100,Nyanja_NNF_Spk2_U_4e66c20dab_Utterance_25,kodi siukudziwa cimodzi pa ma kandulo ocedwa bacon ndi tonnay kodi siungathe kusimba nkhani zodyelamo,Nyanja_NNF_Spk2_U_4e66c20dab_Utterance_25_75_100.wav,10.057
